P,T,id,ts
100730,42.05,BARO0,-0.755
100725,42.05,BARO0,-0.745
100727,42.05,BARO0,-0.735
100723,42.05,BARO0,-0.725
100714,42.04,BARO0,-0.715
100739,42.05,BARO0,-0.705
100717,42.05,BARO0,-0.695
100728,42.04,BARO0,-0.685
100720,42.05,BARO0,-0.675
100718,42.05,BARO0,-0.665
100735,42.06,BARO0,-0.655
100727,42.05,BARO0,-0.645
100730,42.05,BARO0,-0.635
100749,42.05,BARO0,-0.625
100728,42.05,BARO0,-0.615
100733,42.05,BARO0,-0.605
100739,42.08,BARO0,-0.595
100721,42.04,BARO0,-0.585
100726,42.02,BARO0,-0.575
100723,42.04,BARO0,-0.565
100724,42.06,BARO0,-0.555
100726,42.05,BARO0,-0.545
100716,42.05,BARO0,-0.535
100732,42.04,BARO0,-0.525
100720,42.05,BARO0,-0.515
100723,42.07,BARO0,-0.505
100727,42.04,BARO0,-0.495
100720,42.04,BARO0,-0.485
100706,42.04,BARO0,-0.475
100723,42.05,BARO0,-0.465
100721,42.05,BARO0,-0.455
100716,42.05,BARO0,-0.445
100720,42.05,BARO0,-0.435
100716,42.05,BARO0,-0.425
100725,42.05,BARO0,-0.415
100711,42.04,BARO0,-0.405
100708,42.03,BARO0,-0.395
100720,42.06,BARO0,-0.385
100721,42.04,BARO0,-0.375
100743,42.05,BARO0,-0.365
100730,42.04,BARO0,-0.355
100732,42.06,BARO0,-0.345
100722,42.05,BARO0,-0.335
100723,42.06,BARO0,-0.325
100721,42.05,BARO0,-0.315
100712,42.05,BARO0,-0.305
100743,42.04,BARO0,-0.295
100734,42.08,BARO0,-0.285
100734,42.05,BARO0,-0.275
100718,42.05,BARO0,-0.265
100713,42.05,BARO0,-0.255
100725,42.05,BARO0,-0.245
100726,42.06,BARO0,-0.235
100723,42.05,BARO0,-0.225
100731,42.06,BARO0,-0.215
100743,42.05,BARO0,-0.205
100723,42.05,BARO0,-0.195
100729,42.04,BARO0,-0.185
100719,42.04,BARO0,-0.175
100724,42.04,BARO0,-0.165
100718,42.04,BARO0,-0.155
100734,42.05,BARO0,-0.145
100722,42.05,BARO0,-0.135
100713,42.05,BARO0,-0.125
100728,42.07,BARO0,-0.115
100728,42.05,BARO0,-0.105
100722,42.03,BARO0,-0.095
100725,42.04,BARO0,-0.085
100741,42.06,BARO0,-0.075
100732,42.06,BARO0,-0.065
100712,42.05,BARO0,-0.055
100704,42.05,BARO0,-0.045
100729,42.05,BARO0,-0.035
100730,42.05,BARO0,-0.025
100717,42.05,BARO0,-0.015
100718,42.04,BARO0,-0.005
100698,42.06,BARO0,0.005
100700,42.04,BARO0,0.015
100702,42.05,BARO0,0.025
100706,42.06,BARO0,0.035
100704,42.05,BARO0,0.045
100702,42.06,BARO0,0.055
100703,42.06,BARO0,0.065
100711,42.06,BARO0,0.075
100702,42.07,BARO0,0.085
100680,42.06,BARO0,0.095
100718,42.05,BARO0,0.105
100685,42.07,BARO0,0.115
100675,42.05,BARO0,0.125
100686,42.07,BARO0,0.135
100686,42.06,BARO0,0.145
100678,42.06,BARO0,0.155
100669,42.05,BARO0,0.165
100650,42.06,BARO0,0.175
100665,42.07,BARO0,0.185
100674,42.04,BARO0,0.195
100673,42.05,BARO0,0.205
100665,42.05,BARO0,0.215
100676,42.05,BARO0,0.225
100643,42.04,BARO0,0.235
100643,42.05,BARO0,0.245
100644,42.06,BARO0,0.255
100631,42.06,BARO0,0.265
100635,42.05,BARO0,0.275
100617,42.06,BARO0,0.285
100620,42.08,BARO0,0.295
100620,42.06,BARO0,0.305
100624,42.07,BARO0,0.315
100594,42.05,BARO0,0.325
100572,42.06,BARO0,0.335
100590,42.05,BARO0,0.345
100585,42.06,BARO0,0.355
100571,42.06,BARO0,0.365
100555,42.06,BARO0,0.375
100535,42.07,BARO0,0.385
100549,42.07,BARO0,0.395
100541,42.05,BARO0,0.405
100521,42.05,BARO0,0.415
100501,42.02,BARO0,0.425
100521,42.05,BARO0,0.435
100506,42.05,BARO0,0.445
100499,42.06,BARO0,0.455
100492,42.06,BARO0,0.465
100493,42.06,BARO0,0.475
100491,42.05,BARO0,0.485
100470,42.07,BARO0,0.495
100469,42.07,BARO0,0.505
100452,42.08,BARO0,0.515
100427,42.04,BARO0,0.525
100417,42.04,BARO0,0.535
100402,42.06,BARO0,0.545
100389,42.06,BARO0,0.555
100376,42.06,BARO0,0.565
100362,42.06,BARO0,0.575
100356,42.06,BARO0,0.585
100335,42.05,BARO0,0.595
100326,42.05,BARO0,0.605
100308,42.05,BARO0,0.615
100316,42.05,BARO0,0.625
100284,42.06,BARO0,0.635
100258,42.05,BARO0,0.645
100251,42.06,BARO0,0.655
100254,42.06,BARO0,0.665
100232,42.06,BARO0,0.675
100212,42.06,BARO0,0.685
100157,42.08,BARO0,0.695
100155,42.05,BARO0,0.705
100146,42.05,BARO0,0.715
100136,42.06,BARO0,0.725
100119,42.07,BARO0,0.735
100084,42.06,BARO0,0.745
100065,42.06,BARO0,0.755
100048,42.06,BARO0,0.765
100024,42.05,BARO0,0.775
100033,42.06,BARO0,0.785
99991,42.05,BARO0,0.795
99936,42.05,BARO0,0.805
99942,42.07,BARO0,0.815
99918,42.08,BARO0,0.825
99874,42.06,BARO0,0.835
99868,42.06,BARO0,0.845
99848,42.05,BARO0,0.855
99821,42.07,BARO0,0.865
99798,42.07,BARO0,0.875
99777,42.08,BARO0,0.885
99738,42.05,BARO0,0.895
99738,42.09,BARO0,0.905
99709,42.06,BARO0,0.915
99691,42.06,BARO0,0.925
99653,42.06,BARO0,0.935
99652,42.07,BARO0,0.945
99639,42.06,BARO0,0.955
99619,42.06,BARO0,0.965
99595,42.06,BARO0,0.975
99580,42.06,BARO0,0.985
99550,42.05,BARO0,0.995
99535,42.07,BARO0,1.005
99548,42.08,BARO0,1.015
99510,42.05,BARO0,1.025
99495,42.05,BARO0,1.035
99508,42.06,BARO0,1.045
99474,42.06,BARO0,1.055
99442,42.06,BARO0,1.065
99396,42.06,BARO0,1.075
99378,42.05,BARO0,1.085
99343,42.06,BARO0,1.095
99350,42.04,BARO0,1.105
99331,42.06,BARO0,1.115
99317,42.05,BARO0,1.125
99288,42.05,BARO0,1.135
99281,42.08,BARO0,1.145
99269,42.06,BARO0,1.155
99257,42.05,BARO0,1.165
99227,42.06,BARO0,1.175
99218,42.06,BARO0,1.185
99192,42.05,BARO0,1.195
99190,42.06,BARO0,1.205
99186,42.05,BARO0,1.215
99171,42.07,BARO0,1.225
99132,42.06,BARO0,1.235
99129,42.05,BARO0,1.245
99119,42.06,BARO0,1.255
99086,42.06,BARO0,1.265
99083,42.05,BARO0,1.275
99072,42.06,BARO0,1.285
99029,42.04,BARO0,1.295
99028,42.06,BARO0,1.305
98997,42.06,BARO0,1.315
98944,42.07,BARO0,1.325
98932,42.06,BARO0,1.335
98907,42.06,BARO0,1.345
98864,42.06,BARO0,1.355
98812,42.05,BARO0,1.365
98787,42.06,BARO0,1.375
98755,42.06,BARO0,1.385
98698,42.05,BARO0,1.395
98681,42.06,BARO0,1.405
98625,42.04,BARO0,1.415
98611,42.05,BARO0,1.425
98578,42.06,BARO0,1.435
98529,42.05,BARO0,1.445
98492,42.05,BARO0,1.455
98451,42.06,BARO0,1.465
98405,42.06,BARO0,1.475
98361,42.07,BARO0,1.485
98320,42.06,BARO0,1.495
98298,42.07,BARO0,1.505
98247,42.04,BARO0,1.515
98195,42.03,BARO0,1.525
98151,42.06,BARO0,1.535
98104,42.05,BARO0,1.545
98058,42.06,BARO0,1.555
98003,42.06,BARO0,1.565
97949,42.05,BARO0,1.575
97904,42.06,BARO0,1.585
97846,42.05,BARO0,1.595
97766,42.06,BARO0,1.605
97709,42.05,BARO0,1.615
97653,42.05,BARO0,1.625
97618,42.05,BARO0,1.635
97567,42.06,BARO0,1.645
97509,42.05,BARO0,1.655
97467,42.05,BARO0,1.665
97425,42.05,BARO0,1.675
97387,42.05,BARO0,1.685
97354,42.08,BARO0,1.695
97294,42.06,BARO0,1.705
97283,42.07,BARO0,1.715
97226,42.06,BARO0,1.725
97170,42.04,BARO0,1.735
97117,42.07,BARO0,1.745
97074,42.05,BARO0,1.755
97030,42.06,BARO0,1.765
96984,42.06,BARO0,1.775
96944,42.05,BARO0,1.785
96842,42.05,BARO0,1.795
96797,42.08,BARO0,1.805
96770,42.06,BARO0,1.815
96699,42.07,BARO0,1.825
96650,42.05,BARO0,1.835
96633,42.06,BARO0,1.845
96608,42.05,BARO0,1.855
96644,42.05,BARO0,1.865
96658,42.05,BARO0,1.875
96655,42.05,BARO0,1.885
96655,42.06,BARO0,1.895
96608,42.06,BARO0,1.905
96555,42.06,BARO0,1.915
96535,42.06,BARO0,1.925
96459,42.05,BARO0,1.935
96392,42.05,BARO0,1.945
96345,42.06,BARO0,1.955
96334,42.05,BARO0,1.965
96256,42.04,BARO0,1.975
96276,42.05,BARO0,1.985
96239,42.04,BARO0,1.995
96165,42.05,BARO0,2.005
96086,42.04,BARO0,2.015
95943,42.05,BARO0,2.025
95759,42.06,BARO0,2.035
95583,42.05,BARO0,2.045
95314,42.05,BARO0,2.055
95065,42.05,BARO0,2.065
94772,42.05,BARO0,2.075
94454,42.05,BARO0,2.085
94190,42.05,BARO0,2.095
93944,42.06,BARO0,2.105
93986,42.04,BARO0,2.115
93849,42.04,BARO0,2.125
93624,42.04,BARO0,2.135
93647,42.06,BARO0,2.145
93663,42.05,BARO0,2.155
93571,42.05,BARO0,2.165
93275,42.05,BARO0,2.175
92639,42.07,BARO0,2.185
92112,42.06,BARO0,2.195
91866,42.06,BARO0,2.205
91682,42.06,BARO0,2.215
91754,42.05,BARO0,2.225
92001,42.06,BARO0,2.235
92282,42.05,BARO0,2.245
92470,42.05,BARO0,2.255
92609,42.04,BARO0,2.265
92498,42.04,BARO0,2.275
91920,42.04,BARO0,2.285
90740,42.05,BARO0,2.295
89610,42.06,BARO0,2.305
89054,42.04,BARO0,2.315
89096,42.04,BARO0,2.325
89345,42.05,BARO0,2.335
89811,42.07,BARO0,2.345
90856,42.05,BARO0,2.355
91843,42.05,BARO0,2.365
92691,42.05,BARO0,2.375
93198,42.03,BARO0,2.385
93457,42.04,BARO0,2.395
93419,42.03,BARO0,2.405
93025,42.04,BARO0,2.415
92401,42.05,BARO0,2.425
91654,42.06,BARO0,2.435
91252,42.06,BARO0,2.445
90898,42.04,BARO0,2.455
90746,42.05,BARO0,2.465
90642,42.04,BARO0,2.475
90708,42.04,BARO0,2.485
91109,42.03,BARO0,2.495
91652,42.03,BARO0,2.505
92152,42.05,BARO0,2.515
92732,42.05,BARO0,2.525
93111,42.03,BARO0,2.535
93527,42.03,BARO0,2.545
93955,42.03,BARO0,2.555
94325,42.03,BARO0,2.565
94629,42.04,BARO0,2.575
94645,42.02,BARO0,2.585
94331,42.04,BARO0,2.595
93760,42.05,BARO0,2.605
93590,42.04,BARO0,2.615
93728,42.03,BARO0,2.625
93631,42.03,BARO0,2.635
93532,42.03,BARO0,2.645
93367,42.03,BARO0,2.655
93605,42.03,BARO0,2.665
93676,42.02,BARO0,2.675
93568,42.04,BARO0,2.685
93444,42.04,BARO0,2.695
93403,42.05,BARO0,2.705
93286,42.04,BARO0,2.715
93243,42.04,BARO0,2.725
93185,42.02,BARO0,2.735
93109,42.03,BARO0,2.745
93041,42.02,BARO0,2.755
92919,42.02,BARO0,2.765
93038,42.02,BARO0,2.775
93220,42.04,BARO0,2.785
93525,42.06,BARO0,2.795
93913,42.02,BARO0,2.805
94328,42.04,BARO0,2.815
94684,42.01,BARO0,2.825
95022,42.01,BARO0,2.835
95201,42.03,BARO0,2.845
95209,42.03,BARO0,2.855
95269,42.02,BARO0,2.865
95289,42.02,BARO0,2.875
95348,42.02,BARO0,2.885
95361,42.0,BARO0,2.895
95319,42.03,BARO0,2.905
95213,42.01,BARO0,2.915
95211,42.03,BARO0,2.925
95100,42.01,BARO0,2.935
95190,42.01,BARO0,2.945
95122,42.01,BARO0,2.955
95105,42.02,BARO0,2.965
95175,42.02,BARO0,2.975
95210,42.0,BARO0,2.985
95188,42.02,BARO0,2.995
95123,42.04,BARO0,3.005
95046,42.01,BARO0,3.015
95122,41.99,BARO0,3.025
95254,42.02,BARO0,3.035
95327,42.04,BARO0,3.045
95094,42.01,BARO0,3.055
94818,42.01,BARO0,3.065
94845,42.01,BARO0,3.075
94848,42.02,BARO0,3.085
94880,42.02,BARO0,3.095
95175,42.01,BARO0,3.105
95494,42.01,BARO0,3.115
95760,42.01,BARO0,3.125
95884,42.02,BARO0,3.135
95850,42.02,BARO0,3.145
95795,42.01,BARO0,3.155
95705,42.01,BARO0,3.165
95662,42.01,BARO0,3.175
95571,42.0,BARO0,3.185
95527,42.02,BARO0,3.195
95370,42.01,BARO0,3.205
95146,42.02,BARO0,3.215
95208,42.02,BARO0,3.225
95350,42.01,BARO0,3.235
95343,42.01,BARO0,3.245
95406,42.01,BARO0,3.255
95488,42.01,BARO0,3.265
95460,42.01,BARO0,3.275
95221,42.01,BARO0,3.285
95232,42.03,BARO0,3.295
95277,42.02,BARO0,3.305
95422,42.02,BARO0,3.315
95833,42.03,BARO0,3.325
96150,42.02,BARO0,3.335
96330,42.02,BARO0,3.345
96294,42.01,BARO0,3.355
96210,42.02,BARO0,3.365
96128,42.01,BARO0,3.375
96081,42.01,BARO0,3.385
96029,42.01,BARO0,3.395
95861,42.04,BARO0,3.405
95703,42.01,BARO0,3.415
95526,42.01,BARO0,3.425
95499,42.02,BARO0,3.435
95572,41.99,BARO0,3.445
95578,42.01,BARO0,3.455
95502,42.01,BARO0,3.465
95397,42.01,BARO0,3.475
95343,42.03,BARO0,3.485
95125,42.01,BARO0,3.495
94994,42.02,BARO0,3.505
94975,42.0,BARO0,3.515
95040,42.04,BARO0,3.525
95139,42.01,BARO0,3.535
95368,42.01,BARO0,3.545
95660,42.01,BARO0,3.555
95871,42.01,BARO0,3.565
95982,42.01,BARO0,3.575
96037,42.02,BARO0,3.585
95949,42.01,BARO0,3.595
95854,42.01,BARO0,3.605
95888,42.03,BARO0,3.615
95843,42.01,BARO0,3.625
95817,42.0,BARO0,3.635
95699,42.01,BARO0,3.645
95601,42.02,BARO0,3.655
95449,42.0,BARO0,3.665
95366,42.01,BARO0,3.675
95377,42.04,BARO0,3.685
95367,42.0,BARO0,3.695
95446,42.03,BARO0,3.705
95613,42.01,BARO0,3.715
95622,41.99,BARO0,3.725
95470,42.02,BARO0,3.735
95391,41.99,BARO0,3.745
95406,42.01,BARO0,3.755
95449,42.01,BARO0,3.765
95624,42.01,BARO0,3.775
95874,42.02,BARO0,3.785
96041,42.03,BARO0,3.795
96094,42.01,BARO0,3.805
95993,42.01,BARO0,3.815
95930,42.02,BARO0,3.825
95993,42.01,BARO0,3.835
95841,42.02,BARO0,3.845
95751,42.0,BARO0,3.855
95820,42.01,BARO0,3.865
95682,42.01,BARO0,3.875
95483,42.02,BARO0,3.885
95454,42.02,BARO0,3.895
95519,42.01,BARO0,3.905
95868,42.0,BARO0,3.915
95810,42.02,BARO0,3.925
95649,42.01,BARO0,3.935
95648,42.01,BARO0,3.945
95785,42.01,BARO0,3.955
95982,42.01,BARO0,3.965
96094,42.01,BARO0,3.975
96165,42.03,BARO0,3.985
96186,42.04,BARO0,3.995
96104,42.01,BARO0,4.005
96090,42.01,BARO0,4.015
95958,42.02,BARO0,4.025
95891,42.02,BARO0,4.035
95920,42.03,BARO0,4.045
95914,42.01,BARO0,4.055
95681,42.01,BARO0,4.065
95665,42.0,BARO0,4.075
95642,42.02,BARO0,4.085
95812,42.01,BARO0,4.095
95846,42.02,BARO0,4.105
95779,42.02,BARO0,4.115
95690,42.0,BARO0,4.125
95784,42.0,BARO0,4.135
95816,42.01,BARO0,4.145
96046,42.01,BARO0,4.155
96200,42.01,BARO0,4.165
96205,42.01,BARO0,4.175
96142,42.02,BARO0,4.185
96035,42.01,BARO0,4.195
96073,42.01,BARO0,4.205
96020,42.02,BARO0,4.215
95981,42.01,BARO0,4.225
95918,42.02,BARO0,4.235
95879,41.99,BARO0,4.245
95842,42.01,BARO0,4.255
95855,42.01,BARO0,4.265
95862,42.01,BARO0,4.275
95918,42.01,BARO0,4.285
95831,42.01,BARO0,4.295
95653,42.01,BARO0,4.305
95693,42.02,BARO0,4.315
95831,42.0,BARO0,4.325
95894,42.0,BARO0,4.335
95994,42.0,BARO0,4.345
96077,42.01,BARO0,4.355
96209,42.01,BARO0,4.365
96218,42.01,BARO0,4.375
96152,42.02,BARO0,4.385
96091,42.01,BARO0,4.395
96060,42.01,BARO0,4.405
96046,42.01,BARO0,4.415
95983,42.01,BARO0,4.425
95988,42.01,BARO0,4.435
95969,41.99,BARO0,4.445
95953,42.01,BARO0,4.455
96004,42.01,BARO0,4.465
95984,42.01,BARO0,4.475
95977,42.02,BARO0,4.485
95957,42.01,BARO0,4.495
95998,42.01,BARO0,4.505
95978,42.02,BARO0,4.515
96000,41.99,BARO0,4.525
96041,42.0,BARO0,4.535
95933,42.0,BARO0,4.545
95923,42.01,BARO0,4.555
95891,42.01,BARO0,4.565
95913,42.01,BARO0,4.575
96036,42.01,BARO0,4.585
96001,41.99,BARO0,4.595
96008,42.01,BARO0,4.605
96053,42.03,BARO0,4.615
96054,42.0,BARO0,4.625
96039,42.01,BARO0,4.635
96107,42.0,BARO0,4.645
96122,42.01,BARO0,4.655
96168,42.0,BARO0,4.665
96180,42.01,BARO0,4.675
96183,41.99,BARO0,4.685
96161,42.01,BARO0,4.695
96190,42.01,BARO0,4.705
96194,42.02,BARO0,4.715
96170,42.01,BARO0,4.725
96175,42.01,BARO0,4.735
96162,42.01,BARO0,4.745
96193,42.01,BARO0,4.755
96191,42.0,BARO0,4.765
96185,42.01,BARO0,4.775
96164,42.02,BARO0,4.785
96167,42.02,BARO0,4.795
96155,42.0,BARO0,4.805
96147,41.99,BARO0,4.815
96137,41.99,BARO0,4.825
96140,42.0,BARO0,4.835
96166,42.02,BARO0,4.845
96145,42.01,BARO0,4.855
96141,42.01,BARO0,4.865
96128,42.0,BARO0,4.875
96118,42.0,BARO0,4.885
96116,42.0,BARO0,4.895
96075,42.01,BARO0,4.905
96074,41.99,BARO0,4.915
96028,42.0,BARO0,4.925
96061,42.01,BARO0,4.935
96056,42.02,BARO0,4.945
96066,42.01,BARO0,4.955
96127,42.01,BARO0,4.965
96096,42.0,BARO0,4.975
96053,42.0,BARO0,4.985
96084,41.99,BARO0,4.995
96055,42.02,BARO0,5.005
96092,42.01,BARO0,5.015
96172,42.01,BARO0,5.025
96136,42.0,BARO0,5.035
96088,42.02,BARO0,5.045
96125,42.0,BARO0,5.055
96147,42.01,BARO0,5.065
96142,42.01,BARO0,5.075
96134,42.0,BARO0,5.085
96132,42.01,BARO0,5.095
96108,41.98,BARO0,5.105
96127,41.99,BARO0,5.115
96156,42.01,BARO0,5.125
96158,42.01,BARO0,5.135
96144,42.0,BARO0,5.145
96139,42.0,BARO0,5.155
96142,42.0,BARO0,5.165
96129,42.0,BARO0,5.175
96148,42.03,BARO0,5.185
96140,42.0,BARO0,5.195
96122,41.99,BARO0,5.205
96150,42.0,BARO0,5.215
96145,42.01,BARO0,5.225
96122,41.99,BARO0,5.235
96151,42.02,BARO0,5.245
96127,42.0,BARO0,5.255
96137,42.0,BARO0,5.265
96124,42.01,BARO0,5.275
96117,42.0,BARO0,5.285
96147,42.0,BARO0,5.295
96133,42.01,BARO0,5.305
96129,41.98,BARO0,5.315
96135,42.01,BARO0,5.325
96104,42.01,BARO0,5.335
96130,42.0,BARO0,5.345
96117,42.01,BARO0,5.355
96119,42.0,BARO0,5.365
96119,42.0,BARO0,5.375
96138,42.01,BARO0,5.385
96117,42.01,BARO0,5.395
96109,41.98,BARO0,5.405
96124,42.01,BARO0,5.415
96101,42.0,BARO0,5.425
96097,41.99,BARO0,5.435
96108,42.01,BARO0,5.445
96115,42.01,BARO0,5.455
96108,42.0,BARO0,5.465
96112,42.01,BARO0,5.475
96091,41.97,BARO0,5.485
96107,42.0,BARO0,5.495
96078,41.98,BARO0,5.505
96126,42.01,BARO0,5.515
96124,42.0,BARO0,5.525
96110,42.01,BARO0,5.535
96113,42.02,BARO0,5.545
96108,42.0,BARO0,5.555
96099,42.01,BARO0,5.565
96108,42.01,BARO0,5.575
96095,41.99,BARO0,5.585
96099,42.0,BARO0,5.595
96096,42.01,BARO0,5.605
96100,42.0,BARO0,5.615
96119,42.0,BARO0,5.625
96094,42.0,BARO0,5.635
96100,42.0,BARO0,5.645
96099,42.01,BARO0,5.655
96106,42.0,BARO0,5.665
96093,42.0,BARO0,5.675
96102,41.99,BARO0,5.685
96101,42.01,BARO0,5.695
96121,42.01,BARO0,5.705
96105,42.0,BARO0,5.715
96119,42.01,BARO0,5.725
96098,42.01,BARO0,5.735
96112,42.0,BARO0,5.745
96108,42.01,BARO0,5.755
96099,42.0,BARO0,5.765
96096,41.99,BARO0,5.775
96095,42.0,BARO0,5.785
96088,42.03,BARO0,5.795
96091,42.0,BARO0,5.805
96121,42.02,BARO0,5.815
96106,41.98,BARO0,5.825
96105,42.0,BARO0,5.835
96092,42.01,BARO0,5.845
96103,42.0,BARO0,5.855
96102,42.0,BARO0,5.865
96102,42.0,BARO0,5.875
96109,42.0,BARO0,5.885
96111,41.99,BARO0,5.895
96098,41.97,BARO0,5.905
96119,42.01,BARO0,5.915
96106,42.01,BARO0,5.925
96094,42.01,BARO0,5.935
96084,41.99,BARO0,5.945
96114,42.01,BARO0,5.955
96101,42.0,BARO0,5.965
96107,42.0,BARO0,5.975
96105,42.01,BARO0,5.985
96086,42.0,BARO0,5.995
96105,42.01,BARO0,6.005
96107,42.02,BARO0,6.015
96098,41.99,BARO0,6.025
96110,41.99,BARO0,6.035
96116,42.0,BARO0,6.045
96105,42.01,BARO0,6.055
96105,42.01,BARO0,6.065
96098,42.0,BARO0,6.075
96091,41.99,BARO0,6.085
96106,42.01,BARO0,6.095
96104,42.0,BARO0,6.105
96126,42.02,BARO0,6.115
96105,42.0,BARO0,6.125
96084,42.0,BARO0,6.135
96108,42.01,BARO0,6.145
96106,42.01,BARO0,6.155
96098,42.0,BARO0,6.165
96095,42.01,BARO0,6.175
96125,41.99,BARO0,6.185
96113,42.0,BARO0,6.195
96115,41.99,BARO0,6.205
96119,42.0,BARO0,6.215
96118,41.99,BARO0,6.225
96085,42.01,BARO0,6.235
96094,42.01,BARO0,6.245
96104,42.0,BARO0,6.255
96104,42.0,BARO0,6.265
96112,42.0,BARO0,6.275
96101,41.99,BARO0,6.285
96119,42.02,BARO0,6.295
96116,42.0,BARO0,6.305
96109,41.99,BARO0,6.315
96110,41.99,BARO0,6.325
96095,42.01,BARO0,6.335
96110,42.0,BARO0,6.345
96102,42.0,BARO0,6.355
96106,42.0,BARO0,6.365
96116,42.01,BARO0,6.375
96099,42.01,BARO0,6.385
96116,42.01,BARO0,6.395
96115,42.0,BARO0,6.405
96108,42.01,BARO0,6.415
96109,42.01,BARO0,6.425
96113,42.0,BARO0,6.435
96098,42.0,BARO0,6.445
96109,42.0,BARO0,6.455
96112,42.0,BARO0,6.465
96104,42.0,BARO0,6.475
96113,42.02,BARO0,6.485
96118,42.01,BARO0,6.495
96133,42.0,BARO0,6.505
96116,42.0,BARO0,6.515
96112,41.99,BARO0,6.525
96116,42.01,BARO0,6.535
96115,42.02,BARO0,6.545
96121,42.01,BARO0,6.555
96118,42.0,BARO0,6.565
96117,41.99,BARO0,6.575
96107,42.0,BARO0,6.585
96111,42.0,BARO0,6.595
96125,42.0,BARO0,6.605
96125,42.0,BARO0,6.615
96110,42.01,BARO0,6.625
96122,41.99,BARO0,6.635
96132,42.01,BARO0,6.645
96113,42.0,BARO0,6.655
96125,42.0,BARO0,6.665
96122,42.0,BARO0,6.675
96131,42.01,BARO0,6.685
96150,42.0,BARO0,6.695
96114,42.0,BARO0,6.705
96123,42.01,BARO0,6.715
96123,42.02,BARO0,6.725
96143,42.01,BARO0,6.735
96147,42.02,BARO0,6.745
96126,42.01,BARO0,6.755
96135,42.0,BARO0,6.765
96142,42.01,BARO0,6.775
96141,42.02,BARO0,6.785
96132,42.01,BARO0,6.795
96147,41.99,BARO0,6.805
96148,42.0,BARO0,6.815
96140,42.0,BARO0,6.825
96136,42.0,BARO0,6.835
96127,42.0,BARO0,6.845
96137,42.01,BARO0,6.855
96133,42.0,BARO0,6.865
96143,42.01,BARO0,6.875
96136,42.02,BARO0,6.885
96128,42.0,BARO0,6.895
96149,42.01,BARO0,6.905
96150,42.03,BARO0,6.915
96150,42.03,BARO0,6.925
96165,42.0,BARO0,6.935
96149,42.0,BARO0,6.945
96150,42.01,BARO0,6.955
96150,42.01,BARO0,6.965
96147,42.0,BARO0,6.975
96162,42.02,BARO0,6.985
96156,42.01,BARO0,6.995
96157,42.01,BARO0,7.005
96166,42.03,BARO0,7.015
96147,42.0,BARO0,7.025
96142,42.0,BARO0,7.035
96177,42.0,BARO0,7.045
96151,42.0,BARO0,7.055
96171,42.01,BARO0,7.065
96159,42.0,BARO0,7.075
96144,42.03,BARO0,7.085
96152,42.01,BARO0,7.095
96178,42.02,BARO0,7.105
96172,42.01,BARO0,7.115
96170,41.99,BARO0,7.125
96154,42.0,BARO0,7.135
96163,42.01,BARO0,7.145
96161,42.01,BARO0,7.155
96160,42.0,BARO0,7.165
96167,42.01,BARO0,7.175
96179,42.0,BARO0,7.185
96180,42.03,BARO0,7.195
96171,41.99,BARO0,7.205
96177,42.0,BARO0,7.215
96136,42.0,BARO0,7.225
96184,42.02,BARO0,7.235
96179,42.0,BARO0,7.245
96172,42.01,BARO0,7.255
96172,42.01,BARO0,7.265
96171,42.0,BARO0,7.275
96187,42.01,BARO0,7.285
96182,41.99,BARO0,7.295
96181,42.02,BARO0,7.305
96162,42.02,BARO0,7.315
96193,42.01,BARO0,7.325
96196,42.03,BARO0,7.335
96211,42.02,BARO0,7.345
96192,42.01,BARO0,7.355
96194,42.01,BARO0,7.365
96190,42.0,BARO0,7.375
96186,42.01,BARO0,7.385
96212,42.03,BARO0,7.395
96219,42.04,BARO0,7.405
96191,42.0,BARO0,7.415
96214,42.01,BARO0,7.425
96181,42.01,BARO0,7.435
96185,42.02,BARO0,7.445
96203,42.01,BARO0,7.455
96201,42.01,BARO0,7.465
96218,42.01,BARO0,7.475
96230,42.03,BARO0,7.485
96232,42.01,BARO0,7.495
96209,42.01,BARO0,7.505
96228,42.0,BARO0,7.515
96231,42.03,BARO0,7.525
96201,42.03,BARO0,7.535
96232,42.01,BARO0,7.545
96225,42.01,BARO0,7.555
96219,42.01,BARO0,7.565
96226,42.01,BARO0,7.575
96225,42.01,BARO0,7.585
96226,42.02,BARO0,7.595
96232,42.02,BARO0,7.605
96240,42.02,BARO0,7.615
96241,42.01,BARO0,7.625
96218,42.01,BARO0,7.635
96233,42.02,BARO0,7.645
96220,42.01,BARO0,7.655
96219,42.0,BARO0,7.665
96226,42.01,BARO0,7.675
96194,42.01,BARO0,7.685
96228,42.01,BARO0,7.695
96228,42.0,BARO0,7.705
96212,42.01,BARO0,7.715
96210,42.02,BARO0,7.725
96202,42.02,BARO0,7.735
96199,42.02,BARO0,7.745
96191,42.0,BARO0,7.755
96183,42.01,BARO0,7.765
96190,42.0,BARO0,7.775
96163,42.0,BARO0,7.785
96180,42.01,BARO0,7.795
96144,42.01,BARO0,7.805
96165,42.01,BARO0,7.815
96148,42.0,BARO0,7.825
96171,42.01,BARO0,7.835
96179,42.01,BARO0,7.845
96162,42.01,BARO0,7.855
96185,42.01,BARO0,7.865
96214,42.01,BARO0,7.875
96194,42.01,BARO0,7.885
96169,42.0,BARO0,7.895
96173,42.01,BARO0,7.905
96175,42.02,BARO0,7.915
96191,42.02,BARO0,7.925
96185,42.0,BARO0,7.935
96207,42.0,BARO0,7.945
96195,42.01,BARO0,7.955
96196,42.01,BARO0,7.965
96197,42.01,BARO0,7.975
96197,42.0,BARO0,7.985
96203,42.01,BARO0,7.995
96224,42.0,BARO0,8.005
96229,42.02,BARO0,8.015
96231,42.02,BARO0,8.025
96230,42.01,BARO0,8.035
96264,42.02,BARO0,8.045
96258,42.01,BARO0,8.055
96232,42.01,BARO0,8.065
96264,42.01,BARO0,8.075
96261,42.01,BARO0,8.085
96249,42.01,BARO0,8.095
96272,42.01,BARO0,8.105
96297,42.03,BARO0,8.115
96298,42.01,BARO0,8.125
96300,41.99,BARO0,8.135
96319,42.0,BARO0,8.145
96322,42.02,BARO0,8.155
96316,42.01,BARO0,8.165
96316,42.01,BARO0,8.175
96327,42.01,BARO0,8.185
96316,42.02,BARO0,8.195
96340,42.01,BARO0,8.205
96329,42.03,BARO0,8.215
96324,42.02,BARO0,8.225
96302,42.01,BARO0,8.235
96330,42.02,BARO0,8.245
96334,42.0,BARO0,8.255
96336,42.02,BARO0,8.265
96335,42.02,BARO0,8.275
96336,42.01,BARO0,8.285
96329,42.03,BARO0,8.295
96332,42.02,BARO0,8.305
96342,42.03,BARO0,8.315
96360,42.01,BARO0,8.325
96355,42.04,BARO0,8.335
96363,41.99,BARO0,8.345
96341,42.01,BARO0,8.355
96349,42.01,BARO0,8.365
96351,42.01,BARO0,8.375
96355,42.01,BARO0,8.385
96351,42.02,BARO0,8.395
96356,42.01,BARO0,8.405
96383,42.02,BARO0,8.415
96349,41.99,BARO0,8.425
96370,42.02,BARO0,8.435
96383,42.02,BARO0,8.445
96370,42.02,BARO0,8.455
96380,42.02,BARO0,8.465
96381,42.01,BARO0,8.475
96378,42.0,BARO0,8.485
96371,42.01,BARO0,8.495
96367,42.0,BARO0,8.505
96355,42.01,BARO0,8.515
96383,42.02,BARO0,8.525
96382,42.01,BARO0,8.535
96395,42.02,BARO0,8.545
96393,42.01,BARO0,8.555
96382,42.02,BARO0,8.565
96408,42.02,BARO0,8.575
96386,42.01,BARO0,8.585
96402,42.02,BARO0,8.595
96403,42.0,BARO0,8.605
96404,42.01,BARO0,8.615
96423,42.0,BARO0,8.625
96416,42.03,BARO0,8.635
96413,42.02,BARO0,8.645
96404,42.03,BARO0,8.655
96410,42.02,BARO0,8.665
96419,42.02,BARO0,8.675
96390,42.01,BARO0,8.685
96422,41.99,BARO0,8.695
96419,42.01,BARO0,8.705
96421,42.0,BARO0,8.715
96403,42.02,BARO0,8.725
96414,42.02,BARO0,8.735
96436,42.01,BARO0,8.745
96417,42.01,BARO0,8.755
96416,42.02,BARO0,8.765
96401,42.02,BARO0,8.775
96412,42.02,BARO0,8.785
96411,42.02,BARO0,8.795
96416,42.04,BARO0,8.805
96409,42.03,BARO0,8.815
96390,42.01,BARO0,8.825
96381,42.03,BARO0,8.835
96404,42.03,BARO0,8.845
96397,42.0,BARO0,8.855
96422,42.02,BARO0,8.865
96416,42.02,BARO0,8.875
96418,42.02,BARO0,8.885
96375,42.03,BARO0,8.895
96402,42.03,BARO0,8.905
96415,42.02,BARO0,8.915
96425,42.02,BARO0,8.925
96440,42.03,BARO0,8.935
96441,42.0,BARO0,8.945
96443,42.01,BARO0,8.955
96434,42.02,BARO0,8.965
96438,42.02,BARO0,8.975
96454,42.01,BARO0,8.985
96481,42.02,BARO0,8.995
96453,42.0,BARO0,9.005
96451,42.02,BARO0,9.015
96465,42.0,BARO0,9.025
96474,42.02,BARO0,9.035
96452,42.0,BARO0,9.045
96472,42.01,BARO0,9.055
96484,42.02,BARO0,9.065
96486,42.02,BARO0,9.075
96492,42.01,BARO0,9.085
96513,42.03,BARO0,9.095
96490,42.02,BARO0,9.105
96500,42.03,BARO0,9.115
96495,42.03,BARO0,9.125
96494,42.01,BARO0,9.135
96514,42.01,BARO0,9.145
96487,42.02,BARO0,9.155
96504,42.02,BARO0,9.165
96502,42.02,BARO0,9.175
96491,42.02,BARO0,9.185
96528,42.0,BARO0,9.195
96509,42.0,BARO0,9.205
96503,42.04,BARO0,9.215
96521,42.03,BARO0,9.225
96499,42.04,BARO0,9.235
96521,42.02,BARO0,9.245
96527,42.03,BARO0,9.255
96513,42.02,BARO0,9.265
96523,42.02,BARO0,9.275
96543,42.02,BARO0,9.285
96505,42.01,BARO0,9.295
96524,42.03,BARO0,9.305
96518,42.02,BARO0,9.315
96515,42.01,BARO0,9.325
96528,42.02,BARO0,9.335
96541,42.01,BARO0,9.345
96531,41.99,BARO0,9.355
96529,42.01,BARO0,9.365
96528,42.02,BARO0,9.375
96550,42.02,BARO0,9.385
96544,42.02,BARO0,9.395
96528,42.01,BARO0,9.405
96531,42.03,BARO0,9.415
96516,42.03,BARO0,9.425
96511,42.03,BARO0,9.435
96511,42.01,BARO0,9.445
96520,42.01,BARO0,9.455
96531,42.02,BARO0,9.465
96548,42.01,BARO0,9.475
96551,42.02,BARO0,9.485
96549,42.03,BARO0,9.495
96559,42.02,BARO0,9.505
96546,42.02,BARO0,9.515
96535,42.02,BARO0,9.525
96523,42.01,BARO0,9.535
96535,42.02,BARO0,9.545
96530,42.02,BARO0,9.555
96520,42.01,BARO0,9.565
96533,42.02,BARO0,9.575
96532,42.01,BARO0,9.585
96518,42.02,BARO0,9.595
96531,42.02,BARO0,9.605
96532,42.02,BARO0,9.615
96532,42.01,BARO0,9.625
96538,42.02,BARO0,9.635
96536,42.02,BARO0,9.645
96537,42.03,BARO0,9.655
96563,42.01,BARO0,9.665
96548,42.02,BARO0,9.675
96549,42.02,BARO0,9.685
96548,42.01,BARO0,9.695
96557,42.04,BARO0,9.705
96562,42.02,BARO0,9.715
96557,42.03,BARO0,9.725
96574,42.02,BARO0,9.735
96551,42.04,BARO0,9.745
96557,42.01,BARO0,9.755
96580,42.01,BARO0,9.765
96584,42.02,BARO0,9.775
96589,42.01,BARO0,9.785
96603,42.01,BARO0,9.795
96591,42.01,BARO0,9.805
96570,42.02,BARO0,9.815
96581,42.03,BARO0,9.825
96590,42.01,BARO0,9.835
96601,42.02,BARO0,9.845
96607,42.03,BARO0,9.855
96600,42.02,BARO0,9.865
96603,42.02,BARO0,9.875
96603,42.02,BARO0,9.885
96619,42.04,BARO0,9.895
96609,42.02,BARO0,9.905
96618,42.02,BARO0,9.915
96618,42.03,BARO0,9.925
96636,42.0,BARO0,9.935
96627,42.01,BARO0,9.945
96617,42.0,BARO0,9.955
96622,42.02,BARO0,9.965
96639,42.02,BARO0,9.975
96634,42.02,BARO0,9.985
96638,42.03,BARO0,9.995
96641,42.03,BARO0,10.005
96635,42.0,BARO0,10.015
96649,42.03,BARO0,10.025
96640,42.03,BARO0,10.035
96648,42.03,BARO0,10.045
96651,42.03,BARO0,10.055
96651,42.03,BARO0,10.065
96644,42.02,BARO0,10.075
96669,42.02,BARO0,10.085
96651,42.03,BARO0,10.095
96655,42.01,BARO0,10.105
96657,42.02,BARO0,10.115
96663,42.01,BARO0,10.125
96654,42.02,BARO0,10.135
96661,42.03,BARO0,10.145
96662,42.01,BARO0,10.155
96660,42.02,BARO0,10.165
96659,42.02,BARO0,10.175
96657,42.02,BARO0,10.185
96648,42.01,BARO0,10.195
96678,42.02,BARO0,10.205
96681,42.03,BARO0,10.215
96654,42.01,BARO0,10.225
96681,42.03,BARO0,10.235
96679,42.02,BARO0,10.245
96669,42.0,BARO0,10.255
96683,42.02,BARO0,10.265
96673,42.02,BARO0,10.275
96689,42.02,BARO0,10.285
96685,42.04,BARO0,10.295
96682,42.02,BARO0,10.305
96681,42.02,BARO0,10.315
96678,42.02,BARO0,10.325
96683,42.03,BARO0,10.335
96706,42.01,BARO0,10.345
96682,42.03,BARO0,10.355
96696,42.02,BARO0,10.365
96685,42.02,BARO0,10.375
96694,42.03,BARO0,10.385
96693,42.05,BARO0,10.395
96697,42.02,BARO0,10.405
96706,42.01,BARO0,10.415
96697,42.05,BARO0,10.425
96686,42.01,BARO0,10.435
96670,42.02,BARO0,10.445
96700,42.03,BARO0,10.455
96696,42.03,BARO0,10.465
96711,42.03,BARO0,10.475
96692,42.02,BARO0,10.485
96706,42.05,BARO0,10.495
96688,42.05,BARO0,10.505
96683,42.02,BARO0,10.515
96708,42.02,BARO0,10.525
96710,42.04,BARO0,10.535
96683,42.03,BARO0,10.545
96695,42.0,BARO0,10.555
96711,42.03,BARO0,10.565
96706,42.02,BARO0,10.575
96702,42.03,BARO0,10.585
96723,42.02,BARO0,10.595
96712,42.03,BARO0,10.605
96721,42.02,BARO0,10.615
96724,42.04,BARO0,10.625
96700,42.05,BARO0,10.635
96720,42.03,BARO0,10.645
96719,42.02,BARO0,10.655
96706,42.03,BARO0,10.665
96710,42.03,BARO0,10.675
96720,42.02,BARO0,10.685
96730,42.03,BARO0,10.695
96752,42.03,BARO0,10.705
96774,42.03,BARO0,10.715
96735,42.04,BARO0,10.725
96715,42.05,BARO0,10.735
96748,42.03,BARO0,10.745
96756,42.04,BARO0,10.755
96741,42.03,BARO0,10.765
96745,42.03,BARO0,10.775
96756,42.03,BARO0,10.785
96744,42.05,BARO0,10.795
96758,42.02,BARO0,10.805
96772,42.02,BARO0,10.815
96767,42.02,BARO0,10.825
96775,42.01,BARO0,10.835
96768,42.01,BARO0,10.845
96782,42.03,BARO0,10.855
96789,42.03,BARO0,10.865
96790,42.02,BARO0,10.875
96767,42.03,BARO0,10.885
96799,42.03,BARO0,10.895
96800,42.03,BARO0,10.905
96766,42.03,BARO0,10.915
96803,42.0,BARO0,10.925
96786,42.03,BARO0,10.935
96793,42.04,BARO0,10.945
96798,42.02,BARO0,10.955
96787,42.03,BARO0,10.965
96803,42.03,BARO0,10.975
96788,42.03,BARO0,10.985
96786,42.02,BARO0,10.995
96797,42.03,BARO0,11.005
96789,42.02,BARO0,11.015
96796,42.02,BARO0,11.025
96802,42.04,BARO0,11.035
96800,42.02,BARO0,11.045
96806,42.05,BARO0,11.055
96794,42.02,BARO0,11.065
96802,42.03,BARO0,11.075
96812,42.04,BARO0,11.085
96820,42.04,BARO0,11.095
96810,42.03,BARO0,11.105
96827,42.05,BARO0,11.115
96813,42.03,BARO0,11.125
96833,42.04,BARO0,11.135
96815,42.01,BARO0,11.145
96811,42.02,BARO0,11.155
96822,42.03,BARO0,11.165
96825,42.03,BARO0,11.175
96830,42.03,BARO0,11.185
96820,42.02,BARO0,11.195
96800,42.04,BARO0,11.205
96808,42.02,BARO0,11.215
96841,42.04,BARO0,11.225
96823,42.03,BARO0,11.235
96842,42.02,BARO0,11.245
96821,42.03,BARO0,11.255
96818,42.03,BARO0,11.265
96820,42.03,BARO0,11.275
96837,42.03,BARO0,11.285
96822,42.04,BARO0,11.295
96829,42.03,BARO0,11.305
96830,42.03,BARO0,11.315
96834,42.02,BARO0,11.325
96815,42.03,BARO0,11.335
96821,42.04,BARO0,11.345
96813,42.04,BARO0,11.355
96826,42.03,BARO0,11.365
96814,42.03,BARO0,11.375
96820,42.03,BARO0,11.385
96823,42.04,BARO0,11.395
96850,42.03,BARO0,11.405
96849,42.03,BARO0,11.415
96854,42.03,BARO0,11.425
96852,42.03,BARO0,11.435
96851,42.04,BARO0,11.445
96835,42.03,BARO0,11.455
96841,42.03,BARO0,11.465
96861,42.03,BARO0,11.475
96849,42.03,BARO0,11.485
96856,42.04,BARO0,11.495
96863,42.04,BARO0,11.505
96884,42.04,BARO0,11.515
96878,42.05,BARO0,11.525
96848,42.02,BARO0,11.535
96850,42.03,BARO0,11.545
96855,42.05,BARO0,11.555
96854,42.03,BARO0,11.565
96867,42.03,BARO0,11.575
96862,42.03,BARO0,11.585
96852,42.02,BARO0,11.595
96890,42.04,BARO0,11.605
96853,42.01,BARO0,11.615
96861,42.05,BARO0,11.625
96873,42.02,BARO0,11.635
96869,42.02,BARO0,11.645
96865,42.02,BARO0,11.655
96867,42.03,BARO0,11.665
96874,42.03,BARO0,11.675
96873,42.03,BARO0,11.685
96861,42.03,BARO0,11.695
96881,42.04,BARO0,11.705
96874,42.04,BARO0,11.715
96891,42.02,BARO0,11.725
96914,42.05,BARO0,11.735
96904,42.04,BARO0,11.745
96893,42.04,BARO0,11.755
96891,42.04,BARO0,11.765
96889,42.03,BARO0,11.775
96873,42.03,BARO0,11.785
96869,42.03,BARO0,11.795
96869,42.04,BARO0,11.805
96912,42.04,BARO0,11.815
96900,42.04,BARO0,11.825
96911,42.03,BARO0,11.835
96887,42.02,BARO0,11.845
96903,42.05,BARO0,11.855
96891,42.03,BARO0,11.865
96903,42.04,BARO0,11.875
96923,42.03,BARO0,11.885
96896,42.02,BARO0,11.895
96918,42.05,BARO0,11.905
96917,42.03,BARO0,11.915
96911,42.02,BARO0,11.925
96919,42.05,BARO0,11.935
96899,42.05,BARO0,11.945
96901,42.04,BARO0,11.955
96914,42.03,BARO0,11.965
96913,42.03,BARO0,11.975
96910,42.04,BARO0,11.985
96925,42.05,BARO0,11.995
96947,42.03,BARO0,12.005
96917,42.04,BARO0,12.015
96923,42.03,BARO0,12.025
96922,42.05,BARO0,12.035
96924,42.03,BARO0,12.045
96932,42.04,BARO0,12.055
96925,42.04,BARO0,12.065
96936,42.04,BARO0,12.075
96925,42.04,BARO0,12.085
96920,42.03,BARO0,12.095
96930,42.04,BARO0,12.105
96943,42.05,BARO0,12.115
96927,42.03,BARO0,12.125
96959,42.05,BARO0,12.135
96925,42.04,BARO0,12.145
96943,42.05,BARO0,12.155
96951,42.04,BARO0,12.165
96951,42.04,BARO0,12.175
96936,42.04,BARO0,12.185
96966,42.04,BARO0,12.195
96942,42.02,BARO0,12.205
96966,42.04,BARO0,12.215
96955,42.03,BARO0,12.225
96957,42.03,BARO0,12.235
96964,42.04,BARO0,12.245
96964,42.05,BARO0,12.255
96960,42.03,BARO0,12.265
96944,42.03,BARO0,12.275
96942,42.03,BARO0,12.285
96951,42.04,BARO0,12.295
96974,42.05,BARO0,12.305
96956,42.04,BARO0,12.315
96956,42.03,BARO0,12.325
96975,42.05,BARO0,12.335
96988,42.05,BARO0,12.345
96960,42.03,BARO0,12.355
96961,42.04,BARO0,12.365
96976,42.03,BARO0,12.375
96947,42.04,BARO0,12.385
96973,42.04,BARO0,12.395
96971,42.03,BARO0,12.405
96976,42.04,BARO0,12.415
96960,42.04,BARO0,12.425
96962,42.04,BARO0,12.435
96969,42.03,BARO0,12.445
96995,42.04,BARO0,12.455
96980,42.04,BARO0,12.465
96984,42.04,BARO0,12.475
96991,42.04,BARO0,12.485
96987,42.06,BARO0,12.495
96984,42.05,BARO0,12.505
96975,42.04,BARO0,12.515
97000,42.03,BARO0,12.525
96972,42.03,BARO0,12.535
96991,42.01,BARO0,12.545
97003,42.03,BARO0,12.555
97000,42.04,BARO0,12.565
96993,42.04,BARO0,12.575
96989,42.04,BARO0,12.585
97000,42.04,BARO0,12.595
96989,42.06,BARO0,12.605
96994,42.04,BARO0,12.615
97003,42.03,BARO0,12.625
96997,42.06,BARO0,12.635
97005,42.01,BARO0,12.645
97000,42.05,BARO0,12.655
96998,42.04,BARO0,12.665
97020,42.04,BARO0,12.675
97026,42.04,BARO0,12.685
97016,42.03,BARO0,12.695
97022,42.03,BARO0,12.705
97010,42.06,BARO0,12.715
97053,42.06,BARO0,12.725
97008,42.05,BARO0,12.735
97013,42.03,BARO0,12.745
97032,42.05,BARO0,12.755
97028,42.04,BARO0,12.765
97035,42.04,BARO0,12.775
97030,42.05,BARO0,12.785
97039,42.03,BARO0,12.795
97023,42.05,BARO0,12.805
97029,42.05,BARO0,12.815
97030,42.05,BARO0,12.825
97044,42.03,BARO0,12.835
97033,42.04,BARO0,12.845
97044,42.04,BARO0,12.855
97038,42.04,BARO0,12.865
97041,42.04,BARO0,12.875
97051,42.04,BARO0,12.885
97046,42.05,BARO0,12.895
97057,42.06,BARO0,12.905
97054,42.03,BARO0,12.915
97033,42.02,BARO0,12.925
97049,42.04,BARO0,12.935
97049,42.05,BARO0,12.945
97063,42.07,BARO0,12.955
97047,42.04,BARO0,12.965
97049,42.04,BARO0,12.975
97063,42.05,BARO0,12.985
97060,42.04,BARO0,12.995
97066,42.04,BARO0,13.005
97062,42.03,BARO0,13.015
97062,42.05,BARO0,13.025
97055,42.04,BARO0,13.035
97090,42.04,BARO0,13.045
97049,42.04,BARO0,13.055
97066,42.04,BARO0,13.065
97086,42.04,BARO0,13.075
97066,42.04,BARO0,13.085
97065,42.05,BARO0,13.095
97080,42.06,BARO0,13.105
97075,42.04,BARO0,13.115
97074,42.05,BARO0,13.125
97086,42.03,BARO0,13.135
97063,42.05,BARO0,13.145
97062,42.04,BARO0,13.155
97077,42.04,BARO0,13.165
97077,42.05,BARO0,13.175
97076,42.04,BARO0,13.185
97083,42.03,BARO0,13.195
97086,42.06,BARO0,13.205
97074,42.04,BARO0,13.215
97066,42.05,BARO0,13.225
97089,42.04,BARO0,13.235
97100,42.06,BARO0,13.245
97088,42.02,BARO0,13.255
97096,42.04,BARO0,13.265
97091,42.05,BARO0,13.275
97100,42.04,BARO0,13.285
97098,42.03,BARO0,13.295
97102,42.05,BARO0,13.305
97093,42.04,BARO0,13.315
97121,42.03,BARO0,13.325
97093,42.06,BARO0,13.335
97123,42.04,BARO0,13.345
97088,42.03,BARO0,13.355
97108,42.05,BARO0,13.365
97102,42.05,BARO0,13.375
97099,42.05,BARO0,13.385
97091,42.05,BARO0,13.395
97119,42.04,BARO0,13.405
97101,42.04,BARO0,13.415
97105,42.03,BARO0,13.425
97099,42.04,BARO0,13.435
97098,42.04,BARO0,13.445
97095,42.05,BARO0,13.455
97105,42.04,BARO0,13.465
97123,42.05,BARO0,13.475
97112,42.05,BARO0,13.485
97116,42.04,BARO0,13.495
97109,42.04,BARO0,13.505
97114,42.04,BARO0,13.515
97116,42.05,BARO0,13.525
97113,42.04,BARO0,13.535
97131,42.05,BARO0,13.545
97102,42.07,BARO0,13.555
97121,42.05,BARO0,13.565
97123,42.04,BARO0,13.575
97128,42.04,BARO0,13.585
97129,42.05,BARO0,13.595
97122,42.03,BARO0,13.605
97113,42.06,BARO0,13.615
97142,42.05,BARO0,13.625
97122,42.03,BARO0,13.635
97130,42.05,BARO0,13.645
97133,42.06,BARO0,13.655
97135,42.05,BARO0,13.665
97131,42.04,BARO0,13.675
97137,42.05,BARO0,13.685
97147,42.05,BARO0,13.695
97136,42.05,BARO0,13.705
97135,42.04,BARO0,13.715
97141,42.05,BARO0,13.725
97159,42.06,BARO0,13.735
97136,42.05,BARO0,13.745
97155,42.05,BARO0,13.755
97137,42.04,BARO0,13.765
97129,42.04,BARO0,13.775
97131,42.06,BARO0,13.785
97154,42.04,BARO0,13.795
97128,42.05,BARO0,13.805
97119,42.06,BARO0,13.815
97150,42.05,BARO0,13.825
97139,42.05,BARO0,13.835
97127,42.05,BARO0,13.845
97123,42.04,BARO0,13.855
97131,42.05,BARO0,13.865
97132,42.04,BARO0,13.875
97140,42.04,BARO0,13.885
97144,42.04,BARO0,13.895
97158,42.05,BARO0,13.905
97173,42.06,BARO0,13.915
97155,42.05,BARO0,13.925
97160,42.04,BARO0,13.935
97151,42.05,BARO0,13.945
97150,42.05,BARO0,13.955
97155,42.05,BARO0,13.965
97159,42.06,BARO0,13.975
97157,42.05,BARO0,13.985
97160,42.05,BARO0,13.995
97146,42.04,BARO0,14.005
97166,42.05,BARO0,14.015
97166,42.05,BARO0,14.025
97165,42.06,BARO0,14.035
97158,42.05,BARO0,14.045
97168,42.03,BARO0,14.055
97183,42.05,BARO0,14.065
97183,42.05,BARO0,14.075
97175,42.05,BARO0,14.085
97184,42.04,BARO0,14.095
97205,42.04,BARO0,14.105
97206,42.08,BARO0,14.115
97190,42.06,BARO0,14.125
97184,42.05,BARO0,14.135
97186,42.06,BARO0,14.145
97192,42.06,BARO0,14.155
97194,42.04,BARO0,14.165
97191,42.05,BARO0,14.175
97200,42.05,BARO0,14.185
97211,42.04,BARO0,14.195
97199,42.05,BARO0,14.205
97202,42.06,BARO0,14.215
97210,42.05,BARO0,14.225
97205,42.05,BARO0,14.235
97218,42.05,BARO0,14.245
97206,42.03,BARO0,14.255
97205,42.05,BARO0,14.265
97206,42.05,BARO0,14.275
97218,42.05,BARO0,14.285
97191,42.05,BARO0,14.295
97216,42.06,BARO0,14.305
97217,42.06,BARO0,14.315
97213,42.02,BARO0,14.325
97216,42.06,BARO0,14.335
97212,42.04,BARO0,14.345
97224,42.05,BARO0,14.355
97229,42.05,BARO0,14.365
97218,42.04,BARO0,14.375
97226,42.05,BARO0,14.385
97224,42.04,BARO0,14.395
97220,42.06,BARO0,14.405
97220,42.05,BARO0,14.415
97209,42.04,BARO0,14.425
97216,42.06,BARO0,14.435
97232,42.04,BARO0,14.445
97252,42.05,BARO0,14.455
97231,42.05,BARO0,14.465
97236,42.06,BARO0,14.475
97244,42.05,BARO0,14.485
97220,42.05,BARO0,14.495
97242,42.05,BARO0,14.505
97243,42.05,BARO0,14.515
97258,42.07,BARO0,14.525
97240,42.05,BARO0,14.535
97216,42.06,BARO0,14.545
97267,42.07,BARO0,14.555
97244,42.05,BARO0,14.565
97250,42.05,BARO0,14.575
97231,42.05,BARO0,14.585
97243,42.03,BARO0,14.595
97254,42.04,BARO0,14.605
97259,42.07,BARO0,14.615
97261,42.05,BARO0,14.625
97237,42.06,BARO0,14.635
97248,42.06,BARO0,14.645
97238,42.06,BARO0,14.655
97256,42.06,BARO0,14.665
97263,42.05,BARO0,14.675
97259,42.05,BARO0,14.685
97259,42.04,BARO0,14.695
97260,42.06,BARO0,14.705
97268,42.07,BARO0,14.715
97274,42.05,BARO0,14.725
97288,42.05,BARO0,14.735
97238,42.04,BARO0,14.745
97280,42.05,BARO0,14.755
97269,42.04,BARO0,14.765
97270,42.05,BARO0,14.775
97281,42.05,BARO0,14.785
97258,42.04,BARO0,14.795
97278,42.05,BARO0,14.805
97256,42.06,BARO0,14.815
97265,42.05,BARO0,14.825
97250,42.05,BARO0,14.835
97255,42.06,BARO0,14.845
97261,42.05,BARO0,14.855
97279,42.05,BARO0,14.865
97282,42.06,BARO0,14.875
97281,42.06,BARO0,14.885
97282,42.04,BARO0,14.895
97288,42.06,BARO0,14.905
97292,42.06,BARO0,14.915
97302,42.06,BARO0,14.925
97293,42.05,BARO0,14.935
97304,42.04,BARO0,14.945
97286,42.04,BARO0,14.955
97270,42.05,BARO0,14.965
97281,42.05,BARO0,14.975
97285,42.06,BARO0,14.985
97301,42.08,BARO0,14.995
97281,42.03,BARO0,15.005
97274,42.05,BARO0,15.015
97300,42.05,BARO0,15.025
97300,42.05,BARO0,15.035
97285,42.05,BARO0,15.045
97305,42.04,BARO0,15.055
97300,42.06,BARO0,15.065
97294,42.05,BARO0,15.075
97305,42.06,BARO0,15.085
97290,42.05,BARO0,15.095
97281,42.06,BARO0,15.105
97290,42.07,BARO0,15.115
97310,42.08,BARO0,15.125
97311,42.05,BARO0,15.135
97317,42.06,BARO0,15.145
97304,42.05,BARO0,15.155
97321,42.05,BARO0,15.165
97324,42.05,BARO0,15.175
97314,42.06,BARO0,15.185
97311,42.05,BARO0,15.195
97308,42.05,BARO0,15.205
97323,42.07,BARO0,15.215
97325,42.04,BARO0,15.225
97318,42.06,BARO0,15.235
97334,42.07,BARO0,15.245
97332,42.07,BARO0,15.255
97332,42.05,BARO0,15.265
97335,42.06,BARO0,15.275
97334,42.05,BARO0,15.285
97321,42.05,BARO0,15.295
97342,42.06,BARO0,15.305
97338,42.05,BARO0,15.315
97354,42.06,BARO0,15.325
97319,42.05,BARO0,15.335
97333,42.03,BARO0,15.345
97353,42.06,BARO0,15.355
97335,42.05,BARO0,15.365
97339,42.06,BARO0,15.375
97346,42.05,BARO0,15.385
97335,42.07,BARO0,15.395
97349,42.06,BARO0,15.405
97359,42.06,BARO0,15.415
97349,42.06,BARO0,15.425
97341,42.05,BARO0,15.435
97371,42.06,BARO0,15.445
97343,42.04,BARO0,15.455
97363,42.05,BARO0,15.465
97353,42.06,BARO0,15.475
97354,42.05,BARO0,15.485
97330,42.04,BARO0,15.495
97371,42.05,BARO0,15.505
97380,42.06,BARO0,15.515
97361,42.05,BARO0,15.525
97355,42.04,BARO0,15.535
97364,42.05,BARO0,15.545
97356,42.06,BARO0,15.555
97362,42.06,BARO0,15.565
97363,42.06,BARO0,15.575
97372,42.06,BARO0,15.585
97381,42.05,BARO0,15.595
97347,42.06,BARO0,15.605
97367,42.07,BARO0,15.615
97378,42.06,BARO0,15.625
97381,42.07,BARO0,15.635
97391,42.06,BARO0,15.645
97382,42.04,BARO0,15.655
97368,42.06,BARO0,15.665
97381,42.06,BARO0,15.675
97381,42.06,BARO0,15.685
97396,42.05,BARO0,15.695
97381,42.05,BARO0,15.705
97370,42.07,BARO0,15.715
97366,42.06,BARO0,15.725
97392,42.07,BARO0,15.735
97387,42.06,BARO0,15.745
97367,42.05,BARO0,15.755
97399,42.05,BARO0,15.765
97396,42.06,BARO0,15.775
97390,42.06,BARO0,15.785
97383,42.06,BARO0,15.795
97396,42.06,BARO0,15.805
97401,42.06,BARO0,15.815
97397,42.06,BARO0,15.825
97406,42.06,BARO0,15.835
97396,42.07,BARO0,15.845
97390,42.06,BARO0,15.855
97392,42.06,BARO0,15.865
97415,42.06,BARO0,15.875
97410,42.06,BARO0,15.885
97398,42.07,BARO0,15.895
97415,42.07,BARO0,15.905
97412,42.06,BARO0,15.915
97397,42.06,BARO0,15.925
97401,42.03,BARO0,15.935
97409,42.06,BARO0,15.945
97400,42.07,BARO0,15.955
97422,42.06,BARO0,15.965
97410,42.06,BARO0,15.975
97413,42.06,BARO0,15.985
97410,42.05,BARO0,15.995
97388,42.05,BARO0,16.005
97435,42.06,BARO0,16.015
97410,42.06,BARO0,16.025
97413,42.07,BARO0,16.035
97421,42.07,BARO0,16.045
97431,42.07,BARO0,16.055
97420,42.06,BARO0,16.065
97434,42.06,BARO0,16.075
97432,42.06,BARO0,16.085
97417,42.06,BARO0,16.095
97443,42.07,BARO0,16.105
97432,42.04,BARO0,16.115
97422,42.07,BARO0,16.125
97453,42.06,BARO0,16.135
97429,42.08,BARO0,16.145
97425,42.05,BARO0,16.155
97440,42.06,BARO0,16.165
97439,42.06,BARO0,16.175
97433,42.06,BARO0,16.185
97446,42.06,BARO0,16.195
97447,42.07,BARO0,16.205
97450,42.08,BARO0,16.215
97423,42.05,BARO0,16.225
97456,42.07,BARO0,16.235
97457,42.07,BARO0,16.245
97458,42.09,BARO0,16.255
97441,42.06,BARO0,16.265
97453,42.06,BARO0,16.275
97463,42.06,BARO0,16.285
97456,42.06,BARO0,16.295
97469,42.07,BARO0,16.305
97453,42.07,BARO0,16.315
97443,42.07,BARO0,16.325
97458,42.07,BARO0,16.335
97462,42.05,BARO0,16.345
97471,42.07,BARO0,16.355
97461,42.07,BARO0,16.365
97453,42.06,BARO0,16.375
97467,42.06,BARO0,16.385
97449,42.04,BARO0,16.395
97456,42.05,BARO0,16.405
97476,42.09,BARO0,16.415
97464,42.07,BARO0,16.425
97492,42.06,BARO0,16.435
97482,42.07,BARO0,16.445
97464,42.06,BARO0,16.455
97476,42.06,BARO0,16.465
97477,42.06,BARO0,16.475
97476,42.06,BARO0,16.485
97475,42.06,BARO0,16.495
97492,42.07,BARO0,16.505
97481,42.05,BARO0,16.515
97470,42.05,BARO0,16.525
97486,42.07,BARO0,16.535
97488,42.07,BARO0,16.545
97472,42.08,BARO0,16.555
97493,42.06,BARO0,16.565
97492,42.06,BARO0,16.575
97485,42.06,BARO0,16.585
97509,42.07,BARO0,16.595
97481,42.05,BARO0,16.605
97481,42.05,BARO0,16.615
97492,42.06,BARO0,16.625
97494,42.07,BARO0,16.635
97497,42.08,BARO0,16.645
97490,42.07,BARO0,16.655
97500,42.06,BARO0,16.665
97496,42.07,BARO0,16.675
97497,42.07,BARO0,16.685
97505,42.08,BARO0,16.695
97491,42.06,BARO0,16.705
97508,42.05,BARO0,16.715
97493,42.07,BARO0,16.725
97492,42.06,BARO0,16.735
97498,42.07,BARO0,16.745
97506,42.06,BARO0,16.755
97512,42.07,BARO0,16.765
97509,42.06,BARO0,16.775
97513,42.06,BARO0,16.785
97514,42.07,BARO0,16.795
97528,42.08,BARO0,16.805
97505,42.08,BARO0,16.815
97505,42.05,BARO0,16.825
97518,42.05,BARO0,16.835
97530,42.06,BARO0,16.845
97508,42.07,BARO0,16.855
97513,42.07,BARO0,16.865
97520,42.07,BARO0,16.875
97507,42.07,BARO0,16.885
97538,42.07,BARO0,16.895
97518,42.05,BARO0,16.905
97515,42.06,BARO0,16.915
97541,42.07,BARO0,16.925
97533,42.05,BARO0,16.935
97524,42.05,BARO0,16.945
97526,42.07,BARO0,16.955
97529,42.06,BARO0,16.965
97533,42.06,BARO0,16.975
97525,42.06,BARO0,16.985
97541,42.08,BARO0,16.995
97545,42.06,BARO0,17.005
97554,42.06,BARO0,17.015
97526,42.07,BARO0,17.025
97527,42.05,BARO0,17.035
97560,42.07,BARO0,17.045
97552,42.07,BARO0,17.055
97551,42.05,BARO0,17.065
97543,42.06,BARO0,17.075
97549,42.07,BARO0,17.085
97567,42.07,BARO0,17.095
97539,42.07,BARO0,17.105
97562,42.05,BARO0,17.115
97509,42.07,BARO0,17.125
97556,42.07,BARO0,17.135
97557,42.09,BARO0,17.145
97545,42.07,BARO0,17.155
97559,42.07,BARO0,17.165
97548,42.07,BARO0,17.175
97550,42.06,BARO0,17.185
97547,42.06,BARO0,17.195
97550,42.06,BARO0,17.205
97532,42.07,BARO0,17.215
97561,42.06,BARO0,17.225
97540,42.04,BARO0,17.235
97558,42.09,BARO0,17.245
97557,42.08,BARO0,17.255
97555,42.07,BARO0,17.265
97553,42.06,BARO0,17.275
97567,42.08,BARO0,17.285
97575,42.07,BARO0,17.295
97565,42.07,BARO0,17.305
97544,42.06,BARO0,17.315
97576,42.06,BARO0,17.325
97578,42.07,BARO0,17.335
97563,42.07,BARO0,17.345
97559,42.06,BARO0,17.355
97563,42.07,BARO0,17.365
97575,42.08,BARO0,17.375
97573,42.07,BARO0,17.385
97574,42.07,BARO0,17.395
97563,42.08,BARO0,17.405
97578,42.08,BARO0,17.415
97574,42.07,BARO0,17.425
97576,42.04,BARO0,17.435
97591,42.06,BARO0,17.445
97580,42.08,BARO0,17.455
97579,42.07,BARO0,17.465
97582,42.07,BARO0,17.475
97570,42.07,BARO0,17.485
97574,42.06,BARO0,17.495
97569,42.06,BARO0,17.505
97586,42.06,BARO0,17.515
97611,42.07,BARO0,17.525
97588,42.08,BARO0,17.535
97603,42.06,BARO0,17.545
97598,42.06,BARO0,17.555
97583,42.07,BARO0,17.565
97591,42.07,BARO0,17.575
97594,42.07,BARO0,17.585
97595,42.07,BARO0,17.595
97598,42.05,BARO0,17.605
97607,42.09,BARO0,17.615
97590,42.07,BARO0,17.625
97604,42.07,BARO0,17.635
97628,42.1,BARO0,17.645
97623,42.06,BARO0,17.655
97599,42.07,BARO0,17.665
97611,42.07,BARO0,17.675
97600,42.07,BARO0,17.685
97599,42.07,BARO0,17.695
97622,42.08,BARO0,17.705
97606,42.07,BARO0,17.715
97597,42.06,BARO0,17.725
97607,42.08,BARO0,17.735
97585,42.07,BARO0,17.745
97619,42.06,BARO0,17.755
97622,42.07,BARO0,17.765
97615,42.07,BARO0,17.775
97620,42.07,BARO0,17.785
97614,42.07,BARO0,17.795
97614,42.11,BARO0,17.805
97608,42.07,BARO0,17.815
97611,42.06,BARO0,17.825
97625,42.08,BARO0,17.835
97639,42.07,BARO0,17.845
97619,42.08,BARO0,17.855
97630,42.07,BARO0,17.865
97619,42.07,BARO0,17.875
97627,42.07,BARO0,17.885
97628,42.08,BARO0,17.895
97617,42.08,BARO0,17.905
97628,42.08,BARO0,17.915
97630,42.06,BARO0,17.925
97632,42.09,BARO0,17.935
97648,42.07,BARO0,17.945
97655,42.08,BARO0,17.955
97642,42.07,BARO0,17.965
97639,42.07,BARO0,17.975
97646,42.08,BARO0,17.985
97656,42.06,BARO0,17.995
97639,42.06,BARO0,18.005
97656,42.06,BARO0,18.015
97635,42.06,BARO0,18.025
97631,42.07,BARO0,18.035
97631,42.07,BARO0,18.045
97651,42.07,BARO0,18.055
97651,42.09,BARO0,18.065
97650,42.08,BARO0,18.075
97659,42.07,BARO0,18.085
97661,42.07,BARO0,18.095
97668,42.08,BARO0,18.105
97674,42.08,BARO0,18.115
97649,42.05,BARO0,18.125
97654,42.07,BARO0,18.135
97678,42.08,BARO0,18.145
97663,42.08,BARO0,18.155
97665,42.08,BARO0,18.165
97651,42.07,BARO0,18.175
97663,42.08,BARO0,18.185
97682,42.07,BARO0,18.195
97662,42.06,BARO0,18.205
97655,42.07,BARO0,18.215
97661,42.07,BARO0,18.225
97660,42.08,BARO0,18.235
97677,42.1,BARO0,18.245
97664,42.09,BARO0,18.255
97674,42.08,BARO0,18.265
97680,42.07,BARO0,18.275
97675,42.07,BARO0,18.285
97685,42.07,BARO0,18.295
97709,42.07,BARO0,18.305
97657,42.07,BARO0,18.315
97678,42.06,BARO0,18.325
97669,42.07,BARO0,18.335
97662,42.06,BARO0,18.345
97675,42.07,BARO0,18.355
97688,42.07,BARO0,18.365
97675,42.07,BARO0,18.375
97672,42.07,BARO0,18.385
97685,42.07,BARO0,18.395
97685,42.09,BARO0,18.405
97693,42.07,BARO0,18.415
97690,42.08,BARO0,18.425
97678,42.06,BARO0,18.435
97685,42.06,BARO0,18.445
97676,42.06,BARO0,18.455
97685,42.08,BARO0,18.465
97695,42.08,BARO0,18.475
97693,42.07,BARO0,18.485
97687,42.07,BARO0,18.495
97698,42.06,BARO0,18.505
97679,42.07,BARO0,18.515
97708,42.08,BARO0,18.525
97714,42.07,BARO0,18.535
97675,42.08,BARO0,18.545
97685,42.07,BARO0,18.555
97699,42.07,BARO0,18.565
97707,42.07,BARO0,18.575
97698,42.07,BARO0,18.585
97694,42.08,BARO0,18.595
97687,42.09,BARO0,18.605
97682,42.06,BARO0,18.615
97704,42.07,BARO0,18.625
97713,42.06,BARO0,18.635
97706,42.06,BARO0,18.645
97709,42.09,BARO0,18.655
97717,42.06,BARO0,18.665
97705,42.08,BARO0,18.675
97709,42.08,BARO0,18.685
97699,42.08,BARO0,18.695
97723,42.07,BARO0,18.705
97725,42.07,BARO0,18.715
97713,42.08,BARO0,18.725
97712,42.06,BARO0,18.735
97716,42.08,BARO0,18.745
97733,42.08,BARO0,18.755
97724,42.06,BARO0,18.765
97718,42.08,BARO0,18.775
97734,42.08,BARO0,18.785
97738,42.07,BARO0,18.795
97720,42.08,BARO0,18.805
97705,42.06,BARO0,18.815
97747,42.07,BARO0,18.825
97727,42.07,BARO0,18.835
97726,42.09,BARO0,18.845
97736,42.09,BARO0,18.855
97740,42.07,BARO0,18.865
97734,42.07,BARO0,18.875
97745,42.07,BARO0,18.885
97738,42.07,BARO0,18.895
97726,42.08,BARO0,18.905
97745,42.09,BARO0,18.915
97741,42.07,BARO0,18.925
97742,42.08,BARO0,18.935
97737,42.07,BARO0,18.945
97759,42.07,BARO0,18.955
97746,42.09,BARO0,18.965
97748,42.08,BARO0,18.975
97759,42.08,BARO0,18.985
97759,42.08,BARO0,18.995
97758,42.09,BARO0,19.005
97752,42.07,BARO0,19.015
97756,42.06,BARO0,19.025
97764,42.09,BARO0,19.035
97758,42.08,BARO0,19.045
97768,42.09,BARO0,19.055
97758,42.07,BARO0,19.065
97774,42.09,BARO0,19.075
97778,42.08,BARO0,19.085
97747,42.08,BARO0,19.095
97768,42.08,BARO0,19.105
97788,42.09,BARO0,19.115
97777,42.07,BARO0,19.125
97774,42.07,BARO0,19.135
97774,42.07,BARO0,19.145
97787,42.06,BARO0,19.155
97772,42.08,BARO0,19.165
97780,42.07,BARO0,19.175
97790,42.08,BARO0,19.185
97779,42.08,BARO0,19.195
97774,42.05,BARO0,19.205
97793,42.08,BARO0,19.215
97762,42.07,BARO0,19.225
97792,42.09,BARO0,19.235
97795,42.09,BARO0,19.245
97782,42.08,BARO0,19.255
97790,42.07,BARO0,19.265
97794,42.08,BARO0,19.275
97790,42.08,BARO0,19.285
97774,42.07,BARO0,19.295
97762,42.06,BARO0,19.305
97801,42.07,BARO0,19.315
97806,42.1,BARO0,19.325
97781,42.08,BARO0,19.335
97801,42.08,BARO0,19.345
97791,42.06,BARO0,19.355
97811,42.08,BARO0,19.365
97801,42.08,BARO0,19.375
97809,42.08,BARO0,19.385
97803,42.08,BARO0,19.395
97797,42.08,BARO0,19.405
97809,42.05,BARO0,19.415
97812,42.1,BARO0,19.425
97812,42.08,BARO0,19.435
97829,42.12,BARO0,19.445
97813,42.08,BARO0,19.455
97807,42.08,BARO0,19.465
97821,42.08,BARO0,19.475
97819,42.08,BARO0,19.485
97819,42.08,BARO0,19.495
97831,42.08,BARO0,19.505
97837,42.09,BARO0,19.515
97820,42.09,BARO0,19.525
97829,42.1,BARO0,19.535
97822,42.08,BARO0,19.545
97827,42.08,BARO0,19.555
97827,42.08,BARO0,19.565
97828,42.07,BARO0,19.575
97830,42.08,BARO0,19.585
97843,42.09,BARO0,19.595
97838,42.06,BARO0,19.605
97843,42.09,BARO0,19.615
97827,42.06,BARO0,19.625
97830,42.07,BARO0,19.635
97852,42.08,BARO0,19.645
97827,42.07,BARO0,19.655
97841,42.09,BARO0,19.665
97837,42.08,BARO0,19.675
97848,42.09,BARO0,19.685
97837,42.08,BARO0,19.695
97843,42.09,BARO0,19.705
97864,42.08,BARO0,19.715
97856,42.08,BARO0,19.725
97867,42.08,BARO0,19.735
97849,42.08,BARO0,19.745
97846,42.1,BARO0,19.755
97845,42.08,BARO0,19.765
97854,42.08,BARO0,19.775
97855,42.08,BARO0,19.785
97853,42.08,BARO0,19.795
97856,42.08,BARO0,19.805
97868,42.09,BARO0,19.815
97860,42.09,BARO0,19.825
97869,42.08,BARO0,19.835
97855,42.07,BARO0,19.845
97869,42.08,BARO0,19.855
97872,42.08,BARO0,19.865
97876,42.08,BARO0,19.875
97860,42.08,BARO0,19.885
97881,42.08,BARO0,19.895
97881,42.11,BARO0,19.905
97902,42.09,BARO0,19.915
97893,42.08,BARO0,19.925
97901,42.09,BARO0,19.935
97880,42.07,BARO0,19.945
97875,42.09,BARO0,19.955
97882,42.09,BARO0,19.965
97886,42.08,BARO0,19.975
97878,42.08,BARO0,19.985
97872,42.08,BARO0,19.995
97870,42.08,BARO0,20.005
97890,42.08,BARO0,20.015
97883,42.08,BARO0,20.025
97883,42.08,BARO0,20.035
97882,42.07,BARO0,20.045
97919,42.1,BARO0,20.055
97892,42.1,BARO0,20.065
97882,42.09,BARO0,20.075
97892,42.08,BARO0,20.085
97898,42.08,BARO0,20.095
97882,42.1,BARO0,20.105
97906,42.09,BARO0,20.115
97889,42.09,BARO0,20.125
97897,42.08,BARO0,20.135
97912,42.09,BARO0,20.145
97901,42.1,BARO0,20.155
97904,42.11,BARO0,20.165
97900,42.08,BARO0,20.175
97909,42.08,BARO0,20.185
97890,42.09,BARO0,20.195
97886,42.06,BARO0,20.205
97910,42.1,BARO0,20.215
97893,42.08,BARO0,20.225
97913,42.08,BARO0,20.235
97902,42.09,BARO0,20.245
97902,42.09,BARO0,20.255
97917,42.09,BARO0,20.265
97925,42.09,BARO0,20.275
97914,42.09,BARO0,20.285
97917,42.08,BARO0,20.295
97944,42.09,BARO0,20.305
97916,42.08,BARO0,20.315
97942,42.09,BARO0,20.325
97909,42.09,BARO0,20.335
97921,42.09,BARO0,20.345
97936,42.08,BARO0,20.355
97934,42.08,BARO0,20.365
97928,42.09,BARO0,20.375
97939,42.09,BARO0,20.385
97931,42.08,BARO0,20.395
97924,42.08,BARO0,20.405
97927,42.06,BARO0,20.415
97928,42.08,BARO0,20.425
97933,42.08,BARO0,20.435
97934,42.08,BARO0,20.445
97927,42.08,BARO0,20.455
97931,42.09,BARO0,20.465
97935,42.08,BARO0,20.475
97941,42.09,BARO0,20.485
97928,42.08,BARO0,20.495
97945,42.1,BARO0,20.505
97938,42.08,BARO0,20.515
97948,42.1,BARO0,20.525
97921,42.08,BARO0,20.535
97954,42.1,BARO0,20.545
97947,42.1,BARO0,20.555
97952,42.09,BARO0,20.565
97943,42.08,BARO0,20.575
97941,42.09,BARO0,20.585
97957,42.08,BARO0,20.595
97955,42.08,BARO0,20.605
97952,42.09,BARO0,20.615
97972,42.12,BARO0,20.625
97957,42.09,BARO0,20.635
97963,42.08,BARO0,20.645
97963,42.08,BARO0,20.655
97954,42.09,BARO0,20.665
97961,42.09,BARO0,20.675
97967,42.08,BARO0,20.685
97977,42.09,BARO0,20.695
97976,42.08,BARO0,20.705
97977,42.09,BARO0,20.715
97980,42.07,BARO0,20.725
97982,42.09,BARO0,20.735
97958,42.09,BARO0,20.745
97969,42.1,BARO0,20.755
97982,42.1,BARO0,20.765
97965,42.09,BARO0,20.775
97977,42.08,BARO0,20.785
97974,42.09,BARO0,20.795
98008,42.09,BARO0,20.805
97979,42.09,BARO0,20.815
98004,42.11,BARO0,20.825
97986,42.1,BARO0,20.835
97966,42.09,BARO0,20.845
97985,42.1,BARO0,20.855
97997,42.08,BARO0,20.865
97988,42.09,BARO0,20.875
97998,42.09,BARO0,20.885
97996,42.08,BARO0,20.895
98016,42.09,BARO0,20.905
97981,42.1,BARO0,20.915
97989,42.09,BARO0,20.925
98002,42.08,BARO0,20.935
97997,42.08,BARO0,20.945
97998,42.09,BARO0,20.955
98004,42.08,BARO0,20.965
98010,42.09,BARO0,20.975
98003,42.09,BARO0,20.985
98002,42.09,BARO0,20.995
98000,42.09,BARO0,21.005
98018,42.1,BARO0,21.015
98016,42.12,BARO0,21.025
98005,42.09,BARO0,21.035
98018,42.07,BARO0,21.045
98016,42.1,BARO0,21.055
98018,42.09,BARO0,21.065
98012,42.09,BARO0,21.075
98023,42.09,BARO0,21.085
98040,42.09,BARO0,21.095
98020,42.1,BARO0,21.105
98004,42.09,BARO0,21.115
98028,42.08,BARO0,21.125
98020,42.09,BARO0,21.135
98017,42.1,BARO0,21.145
98032,42.08,BARO0,21.155
98032,42.08,BARO0,21.165
98025,42.1,BARO0,21.175
98025,42.09,BARO0,21.185
98035,42.1,BARO0,21.195
98024,42.1,BARO0,21.205
98034,42.1,BARO0,21.215
98037,42.1,BARO0,21.225
98033,42.08,BARO0,21.235
98049,42.11,BARO0,21.245
98021,42.08,BARO0,21.255
98038,42.09,BARO0,21.265
98044,42.09,BARO0,21.275
98049,42.1,BARO0,21.285
98022,42.09,BARO0,21.295
98048,42.08,BARO0,21.305
98047,42.08,BARO0,21.315
98023,42.09,BARO0,21.325
98044,42.1,BARO0,21.335
98048,42.11,BARO0,21.345
98030,42.08,BARO0,21.355
98052,42.08,BARO0,21.365
98064,42.1,BARO0,21.375
98051,42.09,BARO0,21.385
98071,42.1,BARO0,21.395
98052,42.08,BARO0,21.405
98072,42.09,BARO0,21.415
98052,42.09,BARO0,21.425
98085,42.08,BARO0,21.435
98072,42.12,BARO0,21.445
98062,42.09,BARO0,21.455
98060,42.09,BARO0,21.465
98063,42.09,BARO0,21.475
98070,42.09,BARO0,21.485
98071,42.09,BARO0,21.495
98055,42.09,BARO0,21.505
98065,42.12,BARO0,21.515
98081,42.11,BARO0,21.525
98078,42.1,BARO0,21.535
98095,42.11,BARO0,21.545
98052,42.1,BARO0,21.555
98079,42.1,BARO0,21.565
98081,42.09,BARO0,21.575
98085,42.1,BARO0,21.585
98083,42.09,BARO0,21.595
98073,42.1,BARO0,21.605
98070,42.08,BARO0,21.615
98073,42.11,BARO0,21.625
98111,42.09,BARO0,21.635
98109,42.11,BARO0,21.645
98077,42.1,BARO0,21.655
98098,42.1,BARO0,21.665
98083,42.09,BARO0,21.675
98099,42.1,BARO0,21.685
98082,42.1,BARO0,21.695
98090,42.08,BARO0,21.705
98085,42.11,BARO0,21.715
98093,42.09,BARO0,21.725
98097,42.1,BARO0,21.735
98100,42.1,BARO0,21.745
98105,42.09,BARO0,21.755
98099,42.1,BARO0,21.765
98104,42.1,BARO0,21.775
98110,42.1,BARO0,21.785
98091,42.11,BARO0,21.795
98125,42.1,BARO0,21.805
98100,42.08,BARO0,21.815
98106,42.09,BARO0,21.825
98111,42.09,BARO0,21.835
98116,42.11,BARO0,21.845
98086,42.1,BARO0,21.855
98130,42.1,BARO0,21.865
98117,42.1,BARO0,21.875
98115,42.09,BARO0,21.885
98121,42.1,BARO0,21.895
98118,42.11,BARO0,21.905
98116,42.1,BARO0,21.915
98116,42.1,BARO0,21.925
98123,42.11,BARO0,21.935
98132,42.11,BARO0,21.945
98125,42.09,BARO0,21.955
98116,42.11,BARO0,21.965
98127,42.1,BARO0,21.975
98128,42.09,BARO0,21.985
98154,42.09,BARO0,21.995
98140,42.11,BARO0,22.005
98143,42.08,BARO0,22.015
98135,42.09,BARO0,22.025
98152,42.12,BARO0,22.035
98157,42.08,BARO0,22.045
98133,42.1,BARO0,22.055
98131,42.1,BARO0,22.065
98138,42.1,BARO0,22.075
98134,42.1,BARO0,22.085
98149,42.1,BARO0,22.095
98142,42.1,BARO0,22.105
98138,42.1,BARO0,22.115
98153,42.1,BARO0,22.125
98163,42.11,BARO0,22.135
98130,42.11,BARO0,22.145
98139,42.09,BARO0,22.155
98125,42.11,BARO0,22.165
98143,42.1,BARO0,22.175
98140,42.1,BARO0,22.185
98141,42.09,BARO0,22.195
98140,42.1,BARO0,22.205
98165,42.1,BARO0,22.215
98152,42.11,BARO0,22.225
98159,42.11,BARO0,22.235
98144,42.09,BARO0,22.245
98153,42.08,BARO0,22.255
98156,42.11,BARO0,22.265
98145,42.1,BARO0,22.275
98151,42.1,BARO0,22.285
98161,42.11,BARO0,22.295
98162,42.11,BARO0,22.305
98156,42.11,BARO0,22.315
98172,42.1,BARO0,22.325
98162,42.1,BARO0,22.335
98160,42.1,BARO0,22.345
98160,42.09,BARO0,22.355
98165,42.11,BARO0,22.365
98168,42.1,BARO0,22.375
98180,42.1,BARO0,22.385
98188,42.11,BARO0,22.395
98161,42.11,BARO0,22.405
98162,42.09,BARO0,22.415
98179,42.08,BARO0,22.425
98155,42.09,BARO0,22.435
98169,42.11,BARO0,22.445
98175,42.13,BARO0,22.455
98189,42.09,BARO0,22.465
98174,42.1,BARO0,22.475
98184,42.1,BARO0,22.485
98191,42.1,BARO0,22.495
98189,42.11,BARO0,22.505
98183,42.11,BARO0,22.515
98178,42.1,BARO0,22.525
98200,42.1,BARO0,22.535
98205,42.1,BARO0,22.545
98201,42.11,BARO0,22.555
98202,42.11,BARO0,22.565
98201,42.1,BARO0,22.575
98197,42.1,BARO0,22.585
98205,42.11,BARO0,22.595
98198,42.12,BARO0,22.605
98181,42.1,BARO0,22.615
98210,42.09,BARO0,22.625
98200,42.1,BARO0,22.635
98216,42.12,BARO0,22.645
98225,42.11,BARO0,22.655
98225,42.11,BARO0,22.665
98198,42.1,BARO0,22.675
98216,42.11,BARO0,22.685
98217,42.11,BARO0,22.695
98187,42.08,BARO0,22.705
98215,42.1,BARO0,22.715
98217,42.1,BARO0,22.725
98200,42.11,BARO0,22.735
98214,42.09,BARO0,22.745
98222,42.11,BARO0,22.755
98219,42.11,BARO0,22.765
98220,42.1,BARO0,22.775
98235,42.1,BARO0,22.785
98234,42.1,BARO0,22.795
98233,42.11,BARO0,22.805
98232,42.09,BARO0,22.815
98210,42.08,BARO0,22.825
98221,42.11,BARO0,22.835
98251,42.11,BARO0,22.845
98210,42.09,BARO0,22.855
98237,42.12,BARO0,22.865
98227,42.11,BARO0,22.875
98226,42.11,BARO0,22.885
98230,42.1,BARO0,22.895
98250,42.1,BARO0,22.905
98231,42.12,BARO0,22.915
98233,42.09,BARO0,22.925
98238,42.1,BARO0,22.935
98254,42.11,BARO0,22.945
98244,42.11,BARO0,22.955
98262,42.1,BARO0,22.965
98250,42.1,BARO0,22.975
98254,42.11,BARO0,22.985
98254,42.1,BARO0,22.995
98269,42.12,BARO0,23.005
98230,42.11,BARO0,23.015
98238,42.1,BARO0,23.025
98263,42.11,BARO0,23.035
98240,42.1,BARO0,23.045
98253,42.12,BARO0,23.055
98255,42.1,BARO0,23.065
98259,42.11,BARO0,23.075
98261,42.11,BARO0,23.085
98272,42.11,BARO0,23.095
98255,42.11,BARO0,23.105
98272,42.13,BARO0,23.115
98256,42.1,BARO0,23.125
98269,42.11,BARO0,23.135
98262,42.1,BARO0,23.145
98271,42.11,BARO0,23.155
98255,42.11,BARO0,23.165
98276,42.11,BARO0,23.175
98268,42.1,BARO0,23.185
98269,42.1,BARO0,23.195
98261,42.1,BARO0,23.205
98254,42.11,BARO0,23.215
98286,42.11,BARO0,23.225
98274,42.11,BARO0,23.235
98288,42.12,BARO0,23.245
98285,42.11,BARO0,23.255
98294,42.12,BARO0,23.265
98276,42.1,BARO0,23.275
98273,42.11,BARO0,23.285
98275,42.11,BARO0,23.295
98257,42.11,BARO0,23.305
98291,42.12,BARO0,23.315
98300,42.13,BARO0,23.325
98297,42.11,BARO0,23.335
98273,42.11,BARO0,23.345
98286,42.11,BARO0,23.355
98277,42.1,BARO0,23.365
98295,42.11,BARO0,23.375
98287,42.11,BARO0,23.385
98285,42.1,BARO0,23.395
98301,42.1,BARO0,23.405
98262,42.12,BARO0,23.415
98296,42.1,BARO0,23.425
98276,42.12,BARO0,23.435
98319,42.09,BARO0,23.445
98296,42.12,BARO0,23.455
98306,42.11,BARO0,23.465
98311,42.11,BARO0,23.475
98305,42.11,BARO0,23.485
98306,42.1,BARO0,23.495
98306,42.1,BARO0,23.505
98320,42.11,BARO0,23.515
98316,42.1,BARO0,23.525
98322,42.1,BARO0,23.535
98333,42.09,BARO0,23.545
98322,42.11,BARO0,23.555
98330,42.11,BARO0,23.565
98316,42.1,BARO0,23.575
98317,42.11,BARO0,23.585
98317,42.11,BARO0,23.595
98322,42.1,BARO0,23.605
98320,42.11,BARO0,23.615
98347,42.11,BARO0,23.625
98313,42.1,BARO0,23.635
98344,42.12,BARO0,23.645
98347,42.11,BARO0,23.655
98340,42.12,BARO0,23.665
98334,42.11,BARO0,23.675
98339,42.11,BARO0,23.685
98328,42.1,BARO0,23.695
98336,42.1,BARO0,23.705
98342,42.11,BARO0,23.715
98345,42.13,BARO0,23.725
98344,42.11,BARO0,23.735
98350,42.1,BARO0,23.745
98355,42.12,BARO0,23.755
98348,42.11,BARO0,23.765
98345,42.11,BARO0,23.775
98356,42.11,BARO0,23.785
98353,42.11,BARO0,23.795
98344,42.1,BARO0,23.805
98347,42.11,BARO0,23.815
98363,42.1,BARO0,23.825
98352,42.12,BARO0,23.835
98357,42.09,BARO0,23.845
98354,42.11,BARO0,23.855
98370,42.11,BARO0,23.865
98356,42.11,BARO0,23.875
98366,42.1,BARO0,23.885
98351,42.1,BARO0,23.895
98350,42.13,BARO0,23.905
98350,42.12,BARO0,23.915
98356,42.1,BARO0,23.925
98361,42.11,BARO0,23.935
98365,42.1,BARO0,23.945
98356,42.11,BARO0,23.955
98380,42.11,BARO0,23.965
98372,42.1,BARO0,23.975
98369,42.11,BARO0,23.985
98374,42.11,BARO0,23.995
98383,42.11,BARO0,24.005
98372,42.09,BARO0,24.015
98390,42.13,BARO0,24.025
98367,42.1,BARO0,24.035
98385,42.12,BARO0,24.045
98367,42.11,BARO0,24.055
98392,42.12,BARO0,24.065
98387,42.1,BARO0,24.075
98383,42.1,BARO0,24.085
98380,42.11,BARO0,24.095
98397,42.09,BARO0,24.105
98418,42.13,BARO0,24.115
98383,42.1,BARO0,24.125
98395,42.09,BARO0,24.135
98380,42.08,BARO0,24.145
98375,42.1,BARO0,24.155
98404,42.09,BARO0,24.165
98389,42.1,BARO0,24.175
98402,42.11,BARO0,24.185
98401,42.11,BARO0,24.195
98406,42.12,BARO0,24.205
98392,42.1,BARO0,24.215
98405,42.12,BARO0,24.225
98381,42.11,BARO0,24.235
98386,42.11,BARO0,24.245
98396,42.1,BARO0,24.255
98398,42.11,BARO0,24.265
98394,42.1,BARO0,24.275
98399,42.11,BARO0,24.285
98400,42.11,BARO0,24.295
98391,42.11,BARO0,24.305
98407,42.12,BARO0,24.315
98405,42.11,BARO0,24.325
98399,42.11,BARO0,24.335
98398,42.1,BARO0,24.345
98402,42.11,BARO0,24.355
98391,42.09,BARO0,24.365
98399,42.11,BARO0,24.375
98417,42.11,BARO0,24.385
98414,42.11,BARO0,24.395
98423,42.09,BARO0,24.405
98415,42.12,BARO0,24.415
98407,42.12,BARO0,24.425
98418,42.11,BARO0,24.435
98427,42.09,BARO0,24.445
98428,42.12,BARO0,24.455
98423,42.12,BARO0,24.465
98432,42.11,BARO0,24.475
98422,42.11,BARO0,24.485
98428,42.11,BARO0,24.495
98421,42.08,BARO0,24.505
98426,42.11,BARO0,24.515
98431,42.11,BARO0,24.525
98439,42.1,BARO0,24.535
98450,42.12,BARO0,24.545
98434,42.1,BARO0,24.555
98448,42.12,BARO0,24.565
98453,42.11,BARO0,24.575
98451,42.11,BARO0,24.585
98437,42.11,BARO0,24.595
98457,42.13,BARO0,24.605
98444,42.11,BARO0,24.615
98460,42.1,BARO0,24.625
98444,42.1,BARO0,24.635
98447,42.12,BARO0,24.645
98458,42.09,BARO0,24.655
98463,42.11,BARO0,24.665
98460,42.11,BARO0,24.675
98458,42.11,BARO0,24.685
98463,42.11,BARO0,24.695
98434,42.11,BARO0,24.705
98478,42.12,BARO0,24.715
98465,42.11,BARO0,24.725
98473,42.11,BARO0,24.735
98467,42.12,BARO0,24.745
98476,42.11,BARO0,24.755
98459,42.11,BARO0,24.765
98466,42.11,BARO0,24.775
98468,42.11,BARO0,24.785
98478,42.11,BARO0,24.795
98436,42.11,BARO0,24.805
98473,42.1,BARO0,24.815
98466,42.1,BARO0,24.825
98469,42.1,BARO0,24.835
98473,42.1,BARO0,24.845
98475,42.11,BARO0,24.855
98473,42.1,BARO0,24.865
98477,42.1,BARO0,24.875
98482,42.11,BARO0,24.885
98474,42.11,BARO0,24.895
98480,42.11,BARO0,24.905
98473,42.11,BARO0,24.915
98483,42.1,BARO0,24.925
98490,42.12,BARO0,24.935
98487,42.11,BARO0,24.945
98482,42.08,BARO0,24.955
98497,42.11,BARO0,24.965
98486,42.11,BARO0,24.975
98488,42.11,BARO0,24.985
98491,42.11,BARO0,24.995
98477,42.13,BARO0,25.005
98502,42.1,BARO0,25.015
98498,42.13,BARO0,25.025
98487,42.09,BARO0,25.035
98486,42.11,BARO0,25.045
98504,42.1,BARO0,25.055
98502,42.11,BARO0,25.065
98511,42.11,BARO0,25.075
98504,42.11,BARO0,25.085
98504,42.11,BARO0,25.095
98499,42.1,BARO0,25.105
98514,42.1,BARO0,25.115
98516,42.13,BARO0,25.125
98507,42.11,BARO0,25.135
98496,42.11,BARO0,25.145
98510,42.11,BARO0,25.155
98528,42.1,BARO0,25.165
98519,42.11,BARO0,25.175
98518,42.11,BARO0,25.185
98521,42.12,BARO0,25.195
98527,42.11,BARO0,25.205
98522,42.13,BARO0,25.215
98518,42.12,BARO0,25.225
98536,42.14,BARO0,25.235
98527,42.09,BARO0,25.245
98518,42.11,BARO0,25.255
98534,42.1,BARO0,25.265
98531,42.12,BARO0,25.275
98533,42.11,BARO0,25.285
98530,42.11,BARO0,25.295
98522,42.12,BARO0,25.305
98539,42.12,BARO0,25.315
98494,42.1,BARO0,25.325
98535,42.1,BARO0,25.335
98549,42.12,BARO0,25.345
98531,42.09,BARO0,25.355
98546,42.11,BARO0,25.365
98539,42.11,BARO0,25.375
98540,42.11,BARO0,25.385
98543,42.11,BARO0,25.395
98524,42.11,BARO0,25.405
98542,42.12,BARO0,25.415
98543,42.12,BARO0,25.425
98545,42.13,BARO0,25.435
98525,42.11,BARO0,25.445
98546,42.12,BARO0,25.455
98526,42.13,BARO0,25.465
98538,42.11,BARO0,25.475
98540,42.12,BARO0,25.485
98554,42.12,BARO0,25.495
98566,42.12,BARO0,25.505
98554,42.12,BARO0,25.515
98551,42.11,BARO0,25.525
98534,42.12,BARO0,25.535
98556,42.11,BARO0,25.545
98574,42.12,BARO0,25.555
98563,42.11,BARO0,25.565
98557,42.11,BARO0,25.575
98561,42.11,BARO0,25.585
98566,42.11,BARO0,25.595
98562,42.12,BARO0,25.605
98564,42.11,BARO0,25.615
98575,42.09,BARO0,25.625
98581,42.11,BARO0,25.635
98583,42.11,BARO0,25.645
98576,42.1,BARO0,25.655
98597,42.12,BARO0,25.665
98580,42.11,BARO0,25.675
98577,42.11,BARO0,25.685
98578,42.11,BARO0,25.695
98571,42.11,BARO0,25.705
98582,42.13,BARO0,25.715
98571,42.11,BARO0,25.725
98578,42.12,BARO0,25.735
98596,42.12,BARO0,25.745
98601,42.12,BARO0,25.755
98590,42.11,BARO0,25.765
98584,42.11,BARO0,25.775
98583,42.11,BARO0,25.785
98589,42.11,BARO0,25.795
98569,42.11,BARO0,25.805
98603,42.12,BARO0,25.815
98596,42.12,BARO0,25.825
98585,42.11,BARO0,25.835
98568,42.11,BARO0,25.845
98603,42.1,BARO0,25.855
98581,42.11,BARO0,25.865
98596,42.1,BARO0,25.875
98590,42.12,BARO0,25.885
98601,42.11,BARO0,25.895
98592,42.13,BARO0,25.905
98624,42.1,BARO0,25.915
98583,42.11,BARO0,25.925
98598,42.1,BARO0,25.935
98611,42.11,BARO0,25.945
98614,42.11,BARO0,25.955
98611,42.11,BARO0,25.965
98609,42.11,BARO0,25.975
98614,42.11,BARO0,25.985
98613,42.11,BARO0,25.995
98607,42.11,BARO0,26.005
98606,42.11,BARO0,26.015
98618,42.11,BARO0,26.025
98625,42.11,BARO0,26.035
98603,42.12,BARO0,26.045
98597,42.12,BARO0,26.055
98610,42.11,BARO0,26.065
98629,42.12,BARO0,26.075
98624,42.12,BARO0,26.085
98619,42.11,BARO0,26.095
98623,42.12,BARO0,26.105
98596,42.11,BARO0,26.115
98623,42.1,BARO0,26.125
98636,42.12,BARO0,26.135
98631,42.12,BARO0,26.145
98624,42.11,BARO0,26.155
98624,42.11,BARO0,26.165
98632,42.12,BARO0,26.175
98631,42.11,BARO0,26.185
98634,42.11,BARO0,26.195
98646,42.12,BARO0,26.205
98632,42.1,BARO0,26.215
98621,42.11,BARO0,26.225
98649,42.12,BARO0,26.235
98631,42.13,BARO0,26.245
98643,42.12,BARO0,26.255
98636,42.12,BARO0,26.265
98641,42.1,BARO0,26.275
98645,42.11,BARO0,26.285
98644,42.12,BARO0,26.295
98661,42.1,BARO0,26.305
98634,42.11,BARO0,26.315
98664,42.12,BARO0,26.325
98633,42.13,BARO0,26.335
98651,42.12,BARO0,26.345
98658,42.11,BARO0,26.355
98650,42.11,BARO0,26.365
98654,42.12,BARO0,26.375
98659,42.11,BARO0,26.385
98660,42.11,BARO0,26.395
98677,42.12,BARO0,26.405
98669,42.13,BARO0,26.415
98665,42.13,BARO0,26.425
98667,42.11,BARO0,26.435
98662,42.13,BARO0,26.445
98667,42.1,BARO0,26.455
98670,42.11,BARO0,26.465
98670,42.12,BARO0,26.475
98678,42.11,BARO0,26.485
98679,42.11,BARO0,26.495
98682,42.11,BARO0,26.505
98670,42.11,BARO0,26.515
98679,42.11,BARO0,26.525
98670,42.12,BARO0,26.535
98679,42.12,BARO0,26.545
98683,42.12,BARO0,26.555
98678,42.12,BARO0,26.565
98678,42.11,BARO0,26.575
98686,42.11,BARO0,26.585
98680,42.11,BARO0,26.595
98691,42.11,BARO0,26.605
98673,42.12,BARO0,26.615
98700,42.13,BARO0,26.625
98706,42.11,BARO0,26.635
98676,42.11,BARO0,26.645
98696,42.12,BARO0,26.655
98703,42.13,BARO0,26.665
98700,42.12,BARO0,26.675
98706,42.11,BARO0,26.685
98700,42.11,BARO0,26.695
98705,42.11,BARO0,26.705
98715,42.11,BARO0,26.715
98712,42.12,BARO0,26.725
98717,42.13,BARO0,26.735
98703,42.1,BARO0,26.745
98715,42.12,BARO0,26.755
98713,42.12,BARO0,26.765
98708,42.11,BARO0,26.775
98708,42.12,BARO0,26.785
98721,42.11,BARO0,26.795
98718,42.11,BARO0,26.805
98707,42.11,BARO0,26.815
98704,42.11,BARO0,26.825
98695,42.11,BARO0,26.835
98715,42.11,BARO0,26.845
98700,42.11,BARO0,26.855
98717,42.11,BARO0,26.865
98719,42.11,BARO0,26.875
98717,42.1,BARO0,26.885
98718,42.12,BARO0,26.895
98726,42.11,BARO0,26.905
98701,42.11,BARO0,26.915
98734,42.14,BARO0,26.925
98718,42.11,BARO0,26.935
98745,42.12,BARO0,26.945
98747,42.12,BARO0,26.955
98730,42.11,BARO0,26.965
98735,42.1,BARO0,26.975
98731,42.11,BARO0,26.985
98732,42.11,BARO0,26.995
98729,42.11,BARO0,27.005
98744,42.12,BARO0,27.015
98730,42.1,BARO0,27.025
98711,42.1,BARO0,27.035
98766,42.12,BARO0,27.045
98742,42.11,BARO0,27.055
98741,42.11,BARO0,27.065
98741,42.11,BARO0,27.075
98748,42.11,BARO0,27.085
98746,42.11,BARO0,27.095
98765,42.11,BARO0,27.105
98749,42.13,BARO0,27.115
98741,42.11,BARO0,27.125
98742,42.12,BARO0,27.135
98752,42.12,BARO0,27.145
98771,42.12,BARO0,27.155
98770,42.11,BARO0,27.165
98759,42.11,BARO0,27.175
98766,42.12,BARO0,27.185
98755,42.11,BARO0,27.195
98758,42.11,BARO0,27.205
98769,42.12,BARO0,27.215
98757,42.1,BARO0,27.225
98798,42.11,BARO0,27.235
98762,42.11,BARO0,27.245
98766,42.11,BARO0,27.255
98769,42.11,BARO0,27.265
98764,42.11,BARO0,27.275
98764,42.12,BARO0,27.285
98777,42.12,BARO0,27.295
98750,42.1,BARO0,27.305
98760,42.1,BARO0,27.315
98772,42.09,BARO0,27.325
98788,42.11,BARO0,27.335
98761,42.11,BARO0,27.345
98773,42.11,BARO0,27.355
98768,42.12,BARO0,27.365
98785,42.12,BARO0,27.375
98776,42.12,BARO0,27.385
98786,42.12,BARO0,27.395
98783,42.12,BARO0,27.405
98791,42.1,BARO0,27.415
98804,42.13,BARO0,27.425
98791,42.12,BARO0,27.435
98806,42.11,BARO0,27.445
98801,42.14,BARO0,27.455
98776,42.11,BARO0,27.465
98797,42.11,BARO0,27.475
98794,42.11,BARO0,27.485
98810,42.11,BARO0,27.495
98800,42.11,BARO0,27.505
98784,42.11,BARO0,27.515
98800,42.11,BARO0,27.525
98808,42.14,BARO0,27.535
98787,42.11,BARO0,27.545
98814,42.11,BARO0,27.555
98802,42.12,BARO0,27.565
98809,42.12,BARO0,27.575
98807,42.12,BARO0,27.585
98802,42.12,BARO0,27.595
98827,42.11,BARO0,27.605
98815,42.11,BARO0,27.615
98802,42.1,BARO0,27.625
98819,42.12,BARO0,27.635
98813,42.11,BARO0,27.645
98822,42.12,BARO0,27.655
98816,42.09,BARO0,27.665
98830,42.13,BARO0,27.675
98823,42.11,BARO0,27.685
98816,42.12,BARO0,27.695
98815,42.12,BARO0,27.705
98806,42.11,BARO0,27.715
98825,42.11,BARO0,27.725
98843,42.11,BARO0,27.735
98827,42.12,BARO0,27.745
98801,42.11,BARO0,27.755
98820,42.11,BARO0,27.765
98826,42.11,BARO0,27.775
98830,42.12,BARO0,27.785
98834,42.11,BARO0,27.795
98864,42.11,BARO0,27.805
98841,42.12,BARO0,27.815
98834,42.12,BARO0,27.825
98825,42.13,BARO0,27.835
98851,42.12,BARO0,27.845
98834,42.1,BARO0,27.855
98838,42.12,BARO0,27.865
98845,42.12,BARO0,27.875
98837,42.12,BARO0,27.885
98844,42.11,BARO0,27.895
98842,42.12,BARO0,27.905
98840,42.12,BARO0,27.915
98856,42.14,BARO0,27.925
98822,42.1,BARO0,27.935
98838,42.1,BARO0,27.945
98848,42.11,BARO0,27.955
98855,42.11,BARO0,27.965
98838,42.1,BARO0,27.975
98849,42.11,BARO0,27.985
98844,42.11,BARO0,27.995
98848,42.12,BARO0,28.005
98839,42.12,BARO0,28.015
98838,42.11,BARO0,28.025
98853,42.11,BARO0,28.035
98843,42.12,BARO0,28.045
98846,42.13,BARO0,28.055
98865,42.1,BARO0,28.065
98853,42.1,BARO0,28.075
98855,42.11,BARO0,28.085
98846,42.11,BARO0,28.095
98854,42.11,BARO0,28.105
98854,42.11,BARO0,28.115
98870,42.14,BARO0,28.125
98860,42.12,BARO0,28.135
98865,42.11,BARO0,28.145
98856,42.11,BARO0,28.155
98862,42.1,BARO0,28.165
98857,42.12,BARO0,28.175
98863,42.12,BARO0,28.185
98865,42.12,BARO0,28.195
98867,42.11,BARO0,28.205
98871,42.11,BARO0,28.215
98866,42.12,BARO0,28.225
98901,42.14,BARO0,28.235
98876,42.11,BARO0,28.245
98874,42.12,BARO0,28.255
98873,42.11,BARO0,28.265
98873,42.12,BARO0,28.275
98871,42.11,BARO0,28.285
98881,42.12,BARO0,28.295
98893,42.12,BARO0,28.305
98911,42.11,BARO0,28.315
98895,42.13,BARO0,28.325
98903,42.12,BARO0,28.335
98882,42.13,BARO0,28.345
98908,42.1,BARO0,28.355
98887,42.12,BARO0,28.365
98886,42.1,BARO0,28.375
98874,42.12,BARO0,28.385
98901,42.12,BARO0,28.395
98921,42.12,BARO0,28.405
98905,42.11,BARO0,28.415
98912,42.12,BARO0,28.425
98903,42.12,BARO0,28.435
98900,42.11,BARO0,28.445
98902,42.12,BARO0,28.455
98911,42.13,BARO0,28.465
98904,42.1,BARO0,28.475
98905,42.12,BARO0,28.485
98901,42.12,BARO0,28.495
98896,42.12,BARO0,28.505
98904,42.1,BARO0,28.515
98938,42.13,BARO0,28.525
98923,42.11,BARO0,28.535
98940,42.13,BARO0,28.545
98908,42.12,BARO0,28.555
98928,42.13,BARO0,28.565
98930,42.12,BARO0,28.575
98938,42.11,BARO0,28.585
98918,42.12,BARO0,28.595
98935,42.12,BARO0,28.605
98939,42.11,BARO0,28.615
98931,42.13,BARO0,28.625
98928,42.12,BARO0,28.635
98933,42.13,BARO0,28.645
98922,42.13,BARO0,28.655
98924,42.12,BARO0,28.665
98932,42.13,BARO0,28.675
98924,42.12,BARO0,28.685
98935,42.11,BARO0,28.695
98931,42.11,BARO0,28.705
98934,42.13,BARO0,28.715
98908,42.13,BARO0,28.725
98950,42.13,BARO0,28.735
98960,42.12,BARO0,28.745
98924,42.1,BARO0,28.755
98967,42.13,BARO0,28.765
98941,42.12,BARO0,28.775
98942,42.12,BARO0,28.785
98953,42.12,BARO0,28.795
98952,42.12,BARO0,28.805
98962,42.11,BARO0,28.815
98956,42.11,BARO0,28.825
98966,42.12,BARO0,28.835
98955,42.09,BARO0,28.845
98971,42.11,BARO0,28.855
98988,42.12,BARO0,28.865
98970,42.13,BARO0,28.875
98957,42.12,BARO0,28.885
98963,42.12,BARO0,28.895
98960,42.11,BARO0,28.905
98960,42.12,BARO0,28.915
98987,42.11,BARO0,28.925
98967,42.13,BARO0,28.935
98999,42.11,BARO0,28.945
98974,42.15,BARO0,28.955
98987,42.12,BARO0,28.965
98973,42.11,BARO0,28.975
98976,42.12,BARO0,28.985
98981,42.12,BARO0,28.995
98962,42.12,BARO0,29.005
98987,42.12,BARO0,29.015
98981,42.11,BARO0,29.025
98996,42.13,BARO0,29.035
98981,42.14,BARO0,29.045
98988,42.12,BARO0,29.055
99006,42.12,BARO0,29.065
99005,42.12,BARO0,29.075
98993,42.12,BARO0,29.085
98996,42.12,BARO0,29.095
99015,42.12,BARO0,29.105
98981,42.1,BARO0,29.115
99008,42.14,BARO0,29.125
99004,42.13,BARO0,29.135
98992,42.11,BARO0,29.145
99007,42.1,BARO0,29.155
99024,42.12,BARO0,29.165
99002,42.11,BARO0,29.175
99009,42.12,BARO0,29.185
99008,42.11,BARO0,29.195
99008,42.12,BARO0,29.205
99021,42.1,BARO0,29.215
99028,42.12,BARO0,29.225
99021,42.13,BARO0,29.235
99026,42.12,BARO0,29.245
99042,42.13,BARO0,29.255
99004,42.11,BARO0,29.265
99021,42.12,BARO0,29.275
99020,42.12,BARO0,29.285
99015,42.12,BARO0,29.295
99007,42.12,BARO0,29.305
99036,42.12,BARO0,29.315
99041,42.14,BARO0,29.325
99040,42.11,BARO0,29.335
99026,42.11,BARO0,29.345
99035,42.14,BARO0,29.355
99030,42.12,BARO0,29.365
99033,42.12,BARO0,29.375
99035,42.11,BARO0,29.385
99035,42.12,BARO0,29.395
99048,42.12,BARO0,29.405
99035,42.12,BARO0,29.415
99065,42.12,BARO0,29.425
99045,42.1,BARO0,29.435
99050,42.11,BARO0,29.445
99054,42.12,BARO0,29.455
99040,42.11,BARO0,29.465
99049,42.14,BARO0,29.475
99037,42.12,BARO0,29.485
99052,42.13,BARO0,29.495
99055,42.12,BARO0,29.505
99046,42.12,BARO0,29.515
99029,42.12,BARO0,29.525
99086,42.13,BARO0,29.535
99054,42.13,BARO0,29.545
99047,42.11,BARO0,29.555
99036,42.11,BARO0,29.565
99044,42.12,BARO0,29.575
99056,42.12,BARO0,29.585
99057,42.12,BARO0,29.595
99057,42.12,BARO0,29.605
99047,42.11,BARO0,29.615
99073,42.12,BARO0,29.625
99060,42.14,BARO0,29.635
99055,42.12,BARO0,29.645
99078,42.13,BARO0,29.655
99061,42.14,BARO0,29.665
99073,42.12,BARO0,29.675
99055,42.13,BARO0,29.685
99068,42.13,BARO0,29.695
99074,42.12,BARO0,29.705
99079,42.11,BARO0,29.715
99083,42.13,BARO0,29.725
99080,42.13,BARO0,29.735
99089,42.13,BARO0,29.745
99067,42.13,BARO0,29.755
99062,42.09,BARO0,29.765
99083,42.11,BARO0,29.775
99081,42.12,BARO0,29.785
99085,42.12,BARO0,29.795
99086,42.12,BARO0,29.805
99067,42.09,BARO0,29.815
99056,42.1,BARO0,29.825
99072,42.12,BARO0,29.835
99091,42.13,BARO0,29.845
99077,42.11,BARO0,29.855
99091,42.13,BARO0,29.865
99069,42.1,BARO0,29.875
99086,42.13,BARO0,29.885
99092,42.13,BARO0,29.895
99103,42.12,BARO0,29.905
99081,42.13,BARO0,29.915
99093,42.13,BARO0,29.925
99092,42.13,BARO0,29.935
99109,42.13,BARO0,29.945
99097,42.11,BARO0,29.955
99093,42.12,BARO0,29.965
99089,42.13,BARO0,29.975
99102,42.12,BARO0,29.985
99101,42.12,BARO0,29.995
99104,42.13,BARO0,30.005
99090,42.13,BARO0,30.015
99092,42.11,BARO0,30.025
99114,42.14,BARO0,30.035
99097,42.13,BARO0,30.045
99089,42.12,BARO0,30.055
99089,42.13,BARO0,30.065
99111,42.13,BARO0,30.075
99107,42.12,BARO0,30.085
99099,42.13,BARO0,30.095
99126,42.12,BARO0,30.105
99115,42.13,BARO0,30.115
99114,42.1,BARO0,30.125
99102,42.12,BARO0,30.135
99123,42.13,BARO0,30.145
99121,42.15,BARO0,30.155
99137,42.12,BARO0,30.165
99111,42.13,BARO0,30.175
99117,42.12,BARO0,30.185
99123,42.12,BARO0,30.195
99127,42.13,BARO0,30.205
99134,42.12,BARO0,30.215
99121,42.11,BARO0,30.225
99111,42.11,BARO0,30.235
99121,42.11,BARO0,30.245
99129,42.11,BARO0,30.255
99138,42.13,BARO0,30.265
99137,42.13,BARO0,30.275
99135,42.13,BARO0,30.285
99127,42.12,BARO0,30.295
99140,42.13,BARO0,30.305
99154,42.12,BARO0,30.315
99159,42.13,BARO0,30.325
99145,42.13,BARO0,30.335
99147,42.12,BARO0,30.345
99132,42.12,BARO0,30.355
99131,42.13,BARO0,30.365
99154,42.13,BARO0,30.375
99142,42.13,BARO0,30.385
99141,42.12,BARO0,30.395
99149,42.13,BARO0,30.405
99168,42.14,BARO0,30.415
99170,42.11,BARO0,30.425
99166,42.13,BARO0,30.435
99151,42.12,BARO0,30.445
99165,42.13,BARO0,30.455
99166,42.12,BARO0,30.465
99160,42.15,BARO0,30.475
99153,42.13,BARO0,30.485
99154,42.12,BARO0,30.495
99157,42.13,BARO0,30.505
99155,42.12,BARO0,30.515
99154,42.12,BARO0,30.525
99165,42.14,BARO0,30.535
99147,42.13,BARO0,30.545
99157,42.13,BARO0,30.555
99155,42.13,BARO0,30.565
99184,42.13,BARO0,30.575
99168,42.12,BARO0,30.585
99172,42.12,BARO0,30.595
99175,42.13,BARO0,30.605
99179,42.12,BARO0,30.615
99167,42.14,BARO0,30.625
99159,42.13,BARO0,30.635
99180,42.14,BARO0,30.645
99154,42.11,BARO0,30.655
99163,42.12,BARO0,30.665
99166,42.14,BARO0,30.675
99174,42.13,BARO0,30.685
99177,42.12,BARO0,30.695
99180,42.13,BARO0,30.705
99182,42.14,BARO0,30.715
99173,42.14,BARO0,30.725
99179,42.1,BARO0,30.735
99190,42.11,BARO0,30.745
99187,42.12,BARO0,30.755
99215,42.13,BARO0,30.765
99174,42.12,BARO0,30.775
99191,42.13,BARO0,30.785
99196,42.13,BARO0,30.795
99184,42.13,BARO0,30.805
99194,42.1,BARO0,30.815
99165,42.13,BARO0,30.825
99179,42.12,BARO0,30.835
99196,42.13,BARO0,30.845
99181,42.12,BARO0,30.855
99171,42.11,BARO0,30.865
99200,42.13,BARO0,30.875
99193,42.13,BARO0,30.885
99209,42.13,BARO0,30.895
99199,42.13,BARO0,30.905
99199,42.13,BARO0,30.915
99203,42.13,BARO0,30.925
99208,42.13,BARO0,30.935
99203,42.14,BARO0,30.945
99197,42.13,BARO0,30.955
99187,42.11,BARO0,30.965
99191,42.12,BARO0,30.975
99198,42.12,BARO0,30.985
99205,42.12,BARO0,30.995
99207,42.13,BARO0,31.005
99191,42.13,BARO0,31.015
99202,42.14,BARO0,31.025
99190,42.13,BARO0,31.035
99206,42.13,BARO0,31.045
99227,42.13,BARO0,31.055
99228,42.14,BARO0,31.065
99216,42.12,BARO0,31.075
99203,42.13,BARO0,31.085
99223,42.13,BARO0,31.095
99211,42.13,BARO0,31.105
99184,42.14,BARO0,31.115
99218,42.14,BARO0,31.125
99212,42.13,BARO0,31.135
99217,42.12,BARO0,31.145
99213,42.13,BARO0,31.155
99217,42.12,BARO0,31.165
99232,42.14,BARO0,31.175
99232,42.12,BARO0,31.185
99232,42.13,BARO0,31.195
99233,42.13,BARO0,31.205
99222,42.12,BARO0,31.215
99231,42.14,BARO0,31.225
99248,42.12,BARO0,31.235
99228,42.13,BARO0,31.245
99231,42.15,BARO0,31.255
99247,42.14,BARO0,31.265
99238,42.14,BARO0,31.275
99233,42.13,BARO0,31.285
99231,42.12,BARO0,31.295
99242,42.13,BARO0,31.305
99253,42.13,BARO0,31.315
99249,42.11,BARO0,31.325
99236,42.13,BARO0,31.335
99225,42.13,BARO0,31.345
99238,42.13,BARO0,31.355
99262,42.13,BARO0,31.365
99247,42.15,BARO0,31.375
99240,42.13,BARO0,31.385
99241,42.13,BARO0,31.395
99246,42.13,BARO0,31.405
99251,42.13,BARO0,31.415
99251,42.12,BARO0,31.425
99251,42.14,BARO0,31.435
99262,42.11,BARO0,31.445
99234,42.11,BARO0,31.455
99226,42.15,BARO0,31.465
99252,42.12,BARO0,31.475
99247,42.14,BARO0,31.485
99246,42.13,BARO0,31.495
99241,42.12,BARO0,31.505
99253,42.13,BARO0,31.515
99265,42.12,BARO0,31.525
99231,42.13,BARO0,31.535
99230,42.11,BARO0,31.545
99237,42.13,BARO0,31.555
99270,42.13,BARO0,31.565
99284,42.14,BARO0,31.575
99268,42.14,BARO0,31.585
99262,42.13,BARO0,31.595
99262,42.13,BARO0,31.605
99270,42.13,BARO0,31.615
99256,42.13,BARO0,31.625
99272,42.14,BARO0,31.635
99250,42.13,BARO0,31.645
99271,42.13,BARO0,31.655
99276,42.14,BARO0,31.665
99266,42.12,BARO0,31.675
99275,42.13,BARO0,31.685
99271,42.13,BARO0,31.695
99279,42.13,BARO0,31.705
99279,42.15,BARO0,31.715
99287,42.13,BARO0,31.725
99282,42.14,BARO0,31.735
99305,42.15,BARO0,31.745
99316,42.13,BARO0,31.755
99284,42.14,BARO0,31.765
99283,42.14,BARO0,31.775
99312,42.13,BARO0,31.785
99314,42.13,BARO0,31.795
99303,42.13,BARO0,31.805
99311,42.13,BARO0,31.815
99325,42.12,BARO0,31.825
99310,42.13,BARO0,31.835
99334,42.13,BARO0,31.845
99315,42.12,BARO0,31.855
99319,42.15,BARO0,31.865
99296,42.12,BARO0,31.875
99328,42.14,BARO0,31.885
99315,42.13,BARO0,31.895
99321,42.13,BARO0,31.905
99322,42.12,BARO0,31.915
99336,42.13,BARO0,31.925
99333,42.14,BARO0,31.935
99328,42.14,BARO0,31.945
99311,42.12,BARO0,31.955
99335,42.14,BARO0,31.965
99321,42.13,BARO0,31.975
99339,42.13,BARO0,31.985
99333,42.13,BARO0,31.995
99337,42.13,BARO0,32.005
99332,42.12,BARO0,32.015
99347,42.15,BARO0,32.025
99332,42.13,BARO0,32.035
99331,42.13,BARO0,32.045
99338,42.13,BARO0,32.055
99366,42.13,BARO0,32.065
99345,42.13,BARO0,32.075
99344,42.13,BARO0,32.085
99354,42.14,BARO0,32.095
99357,42.13,BARO0,32.105
99361,42.12,BARO0,32.115
99363,42.12,BARO0,32.125
99353,42.13,BARO0,32.135
99368,42.14,BARO0,32.145
99356,42.13,BARO0,32.155
99373,42.13,BARO0,32.165
99361,42.14,BARO0,32.175
99358,42.13,BARO0,32.185
99370,42.13,BARO0,32.195
99365,42.13,BARO0,32.205
99378,42.13,BARO0,32.215
99385,42.14,BARO0,32.225
99370,42.12,BARO0,32.235
99362,42.13,BARO0,32.245
99359,42.13,BARO0,32.255
99379,42.13,BARO0,32.265
99359,42.13,BARO0,32.275
99377,42.13,BARO0,32.285
99382,42.13,BARO0,32.295
99373,42.13,BARO0,32.305
99385,42.13,BARO0,32.315
99364,42.13,BARO0,32.325
99395,42.12,BARO0,32.335
99389,42.13,BARO0,32.345
99394,42.15,BARO0,32.355
99376,42.13,BARO0,32.365
99413,42.13,BARO0,32.375
99385,42.13,BARO0,32.385
99397,42.14,BARO0,32.395
99381,42.13,BARO0,32.405
99387,42.13,BARO0,32.415
99407,42.13,BARO0,32.425
99393,42.11,BARO0,32.435
99395,42.14,BARO0,32.445
99396,42.14,BARO0,32.455
99387,42.13,BARO0,32.465
99391,42.14,BARO0,32.475
99386,42.13,BARO0,32.485
99393,42.13,BARO0,32.495
99398,42.13,BARO0,32.505
99395,42.13,BARO0,32.515
99408,42.13,BARO0,32.525
99408,42.11,BARO0,32.535
99403,42.15,BARO0,32.545
99423,42.14,BARO0,32.555
99433,42.14,BARO0,32.565
99392,42.14,BARO0,32.575
99407,42.13,BARO0,32.585
99412,42.14,BARO0,32.595
99415,42.13,BARO0,32.605
99420,42.11,BARO0,32.615
99430,42.16,BARO0,32.625
99427,42.12,BARO0,32.635
99415,42.15,BARO0,32.645
99410,42.15,BARO0,32.655
99414,42.14,BARO0,32.665
99414,42.16,BARO0,32.675
99424,42.13,BARO0,32.685
99427,42.13,BARO0,32.695
99427,42.13,BARO0,32.705
99442,42.13,BARO0,32.715
99433,42.15,BARO0,32.725
99428,42.14,BARO0,32.735
99426,42.13,BARO0,32.745
99429,42.12,BARO0,32.755
99455,42.13,BARO0,32.765
99411,42.13,BARO0,32.775
99441,42.13,BARO0,32.785
99426,42.14,BARO0,32.795
99433,42.14,BARO0,32.805
99461,42.13,BARO0,32.815
99452,42.15,BARO0,32.825
99468,42.15,BARO0,32.835
99438,42.12,BARO0,32.845
99454,42.14,BARO0,32.855
99437,42.13,BARO0,32.865
99445,42.12,BARO0,32.875
99447,42.13,BARO0,32.885
99446,42.13,BARO0,32.895
99442,42.14,BARO0,32.905
99442,42.13,BARO0,32.915
99456,42.14,BARO0,32.925
99454,42.13,BARO0,32.935
99440,42.11,BARO0,32.945
99467,42.15,BARO0,32.955
99453,42.14,BARO0,32.965
99466,42.14,BARO0,32.975
99465,42.13,BARO0,32.985
99455,42.13,BARO0,32.995
99471,42.14,BARO0,33.005
99460,42.14,BARO0,33.015
99473,42.12,BARO0,33.025
99450,42.13,BARO0,33.035
99484,42.15,BARO0,33.045
99462,42.13,BARO0,33.055
99481,42.12,BARO0,33.065
99481,42.13,BARO0,33.075
99468,42.14,BARO0,33.085
99467,42.13,BARO0,33.095
99460,42.13,BARO0,33.105
99475,42.13,BARO0,33.115
99492,42.16,BARO0,33.125
99483,42.12,BARO0,33.135
99471,42.12,BARO0,33.145
99493,42.13,BARO0,33.155
99468,42.14,BARO0,33.165
99478,42.13,BARO0,33.175
99496,42.13,BARO0,33.185
99488,42.14,BARO0,33.195
99491,42.13,BARO0,33.205
99494,42.14,BARO0,33.215
99482,42.15,BARO0,33.225
99490,42.15,BARO0,33.235
99501,42.14,BARO0,33.245
99478,42.15,BARO0,33.255
99524,42.13,BARO0,33.265
99489,42.13,BARO0,33.275
99497,42.12,BARO0,33.285
99501,42.13,BARO0,33.295
99505,42.13,BARO0,33.305
99514,42.13,BARO0,33.315
99502,42.13,BARO0,33.325
99513,42.14,BARO0,33.335
99477,42.13,BARO0,33.345
99488,42.13,BARO0,33.355
99524,42.14,BARO0,33.365
99523,42.13,BARO0,33.375
99501,42.13,BARO0,33.385
99503,42.14,BARO0,33.395
99514,42.13,BARO0,33.405
99516,42.14,BARO0,33.415
99496,42.14,BARO0,33.425
99518,42.13,BARO0,33.435
99523,42.13,BARO0,33.445
99492,42.13,BARO0,33.455
99522,42.13,BARO0,33.465
99517,42.15,BARO0,33.475
99520,42.14,BARO0,33.485
99523,42.14,BARO0,33.495
99518,42.14,BARO0,33.505
99516,42.13,BARO0,33.515
99509,42.13,BARO0,33.525
99534,42.13,BARO0,33.535
99540,42.14,BARO0,33.545
99532,42.15,BARO0,33.555
99525,42.14,BARO0,33.565
99523,42.13,BARO0,33.575
99539,42.14,BARO0,33.585
99532,42.13,BARO0,33.595
99539,42.14,BARO0,33.605
99536,42.13,BARO0,33.615
99517,42.11,BARO0,33.625
99512,42.13,BARO0,33.635
99543,42.14,BARO0,33.645
99524,42.14,BARO0,33.655
99511,42.13,BARO0,33.665
99528,42.14,BARO0,33.675
99533,42.13,BARO0,33.685
99545,42.14,BARO0,33.695
99548,42.13,BARO0,33.705
99533,42.13,BARO0,33.715
99544,42.15,BARO0,33.725
99553,42.13,BARO0,33.735
99536,42.13,BARO0,33.745
99545,42.13,BARO0,33.755
99558,42.14,BARO0,33.765
99553,42.13,BARO0,33.775
99555,42.15,BARO0,33.785
99543,42.13,BARO0,33.795
99553,42.14,BARO0,33.805
99540,42.13,BARO0,33.815
99535,42.12,BARO0,33.825
99557,42.14,BARO0,33.835
99570,42.14,BARO0,33.845
99561,42.1,BARO0,33.855
99558,42.15,BARO0,33.865
99555,42.14,BARO0,33.875
99569,42.13,BARO0,33.885
99556,42.13,BARO0,33.895
99549,42.13,BARO0,33.905
99550,42.13,BARO0,33.915
99571,42.13,BARO0,33.925
99565,42.12,BARO0,33.935
99565,42.13,BARO0,33.945
99578,42.13,BARO0,33.955
99569,42.14,BARO0,33.965
99567,42.15,BARO0,33.975
99573,42.14,BARO0,33.985
99573,42.14,BARO0,33.995
99572,42.14,BARO0,34.005
99583,42.13,BARO0,34.015
99576,42.14,BARO0,34.025
99584,42.13,BARO0,34.035
99573,42.14,BARO0,34.045
99573,42.15,BARO0,34.055
99577,42.15,BARO0,34.065
99582,42.13,BARO0,34.075
99590,42.14,BARO0,34.085
99594,42.14,BARO0,34.095
99581,42.14,BARO0,34.105
99586,42.13,BARO0,34.115
99591,42.13,BARO0,34.125
99584,42.14,BARO0,34.135
99588,42.15,BARO0,34.145
99611,42.14,BARO0,34.155
99594,42.16,BARO0,34.165
99593,42.13,BARO0,34.175
99592,42.13,BARO0,34.185
99587,42.14,BARO0,34.195
99589,42.13,BARO0,34.205
99603,42.14,BARO0,34.215
99586,42.13,BARO0,34.225
99615,42.14,BARO0,34.235
99608,42.14,BARO0,34.245
99612,42.14,BARO0,34.255
99599,42.12,BARO0,34.265
99618,42.12,BARO0,34.275
99601,42.12,BARO0,34.285
99611,42.14,BARO0,34.295
99601,42.14,BARO0,34.305
99600,42.13,BARO0,34.315
99602,42.15,BARO0,34.325
99633,42.16,BARO0,34.335
99603,42.14,BARO0,34.345
99613,42.13,BARO0,34.355
99609,42.14,BARO0,34.365
99622,42.14,BARO0,34.375
99614,42.12,BARO0,34.385
99618,42.14,BARO0,34.395
99626,42.13,BARO0,34.405
99640,42.14,BARO0,34.415
99613,42.13,BARO0,34.425
99607,42.12,BARO0,34.435
99619,42.13,BARO0,34.445
99609,42.13,BARO0,34.455
99634,42.14,BARO0,34.465
99645,42.14,BARO0,34.475
99626,42.15,BARO0,34.485
99633,42.13,BARO0,34.495
99625,42.13,BARO0,34.505
99638,42.13,BARO0,34.515
99600,42.15,BARO0,34.525
99638,42.14,BARO0,34.535
99633,42.14,BARO0,34.545
99637,42.16,BARO0,34.555
99634,42.14,BARO0,34.565
99637,42.13,BARO0,34.575
99631,42.14,BARO0,34.585
99637,42.14,BARO0,34.595
99635,42.14,BARO0,34.605
99644,42.14,BARO0,34.615
99647,42.15,BARO0,34.625
99649,42.13,BARO0,34.635
99627,42.12,BARO0,34.645
99625,42.14,BARO0,34.655
99643,42.14,BARO0,34.665
99640,42.14,BARO0,34.675
99630,42.14,BARO0,34.685
99644,42.14,BARO0,34.695
99655,42.14,BARO0,34.705
99663,42.13,BARO0,34.715
99665,42.14,BARO0,34.725
99654,42.13,BARO0,34.735
99660,42.13,BARO0,34.745
99651,42.13,BARO0,34.755
99672,42.14,BARO0,34.765
99649,42.14,BARO0,34.775
99657,42.14,BARO0,34.785
99661,42.14,BARO0,34.795
99664,42.14,BARO0,34.805
99681,42.14,BARO0,34.815
99671,42.14,BARO0,34.825
99660,42.13,BARO0,34.835
99667,42.13,BARO0,34.845
99657,42.14,BARO0,34.855
99660,42.13,BARO0,34.865
99675,42.13,BARO0,34.875
99670,42.14,BARO0,34.885
99670,42.14,BARO0,34.895
99674,42.14,BARO0,34.905
99682,42.14,BARO0,34.915
99688,42.14,BARO0,34.925
99664,42.14,BARO0,34.935
99679,42.15,BARO0,34.945
99675,42.14,BARO0,34.955
99695,42.13,BARO0,34.965
99683,42.14,BARO0,34.975
99682,42.14,BARO0,34.985
99672,42.14,BARO0,34.995
99688,42.14,BARO0,35.005
99697,42.14,BARO0,35.015
99692,42.13,BARO0,35.025
99705,42.15,BARO0,35.035
99675,42.14,BARO0,35.045
99678,42.12,BARO0,35.055
99685,42.15,BARO0,35.065
99681,42.14,BARO0,35.075
99684,42.13,BARO0,35.085
99687,42.14,BARO0,35.095
99676,42.14,BARO0,35.105
99694,42.14,BARO0,35.115
99693,42.15,BARO0,35.125
99710,42.13,BARO0,35.135
99685,42.14,BARO0,35.145
99678,42.13,BARO0,35.155
99700,42.14,BARO0,35.165
99709,42.15,BARO0,35.175
99693,42.13,BARO0,35.185
99705,42.14,BARO0,35.195
99707,42.15,BARO0,35.205
99701,42.13,BARO0,35.215
99703,42.15,BARO0,35.225
99689,42.14,BARO0,35.235
99707,42.14,BARO0,35.245
99699,42.14,BARO0,35.255
99694,42.13,BARO0,35.265
99714,42.13,BARO0,35.275
99710,42.15,BARO0,35.285
99717,42.15,BARO0,35.295
99705,42.14,BARO0,35.305
99701,42.14,BARO0,35.315
99720,42.14,BARO0,35.325
99714,42.13,BARO0,35.335
99720,42.13,BARO0,35.345
99723,42.14,BARO0,35.355
99724,42.14,BARO0,35.365
99729,42.15,BARO0,35.375
99709,42.14,BARO0,35.385
99711,42.14,BARO0,35.395
99714,42.14,BARO0,35.405
99716,42.13,BARO0,35.415
99699,42.15,BARO0,35.425
99719,42.14,BARO0,35.435
99730,42.15,BARO0,35.445
99720,42.14,BARO0,35.455
99697,42.14,BARO0,35.465
99719,42.15,BARO0,35.475
99716,42.12,BARO0,35.485
99717,42.14,BARO0,35.495
99728,42.14,BARO0,35.505
99729,42.14,BARO0,35.515
99721,42.15,BARO0,35.525
99751,42.14,BARO0,35.535
99720,42.14,BARO0,35.545
99736,42.15,BARO0,35.555
99707,42.14,BARO0,35.565
99726,42.15,BARO0,35.575
99723,42.14,BARO0,35.585
99729,42.14,BARO0,35.595
99730,42.14,BARO0,35.605
99742,42.14,BARO0,35.615
99748,42.16,BARO0,35.625
99739,42.13,BARO0,35.635
99720,42.13,BARO0,35.645
99744,42.14,BARO0,35.655
99743,42.14,BARO0,35.665
99748,42.14,BARO0,35.675
99735,42.14,BARO0,35.685
99743,42.15,BARO0,35.695
99735,42.14,BARO0,35.705
99731,42.14,BARO0,35.715
99747,42.13,BARO0,35.725
99738,42.14,BARO0,35.735
99740,42.14,BARO0,35.745
99749,42.14,BARO0,35.755
99761,42.14,BARO0,35.765
99733,42.14,BARO0,35.775
99759,42.15,BARO0,35.785
99755,42.15,BARO0,35.795
99746,42.14,BARO0,35.805
99769,42.14,BARO0,35.815
99744,42.14,BARO0,35.825
99768,42.15,BARO0,35.835
99742,42.14,BARO0,35.845
99769,42.15,BARO0,35.855
99761,42.14,BARO0,35.865
99768,42.15,BARO0,35.875
99769,42.14,BARO0,35.885
99772,42.14,BARO0,35.895
99768,42.14,BARO0,35.905
99757,42.14,BARO0,35.915
99751,42.15,BARO0,35.925
99760,42.15,BARO0,35.935
99785,42.15,BARO0,35.945
99772,42.14,BARO0,35.955
99772,42.13,BARO0,35.965
99775,42.16,BARO0,35.975
99786,42.16,BARO0,35.985
99790,42.14,BARO0,35.995
99784,42.15,BARO0,36.005
99786,42.15,BARO0,36.015
99774,42.15,BARO0,36.025
99781,42.14,BARO0,36.035
99779,42.15,BARO0,36.045
99776,42.13,BARO0,36.055
99783,42.15,BARO0,36.065
99783,42.13,BARO0,36.075
99789,42.15,BARO0,36.085
99776,42.14,BARO0,36.095
99792,42.15,BARO0,36.105
99803,42.13,BARO0,36.115
99786,42.15,BARO0,36.125
99784,42.13,BARO0,36.135
99810,42.16,BARO0,36.145
99781,42.13,BARO0,36.155
99786,42.14,BARO0,36.165
99808,42.15,BARO0,36.175
99802,42.16,BARO0,36.185
99802,42.14,BARO0,36.195
99805,42.14,BARO0,36.205
99791,42.15,BARO0,36.215
99814,42.15,BARO0,36.225
99813,42.15,BARO0,36.235
99802,42.13,BARO0,36.245
99813,42.16,BARO0,36.255
99815,42.14,BARO0,36.265
99804,42.15,BARO0,36.275
99820,42.14,BARO0,36.285
99818,42.14,BARO0,36.295
99818,42.15,BARO0,36.305
99827,42.14,BARO0,36.315
99827,42.14,BARO0,36.325
99811,42.13,BARO0,36.335
99819,42.14,BARO0,36.345
99819,42.15,BARO0,36.355
99816,42.14,BARO0,36.365
99833,42.14,BARO0,36.375
99826,42.14,BARO0,36.385
99814,42.14,BARO0,36.395
99821,42.14,BARO0,36.405
99839,42.14,BARO0,36.415
99843,42.15,BARO0,36.425
99837,42.15,BARO0,36.435
99838,42.13,BARO0,36.445
99859,42.15,BARO0,36.455
99851,42.15,BARO0,36.465
99834,42.15,BARO0,36.475
99854,42.14,BARO0,36.485
99843,42.14,BARO0,36.495
99853,42.15,BARO0,36.505
99854,42.15,BARO0,36.515
99887,42.16,BARO0,36.525
99858,42.16,BARO0,36.535
99838,42.14,BARO0,36.545
99860,42.14,BARO0,36.555
99850,42.15,BARO0,36.565
99865,42.15,BARO0,36.575
99872,42.15,BARO0,36.585
99863,42.15,BARO0,36.595
99860,42.14,BARO0,36.605
99878,42.15,BARO0,36.615
99860,42.14,BARO0,36.625
99878,42.13,BARO0,36.635
99861,42.14,BARO0,36.645
99853,42.15,BARO0,36.655
99872,42.15,BARO0,36.665
99860,42.15,BARO0,36.675
99861,42.14,BARO0,36.685
99879,42.15,BARO0,36.695
99875,42.15,BARO0,36.705
99885,42.15,BARO0,36.715
99872,42.14,BARO0,36.725
99871,42.14,BARO0,36.735
99891,42.14,BARO0,36.745
99881,42.16,BARO0,36.755
99873,42.13,BARO0,36.765
99873,42.14,BARO0,36.775
99884,42.16,BARO0,36.785
99892,42.14,BARO0,36.795
99899,42.15,BARO0,36.805
99904,42.15,BARO0,36.815
99898,42.15,BARO0,36.825
99872,42.15,BARO0,36.835
99894,42.15,BARO0,36.845
99891,42.16,BARO0,36.855
99901,42.16,BARO0,36.865
99892,42.14,BARO0,36.875
99897,42.15,BARO0,36.885
99901,42.15,BARO0,36.895
99889,42.14,BARO0,36.905
99902,42.15,BARO0,36.915
99895,42.14,BARO0,36.925
99896,42.15,BARO0,36.935
99904,42.14,BARO0,36.945
99890,42.14,BARO0,36.955
99911,42.14,BARO0,36.965
99910,42.15,BARO0,36.975
99905,42.15,BARO0,36.985
99907,42.15,BARO0,36.995
99920,42.15,BARO0,37.005
99911,42.15,BARO0,37.015
99926,42.15,BARO0,37.025
99911,42.16,BARO0,37.035
99921,42.15,BARO0,37.045
99920,42.16,BARO0,37.055
99935,42.14,BARO0,37.065
99919,42.15,BARO0,37.075
99904,42.14,BARO0,37.085
99915,42.15,BARO0,37.095
99920,42.14,BARO0,37.105
99916,42.15,BARO0,37.115
99924,42.14,BARO0,37.125
99929,42.14,BARO0,37.135
99941,42.14,BARO0,37.145
99929,42.17,BARO0,37.155
99924,42.14,BARO0,37.165
99939,42.14,BARO0,37.175
99940,42.15,BARO0,37.185
99929,42.15,BARO0,37.195
99931,42.15,BARO0,37.205
99936,42.15,BARO0,37.215
99925,42.14,BARO0,37.225
99950,42.15,BARO0,37.235
99953,42.17,BARO0,37.245
99941,42.15,BARO0,37.255
99942,42.13,BARO0,37.265
99931,42.15,BARO0,37.275
99943,42.13,BARO0,37.285
99946,42.15,BARO0,37.295
99945,42.14,BARO0,37.305
99957,42.15,BARO0,37.315
99940,42.14,BARO0,37.325
99950,42.16,BARO0,37.335
99945,42.12,BARO0,37.345
99952,42.16,BARO0,37.355
99975,42.15,BARO0,37.365
99961,42.16,BARO0,37.375
99948,42.14,BARO0,37.385
99955,42.15,BARO0,37.395
99978,42.15,BARO0,37.405
99967,42.14,BARO0,37.415
99963,42.15,BARO0,37.425
99978,42.17,BARO0,37.435
99967,42.14,BARO0,37.445
99974,42.15,BARO0,37.455
99955,42.15,BARO0,37.465
99966,42.15,BARO0,37.475
99970,42.15,BARO0,37.485
99979,42.15,BARO0,37.495
99981,42.15,BARO0,37.505
99982,42.15,BARO0,37.515
99967,42.15,BARO0,37.525
99978,42.13,BARO0,37.535
99991,42.15,BARO0,37.545
99982,42.16,BARO0,37.555
99995,42.15,BARO0,37.565
99972,42.16,BARO0,37.575
99983,42.15,BARO0,37.585
99985,42.15,BARO0,37.595
99982,42.15,BARO0,37.605
99997,42.15,BARO0,37.615
99990,42.14,BARO0,37.625
99996,42.16,BARO0,37.635
99997,42.14,BARO0,37.645
99987,42.15,BARO0,37.655
99973,42.15,BARO0,37.665
99996,42.15,BARO0,37.675
99994,42.16,BARO0,37.685
100000,42.15,BARO0,37.695
100002,42.15,BARO0,37.705
99995,42.15,BARO0,37.715
100013,42.15,BARO0,37.725
99992,42.16,BARO0,37.735
100011,42.15,BARO0,37.745
99987,42.16,BARO0,37.755
100016,42.13,BARO0,37.765
100015,42.16,BARO0,37.775
100016,42.15,BARO0,37.785
100000,42.15,BARO0,37.795
100006,42.15,BARO0,37.805
100014,42.15,BARO0,37.815
100021,42.15,BARO0,37.825
100012,42.14,BARO0,37.835
100018,42.17,BARO0,37.845
100005,42.15,BARO0,37.855
100025,42.15,BARO0,37.865
99993,42.15,BARO0,37.875
100032,42.16,BARO0,37.885
100022,42.15,BARO0,37.895
100026,42.15,BARO0,37.905
100026,42.15,BARO0,37.915
100017,42.14,BARO0,37.925
100015,42.16,BARO0,37.935
100024,42.16,BARO0,37.945
100042,42.14,BARO0,37.955
100036,42.16,BARO0,37.965
100028,42.17,BARO0,37.975
100047,42.13,BARO0,37.985
100038,42.15,BARO0,37.995
100035,42.15,BARO0,38.005
100036,42.15,BARO0,38.015
100047,42.15,BARO0,38.025
100043,42.17,BARO0,38.035
100052,42.16,BARO0,38.045
100028,42.14,BARO0,38.055
100054,42.16,BARO0,38.065
100041,42.15,BARO0,38.075
100041,42.14,BARO0,38.085
100041,42.15,BARO0,38.095
100047,42.16,BARO0,38.105
100055,42.15,BARO0,38.115
100055,42.15,BARO0,38.125
100029,42.13,BARO0,38.135
100060,42.16,BARO0,38.145
100070,42.18,BARO0,38.155
100051,42.16,BARO0,38.165
100038,42.15,BARO0,38.175
100052,42.15,BARO0,38.185
100067,42.15,BARO0,38.195
100052,42.16,BARO0,38.205
100057,42.15,BARO0,38.215
100085,42.14,BARO0,38.225
100041,42.15,BARO0,38.235
100061,42.18,BARO0,38.245
100072,42.14,BARO0,38.255
100079,42.15,BARO0,38.265
100077,42.18,BARO0,38.275
100061,42.17,BARO0,38.285
100066,42.15,BARO0,38.295
100052,42.15,BARO0,38.305
100064,42.15,BARO0,38.315
100061,42.14,BARO0,38.325
100093,42.16,BARO0,38.335
100076,42.15,BARO0,38.345
100066,42.14,BARO0,38.355
100045,42.15,BARO0,38.365
100072,42.15,BARO0,38.375
100041,42.14,BARO0,38.385
100074,42.15,BARO0,38.395
100072,42.15,BARO0,38.405
100074,42.16,BARO0,38.415
100085,42.16,BARO0,38.425
100095,42.15,BARO0,38.435
100074,42.14,BARO0,38.445
100067,42.15,BARO0,38.455
100093,42.18,BARO0,38.465
100096,42.15,BARO0,38.475
100065,42.15,BARO0,38.485
100083,42.14,BARO0,38.495
100077,42.15,BARO0,38.505
100094,42.15,BARO0,38.515
100086,42.14,BARO0,38.525
100107,42.15,BARO0,38.535
100104,42.16,BARO0,38.545
100101,42.15,BARO0,38.555
100077,42.15,BARO0,38.565
100096,42.15,BARO0,38.575
100091,42.16,BARO0,38.585
100103,42.15,BARO0,38.595
100092,42.16,BARO0,38.605
100098,42.15,BARO0,38.615
100092,42.16,BARO0,38.625
100103,42.16,BARO0,38.635
100103,42.17,BARO0,38.645
100085,42.15,BARO0,38.655
100097,42.17,BARO0,38.665
100087,42.15,BARO0,38.675
100107,42.16,BARO0,38.685
100107,42.15,BARO0,38.695
100110,42.15,BARO0,38.705
100107,42.15,BARO0,38.715
100097,42.17,BARO0,38.725
100113,42.14,BARO0,38.735
100098,42.16,BARO0,38.745
100124,42.17,BARO0,38.755
100128,42.14,BARO0,38.765
100131,42.15,BARO0,38.775
100119,42.14,BARO0,38.785
100116,42.15,BARO0,38.795
100116,42.15,BARO0,38.805
100121,42.16,BARO0,38.815
100122,42.16,BARO0,38.825
100122,42.17,BARO0,38.835
100121,42.14,BARO0,38.845
100128,42.17,BARO0,38.855
100128,42.16,BARO0,38.865
100126,42.14,BARO0,38.875
100120,42.15,BARO0,38.885
100127,42.15,BARO0,38.895
100125,42.15,BARO0,38.905
100133,42.15,BARO0,38.915
100130,42.16,BARO0,38.925
100142,42.15,BARO0,38.935
100159,42.16,BARO0,38.945
100145,42.15,BARO0,38.955
100116,42.17,BARO0,38.965
100129,42.14,BARO0,38.975
100129,42.17,BARO0,38.985
100132,42.15,BARO0,38.995
100134,42.15,BARO0,39.005
100141,42.15,BARO0,39.015
100141,42.16,BARO0,39.025
100140,42.14,BARO0,39.035
100154,42.15,BARO0,39.045
100124,42.14,BARO0,39.055
100167,42.15,BARO0,39.065
100183,42.18,BARO0,39.075
100146,42.15,BARO0,39.085
100151,42.15,BARO0,39.095
100153,42.15,BARO0,39.105
100155,42.15,BARO0,39.115
100152,42.17,BARO0,39.125
100130,42.15,BARO0,39.135
100151,42.17,BARO0,39.145
100173,42.17,BARO0,39.155
100167,42.16,BARO0,39.165
100155,42.15,BARO0,39.175
100148,42.16,BARO0,39.185
100169,42.16,BARO0,39.195
100168,42.15,BARO0,39.205
100175,42.15,BARO0,39.215
100173,42.16,BARO0,39.225
100164,42.14,BARO0,39.235
100175,42.15,BARO0,39.245
100163,42.14,BARO0,39.255
100187,42.16,BARO0,39.265
100184,42.16,BARO0,39.275
100188,42.14,BARO0,39.285
100179,42.15,BARO0,39.295
100167,42.15,BARO0,39.305
100176,42.15,BARO0,39.315
100162,42.15,BARO0,39.325
100175,42.16,BARO0,39.335
100191,42.17,BARO0,39.345
100189,42.14,BARO0,39.355
100204,42.15,BARO0,39.365
100176,42.16,BARO0,39.375
100183,42.17,BARO0,39.385
100171,42.15,BARO0,39.395
100171,42.15,BARO0,39.405
100164,42.15,BARO0,39.415
100180,42.16,BARO0,39.425
100181,42.13,BARO0,39.435
100182,42.15,BARO0,39.445
100191,42.14,BARO0,39.455
100186,42.16,BARO0,39.465
100177,42.15,BARO0,39.475
100201,42.15,BARO0,39.485
100204,42.15,BARO0,39.495
100187,42.15,BARO0,39.505
100206,42.16,BARO0,39.515
100200,42.15,BARO0,39.525
100191,42.17,BARO0,39.535
100194,42.17,BARO0,39.545
100197,42.17,BARO0,39.555
100188,42.18,BARO0,39.565
100211,42.15,BARO0,39.575
100216,42.17,BARO0,39.585
100226,42.16,BARO0,39.595
100217,42.15,BARO0,39.605
100217,42.16,BARO0,39.615
100225,42.19,BARO0,39.625
100200,42.17,BARO0,39.635
100233,42.16,BARO0,39.645
100248,42.16,BARO0,39.655
100219,42.16,BARO0,39.665
100211,42.15,BARO0,39.675
100223,42.17,BARO0,39.685
100212,42.15,BARO0,39.695
100223,42.16,BARO0,39.705
100218,42.16,BARO0,39.715
100238,42.14,BARO0,39.725
100222,42.16,BARO0,39.735
100220,42.15,BARO0,39.745
100233,42.16,BARO0,39.755
100232,42.16,BARO0,39.765
100230,42.17,BARO0,39.775
100244,42.15,BARO0,39.785
100239,42.16,BARO0,39.795
100225,42.15,BARO0,39.805
100228,42.16,BARO0,39.815
100248,42.17,BARO0,39.825
100239,42.16,BARO0,39.835
100248,42.16,BARO0,39.845
100237,42.15,BARO0,39.855
100227,42.17,BARO0,39.865
100250,42.16,BARO0,39.875
100257,42.15,BARO0,39.885
100241,42.16,BARO0,39.895
100249,42.16,BARO0,39.905
100241,42.15,BARO0,39.915
100233,42.14,BARO0,39.925
100270,42.17,BARO0,39.935
100227,42.16,BARO0,39.945
100268,42.18,BARO0,39.955
100244,42.16,BARO0,39.965
100244,42.15,BARO0,39.975
100243,42.17,BARO0,39.985
100264,42.16,BARO0,39.995
100263,42.16,BARO0,40.005
100262,42.15,BARO0,40.015
100270,42.14,BARO0,40.025
100282,42.16,BARO0,40.035
100280,42.16,BARO0,40.045
100274,42.14,BARO0,40.055
100263,42.15,BARO0,40.065
100269,42.16,BARO0,40.075
100284,42.16,BARO0,40.085
100279,42.16,BARO0,40.095
100279,42.15,BARO0,40.105
100272,42.15,BARO0,40.115
100255,42.17,BARO0,40.125
100285,42.16,BARO0,40.135
100285,42.14,BARO0,40.145
100257,42.16,BARO0,40.155
100276,42.14,BARO0,40.165
100288,42.17,BARO0,40.175
100291,42.15,BARO0,40.185
100293,42.16,BARO0,40.195
100289,42.16,BARO0,40.205
100286,42.15,BARO0,40.215
100266,42.16,BARO0,40.225
100284,42.17,BARO0,40.235
100302,42.14,BARO0,40.245
100293,42.14,BARO0,40.255
100307,42.16,BARO0,40.265
100290,42.16,BARO0,40.275
100306,42.18,BARO0,40.285
100308,42.14,BARO0,40.295
100314,42.16,BARO0,40.305
100301,42.15,BARO0,40.315
100306,42.16,BARO0,40.325
100325,42.17,BARO0,40.335
100300,42.15,BARO0,40.345
100303,42.18,BARO0,40.355
100284,42.17,BARO0,40.365
100309,42.16,BARO0,40.375
100313,42.16,BARO0,40.385
100314,42.16,BARO0,40.395
100314,42.16,BARO0,40.405
100318,42.16,BARO0,40.415
100300,42.14,BARO0,40.425
100299,42.16,BARO0,40.435
100318,42.18,BARO0,40.445
100323,42.15,BARO0,40.455
100308,42.16,BARO0,40.465
100299,42.16,BARO0,40.475
100321,42.17,BARO0,40.485
100316,42.16,BARO0,40.495
100320,42.16,BARO0,40.505
100324,42.16,BARO0,40.515
100324,42.17,BARO0,40.525
100318,42.16,BARO0,40.535
100307,42.16,BARO0,40.545
100331,42.13,BARO0,40.555
100322,42.15,BARO0,40.565
100327,42.16,BARO0,40.575
100326,42.17,BARO0,40.585
100337,42.17,BARO0,40.595
100340,42.16,BARO0,40.605
100332,42.16,BARO0,40.615
100321,42.15,BARO0,40.625
100317,42.15,BARO0,40.635
100335,42.16,BARO0,40.645
100334,42.15,BARO0,40.655
100336,42.17,BARO0,40.665
100348,42.14,BARO0,40.675
100362,42.15,BARO0,40.685
100343,42.14,BARO0,40.695
100346,42.16,BARO0,40.705
100345,42.16,BARO0,40.715
100374,42.16,BARO0,40.725
100326,42.15,BARO0,40.735
100356,42.16,BARO0,40.745
100347,42.16,BARO0,40.755
100375,42.16,BARO0,40.765
100354,42.16,BARO0,40.775
100364,42.16,BARO0,40.785
100365,42.15,BARO0,40.795
100364,42.16,BARO0,40.805
100370,42.16,BARO0,40.815
100374,42.16,BARO0,40.825
100368,42.17,BARO0,40.835
100367,42.15,BARO0,40.845
100353,42.14,BARO0,40.855
100384,42.17,BARO0,40.865
100375,42.17,BARO0,40.875
100356,42.14,BARO0,40.885
100372,42.16,BARO0,40.895
100369,42.16,BARO0,40.905
100380,42.16,BARO0,40.915
100406,42.16,BARO0,40.925
100393,42.16,BARO0,40.935
100360,42.14,BARO0,40.945
100386,42.17,BARO0,40.955
100381,42.17,BARO0,40.965
100370,42.14,BARO0,40.975
100372,42.15,BARO0,40.985
100378,42.16,BARO0,40.995
100380,42.16,BARO0,41.005
100385,42.15,BARO0,41.015
100385,42.16,BARO0,41.025
100376,42.16,BARO0,41.035
100402,42.16,BARO0,41.045
100414,42.18,BARO0,41.055
100396,42.16,BARO0,41.065
100394,42.15,BARO0,41.075
100396,42.15,BARO0,41.085
100394,42.15,BARO0,41.095
100401,42.15,BARO0,41.105
100398,42.16,BARO0,41.115
100390,42.15,BARO0,41.125
100414,42.17,BARO0,41.135
100397,42.16,BARO0,41.145
100402,42.14,BARO0,41.155
100407,42.16,BARO0,41.165
100425,42.15,BARO0,41.175
100417,42.17,BARO0,41.185
100406,42.16,BARO0,41.195
100409,42.15,BARO0,41.205
100416,42.16,BARO0,41.215
100406,42.15,BARO0,41.225
100396,42.14,BARO0,41.235
100397,42.16,BARO0,41.245
100427,42.17,BARO0,41.255
100388,42.15,BARO0,41.265
100417,42.15,BARO0,41.275
100408,42.16,BARO0,41.285
100420,42.16,BARO0,41.295
100414,42.16,BARO0,41.305
100418,42.15,BARO0,41.315
100417,42.15,BARO0,41.325
100401,42.16,BARO0,41.335
100433,42.15,BARO0,41.345
100392,42.16,BARO0,41.355
100429,42.15,BARO0,41.365
100409,42.15,BARO0,41.375
100418,42.16,BARO0,41.385
100434,42.16,BARO0,41.395
100428,42.16,BARO0,41.405
100433,42.16,BARO0,41.415
100442,42.16,BARO0,41.425
100462,42.16,BARO0,41.435
100429,42.17,BARO0,41.445
100424,42.17,BARO0,41.455
100428,42.16,BARO0,41.465
100452,42.18,BARO0,41.475
100464,42.15,BARO0,41.485
100451,42.16,BARO0,41.495
100433,42.16,BARO0,41.505
100448,42.16,BARO0,41.515
100438,42.16,BARO0,41.525
100433,42.13,BARO0,41.535
100463,42.18,BARO0,41.545
100450,42.16,BARO0,41.555
100440,42.16,BARO0,41.565
100452,42.14,BARO0,41.575
100458,42.17,BARO0,41.585
100456,42.17,BARO0,41.595
100455,42.16,BARO0,41.605
100453,42.16,BARO0,41.615
100462,42.17,BARO0,41.625
100466,42.16,BARO0,41.635
100451,42.17,BARO0,41.645
100469,42.16,BARO0,41.655
100441,42.15,BARO0,41.665
100467,42.17,BARO0,41.675
100477,42.17,BARO0,41.685
100463,42.17,BARO0,41.695
100469,42.16,BARO0,41.705
100469,42.16,BARO0,41.715
100469,42.16,BARO0,41.725
100472,42.15,BARO0,41.735
100463,42.15,BARO0,41.745
100481,42.16,BARO0,41.755
100486,42.15,BARO0,41.765
100470,42.17,BARO0,41.775
100460,42.17,BARO0,41.785
100474,42.16,BARO0,41.795
100481,42.16,BARO0,41.805
100474,42.16,BARO0,41.815
100473,42.15,BARO0,41.825
100470,42.17,BARO0,41.835
100491,42.17,BARO0,41.845
100505,42.16,BARO0,41.855
100507,42.18,BARO0,41.865
100505,42.16,BARO0,41.875
100490,42.16,BARO0,41.885
100504,42.15,BARO0,41.895
100492,42.16,BARO0,41.905
100489,42.16,BARO0,41.915
100501,42.16,BARO0,41.925
100497,42.17,BARO0,41.935
100481,42.17,BARO0,41.945
100505,42.16,BARO0,41.955
100506,42.17,BARO0,41.965
100502,42.16,BARO0,41.975
100498,42.17,BARO0,41.985
100499,42.17,BARO0,41.995
100496,42.16,BARO0,42.005
100499,42.15,BARO0,42.015
100503,42.16,BARO0,42.025
100494,42.17,BARO0,42.035
100513,42.16,BARO0,42.045
100523,42.17,BARO0,42.055
100517,42.15,BARO0,42.065
100531,42.16,BARO0,42.075
100510,42.15,BARO0,42.085
100505,42.17,BARO0,42.095
100520,42.16,BARO0,42.105
100512,42.16,BARO0,42.115
100511,42.17,BARO0,42.125
100520,42.16,BARO0,42.135
100512,42.17,BARO0,42.145
100514,42.17,BARO0,42.155
100530,42.15,BARO0,42.165
100526,42.15,BARO0,42.175
100496,42.17,BARO0,42.185
100516,42.17,BARO0,42.195
100529,42.16,BARO0,42.205
100526,42.16,BARO0,42.215
100493,42.16,BARO0,42.225
100514,42.16,BARO0,42.235
100517,42.17,BARO0,42.245
100529,42.14,BARO0,42.255
100516,42.15,BARO0,42.265
100522,42.14,BARO0,42.275
100510,42.15,BARO0,42.285
100526,42.15,BARO0,42.295
100538,42.15,BARO0,42.305
100543,42.15,BARO0,42.315
100544,42.16,BARO0,42.325
100547,42.16,BARO0,42.335
100525,42.14,BARO0,42.345
100555,42.16,BARO0,42.355
100540,42.17,BARO0,42.365
100547,42.16,BARO0,42.375
100532,42.17,BARO0,42.385
100536,42.15,BARO0,42.395
100547,42.16,BARO0,42.405
100543,42.16,BARO0,42.415
100555,42.16,BARO0,42.425
100578,42.15,BARO0,42.435
100555,42.16,BARO0,42.445
100551,42.17,BARO0,42.455
100579,42.16,BARO0,42.465
100555,42.16,BARO0,42.475
100552,42.16,BARO0,42.485
100575,42.16,BARO0,42.495
100578,42.16,BARO0,42.505
100566,42.16,BARO0,42.515
100563,42.16,BARO0,42.525
100568,42.14,BARO0,42.535
100581,42.16,BARO0,42.545
100556,42.16,BARO0,42.555
100583,42.17,BARO0,42.565
100581,42.17,BARO0,42.575
100595,42.17,BARO0,42.585
100568,42.14,BARO0,42.595
100586,42.17,BARO0,42.605
100581,42.16,BARO0,42.615
100573,42.17,BARO0,42.625
100604,42.17,BARO0,42.635
100583,42.18,BARO0,42.645
100582,42.18,BARO0,42.655
100574,42.19,BARO0,42.665
100598,42.17,BARO0,42.675
100586,42.17,BARO0,42.685
100571,42.15,BARO0,42.695
100587,42.17,BARO0,42.705
100585,42.16,BARO0,42.715
100583,42.16,BARO0,42.725
100592,42.16,BARO0,42.735
100583,42.16,BARO0,42.745
100564,42.15,BARO0,42.755
100608,42.18,BARO0,42.765
100589,42.16,BARO0,42.775
100598,42.16,BARO0,42.785
100599,42.16,BARO0,42.795
100604,42.16,BARO0,42.805
100592,42.16,BARO0,42.815
100591,42.16,BARO0,42.825
100602,42.19,BARO0,42.835
100623,42.17,BARO0,42.845
100600,42.18,BARO0,42.855
100581,42.17,BARO0,42.865
100598,42.18,BARO0,42.875
100599,42.16,BARO0,42.885
100614,42.18,BARO0,42.895
100611,42.16,BARO0,42.905
100614,42.16,BARO0,42.915
100616,42.16,BARO0,42.925
100589,42.16,BARO0,42.935
100602,42.18,BARO0,42.945
100612,42.17,BARO0,42.955
100637,42.16,BARO0,42.965
100613,42.16,BARO0,42.975
100625,42.15,BARO0,42.985
100613,42.16,BARO0,42.995
100630,42.17,BARO0,43.005
100621,42.17,BARO0,43.015
100622,42.16,BARO0,43.025
100642,42.17,BARO0,43.035
100624,42.15,BARO0,43.045
100603,42.15,BARO0,43.055
100616,42.18,BARO0,43.065
100628,42.18,BARO0,43.075
100647,42.15,BARO0,43.085
100632,42.17,BARO0,43.095
100636,42.17,BARO0,43.105
100642,42.17,BARO0,43.115
100665,42.16,BARO0,43.125
100632,42.14,BARO0,43.135
100620,42.17,BARO0,43.145
100642,42.15,BARO0,43.155
100657,42.18,BARO0,43.165
100636,42.15,BARO0,43.175
100650,42.17,BARO0,43.185
100652,42.17,BARO0,43.195
100641,42.17,BARO0,43.205
100641,42.16,BARO0,43.215
100635,42.17,BARO0,43.225
100674,42.19,BARO0,43.235
100658,42.15,BARO0,43.245
100638,42.16,BARO0,43.255
100668,42.16,BARO0,43.265
100669,42.18,BARO0,43.275
100651,42.16,BARO0,43.285
100659,42.16,BARO0,43.295
100659,42.17,BARO0,43.305
100654,42.16,BARO0,43.315
100639,42.16,BARO0,43.325
100655,42.16,BARO0,43.335
100668,42.16,BARO0,43.345
100660,42.16,BARO0,43.355
100683,42.17,BARO0,43.365
100656,42.17,BARO0,43.375
100666,42.14,BARO0,43.385
100664,42.17,BARO0,43.395
100670,42.17,BARO0,43.405
100668,42.17,BARO0,43.415
100655,42.17,BARO0,43.425
100678,42.16,BARO0,43.435
100648,42.16,BARO0,43.445
100673,42.18,BARO0,43.455
100677,42.16,BARO0,43.465
100666,42.15,BARO0,43.475
100663,42.16,BARO0,43.485
100677,42.18,BARO0,43.495
100682,42.16,BARO0,43.505
100687,42.16,BARO0,43.515
100676,42.17,BARO0,43.525
100690,42.14,BARO0,43.535
100682,42.16,BARO0,43.545
100700,42.18,BARO0,43.555
100673,42.17,BARO0,43.565
100677,42.16,BARO0,43.575
100689,42.16,BARO0,43.585
100682,42.14,BARO0,43.595
100683,42.17,BARO0,43.605
100680,42.17,BARO0,43.615
100702,42.16,BARO0,43.625
100679,42.18,BARO0,43.635
100683,42.15,BARO0,43.645
100683,42.17,BARO0,43.655
100674,42.17,BARO0,43.665
100676,42.16,BARO0,43.675
100678,42.17,BARO0,43.685
100679,42.19,BARO0,43.695
100691,42.17,BARO0,43.705
100679,42.17,BARO0,43.715
100689,42.17,BARO0,43.725
100689,42.17,BARO0,43.735
100705,42.16,BARO0,43.745
100695,42.17,BARO0,43.755
100701,42.18,BARO0,43.765
100696,42.18,BARO0,43.775
100687,42.17,BARO0,43.785
100693,42.17,BARO0,43.795
100699,42.16,BARO0,43.805
100695,42.16,BARO0,43.815
100668,42.16,BARO0,43.825
100716,42.15,BARO0,43.835
100706,42.17,BARO0,43.845
100706,42.15,BARO0,43.855
100684,42.15,BARO0,43.865
100692,42.18,BARO0,43.875
100737,42.16,BARO0,43.885
100716,42.17,BARO0,43.895
100712,42.17,BARO0,43.905
100718,42.17,BARO0,43.915
100695,42.17,BARO0,43.925
100709,42.16,BARO0,43.935
100694,42.18,BARO0,43.945
100700,42.19,BARO0,43.955
100713,42.16,BARO0,43.965
100723,42.15,BARO0,43.975
100732,42.18,BARO0,43.985
100723,42.19,BARO0,43.995
100720,42.16,BARO0,44.005
100726,42.17,BARO0,44.015
100722,42.17,BARO0,44.025
100735,42.17,BARO0,44.035
100720,42.18,BARO0,44.045
100734,42.17,BARO0,44.055
100743,42.15,BARO0,44.065
100733,42.17,BARO0,44.075
100721,42.17,BARO0,44.085
100752,42.19,BARO0,44.095
100737,42.16,BARO0,44.105
100752,42.17,BARO0,44.115
100757,42.16,BARO0,44.125
100756,42.18,BARO0,44.135
100776,42.18,BARO0,44.145
100756,42.17,BARO0,44.155
100774,42.19,BARO0,44.165
100773,42.17,BARO0,44.175
100766,42.18,BARO0,44.185
100763,42.16,BARO0,44.195
100759,42.16,BARO0,44.205
100770,42.16,BARO0,44.215
100748,42.17,BARO0,44.225
100765,42.18,BARO0,44.235
100840,42.17,BARO0,44.245
100857,42.21,BARO0,44.255
100724,42.17,BARO0,44.265
100736,42.18,BARO0,44.275
100770,42.16,BARO0,44.285
100791,42.18,BARO0,44.295
100792,42.17,BARO0,44.305
100758,42.17,BARO0,44.315
100770,42.17,BARO0,44.325
100739,42.13,BARO0,44.335
100755,42.16,BARO0,44.345
100762,42.17,BARO0,44.355
100752,42.16,BARO0,44.365
100784,42.16,BARO0,44.375
100770,42.19,BARO0,44.385
100769,42.16,BARO0,44.395
100764,42.17,BARO0,44.405
100758,42.17,BARO0,44.415
100764,42.17,BARO0,44.425
100772,42.18,BARO0,44.435
100763,42.16,BARO0,44.445
100774,42.18,BARO0,44.455
100764,42.17,BARO0,44.465
100766,42.16,BARO0,44.475
100756,42.16,BARO0,44.485
100771,42.16,BARO0,44.495
100773,42.17,BARO0,44.505
100781,42.17,BARO0,44.515
100763,42.16,BARO0,44.525
100754,42.16,BARO0,44.535
100800,42.18,BARO0,44.545
100758,42.17,BARO0,44.555
100787,42.18,BARO0,44.565
100777,42.17,BARO0,44.575
100766,42.17,BARO0,44.585
100788,42.18,BARO0,44.595
100775,42.17,BARO0,44.605
100772,42.16,BARO0,44.615
100767,42.17,BARO0,44.625
100767,42.17,BARO0,44.635
100797,42.17,BARO0,44.645
100773,42.15,BARO0,44.655
100777,42.16,BARO0,44.665
100787,42.16,BARO0,44.675
100804,42.18,BARO0,44.685
100761,42.16,BARO0,44.695
100763,42.17,BARO0,44.705
100796,42.17,BARO0,44.715
100807,42.17,BARO0,44.725
100825,42.17,BARO0,44.735
100832,42.21,BARO0,44.745
100791,42.18,BARO0,44.755
100796,42.18,BARO0,44.765
100782,42.19,BARO0,44.775
100789,42.17,BARO0,44.785
100779,42.18,BARO0,44.795
100777,42.17,BARO0,44.805
100791,42.17,BARO0,44.815
100788,42.16,BARO0,44.825
100813,42.16,BARO0,44.835
100803,42.17,BARO0,44.845
100807,42.16,BARO0,44.855
100791,42.16,BARO0,44.865
100793,42.15,BARO0,44.875
100782,42.17,BARO0,44.885
100783,42.17,BARO0,44.895
100792,42.17,BARO0,44.905
100787,42.17,BARO0,44.915
100787,42.17,BARO0,44.925
100781,42.18,BARO0,44.935
100789,42.19,BARO0,44.945
100770,42.16,BARO0,44.955
100761,42.19,BARO0,44.965
100771,42.16,BARO0,44.975
100786,42.16,BARO0,44.985
100796,42.17,BARO0,44.995
100790,42.17,BARO0,45.005
100791,42.16,BARO0,45.015
100791,42.17,BARO0,45.025
100776,42.18,BARO0,45.035
100795,42.16,BARO0,45.045
100760,42.17,BARO0,45.055
100786,42.16,BARO0,45.065
100791,42.15,BARO0,45.075
100783,42.18,BARO0,45.085
100789,42.17,BARO0,45.095
100780,42.17,BARO0,45.105
100794,42.17,BARO0,45.115
100803,42.17,BARO0,45.125
100789,42.17,BARO0,45.135
100782,42.16,BARO0,45.145
100791,42.16,BARO0,45.155
100784,42.15,BARO0,45.165
100790,42.18,BARO0,45.175
100800,42.17,BARO0,45.185
100792,42.19,BARO0,45.195
100866,42.17,BARO0,45.205
100825,42.18,BARO0,45.215
100796,42.18,BARO0,45.225
100785,42.2,BARO0,45.235
100780,42.18,BARO0,45.245
100789,42.18,BARO0,45.255
100772,42.15,BARO0,45.265
100782,42.17,BARO0,45.275
100776,42.17,BARO0,45.285
100782,42.18,BARO0,45.295
100796,42.18,BARO0,45.305
100795,42.17,BARO0,45.315
100779,42.17,BARO0,45.325
100808,42.19,BARO0,45.335
100802,42.17,BARO0,45.345
100780,42.15,BARO0,45.355
100786,42.17,BARO0,45.365
100789,42.16,BARO0,45.375
100779,42.18,BARO0,45.385
100780,42.16,BARO0,45.395
100790,42.17,BARO0,45.405
100779,42.17,BARO0,45.415
100790,42.17,BARO0,45.425
100800,42.18,BARO0,45.435
100787,42.18,BARO0,45.445
100795,42.16,BARO0,45.455
100782,42.19,BARO0,45.465
100808,42.19,BARO0,45.475
100790,42.18,BARO0,45.485
100787,42.16,BARO0,45.495
100792,42.17,BARO0,45.505
100790,42.17,BARO0,45.515
100794,42.17,BARO0,45.525
100806,42.18,BARO0,45.535
100792,42.18,BARO0,45.545
100793,42.17,BARO0,45.555
100787,42.17,BARO0,45.565
100796,42.15,BARO0,45.575
100814,42.16,BARO0,45.585
100798,42.16,BARO0,45.595
100786,42.17,BARO0,45.605
100792,42.17,BARO0,45.615
100786,42.18,BARO0,45.625
100777,42.17,BARO0,45.635
100790,42.17,BARO0,45.645
100806,42.17,BARO0,45.655
100798,42.2,BARO0,45.665
100779,42.18,BARO0,45.675
100782,42.17,BARO0,45.685
100791,42.19,BARO0,45.695
100798,42.17,BARO0,45.705
100794,42.17,BARO0,45.715
100787,42.17,BARO0,45.725
100809,42.17,BARO0,45.735
100808,42.17,BARO0,45.745
100797,42.16,BARO0,45.755
100792,42.18,BARO0,45.765
100780,42.17,BARO0,45.775
100803,42.18,BARO0,45.785
100787,42.18,BARO0,45.795
100785,42.17,BARO0,45.805
100791,42.18,BARO0,45.815
100789,42.17,BARO0,45.825
100810,42.17,BARO0,45.835
100790,42.17,BARO0,45.845
100796,42.19,BARO0,45.855
100779,42.16,BARO0,45.865
100789,42.17,BARO0,45.875
100775,42.17,BARO0,45.885
100786,42.19,BARO0,45.895
100789,42.17,BARO0,45.905
100797,42.17,BARO0,45.915
100791,42.17,BARO0,45.925
100787,42.18,BARO0,45.935
100771,42.17,BARO0,45.945
100805,42.18,BARO0,45.955
100790,42.19,BARO0,45.965
100768,42.19,BARO0,45.975
100788,42.18,BARO0,45.985
100798,42.17,BARO0,45.995
100796,42.18,BARO0,46.005
100796,42.18,BARO0,46.015
100785,42.17,BARO0,46.025
100802,42.17,BARO0,46.035
100768,42.17,BARO0,46.045
100764,42.17,BARO0,46.055
100797,42.18,BARO0,46.065
100796,42.16,BARO0,46.075
100801,42.18,BARO0,46.085
100795,42.2,BARO0,46.095
100793,42.18,BARO0,46.105
100802,42.17,BARO0,46.115
100798,42.17,BARO0,46.125
100783,42.18,BARO0,46.135
100813,42.17,BARO0,46.145
100790,42.18,BARO0,46.155
100812,42.19,BARO0,46.165
100806,42.17,BARO0,46.175
100771,42.16,BARO0,46.185
100798,42.17,BARO0,46.195
100787,42.17,BARO0,46.205
100797,42.17,BARO0,46.215
100784,42.18,BARO0,46.225
100785,42.16,BARO0,46.235
100807,42.18,BARO0,46.245
100778,42.16,BARO0,46.255
100811,42.18,BARO0,46.265
100793,42.17,BARO0,46.275
100790,42.16,BARO0,46.285
100795,42.18,BARO0,46.295
100791,42.17,BARO0,46.305
100792,42.17,BARO0,46.315
100793,42.17,BARO0,46.325
100800,42.19,BARO0,46.335
100788,42.16,BARO0,46.345
100791,42.18,BARO0,46.355
100801,42.17,BARO0,46.365
100796,42.18,BARO0,46.375
100784,42.18,BARO0,46.385
100785,42.18,BARO0,46.395
100788,42.18,BARO0,46.405
100794,42.18,BARO0,46.415
100791,42.18,BARO0,46.425
100810,42.19,BARO0,46.435
100787,42.18,BARO0,46.445
100794,42.17,BARO0,46.455
100805,42.17,BARO0,46.465
100793,42.18,BARO0,46.475
100784,42.19,BARO0,46.485
100809,42.2,BARO0,46.495
100791,42.18,BARO0,46.505
100790,42.18,BARO0,46.515
100793,42.17,BARO0,46.525
100790,42.17,BARO0,46.535
100814,42.17,BARO0,46.545
100805,42.18,BARO0,46.555
100803,42.15,BARO0,46.565
100756,42.17,BARO0,46.575
100807,42.18,BARO0,46.585
100771,42.19,BARO0,46.595
100794,42.17,BARO0,46.605
100797,42.18,BARO0,46.615
100792,42.18,BARO0,46.625
100781,42.17,BARO0,46.635
100785,42.18,BARO0,46.645
100793,42.17,BARO0,46.655
100801,42.19,BARO0,46.665
100794,42.19,BARO0,46.675
100766,42.18,BARO0,46.685
100787,42.2,BARO0,46.695
100775,42.18,BARO0,46.705
100797,42.17,BARO0,46.715
100795,42.18,BARO0,46.725
100798,42.18,BARO0,46.735
100794,42.18,BARO0,46.745
100791,42.18,BARO0,46.755
100777,42.16,BARO0,46.765
100806,42.19,BARO0,46.775
100802,42.17,BARO0,46.785
100807,42.18,BARO0,46.795
100781,42.18,BARO0,46.805
100792,42.18,BARO0,46.815
100781,42.17,BARO0,46.825
100775,42.18,BARO0,46.835
100791,42.18,BARO0,46.845
100795,42.19,BARO0,46.855
100797,42.18,BARO0,46.865
100794,42.18,BARO0,46.875
100795,42.18,BARO0,46.885
100807,42.19,BARO0,46.895
100794,42.18,BARO0,46.905
100794,42.18,BARO0,46.915
100791,42.18,BARO0,46.925
100781,42.18,BARO0,46.935
100794,42.18,BARO0,46.945
100784,42.19,BARO0,46.955
100810,42.19,BARO0,46.965
100798,42.17,BARO0,46.975
100775,42.18,BARO0,46.985
100795,42.19,BARO0,46.995
100794,42.18,BARO0,47.005
100793,42.18,BARO0,47.015
100795,42.18,BARO0,47.025
100777,42.19,BARO0,47.035
100809,42.17,BARO0,47.045
100791,42.17,BARO0,47.055
100786,42.18,BARO0,47.065
100775,42.17,BARO0,47.075
100801,42.15,BARO0,47.085
100792,42.18,BARO0,47.095
100798,42.18,BARO0,47.105
100784,42.18,BARO0,47.115
100791,42.18,BARO0,47.125
100783,42.19,BARO0,47.135
100789,42.2,BARO0,47.145
100797,42.18,BARO0,47.155
100799,42.2,BARO0,47.165
100795,42.18,BARO0,47.175
100801,42.16,BARO0,47.185
100786,42.17,BARO0,47.195
100796,42.18,BARO0,47.205
100788,42.18,BARO0,47.215
100793,42.18,BARO0,47.225
100772,42.17,BARO0,47.235
100794,42.18,BARO0,47.245
100798,42.2,BARO0,47.255
100779,42.18,BARO0,47.265
100816,42.17,BARO0,47.275
100791,42.19,BARO0,47.285
100787,42.18,BARO0,47.295
100793,42.18,BARO0,47.305
100786,42.18,BARO0,47.315
100800,42.18,BARO0,47.325
100802,42.19,BARO0,47.335
100777,42.17,BARO0,47.345
100787,42.18,BARO0,47.355
100814,42.19,BARO0,47.365
100799,42.19,BARO0,47.375
100789,42.17,BARO0,47.385
100788,42.16,BARO0,47.395
100792,42.18,BARO0,47.405
100794,42.18,BARO0,47.415
100797,42.18,BARO0,47.425
100788,42.2,BARO0,47.435
100779,42.18,BARO0,47.445
100785,42.17,BARO0,47.455
100799,42.18,BARO0,47.465
100799,42.2,BARO0,47.475
100792,42.18,BARO0,47.485
100774,42.19,BARO0,47.495
100793,42.18,BARO0,47.505
100789,42.18,BARO0,47.515
100786,42.18,BARO0,47.525
100814,42.16,BARO0,47.535
100778,42.17,BARO0,47.545
100782,42.19,BARO0,47.555
100775,42.19,BARO0,47.565
100793,42.19,BARO0,47.575
100791,42.17,BARO0,47.585
100777,42.18,BARO0,47.595
100798,42.18,BARO0,47.605
100793,42.18,BARO0,47.615
100794,42.18,BARO0,47.625
100804,42.18,BARO0,47.635
100790,42.18,BARO0,47.645
100796,42.19,BARO0,47.655
100819,42.2,BARO0,47.665
100820,42.19,BARO0,47.675
100792,42.19,BARO0,47.685
100793,42.19,BARO0,47.695
100794,42.18,BARO0,47.705
100791,42.18,BARO0,47.715
100789,42.18,BARO0,47.725
100803,42.18,BARO0,47.735
100794,42.18,BARO0,47.745
100797,42.18,BARO0,47.755
100769,42.18,BARO0,47.765
100798,42.18,BARO0,47.775
100785,42.19,BARO0,47.785
100798,42.18,BARO0,47.795
100792,42.18,BARO0,47.805
100791,42.18,BARO0,47.815
100784,42.18,BARO0,47.825
100801,42.17,BARO0,47.835
100823,42.18,BARO0,47.845
100779,42.17,BARO0,47.855
100778,42.17,BARO0,47.865
100823,42.2,BARO0,47.875
100797,42.19,BARO0,47.885
100791,42.17,BARO0,47.895
100788,42.18,BARO0,47.905
100781,42.18,BARO0,47.915
100789,42.18,BARO0,47.925
100792,42.17,BARO0,47.935
100775,42.17,BARO0,47.945
100785,42.18,BARO0,47.955
100792,42.19,BARO0,47.965
100817,42.19,BARO0,47.975
100794,42.19,BARO0,47.985
100780,42.18,BARO0,47.995
100794,42.18,BARO0,48.005
100791,42.18,BARO0,48.015
100791,42.18,BARO0,48.025
100774,42.17,BARO0,48.035
100775,42.19,BARO0,48.045
100779,42.2,BARO0,48.055
100810,42.18,BARO0,48.065
100786,42.2,BARO0,48.075
100796,42.19,BARO0,48.085
100796,42.16,BARO0,48.095
100800,42.18,BARO0,48.105
100795,42.18,BARO0,48.115
100787,42.19,BARO0,48.125
100794,42.19,BARO0,48.135
100787,42.19,BARO0,48.145
100806,42.2,BARO0,48.155
100811,42.2,BARO0,48.165
100806,42.17,BARO0,48.175
100794,42.2,BARO0,48.185
100810,42.21,BARO0,48.195
100795,42.19,BARO0,48.205
100787,42.18,BARO0,48.215
100797,42.19,BARO0,48.225
100817,42.21,BARO0,48.235
100790,42.18,BARO0,48.245
100790,42.18,BARO0,48.255
100798,42.19,BARO0,48.265
100776,42.17,BARO0,48.275
100784,42.19,BARO0,48.285
100794,42.19,BARO0,48.295
100787,42.18,BARO0,48.305
100793,42.18,BARO0,48.315
100799,42.18,BARO0,48.325
100800,42.19,BARO0,48.335
100789,42.16,BARO0,48.345
100798,42.2,BARO0,48.355
100795,42.18,BARO0,48.365
100802,42.2,BARO0,48.375
100815,42.19,BARO0,48.385
100791,42.16,BARO0,48.395
100784,42.19,BARO0,48.405
100789,42.18,BARO0,48.415
100794,42.19,BARO0,48.425
100800,42.19,BARO0,48.435
100768,42.19,BARO0,48.445
100810,42.19,BARO0,48.455
100803,42.17,BARO0,48.465
100789,42.2,BARO0,48.475
100798,42.18,BARO0,48.485
100814,42.18,BARO0,48.495
100794,42.19,BARO0,48.505
100786,42.18,BARO0,48.515
100796,42.18,BARO0,48.525
100766,42.19,BARO0,48.535
100793,42.18,BARO0,48.545
100808,42.19,BARO0,48.555
100783,42.17,BARO0,48.565
100801,42.2,BARO0,48.575
100795,42.2,BARO0,48.585
100783,42.18,BARO0,48.595
100800,42.2,BARO0,48.605
100789,42.18,BARO0,48.615
100791,42.19,BARO0,48.625
100813,42.19,BARO0,48.635
100797,42.2,BARO0,48.645
100793,42.19,BARO0,48.655
100773,42.2,BARO0,48.665
100800,42.2,BARO0,48.675
100814,42.2,BARO0,48.685
100778,42.19,BARO0,48.695
100796,42.19,BARO0,48.705
100787,42.19,BARO0,48.715
100790,42.18,BARO0,48.725
100791,42.19,BARO0,48.735
100808,42.2,BARO0,48.745
100784,42.19,BARO0,48.755
100787,42.18,BARO0,48.765
100793,42.18,BARO0,48.775
100779,42.2,BARO0,48.785
100782,42.18,BARO0,48.795
100795,42.19,BARO0,48.805
100780,42.19,BARO0,48.815
100798,42.18,BARO0,48.825
100798,42.18,BARO0,48.835
100782,42.19,BARO0,48.845
100787,42.19,BARO0,48.855
100808,42.19,BARO0,48.865
100787,42.2,BARO0,48.875
100811,42.19,BARO0,48.885
100781,42.2,BARO0,48.895
100794,42.19,BARO0,48.905
100790,42.19,BARO0,48.915
100779,42.18,BARO0,48.925
100800,42.19,BARO0,48.935
100787,42.19,BARO0,48.945
100783,42.19,BARO0,48.955
100782,42.18,BARO0,48.965
100811,42.19,BARO0,48.975
100790,42.18,BARO0,48.985
100792,42.17,BARO0,48.995
100789,42.21,BARO0,49.005
100787,42.18,BARO0,49.015
100786,42.18,BARO0,49.025
100798,42.19,BARO0,49.035
100801,42.21,BARO0,49.045
100795,42.21,BARO0,49.055
100801,42.18,BARO0,49.065
100811,42.2,BARO0,49.075
100776,42.2,BARO0,49.085
100797,42.19,BARO0,49.095
100801,42.19,BARO0,49.105
100784,42.19,BARO0,49.115
100782,42.19,BARO0,49.125
100793,42.19,BARO0,49.135
100802,42.2,BARO0,49.145
100784,42.18,BARO0,49.155
100775,42.2,BARO0,49.165
100795,42.18,BARO0,49.175
100799,42.2,BARO0,49.185
100790,42.18,BARO0,49.195
100787,42.19,BARO0,49.205
100787,42.2,BARO0,49.215
100788,42.19,BARO0,49.225
100787,42.19,BARO0,49.235
100785,42.2,BARO0,49.245
100783,42.18,BARO0,49.255
100810,42.18,BARO0,49.265
100801,42.19,BARO0,49.275
100783,42.19,BARO0,49.285
100807,42.2,BARO0,49.295
100796,42.19,BARO0,49.305
100790,42.19,BARO0,49.315
100802,42.19,BARO0,49.325
100782,42.19,BARO0,49.335
100783,42.18,BARO0,49.345
100794,42.2,BARO0,49.355
100784,42.2,BARO0,49.365
100812,42.18,BARO0,49.375
100782,42.19,BARO0,49.385
100790,42.18,BARO0,49.395
100789,42.18,BARO0,49.405
100792,42.19,BARO0,49.415
100782,42.19,BARO0,49.425
100766,42.19,BARO0,49.435
100781,42.2,BARO0,49.445
100802,42.19,BARO0,49.455
100788,42.18,BARO0,49.465
100784,42.19,BARO0,49.475
100801,42.19,BARO0,49.485
100802,42.19,BARO0,49.495
100795,42.19,BARO0,49.505
100797,42.19,BARO0,49.515
100795,42.2,BARO0,49.525
100779,42.19,BARO0,49.535
100799,42.19,BARO0,49.545
100782,42.17,BARO0,49.555
100796,42.19,BARO0,49.565
100781,42.2,BARO0,49.575
100793,42.19,BARO0,49.585
100778,42.19,BARO0,49.595
100783,42.2,BARO0,49.605
100785,42.19,BARO0,49.615
100787,42.19,BARO0,49.625
100792,42.19,BARO0,49.635
100779,42.2,BARO0,49.645
100784,42.18,BARO0,49.655
100811,42.18,BARO0,49.665
100797,42.21,BARO0,49.675
100793,42.19,BARO0,49.685
100796,42.19,BARO0,49.695
100792,42.21,BARO0,49.705
100788,42.19,BARO0,49.715
100785,42.19,BARO0,49.725
100790,42.19,BARO0,49.735
100775,42.21,BARO0,49.745
100793,42.19,BARO0,49.755
100794,42.21,BARO0,49.765
100795,42.2,BARO0,49.775
100787,42.18,BARO0,49.785
100770,42.19,BARO0,49.795
100794,42.2,BARO0,49.805
100805,42.2,BARO0,49.815
100797,42.2,BARO0,49.825
100778,42.2,BARO0,49.835
100811,42.21,BARO0,49.845
100790,42.18,BARO0,49.855
100807,42.18,BARO0,49.865
100791,42.2,BARO0,49.875
100781,42.2,BARO0,49.885
100786,42.19,BARO0,49.895
100781,42.19,BARO0,49.905
100788,42.19,BARO0,49.915
100792,42.19,BARO0,49.925
100789,42.19,BARO0,49.935
100770,42.19,BARO0,49.945
100773,42.2,BARO0,49.955
100775,42.21,BARO0,49.965
100783,42.19,BARO0,49.975
100779,42.2,BARO0,49.985
100784,42.19,BARO0,49.995
100792,42.18,BARO0,50.005
100788,42.2,BARO0,50.015
100780,42.19,BARO0,50.025
100781,42.2,BARO0,50.035
100798,42.18,BARO0,50.045
100784,42.18,BARO0,50.055
100791,42.17,BARO0,50.065
100799,42.2,BARO0,50.075
100788,42.18,BARO0,50.085
100781,42.2,BARO0,50.095
100797,42.21,BARO0,50.105
100786,42.2,BARO0,50.115
100783,42.19,BARO0,50.125
100806,42.2,BARO0,50.135
100788,42.19,BARO0,50.145
100799,42.21,BARO0,50.155
100794,42.19,BARO0,50.165
100782,42.2,BARO0,50.175
100780,42.18,BARO0,50.185
100774,42.19,BARO0,50.195
100788,42.19,BARO0,50.205
100798,42.2,BARO0,50.215
100796,42.2,BARO0,50.225
100782,42.2,BARO0,50.235
100792,42.21,BARO0,50.245
100780,42.19,BARO0,50.255
100789,42.19,BARO0,50.265
100793,42.21,BARO0,50.275
100793,42.19,BARO0,50.285
100786,42.19,BARO0,50.295
100791,42.19,BARO0,50.305
100792,42.2,BARO0,50.315
100800,42.19,BARO0,50.325
100794,42.19,BARO0,50.335
100788,42.2,BARO0,50.345
100781,42.17,BARO0,50.355
100786,42.18,BARO0,50.365
100804,42.21,BARO0,50.375
100814,42.2,BARO0,50.385
100796,42.2,BARO0,50.395
100793,42.18,BARO0,50.405
100775,42.2,BARO0,50.415
100791,42.19,BARO0,50.425
100794,42.2,BARO0,50.435
100812,42.21,BARO0,50.445
100812,42.21,BARO0,50.455
100770,42.19,BARO0,50.465
100776,42.2,BARO0,50.475
100778,42.19,BARO0,50.485
100784,42.2,BARO0,50.495
100794,42.2,BARO0,50.505
100794,42.19,BARO0,50.515
100796,42.19,BARO0,50.525
100802,42.2,BARO0,50.535
100784,42.2,BARO0,50.545
100773,42.21,BARO0,50.555
100811,42.2,BARO0,50.565
100785,42.2,BARO0,50.575
100787,42.2,BARO0,50.585
100807,42.2,BARO0,50.595
100789,42.18,BARO0,50.605
100792,42.2,BARO0,50.615
100784,42.2,BARO0,50.625
100780,42.2,BARO0,50.635
100804,42.2,BARO0,50.645
100785,42.21,BARO0,50.655
100797,42.21,BARO0,50.665
100771,42.2,BARO0,50.675
100796,42.2,BARO0,50.685
100811,42.21,BARO0,50.695
100798,42.22,BARO0,50.705
100791,42.2,BARO0,50.715
100793,42.2,BARO0,50.725
100780,42.2,BARO0,50.735
100798,42.2,BARO0,50.745
100817,42.2,BARO0,50.755
100787,42.21,BARO0,50.765
100816,42.2,BARO0,50.775
100799,42.19,BARO0,50.785
100794,42.2,BARO0,50.795
100787,42.21,BARO0,50.805
100792,42.2,BARO0,50.815
100784,42.2,BARO0,50.825
100793,42.2,BARO0,50.835
100786,42.19,BARO0,50.845
100800,42.2,BARO0,50.855
100793,42.21,BARO0,50.865
100803,42.2,BARO0,50.875
100778,42.2,BARO0,50.885
100797,42.22,BARO0,50.895
100792,42.19,BARO0,50.905
100791,42.2,BARO0,50.915
100805,42.2,BARO0,50.925
100790,42.2,BARO0,50.935
100811,42.18,BARO0,50.945
100815,42.2,BARO0,50.955
100783,42.22,BARO0,50.965
100802,42.21,BARO0,50.975
100777,42.19,BARO0,50.985
100782,42.19,BARO0,50.995
100799,42.21,BARO0,51.005
100788,42.2,BARO0,51.015
100788,42.19,BARO0,51.025
100811,42.2,BARO0,51.035
100805,42.21,BARO0,51.045
100788,42.18,BARO0,51.055
100805,42.22,BARO0,51.065
100794,42.19,BARO0,51.075
100789,42.2,BARO0,51.085
100793,42.21,BARO0,51.095
100790,42.21,BARO0,51.105
100800,42.21,BARO0,51.115
100788,42.2,BARO0,51.125
100801,42.2,BARO0,51.135
100781,42.2,BARO0,51.145
100799,42.24,BARO0,51.155
100811,42.21,BARO0,51.165
100796,42.21,BARO0,51.175
100807,42.21,BARO0,51.185
100790,42.22,BARO0,51.195
100782,42.21,BARO0,51.205
100793,42.2,BARO0,51.215
100796,42.21,BARO0,51.225
100805,42.2,BARO0,51.235
100790,42.2,BARO0,51.245
100792,42.2,BARO0,51.255
100769,42.19,BARO0,51.265
100784,42.18,BARO0,51.275
100789,42.19,BARO0,51.285
100790,42.2,BARO0,51.295
100786,42.2,BARO0,51.305
100791,42.21,BARO0,51.315
100795,42.2,BARO0,51.325
100787,42.2,BARO0,51.335
100773,42.2,BARO0,51.345
100792,42.2,BARO0,51.355
100783,42.2,BARO0,51.365
100798,42.21,BARO0,51.375
100791,42.21,BARO0,51.385
100805,42.19,BARO0,51.395
100785,42.22,BARO0,51.405
100803,42.21,BARO0,51.415
100793,42.2,BARO0,51.425
100781,42.2,BARO0,51.435
100798,42.18,BARO0,51.445
100789,42.21,BARO0,51.455
100811,42.22,BARO0,51.465
100786,42.2,BARO0,51.475
100809,42.2,BARO0,51.485
100788,42.22,BARO0,51.495
100778,42.2,BARO0,51.505
100791,42.2,BARO0,51.515
100789,42.2,BARO0,51.525
100766,42.21,BARO0,51.535
100794,42.2,BARO0,51.545
100797,42.21,BARO0,51.555
100791,42.22,BARO0,51.565
100793,42.21,BARO0,51.575
100779,42.19,BARO0,51.585
100801,42.21,BARO0,51.595
100790,42.2,BARO0,51.605
100796,42.2,BARO0,51.615
100787,42.21,BARO0,51.625
100786,42.21,BARO0,51.635
100791,42.19,BARO0,51.645
100777,42.21,BARO0,51.655
100778,42.23,BARO0,51.665
100805,42.21,BARO0,51.675
100781,42.21,BARO0,51.685
100787,42.2,BARO0,51.695
100785,42.21,BARO0,51.705
100785,42.21,BARO0,51.715
100783,42.2,BARO0,51.725
100798,42.2,BARO0,51.735
100792,42.23,BARO0,51.745
100799,42.21,BARO0,51.755
100797,42.2,BARO0,51.765
100799,42.19,BARO0,51.775
100780,42.21,BARO0,51.785
100798,42.2,BARO0,51.795
100794,42.21,BARO0,51.805
100794,42.21,BARO0,51.815
100787,42.2,BARO0,51.825
100790,42.21,BARO0,51.835
100787,42.21,BARO0,51.845
100792,42.18,BARO0,51.855
100791,42.23,BARO0,51.865
100788,42.2,BARO0,51.875
100781,42.18,BARO0,51.885
100798,42.21,BARO0,51.895
100788,42.19,BARO0,51.905
100785,42.21,BARO0,51.915
100792,42.22,BARO0,51.925
100769,42.21,BARO0,51.935
100778,42.21,BARO0,51.945
100795,42.21,BARO0,51.955
100810,42.22,BARO0,51.965
100789,42.24,BARO0,51.975
100773,42.19,BARO0,51.985
100781,42.2,BARO0,51.995
100791,42.23,BARO0,52.005
100794,42.2,BARO0,52.015
100803,42.21,BARO0,52.025
100797,42.21,BARO0,52.035
100778,42.2,BARO0,52.045
100789,42.2,BARO0,52.055
100799,42.21,BARO0,52.065
100795,42.21,BARO0,52.075
100795,42.22,BARO0,52.085
100800,42.22,BARO0,52.095
100803,42.2,BARO0,52.105
100788,42.21,BARO0,52.115
100788,42.21,BARO0,52.125
100790,42.21,BARO0,52.135
100796,42.2,BARO0,52.145
100794,42.22,BARO0,52.155
100801,42.21,BARO0,52.165
100789,42.2,BARO0,52.175
100792,42.2,BARO0,52.185
100787,42.25,BARO0,52.195
100786,42.22,BARO0,52.205
100794,42.2,BARO0,52.215
100784,42.21,BARO0,52.225
100800,42.21,BARO0,52.235
100779,42.21,BARO0,52.245
100801,42.21,BARO0,52.255
100772,42.23,BARO0,52.265
100778,42.21,BARO0,52.275
100772,42.21,BARO0,52.285
100792,42.2,BARO0,52.295
100774,42.19,BARO0,52.305
100794,42.21,BARO0,52.315
100795,42.21,BARO0,52.325
100774,42.22,BARO0,52.335
100770,42.21,BARO0,52.345
100809,42.21,BARO0,52.355
100789,42.21,BARO0,52.365
100783,42.21,BARO0,52.375
100797,42.21,BARO0,52.385
100795,42.22,BARO0,52.395
100792,42.21,BARO0,52.405
100783,42.21,BARO0,52.415
100792,42.21,BARO0,52.425
100807,42.21,BARO0,52.435
100792,42.22,BARO0,52.445
100793,42.21,BARO0,52.455
100791,42.2,BARO0,52.465
100809,42.22,BARO0,52.475
100796,42.22,BARO0,52.485
100795,42.22,BARO0,52.495
100769,42.22,BARO0,52.505
100791,42.21,BARO0,52.515
100794,42.22,BARO0,52.525
100783,42.21,BARO0,52.535
100791,42.21,BARO0,52.545
100790,42.22,BARO0,52.555
100787,42.21,BARO0,52.565
100792,42.2,BARO0,52.575
100781,42.19,BARO0,52.585
100804,42.22,BARO0,52.595
100790,42.22,BARO0,52.605
100794,42.21,BARO0,52.615
100789,42.21,BARO0,52.625
100794,42.22,BARO0,52.635
100787,42.22,BARO0,52.645
100781,42.22,BARO0,52.655
100790,42.23,BARO0,52.665
100782,42.22,BARO0,52.675
100781,42.2,BARO0,52.685
100798,42.22,BARO0,52.695
100772,42.2,BARO0,52.705
100790,42.21,BARO0,52.715
100786,42.21,BARO0,52.725
100784,42.21,BARO0,52.735
100795,42.22,BARO0,52.745
100800,42.2,BARO0,52.755
100790,42.21,BARO0,52.765
100777,42.22,BARO0,52.775
100791,42.22,BARO0,52.785
100791,42.21,BARO0,52.795
100796,42.23,BARO0,52.805
100791,42.21,BARO0,52.815
100784,42.22,BARO0,52.825
100793,42.21,BARO0,52.835
100799,42.24,BARO0,52.845
100785,42.21,BARO0,52.855
100784,42.24,BARO0,52.865
100811,42.22,BARO0,52.875
100792,42.22,BARO0,52.885
100788,42.22,BARO0,52.895
100801,42.22,BARO0,52.905
100784,42.22,BARO0,52.915
100789,42.21,BARO0,52.925
100800,42.22,BARO0,52.935
100776,42.22,BARO0,52.945
100787,42.19,BARO0,52.955
100788,42.21,BARO0,52.965
100789,42.21,BARO0,52.975
100787,42.23,BARO0,52.985
100782,42.23,BARO0,52.995
100789,42.21,BARO0,53.005
100806,42.21,BARO0,53.015
100787,42.21,BARO0,53.025
100793,42.22,BARO0,53.035
100780,42.2,BARO0,53.045
100778,42.2,BARO0,53.055
100792,42.24,BARO0,53.065
100814,42.23,BARO0,53.075
100797,42.22,BARO0,53.085
100778,42.2,BARO0,53.095
100794,42.21,BARO0,53.105
100798,42.22,BARO0,53.115
100785,42.21,BARO0,53.125
100794,42.22,BARO0,53.135
100784,42.2,BARO0,53.145
100795,42.21,BARO0,53.155
100789,42.2,BARO0,53.165
100820,42.2,BARO0,53.175
100805,42.24,BARO0,53.185
100802,42.21,BARO0,53.195
100778,42.22,BARO0,53.205
100798,42.22,BARO0,53.215
100792,42.21,BARO0,53.225
100788,42.22,BARO0,53.235
100799,42.21,BARO0,53.245
100784,42.22,BARO0,53.255
100784,42.21,BARO0,53.265
100798,42.21,BARO0,53.275
100790,42.21,BARO0,53.285
100788,42.2,BARO0,53.295
100787,42.21,BARO0,53.305
100794,42.22,BARO0,53.315
100785,42.21,BARO0,53.325
100789,42.22,BARO0,53.335
100798,42.22,BARO0,53.345
100808,42.23,BARO0,53.355
100782,42.2,BARO0,53.365
100797,42.21,BARO0,53.375
100798,42.22,BARO0,53.385
100798,42.22,BARO0,53.395
100811,42.23,BARO0,53.405
100790,42.21,BARO0,53.415
100794,42.22,BARO0,53.425
100791,42.22,BARO0,53.435
100782,42.22,BARO0,53.445
100798,42.23,BARO0,53.455
100799,42.22,BARO0,53.465
100801,42.22,BARO0,53.475
100805,42.23,BARO0,53.485
100796,42.22,BARO0,53.495
100799,42.22,BARO0,53.505
100787,42.22,BARO0,53.515
100790,42.22,BARO0,53.525
100790,42.23,BARO0,53.535
100786,42.19,BARO0,53.545
100774,42.2,BARO0,53.555
100782,42.21,BARO0,53.565
100800,42.24,BARO0,53.575
100787,42.22,BARO0,53.585
100789,42.21,BARO0,53.595
100781,42.2,BARO0,53.605
100798,42.22,BARO0,53.615
100790,42.21,BARO0,53.625
100796,42.22,BARO0,53.635
100816,42.22,BARO0,53.645
100777,42.23,BARO0,53.655
100810,42.23,BARO0,53.665
100805,42.22,BARO0,53.675
100780,42.21,BARO0,53.685
100792,42.21,BARO0,53.695
100816,42.22,BARO0,53.705
100795,42.22,BARO0,53.715
100791,42.22,BARO0,53.725
100789,42.22,BARO0,53.735
100796,42.23,BARO0,53.745
100811,42.24,BARO0,53.755
100793,42.23,BARO0,53.765
100793,42.21,BARO0,53.775
100776,42.21,BARO0,53.785
100787,42.23,BARO0,53.795
100778,42.22,BARO0,53.805
100792,42.22,BARO0,53.815
100801,42.22,BARO0,53.825
100794,42.22,BARO0,53.835
100805,42.22,BARO0,53.845
100782,42.22,BARO0,53.855
100783,42.2,BARO0,53.865
100791,42.22,BARO0,53.875
100786,42.21,BARO0,53.885
100784,42.22,BARO0,53.895
100790,42.21,BARO0,53.905
100788,42.22,BARO0,53.915
100791,42.22,BARO0,53.925
100794,42.22,BARO0,53.935
100805,42.25,BARO0,53.945
100797,42.23,BARO0,53.955
100772,42.2,BARO0,53.965
100801,42.22,BARO0,53.975
100806,42.23,BARO0,53.985
100786,42.22,BARO0,53.995
100792,42.23,BARO0,54.005
100786,42.22,BARO0,54.015
100794,42.22,BARO0,54.025
100794,42.22,BARO0,54.035
100792,42.21,BARO0,54.045
100794,42.24,BARO0,54.055
100789,42.23,BARO0,54.065
100797,42.24,BARO0,54.075
100792,42.21,BARO0,54.085
100798,42.23,BARO0,54.095
100778,42.22,BARO0,54.105
100797,42.22,BARO0,54.115
100794,42.22,BARO0,54.125
100803,42.22,BARO0,54.135
100832,42.22,BARO0,54.145
100816,42.21,BARO0,54.155
100791,42.22,BARO0,54.165
100781,42.22,BARO0,54.175
100780,42.22,BARO0,54.185
100784,42.21,BARO0,54.195
100809,42.22,BARO0,54.205
100785,42.22,BARO0,54.215
100782,42.22,BARO0,54.225
100786,42.22,BARO0,54.235
100806,42.22,BARO0,54.245
100782,42.23,BARO0,54.255
100787,42.21,BARO0,54.265
100798,42.23,BARO0,54.275
100781,42.22,BARO0,54.285
100790,42.23,BARO0,54.295
100781,42.24,BARO0,54.305
100795,42.22,BARO0,54.315
100782,42.22,BARO0,54.325
100797,42.23,BARO0,54.335
100769,42.21,BARO0,54.345
100798,42.22,BARO0,54.355
100794,42.21,BARO0,54.365
100784,42.22,BARO0,54.375
100785,42.22,BARO0,54.385
100793,42.22,BARO0,54.395
100788,42.22,BARO0,54.405
100798,42.22,BARO0,54.415
100783,42.22,BARO0,54.425
100801,42.23,BARO0,54.435
100794,42.21,BARO0,54.445
100786,42.22,BARO0,54.455
100809,42.24,BARO0,54.465
100807,42.23,BARO0,54.475
100799,42.24,BARO0,54.485
100790,42.23,BARO0,54.495
100800,42.22,BARO0,54.505
100793,42.23,BARO0,54.515
100788,42.22,BARO0,54.525
100794,42.22,BARO0,54.535
100789,42.24,BARO0,54.545
100788,42.21,BARO0,54.555
100798,42.22,BARO0,54.565
100795,42.23,BARO0,54.575
100789,42.21,BARO0,54.585
100788,42.23,BARO0,54.595
100793,42.2,BARO0,54.605
100787,42.22,BARO0,54.615
100791,42.22,BARO0,54.625
100797,42.22,BARO0,54.635
100780,42.23,BARO0,54.645
100770,42.25,BARO0,54.655
100792,42.22,BARO0,54.665
100801,42.24,BARO0,54.675
100791,42.23,BARO0,54.685
100794,42.23,BARO0,54.695
100804,42.24,BARO0,54.705
100792,42.23,BARO0,54.715
100782,42.22,BARO0,54.725
100787,42.23,BARO0,54.735
100777,42.21,BARO0,54.745
100788,42.2,BARO0,54.755
100783,42.22,BARO0,54.765
100811,42.23,BARO0,54.775
100794,42.21,BARO0,54.785
100791,42.23,BARO0,54.795
100802,42.25,BARO0,54.805
100784,42.22,BARO0,54.815
100786,42.22,BARO0,54.825
100786,42.23,BARO0,54.835
100777,42.22,BARO0,54.845
100782,42.23,BARO0,54.855
100763,42.24,BARO0,54.865
100772,42.2,BARO0,54.875
100822,42.24,BARO0,54.885
100789,42.22,BARO0,54.895
100791,42.24,BARO0,54.905
100788,42.22,BARO0,54.915
100790,42.22,BARO0,54.925
100791,42.23,BARO0,54.935
100795,42.21,BARO0,54.945
100778,42.23,BARO0,54.955
100804,42.22,BARO0,54.965
100789,42.23,BARO0,54.975
100776,42.25,BARO0,54.985
100798,42.22,BARO0,54.995
100799,42.24,BARO0,55.005
100782,42.23,BARO0,55.015
100787,42.22,BARO0,55.025
100785,42.23,BARO0,55.035
100801,42.22,BARO0,55.045
100782,42.22,BARO0,55.055
100773,42.21,BARO0,55.065
100784,42.24,BARO0,55.075
100781,42.22,BARO0,55.085
100780,42.24,BARO0,55.095
100790,42.25,BARO0,55.105
100794,42.23,BARO0,55.115
100790,42.22,BARO0,55.125
100781,42.22,BARO0,55.135
100803,42.22,BARO0,55.145
100786,42.21,BARO0,55.155
100772,42.24,BARO0,55.165
100798,42.24,BARO0,55.175
100787,42.24,BARO0,55.185
100783,42.24,BARO0,55.195
100803,42.23,BARO0,55.205
100791,42.22,BARO0,55.215
100792,42.23,BARO0,55.225
100789,42.23,BARO0,55.235
100788,42.25,BARO0,55.245
100784,42.23,BARO0,55.255
100794,42.22,BARO0,55.265
100806,42.22,BARO0,55.275
100791,42.23,BARO0,55.285
100791,42.24,BARO0,55.295
100789,42.22,BARO0,55.305
100792,42.23,BARO0,55.315
100790,42.23,BARO0,55.325
100797,42.23,BARO0,55.335
100782,42.2,BARO0,55.345
100802,42.24,BARO0,55.355
100784,42.22,BARO0,55.365
100793,42.23,BARO0,55.375
100802,42.23,BARO0,55.385
100799,42.22,BARO0,55.395
100796,42.24,BARO0,55.405
100790,42.24,BARO0,55.415
100787,42.22,BARO0,55.425
100793,42.23,BARO0,55.435
100800,42.23,BARO0,55.445
100800,42.24,BARO0,55.455
100792,42.23,BARO0,55.465
100792,42.22,BARO0,55.475
100787,42.24,BARO0,55.485
100800,42.22,BARO0,55.495
100770,42.22,BARO0,55.505
100788,42.23,BARO0,55.515
100782,42.23,BARO0,55.525
100790,42.23,BARO0,55.535
100790,42.21,BARO0,55.545
100800,42.25,BARO0,55.555
100799,42.23,BARO0,55.565
100812,42.24,BARO0,55.575
100803,42.23,BARO0,55.585
100780,42.22,BARO0,55.595
100788,42.24,BARO0,55.605
100786,42.23,BARO0,55.615
100792,42.23,BARO0,55.625
100780,42.23,BARO0,55.635
100822,42.24,BARO0,55.645
100772,42.23,BARO0,55.655
100779,42.22,BARO0,55.665
100791,42.23,BARO0,55.675
100798,42.24,BARO0,55.685
100778,42.22,BARO0,55.695
100797,42.23,BARO0,55.705
100801,42.23,BARO0,55.715
100796,42.23,BARO0,55.725
100793,42.23,BARO0,55.735
100766,42.24,BARO0,55.745
100782,42.23,BARO0,55.755
100794,42.25,BARO0,55.765
100785,42.22,BARO0,55.775
100782,42.24,BARO0,55.785
100800,42.24,BARO0,55.795
100778,42.22,BARO0,55.805
100789,42.23,BARO0,55.815
100793,42.24,BARO0,55.825
100786,42.23,BARO0,55.835
100776,42.22,BARO0,55.845
100793,42.22,BARO0,55.855
100792,42.23,BARO0,55.865
100794,42.23,BARO0,55.875
100809,42.23,BARO0,55.885
100809,42.22,BARO0,55.895
100775,42.23,BARO0,55.905
100791,42.23,BARO0,55.915
100784,42.23,BARO0,55.925
100792,42.23,BARO0,55.935
100772,42.23,BARO0,55.945
100794,42.22,BARO0,55.955
100802,42.23,BARO0,55.965
100785,42.24,BARO0,55.975
100795,42.22,BARO0,55.985
100816,42.24,BARO0,55.995
100799,42.23,BARO0,56.005
100783,42.23,BARO0,56.015
100790,42.24,BARO0,56.025
100791,42.24,BARO0,56.035
100787,42.24,BARO0,56.045
100788,42.24,BARO0,56.055
100788,42.23,BARO0,56.065
100802,42.24,BARO0,56.075
100791,42.23,BARO0,56.085
100780,42.23,BARO0,56.095
100808,42.23,BARO0,56.105
100785,42.23,BARO0,56.115
100792,42.23,BARO0,56.125
100788,42.23,BARO0,56.135
100782,42.24,BARO0,56.145
100785,42.24,BARO0,56.155
100805,42.24,BARO0,56.165
100800,42.21,BARO0,56.175
100785,42.22,BARO0,56.185
100789,42.24,BARO0,56.195
100797,42.22,BARO0,56.205
100785,42.22,BARO0,56.215
100789,42.24,BARO0,56.225
100785,42.23,BARO0,56.235
100778,42.22,BARO0,56.245
100798,42.25,BARO0,56.255
100790,42.22,BARO0,56.265
100795,42.25,BARO0,56.275
100782,42.24,BARO0,56.285
100793,42.24,BARO0,56.295
100811,42.24,BARO0,56.305
100781,42.23,BARO0,56.315
100785,42.23,BARO0,56.325
100793,42.23,BARO0,56.335
100770,42.22,BARO0,56.345
100818,42.25,BARO0,56.355
100786,42.24,BARO0,56.365
100810,42.25,BARO0,56.375
100801,42.22,BARO0,56.385
100771,42.23,BARO0,56.395
100770,42.22,BARO0,56.405
100785,42.24,BARO0,56.415
100790,42.23,BARO0,56.425
100793,42.23,BARO0,56.435
100799,42.23,BARO0,56.445
100815,42.24,BARO0,56.455
100779,42.24,BARO0,56.465
100777,42.24,BARO0,56.475
100803,42.26,BARO0,56.485
100812,42.26,BARO0,56.495
100776,42.25,BARO0,56.505
100790,42.23,BARO0,56.515
100794,42.23,BARO0,56.525
100793,42.23,BARO0,56.535
100784,42.24,BARO0,56.545
100787,42.23,BARO0,56.555
100815,42.24,BARO0,56.565
100798,42.23,BARO0,56.575
100786,42.25,BARO0,56.585
100802,42.23,BARO0,56.595
100790,42.24,BARO0,56.605
100783,42.23,BARO0,56.615
100790,42.24,BARO0,56.625
100778,42.23,BARO0,56.635
100778,42.24,BARO0,56.645
100775,42.23,BARO0,56.655
100784,42.24,BARO0,56.665
100812,42.25,BARO0,56.675
100795,42.24,BARO0,56.685
100783,42.26,BARO0,56.695
100792,42.23,BARO0,56.705
100789,42.24,BARO0,56.715
100791,42.24,BARO0,56.725
100792,42.24,BARO0,56.735
100805,42.24,BARO0,56.745
100798,42.25,BARO0,56.755
100776,42.23,BARO0,56.765
100800,42.24,BARO0,56.775
100796,42.22,BARO0,56.785
100804,42.24,BARO0,56.795
100799,42.23,BARO0,56.805
100791,42.24,BARO0,56.815
100793,42.24,BARO0,56.825
100787,42.24,BARO0,56.835
100787,42.24,BARO0,56.845
100798,42.25,BARO0,56.855
100799,42.22,BARO0,56.865
100784,42.22,BARO0,56.875
100789,42.25,BARO0,56.885
100798,42.25,BARO0,56.895