filteredAcceleration,filteredAltitudeAGL,ts
-0.009731292724609375,0.1463623046875,-0.75
-0.009731292724609375,0.1463623046875,-0.74
-0.019464492797851562,0.060214996337890625,-0.73
-0.009731292724609375,0.060214996337890625,-0.72
-0.009731292724609375,0.060214996337890625,-0.71
-0.029195785522460938,0.060214996337890625,-0.7
-0.029195785522460938,-0.10538482666015625,-0.69
-0.029195785522460938,0.060214996337890625,-0.68
-0.019464492797851562,0.060214996337890625,-0.67
-0.019464492797851562,0.060214996337890625,-0.66
-0.029195785522460938,0.22643661499023438,-0.65
-0.019464492797851562,0.22643661499023438,-0.64
-0.029195785522460938,0.22643661499023438,-0.63
-0.029195785522460938,-0.10776138305664062,-0.62
-0.019464492797851562,-0.19185638427734375,-0.61
-0.029195785522460938,-0.18732452392578125,-0.6
-0.029195785522460938,-0.19185638427734375,-0.59
-0.029195785522460938,-0.35807037353515625,-0.58
-0.029195785522460938,-0.35807037353515625,-0.57
-0.06812477111816406,-0.35807037353515625,-0.56
-0.06812477111816406,-0.18732452392578125,-0.55
0.029195785522460938,-0.18732452392578125,-0.54
0.029195785522460938,-0.0189361572265625,-0.53
-0.06812477111816406,-0.018207550048828125,-0.52
0.029195785522460938,-0.018207550048828125,-0.51
0.038928985595703125,0.1501312255859375,-0.5
-0.06812477111816406,0.23006820678710938,-0.49
-0.097320556640625,0.1501312255859375,-0.48
0.038928985595703125,0.23006820678710938,-0.47
0.019464492797851562,0.23006820678710938,-0.46
-0.097320556640625,0.23006820678710938,-0.45
0.019464492797851562,0.3938789367675781,-0.44
0.019464492797851562,0.3938789367675781,-0.43
-0.05839347839355469,0.47321319580078125,-0.42
-0.05839347839355469,0.47321319580078125,-0.41
0.0,0.47321319580078125,-0.4
0.019464492797851562,0.4803314208984375,-0.39
0.0,0.8071708679199219,-0.38
0.0,0.47321319580078125,-0.37
0.038928985595703125,0.47321319580078125,-0.36
0.0,0.47321319580078125,-0.35
0.0,0.4651641845703125,-0.34
0.038928985595703125,0.3824882507324219,-0.33
0.0486602783203125,0.30205535888671875,-0.32
0.0486602783203125,0.30205535888671875,-0.31
-0.1557140350341797,0.30205535888671875,-0.3
0.0486602783203125,0.30205535888671875,-0.29
0.12651824951171875,0.21706771850585938,-0.28
-0.1557140350341797,-0.3669242858886719,-0.27
-0.10705375671386719,-0.3669242858886719,-0.26
0.12651824951171875,0.21706771850585938,-0.25
0.12651824951171875,0.30205535888671875,-0.24
0.12651824951171875,0.21706771850585938,-0.23
0.3600893020629883,0.049808502197265625,-0.22
0.42821407318115234,0.049808502197265625,-0.21
0.9245538711547852,-0.034679412841796875,-0.2
1.2846431732177734,-0.034679412841796875,-0.19
2.5108938217163086,0.049808502197265625,-0.18
3.6787500381469727,0.049808502197265625,-0.17
4.437857627868652,0.049808502197265625,-0.16
4.525446891784668,0.049808502197265625,-0.15
4.632500648498535,0.13655853271484375,-0.14
4.924464225769043,0.13655853271484375,-0.13
5.469464302062988,0.13655853271484375,-0.12
6.13124942779541,0.21929168701171875,-0.11
7.182320594787598,0.21929168701171875,-0.1
9.167677879333496,0.13655853271484375,-0.09
12.009465217590332,0.30065155029296875,-0.08
17.26482391357422,0.13655853271484375,-0.07
26.296249389648438,0.049533843994140625,-0.06
34.159820556640625,-0.20078659057617188,-0.05
42.490535736083984,0.049533843994140625,-0.04
47.50259017944336,0.049533843994140625,-0.03
50.801788330078125,-0.20078659057617188,-0.02
53.614376068115234,-0.20078659057617188,-0.01
56.242061614990234,0.049533843994140625,0.0
58.35393142700195,0.049533843994140625,0.01
60.50473403930664,0.6298561096191406,0.02
63.07401657104492,0.7156753540039062,0.03
66.14938354492188,1.1368942260742188,0.04
69.14688110351562,1.6339378356933594,0.05
71.34634399414062,1.6339378356933594,0.06
72.71858215332031,1.8030471801757812,0.07
73.8475112915039,1.8849563598632812,0.08
74.6260757446289,1.8849563598632812,0.09
75.0737533569336,1.969512939453125,0.1
76.19295501708984,1.969512939453125,0.11
76.98125457763672,1.8849563598632812,0.12
78.52867126464844,1.8849563598632812,0.13
78.84982299804688,1.969512939453125,0.14
78.93741607666016,1.969512939453125,0.15
79.42401885986328,3.3065261840820312,0.16
79.7938461303711,3.3065261840820312,0.17
80.1831283569336,3.3910789489746094,0.18
81.98357391357422,3.811206817626953,0.19
86.080810546875,3.9776763916015625,0.2
86.56742095947266,4.22869873046875,0.21
88.36785888671875,4.3132476806640625,0.22
88.58197021484375,4.395160675048828,0.23
89.45787048339844,4.395160675048828,0.24
90.00286865234375,4.730739593505859,0.25
91.22911071777344,5.066310882568359,0.26
92.0758056640625,5.066310882568359,0.27
93.02955627441406,5.066310882568359,0.28
93.5745620727539,6.823451995849609,0.29
94.24607849121094,6.905364990234375,0.3
94.76187896728516,6.905364990234375,0.31
95.30687713623047,7.576515197753906,0.32
95.92000579833984,7.909446716308594,0.33
96.53313446044922,8.496040344238281,0.34
97.05867004394531,8.831615447998047,0.35
97.50634765625,8.831615447998047,0.36
98.002685546875,9.082637786865234,0.37
98.47956085205078,11.008888244628906,0.38
98.92723846435547,11.341819763183594,0.39
99.52090454101562,11.761951446533203,0.4
99.8907241821289,12.850582122802734,0.41
100.11455535888672,12.932498931884766,0.42
100.45518493652344,14.274795532226562,0.43
100.91259765625,14.776836395263672,0.44
101.54518127441406,15.445343017578125,0.45
101.99285888671875,15.950023651123047,0.46
102.23616790771484,17.12057113647461,0.47
102.39187622070312,17.12057113647461,0.48
102.65465545654297,18.378318786621094,0.49
103.04393768310547,18.798446655273438,0.5
103.37483215332031,18.96491241455078,0.51
103.55973815917969,19.46695327758789,0.52
103.91983032226562,19.55150604248047,0.53
104.16313171386719,19.636062622070312,0.54
104.44536590576172,21.395851135253906,0.55
104.57188415527344,21.477760314941406,0.56
104.75679779052734,22.90460968017578,0.57
104.88330841064453,24.999969482421875,0.58
105.20447540283203,25.83758544921875,0.59
105.57429504394531,27.09532928466797,0.6
105.81759643554688,28.186607360839844,0.61
105.82732391357422,29.275245666503906,0.62
105.86625671386719,30.451080322265625,0.63
105.86625671386719,30.95311737060547,0.64
105.86625671386719,32.715545654296875,0.65
105.86625671386719,33.47125244140625,0.66
105.84679412841797,34.308860778808594,0.67
105.84679412841797,34.980010986328125,0.68
105.8370590209961,36.99610137939453,0.69
105.78840637207031,39.17865753173828,0.7
105.67161560058594,39.51423645019531,0.71
105.37964630126953,39.76525115966797,0.72
105.36991119384766,41.36121368408203,0.73
105.20447540283203,43.041725158691406,0.74
105.20447540283203,47.660499572753906,0.75
104.96116638183594,47.82697296142578,0.76
104.8930435180664,48.58531951904297,0.77
104.79572296142578,49.425567626953125,0.78
104.6789321899414,50.855072021484375,0.79
104.5037612915039,53.79597473144531,0.8
104.33831024169922,55.394569396972656,0.81
104.17286682128906,56.82142639160156,0.82
103.95875549316406,58.08445739746094,0.83
103.93929290771484,58.84015655517578,0.84
103.19965362548828,61.61724090576172,0.85
103.16072082519531,65.74189758300781,0.86
103.0342025756836,66.24657440185547,0.87
103.0050048828125,67.76062774658203,0.88
102.99527740478516,71.46516418457031,0.89
102.92715454101562,71.97248077392578,0.9
102.92715454101562,73.65564727783203,0.91
102.89795684814453,75.93067932128906,0.92
102.85902404785156,77.86750030517578,0.93
102.54759216308594,79.63785552978516,0.94
102.33348846435547,82.9249038696289,0.95
102.18750762939453,82.9249038696289,0.96
102.13884735107422,85.36904907226562,0.97
102.08045959472656,86.88838195800781,0.98
102.00259399414062,90.09352111816406,0.99
101.6522445678711,90.17807006835938,1.0
101.6522445678711,91.27462768554688,1.01
101.6522445678711,92.96307373046875,1.02
101.5159912109375,94.98709106445312,1.03
101.44786071777344,96.25540161132812,1.04
101.3018798828125,98.7867431640625,1.05
101.19483184814453,98.95585632324219,1.06
100.84446716308594,100.05241394042969,1.07
100.55250549316406,102.16627502441406,1.08
99.97830963134766,102.33274841308594,1.09
99.68634796142578,103.43194580078125,1.1
99.58901977539062,105.20494079589844,1.11
99.3943862915039,107.91067504882812,1.12
99.21920776367188,111.79753112792969,1.13
99.21920776367188,113.31950378417969,1.14
99.19001007080078,115.68702697753906,1.15
99.00509643554688,116.27891540527344,1.16
98.83964538574219,117.29620361328125,1.17
98.5282211303711,118.47994995117188,1.18
98.4990234375,120.93203735351562,1.19
98.48929595947266,121.52391052246094,1.2
98.284912109375,122.54119873046875,1.21
98.17786407470703,123.55584716796875,1.22
98.16812896728516,126.09510803222656,1.23
97.94429779052734,126.85874938964844,1.24
97.73991394042969,129.05979919433594,1.25
97.70099639892578,129.22891235351562,1.26
97.70099639892578,129.56712341308594,1.27
97.65232849121094,130.8380889892578,1.28
97.48688507080078,134.1409912109375,1.29
97.45768737792969,134.3946533203125,1.3
97.38956451416016,135.24282836914062,1.31
97.27278137207031,138.0384063720703,1.32
97.04893493652344,138.2947235107422,1.33
96.73750305175781,139.22744750976562,1.34
96.57205963134766,142.87120056152344,1.35
96.50393676757812,142.9557647705078,1.36
96.41635131835938,145.5848846435547,1.37
96.30928802490234,150.08209228515625,1.38
96.23143768310547,151.09939575195312,1.39
96.15357208251953,153.22117614746094,1.4
96.01732635498047,156.87286376953125,1.41
95.76428985595703,161.28817749023438,1.42
95.6961669921875,163.41261291503906,1.43
95.50152587890625,166.1315460205078,1.44
95.46259307861328,170.97755432128906,1.45
95.21929168701172,172.42291259765625,1.46
94.95652770996094,177.18699645996094,1.47
94.8397445678711,178.3760528564453,1.48
94.73268127441406,181.18484497070312,1.49
94.6742935180664,185.3570556640625,1.5
94.6256332397461,188.5067138671875,1.51
94.58670043945312,191.99986267089844,1.52
94.58670043945312,195.9184112548828,1.53
94.58670043945312,199.67051696777344,1.54
94.53804779052734,203.1663055419922,1.55
94.38233184814453,205.04234313964844,1.56
94.38233184814453,209.39425659179688,1.57
94.38233184814453,213.83335876464844,1.58
94.38233184814453,217.59071350097656,1.59
94.0708999633789,221.6044158935547,1.6
93.86653137207031,225.5361785888672,1.61
93.43831634521484,230.23948669433594,1.62
93.35072326660156,234.85826110839844,1.63
93.175537109375,238.70814514160156,1.64
93.14634704589844,243.67308044433594,1.65
93.08795166015625,250.5245819091797,1.66
93.02955627441406,255.41026306152344,1.67
93.01982116699219,260.21136474609375,1.68
92.9225082397461,263.21563720703125,1.69
92.86412048339844,267.59136962890625,1.7
92.76679229736328,272.5694580078125,1.71
92.70840454101562,276.17626953125,1.72
92.67920684814453,279.78564453125,1.73
92.63053894042969,283.04888916015625,1.74
92.55268859863281,285.88671875,1.75
92.45536041259766,291.0472412109375,1.76
92.33857727050781,291.9931640625,1.77
92.0758056640625,296.8973388671875,1.78
91.7643814086914,301.71954345703125,1.79
91.472412109375,306.2828369140625,1.8
91.24858093261719,309.98736572265625,1.81
90.73278045654297,313.779052734375,1.82
90.73278045654297,317.74517822265625,1.83
90.71331024169922,321.196044921875,1.84
90.59652709960938,330.000244140625,1.85
90.53813171386719,333.88714599609375,1.86
90.51866912841797,336.2176513671875,1.87
90.51866912841797,342.35577392578125,1.88
90.48947143554688,345.89910888671875,1.89
90.26563262939453,346.1580810546875,1.9
90.08071899414062,346.1580810546875,1.91
89.96393585205078,346.5914306640625,1.92
89.87635040283203,347.10931396484375,1.93
89.52598571777344,348.060546875,1.94
89.49678802490234,350.224609375,1.95
89.24375915527344,350.224609375,1.96
89.13670349121094,354.80902099609375,1.97
89.12696838378906,356.5423583984375,1.98
89.00045776367188,363.12176513671875,1.99
88.27054595947266,368.92694091796875,2.0
88.26081085205078,373.00140380859375,2.01
87.83259582519531,373.95526123046875,2.02
87.66714477539062,378.98626708984375,2.03
86.79125213623047,380.72222900390625,2.04
86.5771484375,382.1966552734375,2.05
86.363037109375,388.6201171875,2.06
86.16840362548828,395.48223876953125,2.07
85.87643432617188,407.9169921875,2.08
85.370361328125,423.93475341796875,2.09
85.27304077148438,439.28131103515625,2.1
85.15625762939453,462.78216552734375,2.11
84.94214630126953,484.58392333984375,2.12
84.85456085205078,510.29632568359375,2.13
84.85456085205078,538.27587890625,2.14
84.69884490966797,561.5626220703125,2.15
84.69884490966797,579.5938110351562,2.16
84.591796875,583.3089599609375,2.17
84.53339385986328,591.7194213867188,2.18
84.53339385986328,608.204833984375,2.19
84.26089477539062,609.6264038085938,2.2
84.26089477539062,611.6663208007812,2.21
83.55045318603516,616.36962890625,2.22
83.39473724365234,642.6818237304688,2.23
82.11009216308594,699.4468383789062,2.24
81.70134735107422,746.725830078125,2.25
81.67214965820312,746.725830078125,2.26
80.42642974853516,746.725830078125,2.27
79.67705535888672,746.725830078125,2.28
79.05420684814453,746.725830078125,2.29
78.37295532226562,756.7111206054688,2.3
77.95447540283203,756.7111206054688,2.31
77.72089385986328,756.7111206054688,2.32
75.862060546875,756.7111206054688,2.33
75.862060546875,764.0013427734375,2.34
75.862060546875,870.8408813476562,2.35
75.862060546875,955.7464599609375,2.36
75.16134643554688,955.7464599609375,2.37
74.95697021484375,955.7464599609375,2.38
74.95697021484375,955.7464599609375,2.39
75.16134643554688,955.7464599609375,2.4
74.88884735107422,860.2874145507812,2.41
74.88884735107422,770.9400634765625,2.42
74.52875518798828,694.7963256835938,2.43
71.52152252197266,694.7963256835938,2.44
70.90839385986328,694.7963256835938,2.45
70.90839385986328,694.7963256835938,2.46
70.2855453491211,694.7963256835938,2.47
68.4461669921875,720.7703247070312,2.48
63.336788177490234,787.98828125,2.49
62.56795120239258,824.3466186523438,2.5
62.042415618896484,837.309814453125,2.51
62.042415618896484,837.309814453125,2.52
61.828304290771484,837.309814453125,2.53
61.81856918334961,837.309814453125,2.54
61.81856918334961,837.309814453125,2.55
61.4876823425293,788.1705932617188,2.56
59.88187789916992,743.129638671875,2.57
56.7383918762207,691.1287841796875,2.58
54.013397216796875,657.291259765625,2.59
50.762855529785156,620.277587890625,2.6
46.59749984741211,582.3365478515625,2.61
42.675445556640625,582.3365478515625,2.62
38.48089599609375,582.3365478515625,2.63
32.80705261230469,582.3365478515625,2.64
30.48107147216797,582.3365478515625,2.65
30.198837280273438,599.6040649414062,2.66
29.692768096923828,602.44189453125,2.67
29.692768096923828,611.0452880859375,2.68
29.692768096923828,611.0452880859375,2.69
30.198837280273438,613.3521118164062,2.7
30.48107147216797,614.6837768554688,2.71
30.77303695678711,616.636474609375,2.72
32.369110107421875,619.833740234375,2.73
33.342323303222656,627.6522827148438,2.74
33.72187805175781,631.2960815429688,2.75
34.169551849365234,631.2960815429688,2.76
34.90919876098633,641.7041625976562,2.77
35.09410858154297,645.5302734375,2.78
35.74616241455078,650.6959838867188,2.79
35.74616241455078,650.6959838867188,2.8
35.74616241455078,650.6959838867188,2.81
35.74616241455078,650.6959838867188,2.82
35.74616241455078,650.6959838867188,2.83
34.91893005371094,647.5780639648438,2.84
30.35455322265625,620.4546508789062,2.85
24.9434814453125,586.0516357421875,2.86
21.809734344482422,549.3841552734375,2.87
20.31098175048828,518.0330810546875,2.88
17.595714569091797,488.35455322265625,2.89
13.002142906188965,472.669677734375,2.9
8.89517879486084,471.969482421875,2.91
7.707856178283691,466.71917724609375,2.92
7.707856178283691,466.71917724609375,2.93
7.707856178283691,466.71917724609375,2.94
7.707856178283691,466.71917724609375,2.95
7.707856178283691,466.71917724609375,2.96
10.257678031921387,471.6207275390625,2.97
11.600714683532715,471.79510498046875,2.98
11.649374961853027,473.6341552734375,2.99
12.865893363952637,473.6341552734375,3.0
13.615269660949707,473.80853271484375,3.01
14.94857120513916,474.9473876953125,3.02
17.33294677734375,479.5001220703125,3.03
18.929019927978516,479.5001220703125,3.04
19.65892791748047,479.5001220703125,3.05
20.184467315673828,474.9473876953125,3.06
20.184467315673828,474.9473876953125,3.07
20.184467315673828,479.5001220703125,3.08
20.184467315673828,479.58990478515625,3.09
20.184467315673828,482.0419921875,3.1
17.92660903930664,486.24859619140625,3.11
17.167499542236328,482.0419921875,3.12
17.089645385742188,482.0419921875,3.13
16.077499389648438,482.0419921875,3.14
14.510626792907715,482.0419921875,3.15
10.997323036193848,474.9473876953125,3.16
7.7759809494018555,447.05242919921875,3.17
4.418393135070801,428.64068603515625,3.18
1.8783035278320312,428.64068603515625,3.19
-0.18491077423095703,428.64068603515625,3.2
-2.520625114440918,428.64068603515625,3.21
-6.851428985595703,428.64068603515625,3.22
-7.785714626312256,432.39013671875,3.23
-7.785714626312256,440.330322265625,3.24
-7.785714626312256,444.16961669921875,3.25
-7.785714626312256,457.88592529296875,3.26
-7.785714626312256,457.88592529296875,3.27
-6.900089263916016,457.88592529296875,3.28
-4.447589874267578,457.88592529296875,3.29
-1.051072120666504,459.6351318359375,3.3
1.936697006225586,460.2454833984375,3.31
2.8807144165039062,460.2454833984375,3.32
4.214018821716309,459.6351318359375,3.33
4.214018821716309,454.73895263671875,3.34
4.214018821716309,453.34112548828125,3.35
4.214018821716309,450.01971435546875,3.36
4.214018821716309,450.01971435546875,3.37
2.997500419616699,417.4901123046875,3.38
0.16544628143310547,391.83319091796875,3.39
-2.588749885559082,391.83319091796875,3.4
-7.19205379486084,391.83319091796875,3.41
-11.649375915527344,391.83319091796875,3.42
-16.651697158813477,391.83319091796875,3.43
-20.028751373291016,395.91558837890625,3.44
-21.722145080566406,400.43658447265625,3.45
-21.722145080566406,415.05126953125,3.46
-21.722145080566406,428.81512451171875,3.47
-21.722145080566406,439.71728515625,3.48
-21.722145080566406,440.2431640625,3.49
-19.02634048461914,444.2568359375,3.5
-15.503303527832031,446.3521728515625,3.51
-11.61044692993164,446.61376953125,3.52
-9.1190185546875,455.52630615234375,3.53
-7.542410850524902,460.2454833984375,3.54
-7.542410850524902,478.09967041015625,3.55
-7.542410850524902,478.09967041015625,3.56
-7.542410850524902,478.09967041015625,3.57
-7.542410850524902,478.09967041015625,3.58
-7.814910888671875,478.09967041015625,3.59
-9.722411155700684,458.060302734375,3.6
-12.943750381469727,432.5645751953125,3.61
-16.807411193847656,415.66162109375,3.62
-19.415626525878906,414.18194580078125,3.63
-22.86080551147461,414.18194580078125,3.64
-22.86080551147461,414.18194580078125,3.65
-24.32062530517578,414.18194580078125,3.66
-24.32062530517578,415.66162109375,3.67
-24.32062530517578,416.6181640625,3.68
-24.32062530517578,418.88262939453125,3.69
-24.32062530517578,429.1639404296875,3.7
-22.880268096923828,437.7117919921875,3.71
-20.359642028808594,450.98150634765625,3.72
-18.792770385742188,450.98150634765625,3.73
-13.702857971191406,450.98150634765625,3.74
-12.68098258972168,450.98150634765625,3.75
-8.904911041259766,451.24310302734375,3.76
-7.367232322692871,454.73895263671875,3.77
-5.48892879486084,451.24310302734375,3.78
-5.48892879486084,450.98150634765625,3.79
-5.48892879486084,449.14776611328125,3.8
-5.48892879486084,436.66546630859375,3.81
-5.48892879486084,435.88067626953125,3.82
-8.223661422729492,435.706298828125,3.83
-12.174911499023438,413.92034912109375,3.84
-17.128572463989258,409.04791259765625,3.85
-17.498394012451172,409.04791259765625,3.86
-20.661338806152344,409.04791259765625,3.87
-23.094375610351562,409.04791259765625,3.88
-23.610179901123047,409.04791259765625,3.89
-23.610179901123047,416.79254150390625,3.9
-23.610179901123047,418.62103271484375,3.91
-23.610179901123047,424.63232421875,3.92
-23.610179901123047,424.63232421875,3.93
-21.65401840209961,424.63232421875,3.94
-17.93634033203125,430.646240234375,3.95
-13.975357055664062,433.52374267578125,3.96
-10.948660850524902,433.52374267578125,3.97
-9.897589683532715,433.52374267578125,3.98
-9.897589683532715,421.6702880859375,3.99
-9.897589683532715,419.49298095703125,4.0
-9.897589683532715,414.44354248046875,4.01
-9.897589683532715,404.5242919921875,4.02
-11.91214370727539,395.1361083984375,4.03
-14.968036651611328,395.1361083984375,4.04
-18.023929595947266,395.1361083984375,4.05
-20.641876220703125,395.1361083984375,4.06
-23.561519622802734,395.1361083984375,4.07
-23.561519622802734,406.6116943359375,4.08
-23.561519622802734,409.917236328125,4.09
-23.561519622802734,410.43780517578125,4.1
-23.561519622802734,412.440673828125,4.11
-21.245269775390625,416.3565673828125,4.12
-18.890090942382812,419.318603515625,4.13
-13.498482704162598,422.1934814453125,4.14
-12.077589988708496,422.1934814453125,4.15
-9.449911117553711,422.1934814453125,4.16
-4.866071701049805,421.75750732421875,4.17
-4.866071701049805,419.318603515625,4.18
-4.866071701049805,418.9698486328125,4.19
-4.866071701049805,416.3565673828125,4.2
-4.866071701049805,399.91607666015625,4.21
-5.829553604125977,398.95953369140625,4.22
-8.369643211364746,398.95953369140625,4.23
-11.13357162475586,398.95953369140625,4.24
-14.325715065002441,398.95953369140625,4.25
-17.566518783569336,399.91607666015625,4.26
-18.598125457763672,401.21875,4.27
-18.598125457763672,404.60882568359375,4.28
-18.598125457763672,410.09161376953125,4.29
-18.598125457763672,410.09161376953125,4.3
-18.598125457763672,413.484375,4.31
-16.272144317626953,414.96405029296875,4.32
-13.576339721679688,415.574462890625,4.33
-11.114107131958008,416.70538330078125,4.34
-9.177411079406738,416.70538330078125,4.35
-8.165267944335938,415.574462890625,4.36
-8.165267944335938,414.96405029296875,4.37
-8.165267944335938,412.1790771484375,4.38
-8.165267944335938,412.1790771484375,4.39
-8.165267944335938,403.48052978515625,4.4
-9.080089569091797,396.264404296875,4.41
-11.337946891784668,396.264404296875,4.42
-13.576339721679688,396.264404296875,4.43
-15.386518478393555,396.264404296875,4.44
-16.787946701049805,396.264404296875,4.45
-16.787946701049805,397.741455078125,4.46
-16.787946701049805,398.95953369140625,4.47
-16.787946701049805,402.6112060546875,4.48
-16.787946701049805,404.0010986328125,4.49
-15.697946548461914,404.34991455078125,4.5
-14.559286117553711,404.43707275390625,4.51
-13.829376220703125,404.43707275390625,4.52
-13.196785926818848,404.87042236328125,4.53
-11.941339492797852,404.87042236328125,4.54
-9.644554138183594,404.34991455078125,4.55
-9.313661575317383,404.34991455078125,4.56
-9.206607818603516,404.87042236328125,4.57
-9.206607818603516,404.95758056640625,4.58
-9.206607818603516,406.69891357421875,4.59
-9.206607818603516,404.87042236328125,4.6
-9.206607818603516,404.87042236328125,4.61
-9.741875648498535,402.9573974609375,4.62
-10.44258975982666,402.87017822265625,4.63
-10.938928604125977,402.87017822265625,4.64
-11.367143630981445,402.262451171875,4.65
-12.009464263916016,399.828857421875,4.66
-12.135982513427734,399.5672607421875,4.67
-12.5252685546875,398.34918212890625,4.68
-12.749107360839844,398.26458740234375,4.69
-12.749107360839844,393.6590576171875,4.7
-12.749107360839844,392.353759765625,4.71
-12.749107360839844,388.96630859375,4.72
-12.749107360839844,388.35858154296875,4.73
-12.632322311401367,388.18682861328125,4.74
-12.359822273254395,387.7508544921875,4.75
-11.483928680419922,387.7508544921875,4.76
-10.646965026855469,387.3175048828125,4.77
-9.858660697937012,387.055908203125,4.78
-9.644554138183594,386.8841552734375,4.79
-9.089821815490723,386.8841552734375,4.8
-8.544821739196777,387.7508544921875,4.81
-7.707857131958008,388.18682861328125,4.82
-6.666518211364746,388.44573974609375,4.83
-5.732232570648193,388.70733642578125,4.84
-4.7590179443359375,388.70733642578125,4.85
-3.737143039703369,388.70733642578125,4.86
-2.7931251525878906,389.489501953125,4.87
-2.442768096923828,390.18438720703125,4.88
-2.36491060256958,390.35614013671875,4.89
-2.228661060333252,390.7049560546875,4.9
-1.4890174865722656,390.7921142578125,4.91
0.5547323226928711,391.05108642578125,4.92
0.6325893402099609,391.83319091796875,4.93
0.9537496566772461,392.7025146484375,4.94
0.9537496566772461,392.876953125,4.95
0.9537496566772461,396.43878173828125,4.96
0.9537496566772461,396.52593994140625,4.97
0.9537496566772461,396.52593994140625,4.98
0.885624885559082,396.52593994140625,4.99
-0.1946430206298828,397.22088623046875,5.0
-2.034018039703369,397.22088623046875,5.01
-3.192142963409424,397.65423583984375,5.02
-3.192142963409424,397.22088623046875,5.03
-3.192142963409424,395.6566162109375,5.04
-3.63008975982666,394.96173095703125,5.05
-3.892857074737549,394.96173095703125,5.06
-4.223750114440918,394.96173095703125,5.07
-4.340536117553711,394.96173095703125,5.08
-4.340536117553711,392.09478759765625,5.09
-4.583839416503906,391.3126220703125,5.1
-4.720089435577393,391.3126220703125,5.11
-4.797946453094482,391.3126220703125,5.12
-4.846607685089111,391.487060546875,5.13
-4.914732456207275,391.487060546875,5.14
-4.914732456207275,391.3126220703125,5.15
-4.914732456207275,390.61773681640625,5.16
-5.294285774230957,390.87664794921875,5.17
-5.664107322692871,390.87664794921875,5.18
-5.664107322692871,390.87664794921875,5.19
-5.975536346435547,390.61773681640625,5.2
-6.286964416503906,390.61773681640625,5.21
-6.364821434020996,390.61773681640625,5.22
-6.413482666015625,390.61773681640625,5.23
-6.588661193847656,390.61773681640625,5.24
-6.588661193847656,390.7921142578125,5.25
-6.588661193847656,390.61773681640625,5.26
-6.588661193847656,390.7921142578125,5.27
-6.588661193847656,390.7921142578125,5.28
-6.335625171661377,391.05108642578125,5.29
-6.257768154144287,391.92041015625,5.3
-6.140982627868652,391.05108642578125,5.31
-6.140982627868652,391.39990234375,5.32
-6.140982627868652,391.74603271484375,5.33
-6.140982627868652,391.39990234375,5.34
-6.140982627868652,391.74603271484375,5.35
-6.2772321701049805,391.6588134765625,5.36
-6.2772321701049805,391.74603271484375,5.37
-6.2772321701049805,391.74603271484375,5.38
-6.2772321701049805,391.74603271484375,5.39
-6.2772321701049805,391.74603271484375,5.4
-6.092321395874023,392.6153564453125,5.41
-6.092321395874023,392.6153564453125,5.42
-6.092321395874023,392.6153564453125,5.43
-6.092321395874023,392.6153564453125,5.44
-6.092321395874023,392.78973388671875,5.45
-6.2772321701049805,392.78973388671875,5.46
-6.442678451538086,392.96148681640625,5.47
-6.4621429443359375,393.484619140625,5.48
-6.530267715454102,393.484619140625,5.49
-6.539999961853027,393.5718994140625,5.5
-6.676250457763672,393.5718994140625,5.51
-6.783303737640381,393.6590576171875,5.52
-6.939018249511719,393.5718994140625,5.53
-7.123929023742676,393.5718994140625,5.54
-7.318572044372559,393.3974609375,5.55
-7.435357093811035,393.3974609375,5.56
-7.503482341766357,393.3974609375,5.57
-7.659196853637695,393.5718994140625,5.58
-7.727321624755859,393.5718994140625,5.59
-7.785714626312256,393.5718994140625,5.6
-7.921964645385742,393.5718994140625,5.61
-8.067946434020996,393.5718994140625,5.62
-8.233392715454102,394.26678466796875,5.63
-8.330714225769043,394.26678466796875,5.64
-8.447500228881836,394.35137939453125,5.65
-8.593482971191406,394.35137939453125,5.66
-8.729732513427734,394.35137939453125,5.67
-8.768661499023438,394.35137939453125,5.68
-8.865982055664062,394.35137939453125,5.69
-8.953571319580078,394.26678466796875,5.7
-8.992500305175781,394.26678466796875,5.71
-9.011964797973633,394.1795654296875,5.72
-9.128750801086426,394.1795654296875,5.73
-9.187143325805664,394.0924072265625,5.74
-9.265000343322754,394.0924072265625,5.75
-9.294197082519531,393.830810546875,5.76
-9.333125114440918,393.830810546875,5.77
-9.381786346435547,393.830810546875,5.78
-9.401250839233398,393.830810546875,5.79
-9.420714378356934,393.830810546875,5.8
-9.469375610351562,394.35137939453125,5.81
-9.488840103149414,394.43853759765625,5.82
-9.498571395874023,394.43853759765625,5.83
-9.518035888671875,394.35137939453125,5.84
-9.547232627868652,394.35137939453125,5.85
-9.57642936706543,394.6129150390625,5.86
-9.57642936706543,394.6129150390625,5.87
-9.595892906188965,394.0924072265625,5.88
-9.65428638458252,394.0924072265625,5.89
-9.673750877380371,394.00518798828125,5.9
-9.693214416503906,393.830810546875,5.91
-9.693214416503906,394.00518798828125,5.92
-9.693214416503906,394.00518798828125,5.93
-9.741875648498535,394.00518798828125,5.94
-9.741875648498535,394.00518798828125,5.95
-9.751607894897461,394.0924072265625,5.96
-9.771071434020996,393.74359130859375,5.97
-9.771071434020996,393.74359130859375,5.98
-9.780803680419922,393.74359130859375,5.99
-9.790535926818848,393.830810546875,6.0
-9.800268173217773,393.830810546875,6.01
-9.8100004196167,393.830810546875,6.02
-9.819732666015625,393.830810546875,6.03
-9.819732666015625,393.830810546875,6.04
-9.819732666015625,393.830810546875,6.05
-9.82946491241455,393.830810546875,6.06
-9.839197158813477,393.830810546875,6.07
-9.839197158813477,393.830810546875,6.08
-9.82946491241455,393.830810546875,6.09
-9.839197158813477,393.830810546875,6.1
-9.839197158813477,393.830810546875,6.11
-9.839197158813477,393.830810546875,6.12
-9.839197158813477,393.830810546875,6.13
-9.82946491241455,393.830810546875,6.14
-9.82946491241455,393.830810546875,6.15
-9.82946491241455,393.830810546875,6.16
-9.82946491241455,393.830810546875,6.17
-9.839197158813477,393.830810546875,6.18
-9.839197158813477,393.830810546875,6.19
-9.839197158813477,393.830810546875,6.2
-9.839197158813477,393.74359130859375,6.21
0.0,393.74359130859375,6.22
0.0,393.5718994140625,6.23
0.0,393.1358642578125,6.24
0.0,393.1358642578125,6.25
0.0,393.1358642578125,6.26
0.0,393.1358642578125,6.27
0.0,393.1358642578125,6.28
0.0,393.22308349609375,6.29
0.0,393.91796875,6.3
0.0,393.91796875,6.31
0.0,393.91796875,6.32
0.0,393.91796875,6.33
0.0,393.484619140625,6.34
0.0,393.484619140625,6.35
0.0,393.3974609375,6.36
0.0,393.3974609375,6.37
0.0,393.484619140625,6.38
0.0,393.3974609375,6.39
0.0,393.484619140625,6.4
0.0,393.484619140625,6.41
0.0,393.3974609375,6.42
0.0,393.5718994140625,6.43
0.0,393.484619140625,6.44
0.0,393.484619140625,6.45
0.0,393.484619140625,6.46
0.0,393.484619140625,6.47
0.0,393.484619140625,6.48
0.0,393.484619140625,6.49
0.0,393.484619140625,6.5
0.0,393.484619140625,6.51
0.0,393.22308349609375,6.52
0.0,393.1358642578125,6.53
0.0,393.22308349609375,6.54
0.0,393.1358642578125,6.55
0.0,392.96148681640625,6.56
0.0,392.876953125,6.57
0.0,392.876953125,6.58
0.0,392.78973388671875,6.59
0.0,392.876953125,6.6
0.0,392.876953125,6.61
0.0,392.876953125,6.62
0.0,392.78973388671875,6.63
0.0,392.78973388671875,6.64
0.0,392.7025146484375,6.65
0.0,392.7025146484375,6.66
0.0,392.78973388671875,6.67
0.0,392.353759765625,6.68
0.0,392.353759765625,6.69
0.0,392.09478759765625,6.7
0.0,392.09478759765625,6.71
0.0,392.353759765625,6.72
0.0,392.2691650390625,6.73
0.0,392.2691650390625,6.74
0.0,392.2691650390625,6.75
0.0,392.09478759765625,6.76
0.0,392.007568359375,6.77
0.0,391.57427978515625,6.78
0.0,391.2254638671875,6.79
0.0,391.2254638671875,6.8
0.0,391.2254638671875,6.81
0.0,390.7049560546875,6.82
0.0,390.61773681640625,6.83
0.0,390.7049560546875,6.84
0.0,390.7921142578125,6.85
0.0,390.7921142578125,6.86
0.0,390.7921142578125,6.87
0.0,391.05108642578125,6.88
0.0,391.05108642578125,6.89
0.0,391.05108642578125,6.9
0.0,391.1383056640625,6.91
0.0,391.1383056640625,6.92
0.0,391.1383056640625,6.93
0.0,391.05108642578125,6.94
0.0,390.530517578125,6.95
0.0,390.010009765625,6.96
0.0,390.010009765625,6.97
0.0,389.92279052734375,6.98
0.0,389.92279052734375,6.99
0.0,389.92279052734375,7.0
0.0,389.92279052734375,7.01
0.0,389.92279052734375,7.02
0.0,389.40228271484375,7.03
0.0,389.92279052734375,7.04
0.0,389.92279052734375,7.05
0.0,389.40228271484375,7.06
0.0,389.40228271484375,7.07
0.0,389.3150634765625,7.08
0.0,389.3150634765625,7.09
0.0,389.3150634765625,7.1
0.0,389.7484130859375,7.11
0.0,389.7484130859375,7.12
0.0,389.14068603515625,7.13
0.0,388.18682861328125,7.14
0.0,389.14068603515625,7.15
0.0,388.7945556640625,7.16
0.0,388.96630859375,7.17
0.0,388.96630859375,7.18
0.0,388.7945556640625,7.19
0.0,388.44573974609375,7.2
0.0,388.44573974609375,7.21
0.0,388.44573974609375,7.22
0.0,388.44573974609375,7.23
0.0,388.44573974609375,7.24
0.0,388.099609375,7.25
0.0,387.5791015625,7.26
0.0,387.5791015625,7.27
0.0,387.5791015625,7.28
0.0,388.012451171875,7.29
0.0,388.012451171875,7.3
0.0,387.5791015625,7.31
0.0,387.4046630859375,7.32
0.0,387.4046630859375,7.33
0.0,387.4046630859375,7.34
0.0,387.23028564453125,7.35
0.0,387.14306640625,7.36
0.0,386.709716796875,7.37
0.0,386.27642822265625,7.38
0.0,386.27642822265625,7.39
0.0,386.27642822265625,7.4
0.0,386.189208984375,7.41
0.0,386.10205078125,7.42
0.0,386.10205078125,7.43
0.0,386.10205078125,7.44
0.0,386.27642822265625,7.45
0.0,386.36358642578125,7.46
0.0,386.36358642578125,7.47
0.0,385.4942626953125,7.48
0.0,385.31988525390625,7.49
0.0,385.31988525390625,7.5
0.0,385.31988525390625,7.51
0.0,384.79937744140625,7.52
0.0,384.79937744140625,7.53
0.0,384.0198974609375,7.54
0.0,384.0198974609375,7.55
0.0,383.15057373046875,7.56
0.0,383.15057373046875,7.57
0.0,383.15057373046875,7.58
0.0,383.324951171875,7.59
0.0,383.412109375,7.6
0.0,383.324951171875,7.61
0.0,383.324951171875,7.62
0.0,383.324951171875,7.63
0.0,383.324951171875,7.64
0.0,383.324951171875,7.65
0.0,383.324951171875,7.66
0.0,383.324951171875,7.67
0.0,383.324951171875,7.68
0.0,383.324951171875,7.69
0.0,383.324951171875,7.7
0.0,383.324951171875,7.71
0.0,383.324951171875,7.72
0.0,383.84552001953125,7.73
0.0,383.84552001953125,7.74
0.0,383.93267822265625,7.75
0.0,384.5404052734375,7.76
0.0,384.71478271484375,7.77
0.0,385.4071044921875,7.78
0.0,385.4071044921875,7.79
0.0,385.66864013671875,7.8
0.0,386.36358642578125,7.81
0.0,386.4508056640625,7.82
0.0,387.055908203125,7.83
0.0,387.3175048828125,7.84
0.0,388.099609375,7.85
0.0,388.099609375,7.86
0.0,388.6201171875,7.87
0.0,388.6201171875,7.88
0.0,388.099609375,7.89
0.0,388.099609375,7.9
0.0,388.099609375,7.91
0.0,387.9251708984375,7.92
0.0,387.7508544921875,7.93
0.0,387.4046630859375,7.94
0.0,386.8841552734375,7.95
0.0,386.8841552734375,7.96
0.0,386.36358642578125,7.97
0.0,386.36358642578125,7.98
0.0,386.36358642578125,7.99
0.0,386.01483154296875,8.0
0.0,385.9276123046875,8.01
0.0,385.84307861328125,8.02
0.0,385.84307861328125,8.03
0.0,385.31988525390625,8.04
0.0,385.31988525390625,8.05
0.0,383.49932861328125,8.06
0.0,383.0633544921875,8.07
0.0,382.978759765625,8.08
0.0,382.8916015625,8.09
0.0,382.80438232421875,8.1
0.0,381.32733154296875,8.11
0.0,380.5478515625,8.12
0.0,380.2862548828125,8.13
0.0,380.02728271484375,8.14
0.0,380.02728271484375,8.15
0.0,379.3323974609375,8.16
0.0,377.16571044921875,8.17
0.0,377.0784912109375,8.18
0.0,376.90411376953125,8.19
0.0,375.516845703125,8.2
0.0,375.516845703125,8.21
0.0,375.516845703125,8.22
0.0,375.25531005859375,8.23
0.0,374.996337890625,8.24
0.0,374.996337890625,8.25
0.0,374.82196044921875,8.26
0.0,374.56298828125,8.27
0.0,374.38861083984375,8.28
0.0,374.3013916015625,8.29
0.0,373.95526123046875,8.3
0.0,374.3013916015625,8.31
0.0,374.12969970703125,8.32
0.0,373.95526123046875,8.33
0.0,373.86810302734375,8.34
0.0,373.7808837890625,8.35
0.0,373.7808837890625,8.36
0.0,373.3475341796875,8.37
0.0,373.26300048828125,8.38
0.0,372.6552734375,8.39
0.0,372.4808349609375,8.4
0.0,372.4808349609375,8.41
0.0,372.13470458984375,8.42
0.0,372.13470458984375,8.43
0.0,372.4808349609375,8.44
0.0,372.4808349609375,8.45
0.0,372.13470458984375,8.46
0.0,372.0474853515625,8.47
0.0,370.834716796875,8.48
0.0,370.834716796875,8.49
0.0,370.1397705078125,8.5
0.0,370.1397705078125,8.51
0.0,370.74749755859375,8.52
0.0,370.74749755859375,8.53
0.0,370.1397705078125,8.54
0.0,370.1397705078125,8.55
0.0,369.968017578125,8.56
0.0,369.88079833984375,8.57
0.0,369.79364013671875,8.58
0.0,369.79364013671875,8.59
0.0,369.7064208984375,8.6
0.0,369.44744873046875,8.61
0.0,368.83978271484375,8.62
0.0,368.66796875,8.63
0.0,368.060302734375,8.64
0.0,367.9730224609375,8.65
0.0,367.88848876953125,8.66
0.0,367.88848876953125,8.67
0.0,367.88848876953125,8.68
0.0,367.36798095703125,8.69
0.0,367.36798095703125,8.7
0.0,367.10638427734375,8.71
0.0,366.847412109375,8.72
0.0,366.847412109375,8.73
0.0,367.10638427734375,8.74
0.0,367.0218505859375,8.75
0.0,366.5885009765625,8.76
0.0,366.5885009765625,8.77
0.0,366.76025390625,8.78
0.0,366.76025390625,8.79
0.0,366.847412109375,8.8
0.0,367.0218505859375,8.81
0.0,367.0218505859375,8.82
0.0,367.0218505859375,8.83
0.0,367.19354248046875,8.84
0.0,367.28076171875,8.85
0.0,367.45513916015625,8.86
0.0,367.88848876953125,8.87
0.0,367.45513916015625,8.88
0.0,367.45513916015625,8.89
0.0,367.45513916015625,8.9
0.0,367.88848876953125,8.91
0.0,368.060302734375,8.92
0.0,367.88848876953125,8.93
0.0,366.93463134765625,8.94
0.0,366.847412109375,8.95
0.0,366.6756591796875,8.96
0.0,366.6756591796875,8.97
0.0,366.06793212890625,8.98
0.0,365.2884521484375,8.99
0.0,364.94232177734375,9.0
0.0,364.7679443359375,9.01
0.0,364.68072509765625,9.02
0.0,364.50897216796875,9.03
0.0,363.816650390625,9.04
0.0,363.642333984375,9.05
0.0,363.642333984375,9.06
0.0,363.55511474609375,9.07
0.0,362.6038818359375,9.08
0.0,361.99609375,9.09
0.0,361.99609375,9.1
0.0,361.82171630859375,9.11
0.0,360.95770263671875,9.12
0.0,360.7833251953125,9.13
0.0,360.4371337890625,9.14
0.0,360.26544189453125,9.15
0.0,360.09100341796875,9.16
0.0,360.09100341796875,9.17
0.0,360.00384521484375,9.18
0.0,359.57049560546875,9.19
0.0,360.00384521484375,9.2
0.0,359.57049560546875,9.21
0.0,359.39874267578125,9.22
0.0,359.3115234375,9.23
0.0,359.224365234375,9.24
0.0,359.3115234375,9.25
0.0,359.224365234375,9.26
0.0,358.791015625,9.27
0.0,358.44482421875,9.28
0.0,357.7525634765625,9.29
0.0,357.7525634765625,9.3
0.0,357.7525634765625,9.31
0.0,357.7525634765625,9.32
0.0,357.7525634765625,9.33
0.0,357.7525634765625,9.34
0.0,357.580810546875,9.35
0.0,357.580810546875,9.36
0.0,357.49365234375,9.37
0.0,357.1474609375,9.38
0.0,357.1474609375,9.39
0.0,357.1474609375,9.4
0.0,357.06024169921875,9.41
0.0,357.06024169921875,9.42
0.0,356.8885498046875,9.43
0.0,356.8885498046875,9.44
0.0,357.06024169921875,9.45
0.0,357.1474609375,9.46
0.0,357.1474609375,9.47
0.0,357.1474609375,9.48
0.0,357.1474609375,9.49
0.0,357.1474609375,9.5
0.0,356.8885498046875,9.51
0.0,356.8885498046875,9.52
0.0,355.5885009765625,9.53
0.0,355.5885009765625,9.54
0.0,355.5885009765625,9.55
0.0,355.5885009765625,9.56
0.0,355.5885009765625,9.57
0.0,356.5423583984375,9.58
0.0,356.5423583984375,9.59
0.0,356.714111328125,9.6
0.0,356.80133056640625,9.61
0.0,356.8885498046875,9.62
0.0,356.8885498046875,9.63
0.0,356.80133056640625,9.64
0.0,356.80133056640625,9.65
0.0,356.80133056640625,9.66
0.0,356.80133056640625,9.67
0.0,356.80133056640625,9.68
0.0,356.4552001953125,9.69
0.0,356.36798095703125,9.7
0.0,356.28076171875,9.71
0.0,355.416748046875,9.72
0.0,355.416748046875,9.73
0.0,355.32958984375,9.74
0.0,354.63726806640625,9.75
0.0,354.63726806640625,9.76
0.0,354.63726806640625,9.77
0.0,354.63726806640625,9.78
0.0,354.63726806640625,9.79
0.0,354.20391845703125,9.8
0.0,353.16546630859375,9.81
0.0,352.64764404296875,9.82
0.0,352.64764404296875,9.83
0.0,352.5604248046875,9.84
0.0,352.30145263671875,9.85
0.0,351.86810302734375,9.86
0.0,351.7808837890625,9.87
0.0,351.6937255859375,9.88
0.0,350.9168701171875,9.89
0.0,350.9168701171875,9.9
0.0,350.8297119140625,9.91
0.0,350.65533447265625,9.92
0.0,350.65533447265625,9.93
0.0,350.30914306640625,9.94
0.0,350.13739013671875,9.95
0.0,349.35791015625,9.96
0.0,349.35791015625,9.97
0.0,349.35791015625,9.98
0.0,349.27337646484375,9.99
0.0,349.01177978515625,10.0
0.0,348.5810546875,10.01
0.0,347.97332763671875,10.02
0.0,347.8887939453125,10.03
0.0,347.8887939453125,10.04
0.0,347.6298828125,10.05
0.0,347.5426025390625,10.06
0.0,347.4554443359375,10.07
0.0,347.3682861328125,10.08
0.0,347.10931396484375,10.09
0.0,346.76312255859375,10.1
0.0,346.6785888671875,10.11
0.0,346.50421142578125,10.12
0.0,346.50421142578125,10.13
0.0,346.50421142578125,10.14
0.0,346.2452392578125,10.15
0.0,346.1580810546875,10.16
0.0,345.986328125,10.17
0.0,345.7274169921875,10.18
0.0,345.81195068359375,10.19
0.0,345.81195068359375,10.2
0.0,345.81195068359375,10.21
0.0,345.7274169921875,10.22
0.0,345.7274169921875,10.23
0.0,345.7274169921875,10.24
0.0,345.7274169921875,10.25
0.0,345.7274169921875,10.26
0.0,344.9478759765625,10.27
0.0,344.1710205078125,10.28
0.0,344.1710205078125,10.29
0.0,344.0838623046875,10.3
0.0,343.90948486328125,10.31
0.0,343.90948486328125,10.32
0.0,343.90948486328125,10.33
0.0,343.90948486328125,10.34
0.0,343.82489013671875,10.35
0.0,343.7376708984375,10.36
0.0,343.82489013671875,10.37
0.0,343.7376708984375,10.38
0.0,343.7376708984375,10.39
0.0,343.7376708984375,10.4
0.0,343.56597900390625,10.41
0.0,342.8736572265625,10.42
0.0,342.7864990234375,10.43
0.0,342.61468505859375,10.44
0.0,342.7864990234375,10.45
0.0,342.7864990234375,10.46
0.0,342.7864990234375,10.47
0.0,342.61468505859375,10.48
0.0,342.52752685546875,10.49
0.0,342.52752685546875,10.5
0.0,342.52752685546875,10.51
0.0,342.61468505859375,10.52
0.0,342.96087646484375,10.53
0.0,342.61468505859375,10.54
0.0,342.2685546875,10.55
0.0,342.61468505859375,10.56
0.0,342.69927978515625,10.57
0.0,342.69927978515625,10.58
0.0,341.748046875,10.59
0.0,342.09417724609375,10.6
0.0,341.748046875,10.61
0.0,341.5762939453125,10.62
0.0,341.404541015625,10.63
0.0,341.31732177734375,10.64
0.0,341.31732177734375,10.65
0.0,341.23016357421875,10.66
0.0,340.62506103515625,10.67
0.0,340.62506103515625,10.68
0.0,340.62506103515625,10.69
0.0,340.62506103515625,10.7
0.0,340.537841796875,10.71
0.0,340.537841796875,10.72
0.0,340.537841796875,10.73
0.0,340.537841796875,10.74
0.0,340.537841796875,10.75
0.0,339.673828125,10.76
0.0,339.2431640625,10.77
0.0,338.7252197265625,10.78
0.0,338.37908935546875,10.79
0.0,338.1201171875,10.8
0.0,338.37908935546875,10.81
0.0,338.37908935546875,10.82
0.0,338.1201171875,10.83
0.0,337.4278564453125,10.84
0.0,337.4278564453125,10.85
0.0,337.256103515625,10.86
0.0,336.47662353515625,10.87
0.0,336.39202880859375,10.88
0.0,336.0458984375,10.89
0.0,336.0458984375,10.9
0.0,335.7869873046875,10.91
0.0,335.181884765625,10.92
0.0,335.181884765625,10.93
0.0,334.5767822265625,10.94
0.0,334.5767822265625,10.95
0.0,334.48956298828125,10.96
0.0,334.23065185546875,10.97
0.0,334.23065185546875,10.98
0.0,333.7999267578125,10.99
0.0,334.23065185546875,11.0
0.0,334.66400146484375,11.01
0.0,334.23065185546875,11.02
0.0,334.5767822265625,11.03
0.0,334.23065185546875,11.04
0.0,333.9716796875,11.05
0.0,333.9716796875,11.06
0.0,333.88714599609375,11.07
0.0,333.9716796875,11.08
0.0,333.88714599609375,11.09
0.0,333.628173828125,11.1
0.0,333.45379638671875,11.11
0.0,333.45379638671875,11.12
0.0,333.10760498046875,11.13
0.0,332.76416015625,11.14
0.0,332.58978271484375,11.15
0.0,332.50518798828125,11.16
0.0,332.50518798828125,11.17
0.0,332.330810546875,11.18
0.0,331.90008544921875,11.19
0.0,331.7283935546875,11.2
0.0,331.7283935546875,11.21
0.0,331.90008544921875,11.22
0.0,331.90008544921875,11.23
0.0,331.90008544921875,11.24
0.0,331.7283935546875,11.25
0.0,331.64117431640625,11.26
0.0,331.64117431640625,11.27
0.0,331.81292724609375,11.28
0.0,331.90008544921875,11.29
0.0,331.81292724609375,11.3
0.0,331.7283935546875,11.31
0.0,331.64117431640625,11.32
0.0,331.64117431640625,11.33
0.0,331.12322998046875,11.34
0.0,331.7283935546875,11.35
0.0,331.7283935546875,11.36
0.0,331.7283935546875,11.37
0.0,331.3822021484375,11.38
0.0,331.7283935546875,11.39
0.0,331.81292724609375,11.4
0.0,331.81292724609375,11.41
0.0,331.81292724609375,11.42
0.0,331.81292724609375,11.43
0.0,331.64117431640625,11.44
0.0,331.3822021484375,11.45
0.0,329.39520263671875,11.46
0.0,329.39520263671875,11.47
0.0,329.39520263671875,11.48
0.0,329.3079833984375,11.49
0.0,329.3079833984375,11.5
0.0,329.22344970703125,11.51
0.0,329.13623046875,11.52
0.0,329.13623046875,11.53
0.0,328.79010009765625,11.54
0.0,328.79010009765625,11.55
0.0,328.79010009765625,11.56
0.0,328.79010009765625,11.57
0.0,328.87725830078125,11.58
0.0,328.79010009765625,11.59
0.0,328.272216796875,11.6
0.0,328.87725830078125,11.61
0.0,328.87725830078125,11.62
0.0,328.9644775390625,11.63
0.0,328.87725830078125,11.64
0.0,328.359375,11.65
0.0,328.272216796875,11.66
0.0,328.01324462890625,11.67
0.0,328.01324462890625,11.68
0.0,327.84149169921875,11.69
0.0,327.66973876953125,11.7
0.0,327.84149169921875,11.71
0.0,327.66973876953125,11.72
0.0,327.3236083984375,11.73
0.0,327.3236083984375,11.74
0.0,327.23638916015625,11.75
0.0,327.23638916015625,11.76
0.0,326.63397216796875,11.77
0.0,325.7698974609375,11.78
0.0,325.7698974609375,11.79
0.0,325.7698974609375,11.8
0.0,325.7698974609375,11.81
0.0,325.7698974609375,11.82
0.0,325.7698974609375,11.83
0.0,325.7698974609375,11.84
0.0,325.7698974609375,11.85
0.0,325.94171142578125,11.86
0.0,325.94171142578125,11.87
0.0,325.7698974609375,11.88
0.0,324.99310302734375,11.89
0.0,324.734130859375,11.9
0.0,324.734130859375,11.91
0.0,324.734130859375,11.92
0.0,324.734130859375,11.93
0.0,324.734130859375,11.94
0.0,324.04449462890625,11.95
0.0,324.04449462890625,11.96
0.0,324.04449462890625,11.97
0.0,323.7855224609375,11.98
0.0,323.87274169921875,11.99
0.0,323.87274169921875,12.0
0.0,323.87274169921875,12.01
0.0,323.87274169921875,12.02
0.0,323.7855224609375,12.03
0.0,323.7855224609375,12.04
0.0,323.526611328125,12.05
0.0,323.09326171875,12.06
0.0,323.00872802734375,12.07
0.0,322.9215087890625,12.08
0.0,322.83697509765625,12.09
0.0,322.83697509765625,12.1
0.0,322.9215087890625,12.11
0.0,322.83697509765625,12.12
0.0,322.83697509765625,12.13
0.0,322.66253662109375,12.14
0.0,322.40362548828125,12.15
0.0,322.66253662109375,12.16
0.0,322.40362548828125,12.17
0.0,322.40362548828125,12.18
0.0,321.28326416015625,12.19
0.0,321.28326416015625,12.2
0.0,321.28326416015625,12.21
0.0,321.28326416015625,12.22
0.0,320.5936279296875,12.23
0.0,320.5936279296875,12.24
0.0,320.5936279296875,12.25
0.0,320.24749755859375,12.26
0.0,320.07574462890625,12.27
0.0,319.8167724609375,12.28
0.0,319.8167724609375,12.29
0.0,320.07574462890625,12.3
0.0,320.07574462890625,12.31
0.0,320.07574462890625,12.32
0.0,320.07574462890625,12.33
0.0,320.1629638671875,12.34
0.0,320.1629638671875,12.35
0.0,320.1629638671875,12.36
0.0,320.1629638671875,12.37
0.0,319.8167724609375,12.38
0.0,319.7296142578125,12.39
0.0,319.7296142578125,12.4
0.0,319.7296142578125,12.41
0.0,318.8681640625,12.42
0.0,318.69647216796875,12.43
0.0,318.8681640625,12.44
0.0,319.64239501953125,12.45
0.0,319.03997802734375,12.46
0.0,318.8681640625,12.47
0.0,318.8681640625,12.48
0.0,318.69647216796875,12.49
0.0,318.4375,12.5
0.0,318.09130859375,12.51
0.0,317.74517822265625,12.52
0.0,317.74517822265625,12.53
0.0,317.74517822265625,12.54
0.0,317.74517822265625,12.55
0.0,317.74517822265625,12.56
0.0,317.4888916015625,12.57
0.0,317.14276123046875,12.58
0.0,317.14276123046875,12.59
0.0,317.14276123046875,12.6
0.0,316.97100830078125,12.61
0.0,316.97100830078125,12.62
0.0,316.97100830078125,12.63
0.0,316.8837890625,12.64
0.0,316.6248779296875,12.65
0.0,316.6248779296875,12.66
0.0,316.6248779296875,12.67
0.0,316.540283203125,12.68
0.0,316.36590576171875,12.69
0.0,316.36590576171875,12.7
0.0,316.10693359375,12.71
0.0,315.93524169921875,12.72
0.0,315.5045166015625,12.73
0.0,314.98663330078125,12.74
0.0,314.98663330078125,12.75
0.0,314.98663330078125,12.76
0.0,314.64312744140625,12.77
0.0,314.46875,12.78
0.0,314.46875,12.79
0.0,313.9534912109375,12.8
0.0,313.779052734375,12.81
0.0,313.779052734375,12.82
0.0,313.86627197265625,12.83
0.0,313.779052734375,12.84
0.0,313.779052734375,12.85
0.0,313.779052734375,12.86
0.0,313.52276611328125,12.87
0.0,313.52276611328125,12.88
0.0,313.08941650390625,12.89
0.0,313.08941650390625,12.9
0.0,312.8331298828125,12.91
0.0,312.57415771484375,12.92
0.0,312.57415771484375,12.93
0.0,312.57415771484375,12.94
0.0,312.4024658203125,12.95
0.0,312.140869140625,12.96
0.0,312.140869140625,12.97
0.0,312.140869140625,12.98
0.0,312.140869140625,12.99
0.0,312.140869140625,13.0
0.0,312.140869140625,13.01
0.0,312.140869140625,13.02
0.0,311.19488525390625,13.03
0.0,311.0205078125,13.04
0.0,311.0205078125,13.05
0.0,311.0205078125,13.06
0.0,311.0205078125,13.07
0.0,311.0205078125,13.08
0.0,311.0205078125,13.09
0.0,310.677001953125,13.1
0.0,310.76416015625,13.11
0.0,310.677001953125,13.12
0.0,310.677001953125,13.13
0.0,309.98736572265625,13.14
0.0,309.98736572265625,13.15
0.0,309.98736572265625,13.16
0.0,309.98736572265625,13.17
0.0,309.98736572265625,13.18
0.0,309.90277099609375,13.19
0.0,309.81561279296875,13.2
0.0,309.81561279296875,13.21
0.0,309.7283935546875,13.22
0.0,309.7283935546875,13.23
0.0,309.81561279296875,13.24
0.0,309.7283935546875,13.25
0.0,309.7283935546875,13.26
0.0,309.213134765625,13.27
0.0,308.9542236328125,13.28
0.0,308.782470703125,13.29
0.0,308.69525146484375,13.3
0.0,308.52349853515625,13.31
0.0,308.0927734375,13.32
0.0,308.0927734375,13.33
0.0,307.91839599609375,13.34
0.0,308.0927734375,13.35
0.0,307.91839599609375,13.36
0.0,307.91839599609375,13.37
0.0,307.7467041015625,13.38
0.0,307.57489013671875,13.39
0.0,307.57489013671875,13.4
0.0,307.8338623046875,13.41
0.0,307.57489013671875,13.42
0.0,307.662109375,13.43
0.0,307.57489013671875,13.44
0.0,307.662109375,13.45
0.0,307.662109375,13.46
0.0,307.8338623046875,13.47
0.0,307.8338623046875,13.48
0.0,307.662109375,13.49
0.0,307.31597900390625,13.5
0.0,307.31597900390625,13.51
0.0,307.31597900390625,13.52
0.0,306.97247314453125,13.53
0.0,306.7135009765625,13.54
0.0,306.62896728515625,13.55
0.0,306.541748046875,13.56
0.0,306.541748046875,13.57
0.0,306.541748046875,13.58
0.0,306.3699951171875,13.59
0.0,306.3699951171875,13.6
0.0,305.9393310546875,13.61
0.0,305.85211181640625,13.62
0.0,305.85211181640625,13.63
0.0,305.764892578125,13.64
0.0,305.85211181640625,13.65
0.0,305.764892578125,13.66
0.0,305.334228515625,13.67
0.0,305.24969482421875,13.68
0.0,305.1624755859375,13.69
0.0,305.07794189453125,13.7
0.0,304.90350341796875,13.71
0.0,304.7318115234375,13.72
0.0,304.7318115234375,13.73
0.0,304.7318115234375,13.74
0.0,304.647216796875,13.75
0.0,304.647216796875,13.76
0.0,304.55999755859375,13.77
0.0,304.55999755859375,13.78
0.0,304.55999755859375,13.79
0.0,304.647216796875,13.8
0.0,304.55999755859375,13.81
0.0,304.55999755859375,13.82
0.0,304.647216796875,13.83
0.0,304.647216796875,13.84
0.0,304.55999755859375,13.85
0.0,305.07794189453125,13.86
0.0,305.24969482421875,13.87
0.0,305.07794189453125,13.88
0.0,305.07794189453125,13.89
0.0,305.07794189453125,13.9
0.0,304.99072265625,13.91
0.0,304.3883056640625,13.92
0.0,304.3883056640625,13.93
0.0,304.30108642578125,13.94
0.0,303.95758056640625,13.95
0.0,303.3551025390625,13.96
0.0,303.3551025390625,13.97
0.0,303.00897216796875,13.98
0.0,303.00897216796875,13.99
0.0,302.83721923828125,14.0
0.0,302.83721923828125,14.01
0.0,303.00897216796875,14.02
0.0,302.83721923828125,14.03
0.0,302.83721923828125,14.04
0.0,302.66546630859375,14.05
0.0,302.66546630859375,14.06
0.0,302.57830810546875,14.07
0.0,302.1475830078125,14.08
0.0,302.06304931640625,14.09
0.0,302.06304931640625,14.1
0.0,301.89129638671875,14.11
0.0,301.288818359375,14.12
0.0,300.59918212890625,14.13
0.0,300.59918212890625,14.14
0.0,300.51202392578125,14.15
0.0,300.51202392578125,14.16
0.0,300.3402099609375,14.17
0.0,299.99676513671875,14.18
0.0,299.9095458984375,14.19
0.0,299.82501220703125,14.2
0.0,299.82501220703125,14.21
0.0,299.82501220703125,14.22
0.0,299.65325927734375,14.23
0.0,299.2225341796875,14.24
0.0,299.13531494140625,14.25
0.0,298.963623046875,14.26
0.0,298.70465087890625,14.27
0.0,298.70465087890625,14.28
0.0,298.617431640625,14.29
0.0,298.617431640625,14.3
0.0,298.617431640625,14.31
0.0,298.617431640625,14.32
0.0,298.617431640625,14.33
0.0,298.01763916015625,14.34
0.0,298.01763916015625,14.35
0.0,298.01763916015625,14.36
0.0,297.75872802734375,14.37
0.0,297.75872802734375,14.38
0.0,297.75872802734375,14.39
0.0,297.6715087890625,14.4
0.0,297.5869140625,14.41
0.0,297.41522216796875,14.42
0.0,297.41522216796875,14.43
0.0,297.41522216796875,14.44
0.0,297.41522216796875,14.45
0.0,297.41522216796875,14.46
0.0,297.41522216796875,14.47
0.0,297.06903076171875,14.48
0.0,297.06903076171875,14.49
0.0,296.46661376953125,14.5
0.0,296.46661376953125,14.51
0.0,296.38201904296875,14.52
0.0,296.035888671875,14.53
0.0,295.5206298828125,14.54
0.0,295.5206298828125,14.55
0.0,295.69244384765625,14.56
0.0,295.5206298828125,14.57
0.0,295.4334716796875,14.58
0.0,295.4334716796875,14.59
0.0,295.4334716796875,14.6
0.0,295.4334716796875,14.61
0.0,295.34893798828125,14.62
0.0,295.34893798828125,14.63
0.0,294.83099365234375,14.64
0.0,294.83099365234375,14.65
0.0,295.00543212890625,14.66
0.0,295.00543212890625,14.67
0.0,295.00543212890625,14.68
0.0,294.48748779296875,14.69
0.0,294.31573486328125,14.7
0.0,294.05682373046875,14.71
0.0,294.05682373046875,14.72
0.0,294.05682373046875,14.73
0.0,294.05682373046875,14.74
0.0,293.97222900390625,14.75
0.0,293.97222900390625,14.76
0.0,293.71331787109375,14.77
0.0,293.2825927734375,14.78
0.0,293.19805908203125,14.79
0.0,293.11083984375,14.8
0.0,293.11083984375,14.81
0.0,292.767333984375,14.82
0.0,293.11083984375,14.83
0.0,293.19805908203125,14.84
0.0,293.19805908203125,14.85
0.0,293.54156494140625,14.86
0.0,293.88507080078125,14.87
0.0,293.88507080078125,14.88
0.0,293.88507080078125,14.89
0.0,293.54156494140625,14.9
0.0,293.54156494140625,14.91
0.0,292.336669921875,14.92
0.0,292.1649169921875,14.93
0.0,292.07769775390625,14.94
0.0,292.07769775390625,14.95
0.0,291.56243896484375,14.96
0.0,291.56243896484375,14.97
0.0,291.56243896484375,14.98
0.0,291.56243896484375,14.99
0.0,291.56243896484375,15.0
0.0,291.21893310546875,15.01
0.0,291.73419189453125,15.02
0.0,291.8214111328125,15.03
0.0,291.8214111328125,15.04
0.0,291.8214111328125,15.05
0.0,291.8214111328125,15.06
0.0,291.8214111328125,15.07
0.0,290.529296875,15.08
0.0,290.529296875,15.09
0.0,290.529296875,15.1
0.0,290.529296875,15.11
0.0,290.529296875,15.12
0.0,291.0472412109375,15.13
0.0,291.0472412109375,15.14
0.0,290.529296875,15.15
0.0,290.529296875,15.16
0.0,290.185791015625,15.17
0.0,290.10125732421875,15.18
0.0,289.6705322265625,15.19
0.0,289.5833740234375,15.2
0.0,289.5833740234375,15.21
0.0,289.5833740234375,15.22
0.0,289.3270263671875,15.23
0.0,289.068115234375,15.24
0.0,288.9835205078125,15.25
0.0,288.724609375,15.26
0.0,288.5528564453125,15.27
0.0,288.5528564453125,15.28
0.0,288.381103515625,15.29
0.0,287.77862548828125,15.3
0.0,287.77862548828125,15.31
0.0,287.77862548828125,15.32
0.0,287.60693359375,15.33
0.0,287.60693359375,15.34
0.0,287.60693359375,15.35
0.0,287.60693359375,15.36
0.0,287.51971435546875,15.37
0.0,287.51971435546875,15.38
0.0,287.263427734375,15.39
0.0,287.17620849609375,15.4
0.0,287.263427734375,15.41
0.0,287.17620849609375,15.42
0.0,287.17620849609375,15.43
0.0,286.57373046875,15.44
0.0,286.57373046875,15.45
0.0,286.57373046875,15.46
0.0,286.57373046875,15.47
0.0,286.31744384765625,15.48
0.0,286.31744384765625,15.49
0.0,285.9713134765625,15.5
0.0,285.9713134765625,15.51
0.0,285.9713134765625,15.52
0.0,285.88671875,15.53
0.0,285.2843017578125,15.54
0.0,285.799560546875,15.55
0.0,285.2843017578125,15.56
0.0,285.71502685546875,15.57
0.0,285.2843017578125,15.58
0.0,285.19976806640625,15.59
0.0,285.112548828125,15.6
0.0,285.112548828125,15.61
0.0,285.19976806640625,15.62
0.0,285.112548828125,15.63
0.0,285.02801513671875,15.64
0.0,284.76904296875,15.65
0.0,284.33831787109375,15.66
0.0,283.8231201171875,15.67
0.0,283.8231201171875,15.68
0.0,283.5667724609375,15.69
0.0,283.5667724609375,15.7
0.0,283.5667724609375,15.71
0.0,283.5667724609375,15.72
0.0,283.5667724609375,15.73
0.0,283.5667724609375,15.74
0.0,283.5667724609375,15.75
0.0,283.5667724609375,15.76
0.0,283.5667724609375,15.77
0.0,283.5667724609375,15.78
0.0,283.04888916015625,15.79
0.0,283.04888916015625,15.8
0.0,283.04888916015625,15.81
0.0,282.7926025390625,15.82
0.0,282.620849609375,15.83
0.0,282.27734375,15.84
0.0,282.27734375,15.85
0.0,282.27734375,15.86
0.0,282.27734375,15.87
0.0,282.27734375,15.88
0.0,282.27734375,15.89
0.0,282.190185546875,15.9
0.0,282.1055908203125,15.91
0.0,282.1055908203125,15.92
0.0,281.41595458984375,15.93
0.0,282.1055908203125,15.94
0.0,281.8466796875,15.95
0.0,281.15966796875,15.96
0.0,281.15966796875,15.97
0.0,281.15966796875,15.98
0.0,281.15966796875,15.99
0.0,281.07244873046875,16.0
0.0,281.07244873046875,16.01
0.0,281.15966796875,16.02
0.0,281.07244873046875,16.03
0.0,281.07244873046875,16.04
0.0,281.07244873046875,16.05
0.0,280.816162109375,16.06
0.0,280.816162109375,16.07
0.0,280.816162109375,16.08
0.0,280.21368408203125,16.09
0.0,280.129150390625,16.1
0.0,280.129150390625,16.11
0.0,280.129150390625,16.12
0.0,279.26776123046875,16.13
0.0,279.26776123046875,16.14
0.0,279.18316650390625,16.15
0.0,279.18316650390625,16.16
0.0,279.18316650390625,16.17
0.0,279.18316650390625,16.18
0.0,279.18316650390625,16.19
0.0,279.09600830078125,16.2
0.0,279.09600830078125,16.21
0.0,278.58074951171875,16.22
0.0,278.49615478515625,16.23
0.0,278.58074951171875,16.24
0.0,278.49615478515625,16.25
0.0,277.98095703125,16.26
0.0,277.89373779296875,16.27
0.0,277.89373779296875,16.28
0.0,277.637451171875,16.29
0.0,277.37847900390625,16.3
0.0,277.1221923828125,16.31
0.0,277.1221923828125,16.32
0.0,277.1221923828125,16.33
0.0,277.1221923828125,16.34
0.0,277.1221923828125,16.35
0.0,277.1221923828125,16.36
0.0,276.950439453125,16.37
0.0,276.69146728515625,16.38
0.0,276.950439453125,16.39
0.0,276.69146728515625,16.4
0.0,276.950439453125,16.41
0.0,276.950439453125,16.42
0.0,276.69146728515625,16.43
0.0,276.60430908203125,16.44
0.0,276.4351806640625,16.45
0.0,276.4351806640625,16.46
0.0,276.4351806640625,16.47
0.0,276.17626953125,16.48
0.0,275.40203857421875,16.49
0.0,275.40203857421875,16.5
0.0,275.40203857421875,16.51
0.0,275.40203857421875,16.52
0.0,275.31744384765625,16.53
0.0,275.40203857421875,16.54
0.0,275.40203857421875,16.55
0.0,275.31744384765625,16.56
0.0,275.31744384765625,16.57
0.0,274.97393798828125,16.58
0.0,274.54327392578125,16.59
0.0,274.54327392578125,16.6
0.0,274.54327392578125,16.61
0.0,274.54327392578125,16.62
0.0,274.54327392578125,16.63
0.0,274.37152099609375,16.64
0.0,274.02801513671875,16.65
0.0,274.02801513671875,16.66
0.0,274.02801513671875,16.67
0.0,274.02801513671875,16.68
0.0,273.85626220703125,16.69
0.0,273.85626220703125,16.7
0.0,273.68450927734375,16.71
0.0,273.68450927734375,16.72
0.0,273.5999755859375,16.73
0.0,273.5999755859375,16.74
0.0,273.68450927734375,16.75
0.0,273.5999755859375,16.76
0.0,273.5999755859375,16.77
0.0,273.51275634765625,16.78
0.0,272.9129638671875,16.79
0.0,272.82574462890625,16.8
0.0,272.654052734375,16.81
0.0,272.5694580078125,16.82
0.0,272.5694580078125,16.83
0.0,272.5694580078125,16.84
0.0,272.310546875,16.85
0.0,272.2259521484375,16.86
0.0,272.2259521484375,16.87
0.0,272.2259521484375,16.88
0.0,272.13873291015625,16.89
0.0,272.2259521484375,16.9
0.0,272.2259521484375,16.91
0.0,271.79522705078125,16.92
0.0,271.79522705078125,16.93
0.0,271.79522705078125,16.94
0.0,271.79522705078125,16.95
0.0,271.62353515625,16.96
0.0,271.28265380859375,16.97
0.0,271.1082763671875,16.98
0.0,270.85198974609375,16.99
0.0,271.1082763671875,17.0
0.0,270.85198974609375,17.01
0.0,270.50848388671875,17.02
0.0,270.50848388671875,17.03
0.0,270.85198974609375,17.04
0.0,270.85198974609375,17.05
0.0,270.50848388671875,17.06
0.0,269.8214111328125,17.07
0.0,269.4779052734375,17.08
0.0,269.4779052734375,17.09
0.0,269.13446044921875,17.1
0.0,268.96270751953125,17.11
0.0,269.13446044921875,17.12
0.0,268.96270751953125,17.13
0.0,268.96270751953125,17.14
0.0,268.96270751953125,17.15
0.0,268.96270751953125,17.16
0.0,269.13446044921875,17.17
0.0,268.53466796875,17.18
0.0,268.53466796875,17.19
0.0,269.04986572265625,17.2
0.0,269.04986572265625,17.21
0.0,269.04986572265625,17.22
0.0,269.04986572265625,17.23
0.0,269.04986572265625,17.24
0.0,269.2216796875,17.25
0.0,269.04986572265625,17.26
0.0,269.04986572265625,17.27
0.0,269.04986572265625,17.28
0.0,268.79095458984375,17.29
0.0,268.61920166015625,17.3
0.0,268.44744873046875,17.31
0.0,268.3629150390625,17.32
0.0,268.44744873046875,17.33
0.0,268.3629150390625,17.34
0.0,267.7630615234375,17.35
0.0,267.7630615234375,17.36
0.0,267.7630615234375,17.37
0.0,267.7630615234375,17.38
0.0,267.7630615234375,17.39
0.0,267.7630615234375,17.4
0.0,267.0760498046875,17.41
0.0,267.0760498046875,17.42
0.0,267.0760498046875,17.43
0.0,267.0760498046875,17.44
0.0,266.9888916015625,17.45
0.0,266.9888916015625,17.46
0.0,266.90435791015625,17.47
0.0,266.817138671875,17.48
0.0,266.6453857421875,17.49
0.0,266.6453857421875,17.5
0.0,266.6453857421875,17.51
0.0,266.817138671875,17.52
0.0,266.56085205078125,17.53
0.0,266.4736328125,17.54
0.0,266.4736328125,17.55
0.0,266.3018798828125,17.56
0.0,265.9610595703125,17.57
0.0,265.9610595703125,17.58
0.0,265.78924560546875,17.59
0.0,265.53033447265625,17.6
0.0,265.2740478515625,17.61
0.0,265.18682861328125,17.62
0.0,265.18682861328125,17.63
0.0,265.18682861328125,17.64
0.0,265.18682861328125,17.65
0.0,265.18682861328125,17.66
0.0,264.9305419921875,17.67
0.0,264.84332275390625,17.68
0.0,264.415283203125,17.69
0.0,264.415283203125,17.7
0.0,264.415283203125,17.71
0.0,264.415283203125,17.72
0.0,264.2435302734375,17.73
0.0,264.2435302734375,17.74
0.0,264.2435302734375,17.75
0.0,264.7587890625,17.76
0.0,264.2435302734375,17.77
0.0,264.2435302734375,17.78
0.0,264.158935546875,17.79
0.0,263.471923828125,17.8
0.0,263.5565185546875,17.81
0.0,263.5565185546875,17.82
0.0,263.5565185546875,17.83
0.0,263.5565185546875,17.84
0.0,263.471923828125,17.85
0.0,263.471923828125,17.86
0.0,263.471923828125,17.87
0.0,263.12847900390625,17.88
0.0,263.12847900390625,17.89
0.0,263.12847900390625,17.9
0.0,262.61322021484375,17.91
0.0,262.61322021484375,17.92
0.0,262.44146728515625,17.93
0.0,262.35693359375,17.94
0.0,262.35693359375,17.95
0.0,262.35693359375,17.96
0.0,262.35693359375,17.97
0.0,262.1851806640625,17.98
0.0,262.013427734375,17.99
0.0,261.41357421875,18.0
0.0,261.1546630859375,18.01
0.0,261.1546630859375,18.02
0.0,260.8111572265625,18.03
0.0,260.8111572265625,18.04
0.0,261.1546630859375,18.05
0.0,261.41357421875,18.06
0.0,261.41357421875,18.07
0.0,260.8111572265625,18.08
0.0,260.47027587890625,18.09
0.0,260.47027587890625,18.1
0.0,260.38311767578125,18.11
0.0,260.38311767578125,18.12
0.0,260.38311767578125,18.13
0.0,260.38311767578125,18.14
0.0,260.12677001953125,18.15
0.0,259.69873046875,18.16
0.0,259.5269775390625,18.17
0.0,259.355224609375,18.18
0.0,259.355224609375,18.19
0.0,259.355224609375,18.2
0.0,259.355224609375,18.21
0.0,259.355224609375,18.22
0.0,259.355224609375,18.23
0.0,259.355224609375,18.24
0.0,259.43975830078125,18.25
0.0,259.43975830078125,18.26
0.0,259.43975830078125,18.27
0.0,259.355224609375,18.28
0.0,259.26800537109375,18.29
0.0,259.26800537109375,18.3
0.0,258.41192626953125,18.31
0.0,258.32470703125,18.32
0.0,258.32470703125,18.33
0.0,258.1529541015625,18.34
0.0,258.32470703125,18.35
0.0,258.32470703125,18.36
0.0,258.32470703125,18.37
0.0,258.32470703125,18.38
0.0,258.32470703125,18.39
0.0,258.32470703125,18.4
0.0,258.32470703125,18.41
0.0,258.32470703125,18.42
0.0,258.32470703125,18.43
0.0,257.4686279296875,18.44
0.0,257.4686279296875,18.45
0.0,257.4686279296875,18.46
0.0,257.4686279296875,18.47
0.0,257.4686279296875,18.48
0.0,257.4686279296875,18.49
0.0,257.4686279296875,18.5
0.0,257.296875,18.51
0.0,257.296875,18.52
0.0,257.4686279296875,18.53
0.0,257.296875,18.54
0.0,256.7816162109375,18.55
0.0,256.7816162109375,18.56
0.0,256.7816162109375,18.57
0.0,256.7816162109375,18.58
0.0,256.353515625,18.59
0.0,256.353515625,18.6
0.0,256.353515625,18.61
0.0,256.353515625,18.62
0.0,256.697021484375,18.63
0.0,256.697021484375,18.64
0.0,256.353515625,18.65
0.0,256.26898193359375,18.66
0.0,255.8383026123047,18.67
0.0,255.8383026123047,18.68
0.0,255.7537384033203,18.69
0.0,255.6665496826172,18.7
0.0,255.6665496826172,18.71
0.0,255.41026306152344,18.72
0.0,255.41026306152344,18.73
0.0,255.41026306152344,18.74
0.0,255.15394592285156,18.75
0.0,255.06675720214844,18.76
0.0,255.06675720214844,18.77
0.0,254.81044006347656,18.78
0.0,254.63868713378906,18.79
0.0,254.2106475830078,18.8
0.0,254.12342834472656,18.81
0.0,254.46693420410156,18.82
0.0,254.46693420410156,18.83
0.0,254.12342834472656,18.84
0.0,253.8671417236328,18.85
0.0,253.95433044433594,18.86
0.0,253.8671417236328,18.87
0.0,253.26731872558594,18.88
0.0,253.26731872558594,18.89
0.0,253.26731872558594,18.9
0.0,253.09556579589844,18.91
0.0,253.09556579589844,18.92
0.0,253.09556579589844,18.93
0.0,252.9264678955078,18.94
0.0,252.7547149658203,18.95
0.0,252.7547149658203,18.96
0.0,252.6675262451172,18.97
0.0,252.5829620361328,18.98
0.0,252.5829620361328,18.99
0.0,252.3240203857422,19.0
0.0,252.2394561767578,19.01
0.0,252.0677032470703,19.02
0.0,251.7241973876953,19.03
0.0,251.3833465576172,19.04
0.0,251.2115936279297,19.05
0.0,251.2115936279297,19.06
0.0,251.2115936279297,19.07
0.0,251.2115936279297,19.08
0.0,251.2115936279297,19.09
0.0,251.2115936279297,19.1
0.0,251.2115936279297,19.11
0.0,250.6963348388672,19.12
0.0,250.35548400878906,19.13
0.0,250.35548400878906,19.14
0.0,249.8402557373047,19.15
0.0,249.8402557373047,19.16
0.0,249.8402557373047,19.17
0.0,249.8402557373047,19.18
0.0,249.8402557373047,19.19
0.0,249.5839080810547,19.2
0.0,249.4121551513672,19.21
0.0,249.5839080810547,19.22
0.0,249.4121551513672,19.23
0.0,249.4121551513672,19.24
0.0,249.3249969482422,19.25
0.0,249.3249969482422,19.26
0.0,249.15586853027344,19.27
0.0,248.46888732910156,19.28
0.0,248.46888732910156,19.29
0.0,248.46888732910156,19.3
0.0,248.46888732910156,19.31
0.0,248.46888732910156,19.32
0.0,248.46888732910156,19.33
0.0,248.46888732910156,19.34
0.0,248.46888732910156,19.35
0.0,248.46888732910156,19.36
0.0,248.3843231201172,19.37
0.0,248.3843231201172,19.38
0.0,247.52821350097656,19.39
0.0,247.52821350097656,19.4
0.0,247.52821350097656,19.41
0.0,247.52821350097656,19.42
0.0,247.52821350097656,19.43
0.0,247.35646057128906,19.44
0.0,246.84120178222656,19.45
0.0,246.84120178222656,19.46
0.0,246.84120178222656,19.47
0.0,246.84120178222656,19.48
0.0,246.5848846435547,19.49
0.0,246.5848846435547,19.5
0.0,246.50035095214844,19.51
0.0,245.98509216308594,19.52
0.0,245.98509216308594,19.53
0.0,245.90052795410156,19.54
0.0,245.90052795410156,19.55
0.0,245.81333923339844,19.56
0.0,245.72877502441406,19.57
0.0,245.3007354736328,19.58
0.0,245.3007354736328,19.59
0.0,245.21351623535156,19.6
0.0,245.21351623535156,19.61
0.0,245.21351623535156,19.62
0.0,245.1289825439453,19.63
0.0,245.21351623535156,19.64
0.0,245.04441833496094,19.65
0.0,245.04441833496094,19.66
0.0,245.04441833496094,19.67
0.0,244.35740661621094,19.68
0.0,244.35740661621094,19.69
0.0,244.35740661621094,19.7
0.0,244.44459533691406,19.71
0.0,244.44459533691406,19.72
0.0,244.1011199951172,19.73
0.0,243.9293670654297,19.74
0.0,243.9293670654297,19.75
0.0,243.50132751464844,19.76
0.0,243.50132751464844,19.77
0.0,243.50132751464844,19.78
0.0,243.41676330566406,19.79
0.0,242.9886932373047,19.8
0.0,242.9886932373047,19.81
0.0,242.9886932373047,19.82
0.0,242.9886932373047,19.83
0.0,242.9886932373047,19.84
0.0,242.90415954589844,19.85
0.0,242.90415954589844,19.86
0.0,242.8169403076172,19.87
0.0,242.4734344482422,19.88
0.0,241.78907775878906,19.89
0.0,241.78907775878906,19.9
0.0,241.7045440673828,19.91
0.0,241.7045440673828,19.92
0.0,241.44822692871094,19.93
0.0,241.10472106933594,19.94
0.0,240.67665100097656,19.95
0.0,240.67665100097656,19.96
0.0,240.67665100097656,19.97
0.0,240.67665100097656,19.98
0.0,240.5921173095703,19.99
0.0,240.5921173095703,20.0
0.0,240.5921173095703,20.01
0.0,240.76121520996094,20.02
0.0,240.76121520996094,20.03
0.0,240.76121520996094,20.04
0.0,240.5921173095703,20.05
0.0,240.5921173095703,20.06
0.0,240.5049285888672,20.07
0.0,240.5049285888672,20.08
0.0,240.5049285888672,20.09
0.0,240.5049285888672,20.1
0.0,239.9077606201172,20.11
0.0,240.5049285888672,20.12
0.0,239.7360076904297,20.13
0.0,239.7360076904297,20.14
0.0,239.7360076904297,20.15
0.0,239.7360076904297,20.16
0.0,239.30796813964844,20.17
0.0,239.2207489013672,20.18
0.0,239.05162048339844,20.19
0.0,238.96446228027344,20.2
0.0,238.96446228027344,20.21
0.0,239.05162048339844,20.22
0.0,238.96446228027344,20.23
0.0,238.96446228027344,20.24
0.0,238.96446228027344,20.25
0.0,238.87986755371094,20.26
0.0,238.87986755371094,20.27
0.0,238.87986755371094,20.28
0.0,238.87986755371094,20.29
0.0,238.19554138183594,20.3
0.0,237.93922424316406,20.31
0.0,237.85203552246094,20.32
0.0,237.68028259277344,20.33
0.0,237.59571838378906,20.34
0.0,237.59571838378906,20.35
0.0,237.59571838378906,20.36
0.0,237.25221252441406,20.37
0.0,237.25221252441406,20.38
0.0,236.65504455566406,20.39
0.0,236.1398162841797,20.4
0.0,236.3987579345703,20.41
0.0,236.3987579345703,20.42
0.0,236.65504455566406,20.43
0.0,236.65504455566406,20.44
0.0,236.3987579345703,20.45
0.0,236.3987579345703,20.46
0.0,236.65504455566406,20.47
0.0,236.3987579345703,20.48
0.0,236.3987579345703,20.49
0.0,236.3987579345703,20.5
0.0,236.3987579345703,20.51
0.0,236.2270050048828,20.52
0.0,236.1398162841797,20.53
0.0,236.0552520751953,20.54
0.0,236.0552520751953,20.55
0.0,235.79893493652344,20.56
0.0,235.5426483154297,20.57
0.0,235.1991424560547,20.58
0.0,235.1991424560547,20.59
0.0,235.1991424560547,20.6
0.0,235.03001403808594,20.61
0.0,234.9428253173828,20.62
0.0,234.6019744873047,20.63
0.0,234.6019744873047,20.64
0.0,234.6019744873047,20.65
0.0,234.34303283691406,20.66
0.0,234.17393493652344,20.67
0.0,234.17393493652344,20.68
0.0,234.17393493652344,20.69
0.0,233.83042907714844,20.7
0.0,233.6613006591797,20.71
0.0,233.6613006591797,20.72
0.0,233.6613006591797,20.73
0.0,233.3178253173828,20.74
0.0,232.5489044189453,20.75
0.0,232.5489044189453,20.76
0.0,232.5489044189453,20.77
0.0,232.46168518066406,20.78
0.0,232.46168518066406,20.79
0.0,232.46168518066406,20.8
0.0,232.46168518066406,20.81
0.0,232.46168518066406,20.82
0.0,232.46168518066406,20.83
0.0,232.46168518066406,20.84
0.0,232.29258728027344,20.85
0.0,232.29258728027344,20.86
0.0,232.29258728027344,20.87
0.0,231.77732849121094,20.88
0.0,231.6927947998047,20.89
0.0,231.5210418701172,20.9
0.0,231.5210418701172,20.91
0.0,230.83665466308594,20.92
0.0,231.5210418701172,20.93
0.0,231.4364776611328,20.94
0.0,230.83665466308594,20.95
0.0,230.7521209716797,20.96
0.0,230.7521209716797,20.97
0.0,230.6675567626953,20.98
0.0,230.6675567626953,20.99
0.0,230.32408142089844,21.0
0.0,230.32408142089844,21.01
0.0,230.32408142089844,21.02
0.0,230.32408142089844,21.03
0.0,230.23948669433594,21.04
0.0,230.15232849121094,21.05
0.0,230.06773376464844,21.06
0.0,229.6396942138672,21.07
0.0,229.12709045410156,21.08
0.0,229.12709045410156,21.09
0.0,229.12709045410156,21.1
0.0,228.95533752441406,21.11
0.0,228.95533752441406,21.12
0.0,228.95533752441406,21.13
0.0,228.95533752441406,21.14
0.0,228.78623962402344,21.15
0.0,228.78623962402344,21.16
0.0,228.78623962402344,21.17
0.0,228.52992248535156,21.18
0.0,228.35816955566406,21.19
0.0,228.35816955566406,21.2
0.0,228.35816955566406,21.21
0.0,228.35816955566406,21.22
0.0,228.35816955566406,21.23
0.0,227.7583770751953,21.24
0.0,227.7583770751953,21.25
0.0,227.67381286621094,21.26
0.0,227.67381286621094,21.27
0.0,227.58924865722656,21.28
0.0,227.50205993652344,21.29
0.0,227.3329620361328,21.3
0.0,227.3329620361328,21.31
0.0,227.24574279785156,21.32
0.0,226.73313903808594,21.33
0.0,226.73313903808594,21.34
0.0,226.73313903808594,21.35
0.0,226.73313903808594,21.36
0.0,226.73313903808594,21.37
0.0,226.47682189941406,21.38
0.0,226.47682189941406,21.39
0.0,226.3922882080078,21.4
0.0,226.3922882080078,21.41
0.0,226.13600158691406,21.42
0.0,226.0487823486328,21.43
0.0,226.0487823486328,21.44
0.0,226.0487823486328,21.45
0.0,225.02357482910156,21.46
0.0,225.02357482910156,21.47
0.0,225.19532775878906,21.48
0.0,225.1107635498047,21.49
0.0,225.1107635498047,21.5
0.0,224.51097106933594,21.51
0.0,225.1107635498047,21.52
0.0,224.9390106201172,21.53
0.0,224.9390106201172,21.54
0.0,224.9390106201172,21.55
0.0,224.51097106933594,21.56
0.0,224.51097106933594,21.57
0.0,224.42640686035156,21.58
0.0,223.8265838623047,21.59
0.0,223.74205017089844,21.6
0.0,223.57029724121094,21.61
0.0,223.57029724121094,21.62
0.0,223.74205017089844,21.63
0.0,223.74205017089844,21.64
0.0,223.74205017089844,21.65
0.0,223.57029724121094,21.66
0.0,223.57029724121094,21.67
0.0,223.4011688232422,21.68
0.0,223.4011688232422,21.69
0.0,223.4011688232422,21.7
0.0,223.4011688232422,21.71
0.0,222.80137634277344,21.72
0.0,222.80137634277344,21.73
0.0,222.80137634277344,21.74
0.0,222.80137634277344,21.75
0.0,222.54505920410156,21.76
0.0,222.54505920410156,21.77
0.0,222.20420837402344,21.78
0.0,222.20420837402344,21.79
0.0,222.03245544433594,21.8
0.0,222.03245544433594,21.81
0.0,221.9479217529297,21.82
0.0,221.9479217529297,21.83
0.0,221.6044158935547,21.84
0.0,221.5198516845703,21.85
0.0,221.43528747558594,21.86
0.0,221.43528747558594,21.87
0.0,221.0944366455078,21.88
0.0,221.0072479248047,21.89
0.0,220.66639709472656,21.9
0.0,220.66639709472656,21.91
0.0,220.5818328857422,21.92
0.0,220.5818328857422,21.93
0.0,220.5818328857422,21.94
0.0,220.49464416503906,21.95
0.0,220.4100799560547,21.96
0.0,220.4100799560547,21.97
0.0,220.4100799560547,21.98
0.0,220.1537628173828,21.99
0.0,219.9820098876953,22.0
0.0,219.8102569580078,22.01
0.0,219.6411590576172,22.02
0.0,219.55397033691406,22.03
0.0,219.2130889892578,22.04
0.0,218.95680236816406,22.05
0.0,218.53138732910156,22.06
0.0,218.53138732910156,22.07
0.0,218.53138732910156,22.08
0.0,218.53138732910156,22.09
0.0,218.7005157470703,22.1
0.0,218.7005157470703,22.11
0.0,218.7005157470703,22.12
0.0,218.7005157470703,22.13
0.0,218.7005157470703,22.14
0.0,218.7005157470703,22.15
0.0,218.7005157470703,22.16
0.0,218.6159210205078,22.17
0.0,218.6159210205078,22.18
0.0,218.35963439941406,22.19
0.0,218.53138732910156,22.2
0.0,218.53138732910156,22.21
0.0,218.53138732910156,22.22
0.0,218.53138732910156,22.23
0.0,218.53138732910156,22.24
0.0,218.4441680908203,22.25
0.0,218.2751007080078,22.26
0.0,218.18788146972656,22.27
0.0,217.5061798095703,22.28
0.0,217.5061798095703,22.29
0.0,217.5061798095703,22.3
0.0,217.41896057128906,22.31
0.0,217.41896057128906,22.32
0.0,217.1626739501953,22.33
0.0,217.1626739501953,22.34
0.0,217.1626739501953,22.35
0.0,216.82179260253906,22.36
0.0,216.82179260253906,22.37
0.0,216.7372589111328,22.38
0.0,216.6500701904297,22.39
0.0,216.6500701904297,22.4
0.0,216.3937530517578,22.41
0.0,216.3937530517578,22.42
0.0,216.6500701904297,22.43
0.0,216.3937530517578,22.44
0.0,216.3937530517578,22.45
0.0,216.13743591308594,22.46
0.0,216.0529022216797,22.47
0.0,215.54026794433594,22.48
0.0,215.6274871826172,22.49
0.0,215.6274871826172,22.5
0.0,215.54026794433594,22.51
0.0,215.1994171142578,22.52
0.0,214.8585662841797,22.53
0.0,214.8585662841797,22.54
0.0,214.77137756347656,22.55
0.0,214.34596252441406,22.56
0.0,214.34596252441406,22.57
0.0,214.17420959472656,22.58
0.0,213.40794372558594,22.59
0.0,213.40794372558594,22.6
0.0,213.3207244873047,22.61
0.0,213.3207244873047,22.62
0.0,213.3207244873047,22.63
0.0,213.3207244873047,22.64
0.0,213.3207244873047,22.65
0.0,213.3207244873047,22.66
0.0,213.3207244873047,22.67
0.0,212.97987365722656,22.68
0.0,212.97987365722656,22.69
0.0,212.5518035888672,22.7
0.0,212.04185485839844,22.71
0.0,212.04185485839844,22.72
0.0,212.04185485839844,22.73
0.0,212.04185485839844,22.74
0.0,212.04185485839844,22.75
0.0,212.12640380859375,22.76
0.0,212.12640380859375,22.77
0.0,212.04185485839844,22.78
0.0,211.95465087890625,22.79
0.0,211.95465087890625,22.8
0.0,211.78553771972656,22.81
0.0,211.69834899902344,22.82
0.0,211.52923583984375,22.83
0.0,211.52923583984375,22.84
0.0,211.52923583984375,22.85
0.0,210.67576599121094,22.86
0.0,210.67576599121094,22.87
0.0,210.5885772705078,22.88
0.0,210.67576599121094,22.89
0.0,211.10118103027344,22.9
0.0,211.10118103027344,22.91
0.0,211.10118103027344,22.92
0.0,210.84487915039062,22.93
0.0,210.76031494140625,22.94
0.0,210.76031494140625,22.95
0.0,210.5885772705078,22.96
0.0,210.5885772705078,22.97
0.0,210.16314697265625,22.98
0.0,209.6505584716797,22.99
0.0,209.137939453125,23.0
0.0,209.137939453125,23.01
0.0,208.79708862304688,23.02
0.0,208.79708862304688,23.03
0.0,208.79708862304688,23.04
0.0,208.79708862304688,23.05
0.0,208.79708862304688,23.06
0.0,208.8816375732422,23.07
0.0,208.79708862304688,23.08
0.0,208.79708862304688,23.09
0.0,208.7125244140625,23.1
0.0,208.7125244140625,23.11
0.0,208.7125244140625,23.12
0.0,208.37167358398438,23.13
0.0,208.62533569335938,23.14
0.0,208.37167358398438,23.15
0.0,208.19992065429688,23.16
0.0,208.1153564453125,23.17
0.0,208.1153564453125,23.18
0.0,207.5181884765625,23.19
0.0,207.60275268554688,23.2
0.0,207.5181884765625,23.21
0.0,207.60275268554688,23.22
0.0,207.60275268554688,23.23
0.0,207.60275268554688,23.24
0.0,207.5181884765625,23.25
0.0,207.5181884765625,23.26
0.0,207.0901336669922,23.27
0.0,207.0901336669922,23.28
0.0,206.9210205078125,23.29
0.0,206.9210205078125,23.3
0.0,206.9210205078125,23.31
0.0,206.9210205078125,23.32
0.0,206.9210205078125,23.33
0.0,206.15213012695312,23.34
0.0,206.15213012695312,23.35
0.0,206.9210205078125,23.36
0.0,206.9210205078125,23.37
0.0,206.83384704589844,23.38
0.0,206.06756591796875,23.39
0.0,205.98037719726562,23.4
0.0,205.98037719726562,23.41
0.0,205.98037719726562,23.42
0.0,206.06756591796875,23.43
0.0,206.06756591796875,23.44
0.0,206.06756591796875,23.45
0.0,205.98037719726562,23.46
0.0,205.29864501953125,23.47
0.0,205.21409606933594,23.48
0.0,205.21409606933594,23.49
0.0,204.78604125976562,23.5
0.0,204.44517517089844,23.51
0.0,204.36062622070312,23.52
0.0,204.36062622070312,23.53
0.0,204.36062622070312,23.54
0.0,204.36062622070312,23.55
0.0,203.9352264404297,23.56
0.0,203.50717163085938,23.57
0.0,203.1663055419922,23.58
0.0,203.1663055419922,23.59
0.0,203.1663055419922,23.6
0.0,203.1663055419922,23.61
0.0,202.9971923828125,23.62
0.0,202.9971923828125,23.63
0.0,202.9971923828125,23.64
0.0,203.1663055419922,23.65
0.0,203.1663055419922,23.66
0.0,203.1663055419922,23.67
0.0,202.9971923828125,23.68
0.0,201.9719696044922,23.69
0.0,201.5465545654297,23.7
0.0,201.5465545654297,23.71
0.0,201.5465545654297,23.72
0.0,201.5465545654297,23.73
0.0,201.4619903564453,23.74
0.0,201.4619903564453,23.75
0.0,201.4619903564453,23.76
0.0,201.29025268554688,23.77
0.0,201.12115478515625,23.78
0.0,201.033935546875,23.79
0.0,201.033935546875,23.8
0.0,200.77764892578125,23.81
0.0,200.77764892578125,23.82
0.0,200.77764892578125,23.83
0.0,200.60853576660156,23.84
0.0,200.43678283691406,23.85
0.0,200.43678283691406,23.86
0.0,200.35223388671875,23.87
0.0,200.26768493652344,23.88
0.0,200.26768493652344,23.89
0.0,200.09593200683594,23.9
0.0,200.09593200683594,23.91
0.0,200.09593200683594,23.92
0.0,200.26768493652344,23.93
0.0,200.09593200683594,23.94
0.0,200.09593200683594,23.95
0.0,200.09593200683594,23.96
0.0,200.09593200683594,23.97
0.0,200.09593200683594,23.98
0.0,200.09593200683594,23.99
0.0,199.67051696777344,24.0
0.0,199.32965087890625,24.01
0.0,198.98878479003906,24.02
0.0,198.73248291015625,24.03
0.0,198.73248291015625,24.04
0.0,198.73248291015625,24.05
0.0,198.56072998046875,24.06
0.0,198.73248291015625,24.07
0.0,198.56072998046875,24.08
0.0,197.79446411132812,24.09
0.0,197.79446411132812,24.1
0.0,197.79446411132812,24.11
0.0,197.6253662109375,24.12
0.0,197.6253662109375,24.13
0.0,197.6253662109375,24.14
0.0,197.45361328125,24.15
0.0,197.45361328125,24.16
0.0,197.79446411132812,24.17
0.0,197.79446411132812,24.18
0.0,197.2818603515625,24.19
0.0,196.77188110351562,24.2
0.0,196.77188110351562,24.21
0.0,196.77188110351562,24.22
0.0,196.77188110351562,24.23
0.0,196.25927734375,24.24
0.0,196.25927734375,24.25
0.0,196.25927734375,24.26
0.0,196.6873321533203,24.27
0.0,196.5155792236328,24.28
0.0,196.6873321533203,24.29
0.0,196.6873321533203,24.3
0.0,196.6873321533203,24.31
0.0,196.6873321533203,24.32
0.0,196.6873321533203,24.33
0.0,196.5155792236328,24.34
0.0,196.4310302734375,24.35
0.0,196.4310302734375,24.36
0.0,196.4310302734375,24.37
0.0,196.4310302734375,24.38
0.0,196.4310302734375,24.39
0.0,196.4310302734375,24.4
0.0,196.17471313476562,24.41
0.0,196.17471313476562,24.42
0.0,196.17471313476562,24.43
0.0,195.74929809570312,24.44
0.0,195.15213012695312,24.45
0.0,195.06759643554688,24.46
0.0,194.89584350585938,24.47
0.0,194.81129455566406,24.48
0.0,194.38587951660156,24.49
0.0,194.38587951660156,24.5
0.0,194.38587951660156,24.51
0.0,194.38587951660156,24.52
0.0,194.1295623779297,24.53
0.0,194.04501342773438,24.54
0.0,193.96046447753906,24.55
0.0,193.96046447753906,24.56
0.0,193.7041473388672,24.57
0.0,193.7041473388672,24.58
0.0,193.44784545898438,24.59
0.0,193.02243041992188,24.6
0.0,193.02243041992188,24.61
0.0,192.25616455078125,24.62
0.0,192.25616455078125,24.63
0.0,192.08441162109375,24.64
0.0,192.25616455078125,24.65
0.0,192.25616455078125,24.66
0.0,191.99986267089844,24.67
0.0,191.99986267089844,24.68
0.0,191.48988342285156,24.69
0.0,191.40269470214844,24.7
0.0,191.40269470214844,24.71
0.0,191.40269470214844,24.72
0.0,191.40269470214844,24.73
0.0,191.23358154296875,24.74
0.0,190.97727966308594,24.75
0.0,190.97727966308594,24.76
0.0,190.80816650390625,24.77
0.0,190.80816650390625,24.78
0.0,190.72097778320312,24.79
0.0,190.63641357421875,24.8
0.0,190.55186462402344,24.81
0.0,190.63641357421875,24.82
0.0,190.55186462402344,24.83
0.0,190.63641357421875,24.84
0.0,190.55186462402344,24.85
0.0,190.55186462402344,24.86
0.0,190.46730041503906,24.87
0.0,190.12644958496094,24.88
0.0,190.12644958496094,24.89
0.0,190.12644958496094,24.9
0.0,190.12644958496094,24.91
0.0,190.03924560546875,24.92
0.0,190.03924560546875,24.93
0.0,189.95469665527344,24.94
0.0,189.7855987548828,24.95
0.0,189.529296875,24.96
0.0,189.3575439453125,24.97
0.0,189.3575439453125,24.98
0.0,189.2729949951172,24.99
0.0,189.0166778564453,25.0
0.0,188.93212890625,25.01
0.0,188.93212890625,25.02
0.0,188.84756469726562,25.03
0.0,188.84756469726562,25.04
0.0,188.84756469726562,25.05
0.0,188.84756469726562,25.06
0.0,188.84756469726562,25.07
0.0,188.5912628173828,25.08
0.0,187.99673461914062,25.09
0.0,187.6558837890625,25.1
0.0,187.6558837890625,25.11
0.0,187.6558837890625,25.12
0.0,187.484130859375,25.13
0.0,187.484130859375,25.14
0.0,187.484130859375,25.15
0.0,187.484130859375,25.16
0.0,187.23048400878906,25.17
0.0,187.23048400878906,25.18
0.0,186.9741668701172,25.19
0.0,186.63331604003906,25.2
0.0,186.46420288085938,25.21
0.0,186.29244995117188,25.22
0.0,186.20790100097656,25.23
0.0,186.20790100097656,25.24
0.0,186.03878784179688,25.25
0.0,185.9515838623047,25.26
0.0,186.03878784179688,25.27
0.0,185.9515838623047,25.28
0.0,185.5261688232422,25.29
0.0,185.5261688232422,25.3
0.0,185.26986694335938,25.31
0.0,185.26986694335938,25.32
0.0,185.185302734375,25.33
0.0,185.26986694335938,25.34
0.0,185.185302734375,25.35
0.0,185.01620483398438,25.36
0.0,185.185302734375,25.37
0.0,185.01620483398438,25.38
0.0,184.84445190429688,25.39
0.0,184.5035858154297,25.4
0.0,184.5035858154297,25.41
0.0,184.5035858154297,25.42
0.0,184.41905212402344,25.43
0.0,184.24993896484375,25.44
0.0,184.24993896484375,25.45
0.0,184.24993896484375,25.46
0.0,184.24993896484375,25.47
0.0,184.24993896484375,25.48
0.0,184.24993896484375,25.49
0.0,184.41905212402344,25.5
0.0,184.24993896484375,25.51
0.0,184.16539001464844,25.52
0.0,183.99363708496094,25.53
0.0,183.90907287597656,25.54
0.0,183.90907287597656,25.55
0.0,183.48365783691406,25.56
0.0,183.22735595703125,25.57
0.0,183.22735595703125,25.58
0.0,183.05824279785156,25.59
0.0,182.97369384765625,25.6
0.0,182.97369384765625,25.61
0.0,182.63282775878906,25.62
0.0,182.54563903808594,25.63
0.0,182.46107482910156,25.64
0.0,182.37652587890625,25.65
0.0,182.37652587890625,25.66
0.0,182.20742797851562,25.67
0.0,181.44114685058594,25.68
0.0,181.3539581298828,25.69
0.0,181.26939392089844,25.7
0.0,181.18484497070312,25.71
0.0,181.18484497070312,25.72
0.0,181.01573181152344,25.73
0.0,181.18484497070312,25.74
0.0,181.18484497070312,25.75
0.0,181.18484497070312,25.76
0.0,181.18484497070312,25.77
0.0,181.18484497070312,25.78
0.0,180.84397888183594,25.79
0.0,180.75942993164062,25.8
0.0,180.67486572265625,25.81
0.0,180.67486572265625,25.82
0.0,180.24945068359375,25.83
0.0,180.16490173339844,25.84
0.0,180.24945068359375,25.85
0.0,180.59031677246094,25.86
0.0,180.59031677246094,25.87
0.0,180.59031677246094,25.88
0.0,180.24945068359375,25.89
0.0,180.16490173339844,25.9
0.0,179.65228271484375,25.91
0.0,179.99314880371094,25.92
0.0,179.99314880371094,25.93
0.0,179.99314880371094,25.94
0.0,179.65228271484375,25.95
0.0,179.65228271484375,25.96
0.0,179.4832000732422,25.97
0.0,179.2268829345703,25.98
0.0,178.5478057861328,25.99
0.0,178.3760528564453,26.0
0.0,178.3760528564453,26.01
0.0,178.3760528564453,26.02
0.0,178.3760528564453,26.03
0.0,178.3760528564453,26.04
0.0,178.20693969726562,26.05
0.0,178.3760528564453,26.06
0.0,178.5478057861328,26.07
0.0,178.4606170654297,26.08
0.0,178.4606170654297,26.09
0.0,178.4606170654297,26.1
0.0,177.78152465820312,26.11
0.0,177.6969757080078,26.12
0.0,177.6969757080078,26.13
0.0,177.6969757080078,26.14
0.0,177.35610961914062,26.15
0.0,177.35610961914062,26.16
0.0,177.27157592773438,26.17
0.0,177.27157592773438,26.18
0.0,177.27157592773438,26.19
0.0,177.27157592773438,26.2
0.0,176.67440795898438,26.21
0.0,176.67440795898438,26.22
0.0,176.58985900878906,26.23
0.0,176.67440795898438,26.24
0.0,176.58985900878906,26.25
0.0,176.58985900878906,26.26
0.0,176.58985900878906,26.27
0.0,176.42074584960938,26.28
0.0,176.24899291992188,26.29
0.0,175.82357788085938,26.3
0.0,175.82357788085938,26.31
0.0,175.6544647216797,26.32
0.0,175.6544647216797,26.33
0.0,175.6544647216797,26.34
0.0,175.6544647216797,26.35
0.0,175.56991577148438,26.36
0.0,175.4853515625,26.37
0.0,175.0599365234375,26.38
0.0,174.97540283203125,26.39
0.0,174.71908569335938,26.4
0.0,174.71908569335938,26.41
0.0,174.37823486328125,26.42
0.0,174.37823486328125,26.43
0.0,174.29367065429688,26.44
0.0,174.20912170410156,26.45
0.0,174.03736877441406,26.46
0.0,173.78370666503906,26.47
0.0,173.61195373535156,26.48
0.0,173.61195373535156,26.49
0.0,173.44284057617188,26.5
0.0,173.44284057617188,26.51
0.0,173.35829162597656,26.52
0.0,173.35829162597656,26.53
0.0,173.35829162597656,26.54
0.0,173.35829162597656,26.55
0.0,172.6765594482422,26.56
0.0,172.59201049804688,26.57
0.0,172.59201049804688,26.58
0.0,172.59201049804688,26.59
0.0,172.59201049804688,26.6
0.0,172.59201049804688,26.61
0.0,172.59201049804688,26.62
0.0,172.59201049804688,26.63
0.0,172.50747680664062,26.64
0.0,172.25115966796875,26.65
0.0,172.50747680664062,26.66
0.0,171.99749755859375,26.67
0.0,171.57208251953125,26.68
0.0,171.14666748046875,26.69
0.0,170.80580139160156,26.7
0.0,170.80580139160156,26.71
0.0,170.80580139160156,26.72
0.0,170.55213928222656,26.73
0.0,170.55213928222656,26.74
0.0,170.38302612304688,26.75
0.0,170.38302612304688,26.76
0.0,170.2958526611328,26.77
0.0,169.78587341308594,26.78
0.0,169.78587341308594,26.79
0.0,169.78587341308594,26.8
0.0,169.70132446289062,26.81
0.0,169.70132446289062,26.82
0.0,169.70132446289062,26.83
0.0,170.12673950195312,26.84
0.0,170.12673950195312,26.85
0.0,170.12673950195312,26.86
0.0,170.12673950195312,26.87
0.0,170.12673950195312,26.88
0.0,169.53221130371094,26.89
0.0,169.53221130371094,26.9
0.0,169.53221130371094,26.91
0.0,169.36045837402344,26.92
0.0,169.36045837402344,26.93
0.0,169.36045837402344,26.94
0.0,169.27590942382812,26.95
0.0,169.27590942382812,26.96
0.0,169.1913604736328,26.97
0.0,168.59683227539062,26.98
0.0,168.25596618652344,26.99
0.0,168.1714324951172,27.0
0.0,168.08685302734375,27.01
0.0,168.08685302734375,27.02
0.0,168.08685302734375,27.03
0.0,168.08685302734375,27.04
0.0,168.1714324951172,27.05
0.0,168.1714324951172,27.06
0.0,168.08685302734375,27.07
0.0,168.08685302734375,27.08
0.0,167.32058715820312,27.09
0.0,167.32058715820312,27.1
0.0,167.2360382080078,27.11
0.0,167.2360382080078,27.12
0.0,166.89517211914062,27.13
0.0,166.89517211914062,27.14
0.0,167.2360382080078,27.15
0.0,166.89517211914062,27.16
0.0,166.72607421875,27.17
0.0,166.64151000976562,27.18
0.0,166.38784790039062,27.19
0.0,165.7906951904297,27.2
0.0,166.1315460205078,27.21
0.0,165.87786865234375,27.22
0.0,165.7906951904297,27.23
0.0,165.7906951904297,27.24
0.0,165.1961669921875,27.25
0.0,165.5370330810547,27.26
0.0,165.5370330810547,27.27
0.0,165.1961669921875,27.28
0.0,165.3652801513672,27.29
0.0,165.3652801513672,27.3
0.0,165.1961669921875,27.31
0.0,165.3652801513672,27.32
0.0,165.3652801513672,27.33
0.0,165.3652801513672,27.34
0.0,165.1961669921875,27.35
0.0,165.3652801513672,27.36
0.0,165.3652801513672,27.37
0.0,165.0270538330078,27.38
0.0,164.6862030029297,27.39
0.0,164.6862030029297,27.4
0.0,164.6016387939453,27.41
0.0,164.3479766845703,27.42
0.0,163.7534637451172,27.43
0.0,163.7534637451172,27.44
0.0,163.58169555664062,27.45
0.0,163.49716186523438,27.46
0.0,163.07174682617188,27.47
0.0,163.07174682617188,27.48
0.0,163.07174682617188,27.49
0.0,162.81808471679688,27.5
0.0,162.561767578125,27.51
0.0,162.30810546875,27.52
0.0,162.561767578125,27.53
0.0,162.30810546875,27.54
0.0,162.30810546875,27.55
0.0,162.561767578125,27.56
0.0,162.30810546875,27.57
0.0,162.30810546875,27.58
0.0,162.1389923095703,27.59
0.0,162.1389923095703,27.6
0.0,162.1389923095703,27.61
0.0,161.7135772705078,27.62
0.0,161.62904357910156,27.63
0.0,161.7135772705078,27.64
0.0,161.54446411132812,27.65
0.0,161.54446411132812,27.66
0.0,161.20362854003906,27.67
0.0,161.03451538085938,27.68
0.0,160.94996643066406,27.69
0.0,160.6936492919922,27.7
0.0,160.94996643066406,27.71
0.0,160.94996643066406,27.72
0.0,160.94996643066406,27.73
0.0,160.94996643066406,27.74
0.0,160.4399871826172,27.75
0.0,160.35543823242188,27.76
0.0,160.35543823242188,27.77
0.0,160.60910034179688,27.78
0.0,160.60910034179688,27.79
0.0,160.18368530273438,27.8
0.0,160.09912109375,27.81
0.0,160.0145721435547,27.82
0.0,159.75827026367188,27.83
0.0,159.75827026367188,27.84
0.0,159.75827026367188,27.85
0.0,159.42005920410156,27.86
0.0,159.42005920410156,27.87
0.0,159.42005920410156,27.88
0.0,159.07920837402344,27.89
0.0,159.07920837402344,27.9
0.0,159.07920837402344,27.91
0.0,159.07920837402344,27.92
0.0,158.91009521484375,27.93
0.0,158.74098205566406,27.94
0.0,158.91009521484375,27.95
0.0,158.91009521484375,27.96
0.0,158.74098205566406,27.97
0.0,158.74098205566406,27.98
0.0,158.74098205566406,27.99
0.0,158.74098205566406,28.0
0.0,158.56922912597656,28.01
0.0,158.2310028076172,28.02
0.0,158.56922912597656,28.03
0.0,158.56922912597656,28.04
0.0,158.2310028076172,28.05
0.0,158.56922912597656,28.06
0.0,158.56922912597656,28.07
0.0,158.40011596679688,28.08
0.0,158.40011596679688,28.09
0.0,158.2310028076172,28.1
0.0,158.40011596679688,28.11
0.0,157.8055877685547,28.12
0.0,157.8055877685547,28.13
0.0,157.72103881835938,28.14
0.0,157.72103881835938,28.15
0.0,157.63650512695312,28.16
0.0,157.63650512695312,28.17
0.0,157.5519256591797,28.18
0.0,157.46739196777344,28.19
0.0,157.2110595703125,28.2
0.0,157.04197692871094,28.21
0.0,156.95741271972656,28.22
0.0,156.95741271972656,28.23
0.0,156.78829956054688,28.24
0.0,156.78829956054688,28.25
0.0,156.70375061035156,28.26
0.0,156.61656188964844,28.27
0.0,156.27833557128906,28.28
0.0,156.10922241210938,28.29
0.0,156.10922241210938,28.3
0.0,156.10922241210938,28.31
0.0,156.02203369140625,28.32
0.0,155.85292053222656,28.33
0.0,155.85292053222656,28.34
0.0,155.42750549316406,28.35
0.0,155.3429412841797,28.36
0.0,154.41021728515625,28.37
0.0,154.41021728515625,28.38
0.0,154.41021728515625,28.39
0.0,154.41021728515625,28.4
0.0,154.24110412597656,28.41
0.0,154.24110412597656,28.42
0.0,153.73114013671875,28.43
0.0,153.73114013671875,28.44
0.0,153.56202697753906,28.45
0.0,153.73114013671875,28.46
0.0,153.64657592773438,28.47
0.0,153.56202697753906,28.48
0.0,153.4774932861328,28.49
0.0,153.39292907714844,28.5
0.0,153.4774932861328,28.51
0.0,153.56202697753906,28.52
0.0,153.56202697753906,28.53
0.0,153.4774932861328,28.54
0.0,153.4774932861328,28.55
0.0,153.39292907714844,28.56
0.0,153.39292907714844,28.57
0.0,153.13662719726562,28.58
0.0,151.86302185058594,28.59
0.0,151.4402618408203,28.6
0.0,151.4402618408203,28.61
0.0,151.2685089111328,28.62
0.0,151.2685089111328,28.63
0.0,151.18394470214844,28.64
0.0,151.2685089111328,28.65
0.0,151.18394470214844,28.66
0.0,151.18394470214844,28.67
0.0,151.18394470214844,28.68
0.0,151.18394470214844,28.69
0.0,151.18394470214844,28.7
0.0,151.18394470214844,28.71
0.0,151.18394470214844,28.72
0.0,151.18394470214844,28.73
0.0,151.18394470214844,28.74
0.0,151.18394470214844,28.75
0.0,151.09939575195312,28.76
0.0,151.09939575195312,28.77
0.0,150.93028259277344,28.78
0.0,150.84573364257812,28.79
0.0,150.33575439453125,28.8
0.0,150.25120544433594,28.81
0.0,149.5721435546875,28.82
0.0,149.4030303955078,28.83
0.0,149.31846618652344,28.84
0.0,149.31846618652344,28.85
0.0,149.1493682861328,28.86
0.0,149.1493682861328,28.87
0.0,149.06480407714844,28.88
0.0,148.55484008789062,28.89
0.0,148.55484008789062,28.9
0.0,148.47027587890625,28.91
0.0,148.47027587890625,28.92
0.0,148.47027587890625,28.93
0.0,148.47027587890625,28.94
0.0,148.12942504882812,28.95
0.0,148.12942504882812,28.96
0.0,148.12942504882812,28.97
0.0,148.12942504882812,28.98
0.0,147.62208557128906,28.99
0.0,147.5375518798828,29.0
0.0,147.3657989501953,29.01
0.0,147.3657989501953,29.02
0.0,147.3657989501953,29.03
0.0,146.94302368164062,29.04
0.0,146.94302368164062,29.05
0.0,146.94302368164062,29.06
0.0,146.94302368164062,29.07
0.0,146.94302368164062,29.08
0.0,146.4330596923828,29.09
0.0,146.34849548339844,29.1
0.0,145.92572021484375,29.11
0.0,145.66941833496094,29.12
0.0,145.66941833496094,29.13
0.0,145.66941833496094,29.14
0.0,144.9903564453125,29.15
0.0,144.9903564453125,29.16
0.0,144.9903564453125,29.17
0.0,144.9903564453125,29.18
0.0,144.9903564453125,29.19
0.0,144.73667907714844,29.2
0.0,144.73667907714844,29.21
0.0,144.65213012695312,29.22
0.0,144.65213012695312,29.23
0.0,144.65213012695312,29.24
0.0,144.5675811767578,29.25
0.0,143.55029296875,29.26
0.0,143.55029296875,29.27
0.0,143.55029296875,29.28
0.0,143.55029296875,29.29
0.0,143.55029296875,29.3
0.0,143.55029296875,29.31
0.0,143.55029296875,29.32
0.0,143.55029296875,29.33
0.0,143.55029296875,29.34
0.0,143.55029296875,29.35
0.0,143.55029296875,29.36
0.0,143.1248779296875,29.37
0.0,142.78665161132812,29.38
0.0,142.53298950195312,29.39
0.0,142.36387634277344,29.4
0.0,142.36387634277344,29.41
0.0,142.36387634277344,29.42
0.0,142.36387634277344,29.43
0.0,142.36387634277344,29.44
0.0,142.36387634277344,29.45
0.0,142.36387634277344,29.46
0.0,141.5157012939453,29.47
0.0,141.5157012939453,29.48
0.0,141.2593994140625,29.49
0.0,141.2593994140625,29.5
0.0,141.17483520507812,29.51
0.0,141.0902862548828,29.52
0.0,141.17483520507812,29.53
0.0,141.17483520507812,29.54
0.0,141.17483520507812,29.55
0.0,141.17483520507812,29.56
0.0,141.17483520507812,29.57
0.0,141.34658813476562,29.58
0.0,141.34658813476562,29.59
0.0,141.34658813476562,29.6
0.0,141.34658813476562,29.61
0.0,140.75205993652344,29.62
0.0,140.75205993652344,29.63
0.0,140.75205993652344,29.64
0.0,140.5829620361328,29.65
0.0,140.5829620361328,29.66
0.0,140.49839782714844,29.67
0.0,140.49839782714844,29.68
0.0,140.24209594726562,29.69
0.0,140.24209594726562,29.7
0.0,140.15753173828125,29.71
0.0,139.565673828125,29.72
0.0,139.565673828125,29.73
0.0,139.1402587890625,29.74
0.0,139.05569458007812,29.75
0.0,139.05569458007812,29.76
0.0,139.05569458007812,29.77
0.0,139.05569458007812,29.78
0.0,138.63291931152344,29.79
0.0,138.54837036132812,29.8
0.0,138.46380615234375,29.81
0.0,138.2947235107422,29.82
0.0,138.46380615234375,29.83
0.0,138.46380615234375,29.84
0.0,139.22744750976562,29.85
0.0,138.46380615234375,29.86
0.0,138.46380615234375,29.87
0.0,138.46380615234375,29.88
0.0,138.80203247070312,29.89
0.0,138.80203247070312,29.9
0.0,138.80203247070312,29.91
0.0,138.0384063720703,29.92
0.0,138.0384063720703,29.93
0.0,137.61563110351562,29.94
0.0,137.61563110351562,29.95
0.0,137.5310821533203,29.96
0.0,137.5310821533203,29.97
0.0,137.446533203125,29.98
0.0,137.446533203125,29.99
0.0,137.446533203125,30.0
0.0,137.446533203125,30.01
0.0,137.10830688476562,30.02
0.0,137.10830688476562,30.03
0.0,137.10830688476562,30.04
0.0,137.10830688476562,30.05
0.0,137.10830688476562,30.06
0.0,137.10830688476562,30.07
0.0,137.10830688476562,30.08
0.0,137.10830688476562,30.09
0.0,137.10830688476562,30.1
0.0,137.10830688476562,30.11
0.0,136.93655395507812,30.12
0.0,136.2601318359375,30.13
0.0,136.2601318359375,30.14
0.0,136.2601318359375,30.15
0.0,135.92190551757812,30.16
0.0,135.6656036376953,30.17
0.0,135.5810546875,30.18
0.0,135.5810546875,30.19
0.0,135.4119415283203,30.2
0.0,135.4119415283203,30.21
0.0,135.07371520996094,30.22
0.0,134.90460205078125,30.23
0.0,134.90460205078125,30.24
0.0,135.07371520996094,30.25
0.0,135.07371520996094,30.26
0.0,135.07371520996094,30.27
0.0,134.90460205078125,30.28
0.0,134.5637664794922,30.29
0.0,134.3946533203125,30.3
0.0,134.3946533203125,30.31
0.0,134.3946533203125,30.32
0.0,133.88731384277344,30.33
0.0,133.7182159423828,30.34
0.0,133.63365173339844,30.35
0.0,133.46453857421875,30.36
0.0,133.46453857421875,30.37
0.0,133.46453857421875,30.38
0.0,133.03912353515625,30.39
0.0,133.03912353515625,30.4
0.0,133.03912353515625,30.41
0.0,133.03912353515625,30.42
0.0,133.03912353515625,30.43
0.0,132.8700408935547,30.44
0.0,132.700927734375,30.45
0.0,132.5318145751953,30.46
0.0,132.2781524658203,30.47
0.0,131.34539794921875,30.48
0.0,131.34539794921875,30.49
0.0,131.34539794921875,30.5
0.0,131.34539794921875,30.51
0.0,131.76817321777344,30.52
0.0,132.0244903564453,30.53
0.0,132.19358825683594,30.54
0.0,132.0244903564453,30.55
0.0,132.19358825683594,30.56
0.0,132.19358825683594,30.57
0.0,132.19358825683594,30.58
0.0,132.19358825683594,30.59
0.0,132.0244903564453,30.6
0.0,132.0244903564453,30.61
0.0,131.34539794921875,30.62
0.0,131.0917510986328,30.63
0.0,131.0917510986328,30.64
0.0,131.0917510986328,30.65
0.0,130.7535400390625,30.66
0.0,130.7535400390625,30.67
0.0,131.0917510986328,30.68
0.0,131.1763153076172,30.69
0.0,131.1763153076172,30.7
0.0,131.1763153076172,30.71
0.0,131.1763153076172,30.72
0.0,130.5844268798828,30.73
0.0,130.5844268798828,30.74
0.0,130.5844268798828,30.75
0.0,130.3307647705078,30.76
0.0,130.1590118408203,30.77
0.0,130.07444763183594,30.78
0.0,130.07444763183594,30.79
0.0,129.90533447265625,30.8
0.0,129.48255920410156,30.81
0.0,129.48255920410156,30.82
0.0,129.22891235351562,30.83
0.0,129.22891235351562,30.84
0.0,129.48255920410156,30.85
0.0,129.1443634033203,30.86
0.0,129.73623657226562,30.87
0.0,129.73623657226562,30.88
0.0,129.73623657226562,30.89
0.0,129.73623657226562,30.9
0.0,128.97525024414062,30.91
0.0,128.97525024414062,30.92
0.0,128.72158813476562,30.93
0.0,128.46792602539062,30.94
0.0,128.46792602539062,30.95
0.0,128.38072204589844,30.96
0.0,128.38072204589844,30.97
0.0,128.46792602539062,30.98
0.0,128.46792602539062,30.99
0.0,128.46792602539062,31.0
0.0,128.46792602539062,31.01
0.0,128.12705993652344,31.02
0.0,128.54983520507812,31.03
0.0,128.54983520507812,31.04
0.0,128.63702392578125,31.05
0.0,128.54983520507812,31.06
0.0,128.21160888671875,31.07
0.0,127.95794677734375,31.08
0.0,127.87339782714844,31.09
0.0,127.87339782714844,31.1
0.0,127.87339782714844,31.11
0.0,127.45063781738281,31.12
0.0,127.45063781738281,31.13
0.0,127.02786254882812,31.14
0.0,127.02786254882812,31.15
0.0,127.02786254882812,31.16
0.0,127.28152465820312,31.17
0.0,127.28152465820312,31.18
0.0,126.94329833984375,31.19
0.0,126.94329833984375,31.2
0.0,126.94329833984375,31.21
0.0,126.85874938964844,31.22
0.0,126.51788330078125,31.23
0.0,125.75691223144531,31.24
0.0,125.67234802246094,31.25
0.0,125.67234802246094,31.26
0.0,125.67234802246094,31.27
0.0,125.67234802246094,31.28
0.0,125.67234802246094,31.29
0.0,125.58779907226562,31.3
0.0,125.75691223144531,31.31
0.0,125.58779907226562,31.32
0.0,125.16502380371094,31.33
0.0,125.16502380371094,31.34
0.0,125.16502380371094,31.35
0.0,125.16502380371094,31.36
0.0,125.16502380371094,31.37
0.0,125.16502380371094,31.38
0.0,124.82679748535156,31.39
0.0,124.82679748535156,31.4
0.0,124.91136169433594,31.41
0.0,124.91136169433594,31.42
0.0,124.91136169433594,31.43
0.0,124.48860168457031,31.44
0.0,124.40138244628906,31.45
0.0,124.06318664550781,31.46
0.0,124.40138244628906,31.47
0.0,124.48860168457031,31.48
0.0,124.06318664550781,31.49
0.0,124.06318664550781,31.5
0.0,124.06318664550781,31.51
0.0,124.40138244628906,31.52
0.0,124.40138244628906,31.53
0.0,124.40138244628906,31.54
0.0,124.48860168457031,31.55
0.0,124.48860168457031,31.56
0.0,124.48860168457031,31.57
0.0,124.48860168457031,31.58
0.0,124.48860168457031,31.59
0.0,123.89407348632812,31.6
0.0,123.13307189941406,31.61
0.0,123.13307189941406,31.62
0.0,123.13307189941406,31.63
0.0,123.13307189941406,31.64
0.0,122.62576293945312,31.65
0.0,122.62576293945312,31.66
0.0,122.62576293945312,31.67
0.0,122.62576293945312,31.68
0.0,122.79487609863281,31.69
0.0,122.45664978027344,31.7
0.0,122.37210083007812,31.71
0.0,122.37210083007812,31.72
0.0,122.28753662109375,31.73
0.0,122.03387451171875,31.74
0.0,121.94932556152344,31.75
0.0,121.69300842285156,31.76
0.0,121.69300842285156,31.77
0.0,121.43934631347656,31.78
0.0,121.35479736328125,31.79
0.0,121.27023315429688,31.8
0.0,121.01657104492188,31.81
0.0,119.66371154785156,31.82
0.0,119.49459838867188,31.83
0.0,118.98728942871094,31.84
0.0,118.98728942871094,31.85
0.0,118.98728942871094,31.86
0.0,118.90272521972656,31.87
0.0,118.73361206054688,31.88
0.0,118.73361206054688,31.89
0.0,118.64906311035156,31.9
0.0,118.64906311035156,31.91
0.0,118.31083679199219,31.92
0.0,118.31083679199219,31.93
0.0,118.14173889160156,31.94
0.0,118.14173889160156,31.95
0.0,118.05717468261719,31.96
0.0,118.05717468261719,31.97
0.0,117.54986572265625,31.98
0.0,118.05717468261719,31.99
0.0,117.54986572265625,32.0
0.0,117.12709045410156,32.01
0.0,117.12709045410156,32.02
0.0,117.12709045410156,32.03
0.0,117.12709045410156,32.04
0.0,117.12709045410156,32.05
0.0,117.12709045410156,32.06
0.0,117.12709045410156,32.07
0.0,116.78622436523438,32.08
0.0,116.78622436523438,32.09
0.0,116.70167541503906,32.1
0.0,116.1943359375,32.11
0.0,116.10980224609375,32.12
0.0,116.10980224609375,32.13
0.0,115.34880065917969,32.14
0.0,115.34880065917969,32.15
0.0,115.09513854980469,32.16
0.0,115.17970275878906,32.17
0.0,115.09513854980469,32.18
0.0,114.75694274902344,32.19
0.0,114.75694274902344,32.2
0.0,114.75694274902344,32.21
0.0,114.58782958984375,32.22
0.0,114.41871643066406,32.23
0.0,114.16505432128906,32.24
0.0,113.99594116210938,32.25
0.0,113.99594116210938,32.26
0.0,114.41871643066406,32.27
0.0,113.99594116210938,32.28
0.0,113.99594116210938,32.29
0.0,113.99594116210938,32.3
0.0,113.404052734375,32.31
0.0,113.74227905273438,32.32
0.0,113.74227905273438,32.33
0.0,113.74227905273438,32.34
0.0,113.404052734375,32.35
0.0,113.23493957519531,32.36
0.0,112.98129272460938,32.37
0.0,112.98129272460938,32.38
0.0,112.72763061523438,32.39
0.0,112.72763061523438,32.4
0.0,112.389404296875,32.41
0.0,112.389404296875,32.42
0.0,112.389404296875,32.43
0.0,112.389404296875,32.44
0.0,112.05119323730469,32.45
0.0,112.05119323730469,32.46
0.0,111.882080078125,32.47
0.0,112.05119323730469,32.48
0.0,112.05119323730469,32.49
0.0,112.22030639648438,32.5
0.0,112.05119323730469,32.51
0.0,112.05119323730469,32.52
0.0,112.05119323730469,32.53
0.0,111.882080078125,32.54
0.0,111.882080078125,32.55
0.0,111.882080078125,32.56
0.0,111.62841796875,32.57
0.0,111.20565795898438,32.58
0.0,111.20565795898438,32.59
0.0,110.867431640625,32.6
0.0,110.78288269042969,32.61
0.0,110.78288269042969,32.62
0.0,110.44465637207031,32.63
0.0,110.19099426269531,32.64
0.0,109.7708740234375,32.65
0.0,110.19099426269531,32.66
0.0,110.19099426269531,32.67
0.0,110.19099426269531,32.68
0.0,110.19099426269531,32.69
0.0,110.19099426269531,32.7
0.0,109.7708740234375,32.71
0.0,109.43264770507812,32.72
0.0,109.43264770507812,32.73
0.0,109.43264770507812,32.74
0.0,109.17898559570312,32.75
0.0,109.17898559570312,32.76
0.0,109.17898559570312,32.77
0.0,109.09443664550781,32.78
0.0,109.09443664550781,32.79
0.0,109.0098876953125,32.8
0.0,109.0098876953125,32.81
0.0,109.0098876953125,32.82
0.0,109.0098876953125,32.83
0.0,108.67166137695312,32.84
0.0,107.99522399902344,32.85
0.0,107.99522399902344,32.86
0.0,107.99522399902344,32.87
0.0,107.99522399902344,32.88
0.0,107.65701293945312,32.89
0.0,107.48789978027344,32.9
0.0,107.48789978027344,32.91
0.0,107.57246398925781,32.92
0.0,107.65701293945312,32.93
0.0,107.65701293945312,32.94
0.0,107.57246398925781,32.95
0.0,107.65701293945312,32.96
0.0,107.57246398925781,32.97
0.0,107.48789978027344,32.98
0.0,106.9805908203125,32.99
0.0,106.89602661132812,33.0
0.0,106.81147766113281,33.01
0.0,106.72691345214844,33.02
0.0,106.38870239257812,33.03
0.0,105.96592712402344,33.04
0.0,105.96592712402344,33.05
0.0,105.96592712402344,33.06
0.0,105.96592712402344,33.07
0.0,105.96592712402344,33.08
0.0,105.45860290527344,33.09
0.0,105.45860290527344,33.1
0.0,105.71226501464844,33.11
0.0,105.71226501464844,33.12
0.0,105.71226501464844,33.13
0.0,105.12039184570312,33.14
0.0,105.12039184570312,33.15
0.0,105.12039184570312,33.16
0.0,105.12039184570312,33.17
0.0,105.45860290527344,33.18
0.0,105.12039184570312,33.19
0.0,104.86936950683594,33.2
0.0,104.44659423828125,33.21
0.0,104.02381896972656,33.22
0.0,104.02381896972656,33.23
0.0,104.02381896972656,33.24
0.0,103.85472106933594,33.25
0.0,103.85472106933594,33.26
0.0,103.85472106933594,33.27
0.0,103.77015686035156,33.28
0.0,103.85472106933594,33.29
0.0,103.77015686035156,33.3
0.0,103.51649475097656,33.31
0.0,103.26283264160156,33.32
0.0,102.92462158203125,33.33
0.0,102.92462158203125,33.34
0.0,102.84007263183594,33.35
0.0,102.84007263183594,33.36
0.0,102.92462158203125,33.37
0.0,102.84007263183594,33.38
0.0,102.58639526367188,33.39
0.0,102.58639526367188,33.4
0.0,102.75550842285156,33.41
0.0,102.75550842285156,33.42
0.0,101.91261291503906,33.43
0.0,102.75550842285156,33.44
0.0,101.82804870605469,33.45
0.0,101.65895080566406,33.46
0.0,101.82804870605469,33.47
0.0,101.82804870605469,33.48
0.0,101.65895080566406,33.49
0.0,101.57440185546875,33.5
0.0,101.48983764648438,33.51
0.0,101.48983764648438,33.52
0.0,101.48983764648438,33.53
0.0,101.48983764648438,33.54
0.0,101.48983764648438,33.55
0.0,101.32072448730469,33.56
0.0,101.32072448730469,33.57
0.0,101.06706237792969,33.58
0.0,101.06706237792969,33.59
0.0,100.89796447753906,33.6
0.0,100.30607604980469,33.61
0.0,100.30607604980469,33.62
0.0,100.13697814941406,33.63
0.0,100.30607604980469,33.64
0.0,100.30607604980469,33.65
0.0,100.30607604980469,33.66
0.0,100.30607604980469,33.67
0.0,100.30607604980469,33.68
0.0,100.64430236816406,33.69
0.0,100.64430236816406,33.7
0.0,100.64430236816406,33.71
0.0,100.64430236816406,33.72
0.0,100.22152709960938,33.73
0.0,100.22152709960938,33.74
0.0,100.22152709960938,33.75
0.0,99.96786499023438,33.76
0.0,99.2940673828125,33.77
0.0,99.20951843261719,33.78
0.0,99.20951843261719,33.79
0.0,98.95585632324219,33.8
0.0,99.20951843261719,33.81
0.0,98.5330810546875,33.82
0.0,98.5330810546875,33.83
0.0,99.20951843261719,33.84
0.0,98.5330810546875,33.85
0.0,98.5330810546875,33.86
0.0,98.5330810546875,33.87
0.0,98.36396789550781,33.88
0.0,98.36396789550781,33.89
0.0,98.19486999511719,33.9
0.0,98.19486999511719,33.91
0.0,98.19486999511719,33.92
0.0,98.19486999511719,33.93
0.0,98.11030578613281,33.94
0.0,98.11030578613281,33.95
0.0,98.11030578613281,33.96
0.0,97.52107238769531,33.97
0.0,97.52107238769531,33.98
0.0,97.52107238769531,33.99
0.0,97.35195922851562,34.0
0.0,97.182861328125,34.01
0.0,97.01374816894531,34.02
0.0,96.92919921875,34.03
0.0,96.84463500976562,34.04
0.0,96.84463500976562,34.05
0.0,96.84463500976562,34.06
0.0,96.84463500976562,34.07
0.0,96.84463500976562,34.08
0.0,96.59098815917969,34.09
0.0,96.50642395019531,34.1
0.0,96.08628845214844,34.11
0.0,96.17085266113281,34.12
0.0,96.08628845214844,34.13
0.0,96.08628845214844,34.14
0.0,95.91719055175781,34.15
0.0,95.74807739257812,34.16
0.0,95.57896423339844,34.17
0.0,95.40986633300781,34.18
0.0,95.32530212402344,34.19
0.0,95.32530212402344,34.2
0.0,95.32530212402344,34.21
0.0,95.32530212402344,34.22
0.0,95.24075317382812,34.23
0.0,95.24075317382812,34.24
0.0,95.15618896484375,34.25
0.0,95.15618896484375,34.26
0.0,95.15618896484375,34.27
0.0,94.65151977539062,34.28
0.0,94.31330871582031,34.29
0.0,94.31330871582031,34.3
0.0,93.89053344726562,34.31
0.0,93.89053344726562,34.32
0.0,93.89053344726562,34.33
0.0,94.39785766601562,34.34
0.0,94.39785766601562,34.35
0.0,94.39785766601562,34.36
0.0,94.31330871582031,34.37
0.0,94.31330871582031,34.38
0.0,93.80596923828125,34.39
0.0,93.80596923828125,34.4
0.0,93.46775817871094,34.41
0.0,93.38584899902344,34.42
0.0,93.04763793945312,34.43
0.0,93.38584899902344,34.44
0.0,93.38584899902344,34.45
0.0,93.04763793945312,34.46
0.0,93.04763793945312,34.47
0.0,93.04763793945312,34.48
0.0,92.96307373046875,34.49
0.0,92.37118530273438,34.5
0.0,92.37118530273438,34.51
0.0,92.45574951171875,34.52
0.0,92.37118530273438,34.53
0.0,92.37118530273438,34.54
0.0,91.78195190429688,34.55
0.0,91.78195190429688,34.56
0.0,91.78195190429688,34.57
0.0,91.78195190429688,34.58
0.0,91.69740295410156,34.59
0.0,91.69740295410156,34.6
0.0,91.44374084472656,34.61
0.0,91.61285400390625,34.62
0.0,91.44374084472656,34.63
0.0,91.44374084472656,34.64
0.0,91.44374084472656,34.65
0.0,91.44374084472656,34.66
0.0,91.44374084472656,34.67
0.0,91.44374084472656,34.68
0.0,91.19007873535156,34.69
0.0,91.19007873535156,34.7
0.0,90.93641662597656,34.71
0.0,90.93641662597656,34.72
0.0,90.93641662597656,34.73
0.0,90.93641662597656,34.74
0.0,90.85450744628906,34.75
0.0,90.00895690917969,34.76
0.0,90.00895690917969,34.77
0.0,89.92440795898438,34.78
0.0,89.92440795898438,34.79
0.0,89.75529479980469,34.8
0.0,89.50428771972656,34.81
0.0,89.50428771972656,34.82
0.0,89.50428771972656,34.83
0.0,89.41972351074219,34.84
0.0,89.41972351074219,34.85
0.0,89.16606140136719,34.86
0.0,89.41972351074219,34.87
0.0,89.41972351074219,34.88
0.0,89.16606140136719,34.89
0.0,88.91239929199219,34.9
0.0,88.65873718261719,34.91
0.0,88.65873718261719,34.92
0.0,88.65873718261719,34.93
0.0,88.65873718261719,34.94
0.0,88.65873718261719,34.95
0.0,88.32315063476562,34.96
0.0,88.23861694335938,34.97
0.0,88.23861694335938,34.98
0.0,87.900390625,34.99
0.0,87.646728515625,35.0
0.0,87.646728515625,35.01
0.0,87.646728515625,35.02
0.0,87.646728515625,35.03
0.0,87.56216430664062,35.04
0.0,87.14204406738281,35.05
0.0,87.14204406738281,35.06
0.0,87.56216430664062,35.07
0.0,87.39570617675781,35.08
0.0,87.39570617675781,35.09
0.0,87.39570617675781,35.1
0.0,87.39570617675781,35.11
0.0,87.47761535644531,35.12
0.0,87.47761535644531,35.13
0.0,87.47761535644531,35.14
0.0,87.39570617675781,35.15
0.0,87.39570617675781,35.16
0.0,87.39570617675781,35.17
0.0,87.22659301757812,35.18
0.0,86.71926879882812,35.19
0.0,86.71926879882812,35.2
0.0,86.63471984863281,35.21
0.0,86.13003540039062,35.22
0.0,86.04548645019531,35.23
0.0,86.04548645019531,35.24
0.0,86.04548645019531,35.25
0.0,85.87637329101562,35.26
0.0,85.87637329101562,35.27
0.0,86.04548645019531,35.28
0.0,85.87637329101562,35.29
0.0,85.87637329101562,35.3
0.0,85.87637329101562,35.31
0.0,85.70726013183594,35.32
0.0,85.70726013183594,35.33
0.0,85.53814697265625,35.34
0.0,85.28713989257812,35.35
0.0,84.94891357421875,35.36
0.0,84.94891357421875,35.37
0.0,84.69526672363281,35.38
0.0,84.44158935546875,35.39
0.0,84.44158935546875,35.4
0.0,84.44158935546875,35.41
0.0,84.44158935546875,35.42
0.0,84.77980041503906,35.43
0.0,84.77980041503906,35.44
0.0,84.77980041503906,35.45
0.0,84.77980041503906,35.46
0.0,84.77980041503906,35.47
0.0,84.94891357421875,35.48
0.0,84.77980041503906,35.49
0.0,84.77980041503906,35.5
0.0,84.69526672363281,35.51
0.0,84.52615356445312,35.52
0.0,84.52615356445312,35.53
0.0,84.44158935546875,35.54
0.0,84.44158935546875,35.55
0.0,84.44158935546875,35.56
0.0,84.35968017578125,35.57
0.0,84.35968017578125,35.58
0.0,83.9369125366211,35.59
0.0,83.9369125366211,35.6
0.0,83.9369125366211,35.61
0.0,83.9369125366211,35.62
0.0,83.68324279785156,35.63
0.0,83.68324279785156,35.64
0.0,83.59869384765625,35.65
0.0,83.68324279785156,35.66
0.0,83.59869384765625,35.67
0.0,82.84034729003906,35.68
0.0,82.58668518066406,35.69
0.0,82.58668518066406,35.7
0.0,82.50476837158203,35.71
0.0,82.50476837158203,35.72
0.0,82.84034729003906,35.73
0.0,82.50476837158203,35.74
0.0,82.50476837158203,35.75
0.0,82.75579071044922,35.76
0.0,82.75579071044922,35.77
0.0,82.75579071044922,35.78
0.0,82.75579071044922,35.79
0.0,82.75579071044922,35.8
0.0,82.16655731201172,35.81
0.0,82.16655731201172,35.82
0.0,81.99744415283203,35.83
0.0,81.99744415283203,35.84
0.0,81.49276733398438,35.85
0.0,81.49276733398438,35.86
0.0,81.49276733398438,35.87
0.0,81.15454864501953,35.88
0.0,80.98544311523438,35.89
0.0,80.39620971679688,35.9
0.0,80.39620971679688,35.91
0.0,80.39620971679688,35.92
0.0,80.39620971679688,35.93
0.0,80.39620971679688,35.94
0.0,80.39620971679688,35.95
0.0,80.39620971679688,35.96
0.0,80.39620971679688,35.97
0.0,80.31165313720703,35.98
0.0,80.0579833984375,35.99
0.0,80.0579833984375,36.0
0.0,80.0579833984375,36.01
0.0,79.80696105957031,36.02
0.0,79.04862213134766,36.03
0.0,79.04862213134766,36.04
0.0,79.29963684082031,36.05
0.0,79.29963684082031,36.06
0.0,79.29963684082031,36.07
0.0,79.13317108154297,36.08
0.0,79.13317108154297,36.09
0.0,79.13317108154297,36.1
0.0,79.29963684082031,36.11
0.0,79.29963684082031,36.12
0.0,79.13317108154297,36.13
0.0,79.13317108154297,36.14
0.0,79.04862213134766,36.15
0.0,78.87950897216797,36.16
0.0,78.87950897216797,36.17
0.0,78.87950897216797,36.18
0.0,78.87950897216797,36.19
0.0,78.37483215332031,36.2
0.0,77.53192901611328,36.21
0.0,77.53192901611328,36.22
0.0,77.53192901611328,36.23
0.0,77.53192901611328,36.24
0.0,77.53192901611328,36.25
0.0,77.53192901611328,36.26
0.0,77.27826690673828,36.27
0.0,77.27826690673828,36.28
0.0,77.27826690673828,36.29
0.0,76.6044692993164,36.3
0.0,76.6044692993164,36.31
0.0,76.51991271972656,36.32
0.0,76.43537139892578,36.33
0.0,76.18170166015625,36.34
0.0,76.18170166015625,36.35
0.0,76.18170166015625,36.36
0.0,76.09979248046875,36.37
0.0,76.09979248046875,36.38
0.0,76.09979248046875,36.39
0.0,76.09979248046875,36.4
0.0,76.09979248046875,36.41
0.0,76.09979248046875,36.42
0.0,76.09979248046875,36.43
0.0,75.93067932128906,36.44
0.0,75.5079116821289,36.45
0.0,74.9186782836914,36.46
0.0,74.58309936523438,36.47
0.0,74.49855041503906,36.48
0.0,74.49855041503906,36.49
0.0,74.41399383544922,36.5
0.0,74.07577514648438,36.51
0.0,74.07577514648438,36.52
0.0,73.4019775390625,36.53
0.0,73.23551177978516,36.54
0.0,73.15096282958984,36.55
0.0,73.23551177978516,36.56
0.0,73.15096282958984,36.57
0.0,73.15096282958984,36.58
0.0,73.15096282958984,36.59
0.0,72.812744140625,36.6
0.0,72.64363098144531,36.61
0.0,72.64363098144531,36.62
0.0,72.64363098144531,36.63
0.0,72.64363098144531,36.64
0.0,72.39261627197266,36.65
0.0,72.39261627197266,36.66
0.0,72.39261627197266,36.67
0.0,72.39261627197266,36.68
0.0,72.56172943115234,36.69
0.0,72.56172943115234,36.7
0.0,72.56172943115234,36.71
0.0,72.56172943115234,36.72
0.0,71.63426971435547,36.73
0.0,71.63426971435547,36.74
0.0,71.63426971435547,36.75
0.0,71.63426971435547,36.76
0.0,71.38060760498047,36.77
0.0,71.38060760498047,36.78
0.0,71.38060760498047,36.79
0.0,71.38060760498047,36.8
0.0,70.87592315673828,36.81
0.0,70.87592315673828,36.82
0.0,70.62226104736328,36.83
0.0,70.03565979003906,36.84
0.0,70.62226104736328,36.85
0.0,69.95111846923828,36.86
0.0,69.95111846923828,36.87
0.0,69.7820053100586,36.88
0.0,69.7820053100586,36.89
0.0,69.5283432006836,36.9
0.0,69.5283432006836,36.91
0.0,69.7820053100586,36.92
0.0,69.7820053100586,36.93
0.0,69.69744873046875,36.94
0.0,69.6128921508789,36.95
0.0,69.5283432006836,36.96
0.0,69.6128921508789,36.97
0.0,69.5283432006836,36.98
0.0,69.1927719116211,36.99
0.0,69.10821533203125,37.0
0.0,68.93910217285156,37.01
0.0,68.85454559326172,37.02
0.0,68.6880874633789,37.03
0.0,68.43441772460938,37.04
0.0,68.34986877441406,37.05
0.0,68.34986877441406,37.06
0.0,68.34986877441406,37.07
0.0,67.59152221679688,37.08
0.0,67.59152221679688,37.09
0.0,67.59152221679688,37.1
0.0,67.67607116699219,37.11
0.0,67.59152221679688,37.12
0.0,67.67607116699219,37.13
0.0,67.59152221679688,37.14
0.0,67.59152221679688,37.15
0.0,67.59152221679688,37.16
0.0,67.59152221679688,37.17
0.0,67.25595092773438,37.18
0.0,67.25595092773438,37.19
0.0,66.83582305908203,37.2
0.0,66.83582305908203,37.21
0.0,66.83582305908203,37.22
0.0,66.66670989990234,37.23
0.0,66.66670989990234,37.24
0.0,66.66670989990234,37.25
0.0,66.24657440185547,37.26
0.0,65.992919921875,37.27
0.0,65.90836334228516,37.28
0.0,66.24657440185547,37.29
0.0,65.82380676269531,37.3
0.0,65.74189758300781,37.31
0.0,65.65734100341797,37.32
0.0,65.48823547363281,37.33
0.0,65.65734100341797,37.34
0.0,65.65734100341797,37.35
0.0,65.48823547363281,37.36
0.0,65.48823547363281,37.37
0.0,65.40367889404297,37.38
0.0,65.06809997558594,37.39
0.0,65.06809997558594,37.4
0.0,64.89900207519531,37.41
0.0,64.89900207519531,37.42
0.0,64.64797973632812,37.43
0.0,64.14065551757812,37.44
0.0,63.97418212890625,37.45
0.0,63.63597106933594,37.46
0.0,63.63597106933594,37.47
0.0,63.63597106933594,37.48
0.0,63.63597106933594,37.49
0.0,63.63597106933594,37.5
0.0,63.63597106933594,37.51
0.0,63.38494873046875,37.52
0.0,63.04673767089844,37.53
0.0,63.38494873046875,37.54
0.0,63.04673767089844,37.55
0.0,62.711158752441406,37.56
0.0,62.62660217285156,37.57
0.0,62.457489013671875,37.58
0.0,62.457489013671875,37.59
0.0,62.375587463378906,37.6
0.0,62.375587463378906,37.61
0.0,62.375587463378906,37.62
0.0,62.29103088378906,37.63
0.0,62.121917724609375,37.64
0.0,62.121917724609375,37.65
0.0,61.70178985595703,37.66
0.0,61.95281219482422,37.67
0.0,61.95281219482422,37.68
0.0,61.70178985595703,37.69
0.0,61.36357116699219,37.7
0.0,61.197113037109375,37.71
0.0,61.197113037109375,37.72
0.0,61.197113037109375,37.73
0.0,61.197113037109375,37.74
0.0,61.281654357910156,37.75
0.0,61.197113037109375,37.76
0.0,61.197113037109375,37.77
0.0,60.85888671875,37.78
0.0,60.692420959472656,37.79
0.0,59.93408203125,37.8
0.0,59.93408203125,37.81
0.0,59.93408203125,37.82
0.0,59.93408203125,37.83
0.0,59.68305969238281,37.84
0.0,59.68305969238281,37.85
0.0,59.59850311279297,37.86
0.0,59.68305969238281,37.87
0.0,59.68305969238281,37.88
0.0,59.849525451660156,37.89
0.0,59.68305969238281,37.9
0.0,59.34748840332031,37.91
0.0,59.09381866455078,37.92
0.0,59.00926208496094,37.93
0.0,59.00926208496094,37.94
0.0,59.00926208496094,37.95
0.0,58.84015655517578,37.96
0.0,58.84015655517578,37.97
0.0,58.67369079589844,37.98
0.0,58.67369079589844,37.99
0.0,58.67369079589844,38.0
0.0,58.50458526611328,38.01
0.0,57.91534423828125,38.02
0.0,57.83079528808594,38.03
0.0,57.83079528808594,38.04
0.0,57.66432189941406,38.05
0.0,57.66432189941406,38.06
0.0,57.66432189941406,38.07
0.0,57.24419403076172,38.08
0.0,57.410667419433594,38.09
0.0,57.410667419433594,38.1
0.0,57.410667419433594,38.11
0.0,57.24419403076172,38.12
0.0,57.24419403076172,38.13
0.0,56.905982971191406,38.14
0.0,57.410667419433594,38.15
0.0,56.905982971191406,38.16
0.0,56.905982971191406,38.17
0.0,56.570404052734375,38.18
0.0,56.570404052734375,38.19
0.0,56.48584747314453,38.2
0.0,56.234832763671875,38.21
0.0,56.48584747314453,38.22
0.0,56.48584747314453,38.23
0.0,56.06571960449219,38.24
0.0,56.48584747314453,38.25
0.0,56.48584747314453,38.26
0.0,56.06571960449219,38.27
0.0,55.73014831542969,38.28
0.0,55.22547149658203,38.29
0.0,55.73014831542969,38.3
0.0,55.31001281738281,38.31
0.0,55.31001281738281,38.32
0.0,55.47648620605469,38.33
0.0,55.47648620605469,38.34
0.0,55.31001281738281,38.35
0.0,55.31001281738281,38.36
0.0,55.31001281738281,38.37
0.0,55.47648620605469,38.38
0.0,55.31001281738281,38.39
0.0,55.47648620605469,38.4
0.0,55.31001281738281,38.41
0.0,54.805335998535156,38.42
0.0,54.805335998535156,38.43
0.0,54.805335998535156,38.44
0.0,54.805335998535156,38.45
0.0,54.63622283935547,38.46
0.0,54.63622283935547,38.47
0.0,54.63622283935547,38.48
0.0,54.63622283935547,38.49
0.0,54.63622283935547,38.5
0.0,53.880523681640625,38.51
0.0,53.880523681640625,38.52
0.0,53.880523681640625,38.53
0.0,53.880523681640625,38.54
0.0,53.626861572265625,38.55
0.0,53.04026794433594,38.56
0.0,52.955711364746094,38.57
0.0,53.626861572265625,38.58
0.0,52.955711364746094,38.59
0.0,52.955711364746094,38.6
0.0,52.786598205566406,38.61
0.0,52.786598205566406,38.62
0.0,52.61750030517578,38.63
0.0,52.786598205566406,38.64
0.0,52.786598205566406,38.65
0.0,52.786598205566406,38.66
0.0,52.786598205566406,38.67
0.0,52.702049255371094,38.68
0.0,52.702049255371094,38.69
0.0,52.702049255371094,38.7
0.0,52.61750030517578,38.71
0.0,52.19737243652344,38.72
0.0,52.19737243652344,38.73
0.0,52.19737243652344,38.74
0.0,51.861793518066406,38.75
0.0,51.861793518066406,38.76
0.0,51.861793518066406,38.77
0.0,51.861793518066406,38.78
0.0,51.61076354980469,38.79
0.0,51.35710906982422,38.8
0.0,51.10608673095703,38.81
0.0,51.10608673095703,38.82
0.0,50.855072021484375,38.83
0.0,50.68595886230469,38.84
0.0,50.601402282714844,38.85
0.0,50.68595886230469,38.86
0.0,50.68595886230469,38.87
0.0,50.68595886230469,38.88
0.0,50.601402282714844,38.89
0.0,50.601402282714844,38.9
0.0,50.601402282714844,38.91
0.0,50.35038757324219,38.92
0.0,50.265830993652344,38.93
0.0,50.1812744140625,38.94
0.0,50.09672546386719,38.95
0.0,50.09672546386719,38.96
0.0,49.93025207519531,38.97
0.0,49.93025207519531,38.98
0.0,49.93025207519531,38.99
0.0,49.93025207519531,39.0
0.0,49.761146545410156,39.01
0.0,49.761146545410156,39.02
0.0,49.592041015625,39.03
0.0,49.592041015625,39.04
0.0,49.592041015625,39.05
0.0,49.592041015625,39.06
0.0,49.592041015625,39.07
0.0,49.089996337890625,39.08
0.0,49.00544738769531,39.09
0.0,49.00544738769531,39.1
0.0,48.58531951904297,39.11
0.0,48.165191650390625,39.12
0.0,47.99607849121094,39.13
0.0,47.99607849121094,39.14
0.0,48.08063507080078,39.15
0.0,48.08063507080078,39.16
0.0,48.08063507080078,39.17
0.0,48.08063507080078,39.18
0.0,47.99607849121094,39.19
0.0,47.99607849121094,39.2
0.0,47.82697296142578,39.21
0.0,47.82697296142578,39.22
0.0,46.82025146484375,39.23
0.0,46.735694885253906,39.24
0.0,46.735694885253906,39.25
0.0,46.735694885253906,39.26
0.0,46.735694885253906,39.27
0.0,46.65113830566406,39.28
0.0,46.31556701660156,39.29
0.0,46.14909362792969,39.3
0.0,46.14909362792969,39.31
0.0,46.14909362792969,39.32
0.0,46.064544677734375,39.33
0.0,46.064544677734375,39.34
0.0,46.064544677734375,39.35
0.0,45.81352233886719,39.36
0.0,45.81352233886719,39.37
0.0,45.81352233886719,39.38
0.0,46.064544677734375,39.39
0.0,46.064544677734375,39.4
0.0,46.064544677734375,39.41
0.0,46.064544677734375,39.42
0.0,46.064544677734375,39.43
0.0,45.728973388671875,39.44
0.0,45.728973388671875,39.45
0.0,45.728973388671875,39.46
0.0,45.728973388671875,39.47
0.0,45.64441680908203,39.48
0.0,45.728973388671875,39.49
0.0,45.64441680908203,39.5
0.0,45.55986022949219,39.51
0.0,45.22428894042969,39.52
0.0,45.139732360839844,39.53
0.0,44.80415344238281,39.54
0.0,44.80415344238281,39.55
0.0,44.553138732910156,39.56
0.0,44.299468994140625,39.57
0.0,44.299468994140625,39.58
0.0,44.299468994140625,39.59
0.0,44.299468994140625,39.6
0.0,44.04845428466797,39.61
0.0,44.04845428466797,39.62
0.0,43.12364196777344,39.63
0.0,42.703514099121094,39.64
0.0,42.703514099121094,39.65
0.0,42.62159729003906,39.66
0.0,42.62159729003906,39.67
0.0,42.452491760253906,39.68
0.0,42.452491760253906,39.69
0.0,42.452491760253906,39.7
0.0,42.452491760253906,39.71
0.0,42.116920471191406,39.72
0.0,42.452491760253906,39.73
0.0,42.116920471191406,39.74
0.0,42.20146942138672,39.75
0.0,42.367942810058594,39.76
0.0,42.20146942138672,39.77
0.0,42.116920471191406,39.78
0.0,42.116920471191406,39.79
0.0,41.527679443359375,39.8
0.0,41.36121368408203,39.81
0.0,41.36121368408203,39.82
0.0,41.527679443359375,39.83
0.0,41.36121368408203,39.84
0.0,41.27666473388672,39.85
0.0,40.77197265625,39.86
0.0,40.77197265625,39.87
0.0,40.77197265625,39.88
0.0,40.77197265625,39.89
0.0,40.77197265625,39.9
0.0,40.60551452636719,39.91
0.0,40.016273498535156,39.92
0.0,40.60551452636719,39.93
0.0,40.60551452636719,39.94
0.0,40.60551452636719,39.95
0.0,40.60551452636719,39.96
0.0,39.934364318847656,39.97
0.0,40.351844787597656,39.98
0.0,40.351844787597656,39.99
0.0,40.351844787597656,40.0
0.0,40.351844787597656,40.01
0.0,40.351844787597656,40.02
0.0,38.84044647216797,40.03
0.0,38.84044647216797,40.04
0.0,38.75852966308594,40.05
0.0,38.75852966308594,40.06
0.0,38.673973083496094,40.07
0.0,38.673973083496094,40.08
0.0,38.25384521484375,40.09
0.0,38.169288635253906,40.1
0.0,37.833709716796875,40.11
0.0,37.416236877441406,40.12
0.0,37.416236877441406,40.13
0.0,37.833709716796875,40.14
0.0,37.833709716796875,40.15
0.0,37.416236877441406,40.16
0.0,37.416236877441406,40.17
0.0,37.416236877441406,40.18
0.0,37.416236877441406,40.19
0.0,37.416236877441406,40.2
0.0,36.91154479980469,40.21
0.0,36.91154479980469,40.22
0.0,36.826988220214844,40.23
0.0,36.826988220214844,40.24
0.0,36.826988220214844,40.25
0.0,36.66053009033203,40.26
0.0,36.57597351074219,40.27
0.0,36.4068603515625,40.28
0.0,36.491416931152344,40.29
0.0,36.491416931152344,40.3
0.0,36.24040222167969,40.31
0.0,35.48469543457031,40.32
0.0,35.48469543457031,40.33
0.0,35.14911651611328,40.34
0.0,35.14911651611328,40.35
0.0,35.14911651611328,40.36
0.0,35.14911651611328,40.37
0.0,35.14911651611328,40.38
0.0,35.14911651611328,40.39
0.0,35.14911651611328,40.4
0.0,35.14911651611328,40.41
0.0,34.898101806640625,40.42
0.0,34.562530517578125,40.43
0.0,34.898101806640625,40.44
0.0,34.898101806640625,40.45
0.0,34.562530517578125,40.46
0.0,34.47797393798828,40.47
0.0,34.47797393798828,40.48
0.0,34.47797393798828,40.49
0.0,34.47797393798828,40.5
0.0,34.308860778808594,40.51
0.0,34.308860778808594,40.52
0.0,34.14239501953125,40.53
0.0,33.97328186035156,40.54
0.0,33.97328186035156,40.55
0.0,34.14239501953125,40.56
0.0,33.97328186035156,40.57
0.0,33.88873291015625,40.58
0.0,33.80682373046875,40.59
0.0,33.63771057128906,40.6
0.0,33.63771057128906,40.61
0.0,33.47125244140625,40.62
0.0,33.386695861816406,40.63
0.0,33.386695861816406,40.64
0.0,33.386695861816406,40.65
0.0,33.386695861816406,40.66
0.0,32.96656036376953,40.67
0.0,32.80009460449219,40.68
0.0,32.715545654296875,40.69
0.0,32.715545654296875,40.7
0.0,32.715545654296875,40.71
0.0,32.63098907470703,40.72
0.0,32.044395446777344,40.73
0.0,31.875282287597656,40.74
0.0,31.875282287597656,40.75
0.0,31.793373107910156,40.76
0.0,31.708816528320312,40.77
0.0,31.708816528320312,40.78
0.0,31.708816528320312,40.79
0.0,31.122222900390625,40.8
0.0,30.95311737060547,40.81
0.0,30.281967163085938,40.82
0.0,30.281967163085938,40.83
0.0,30.281967163085938,40.84
0.0,30.197410583496094,40.85
0.0,30.03094482421875,40.86
0.0,30.197410583496094,40.87
0.0,30.03094482421875,40.88
0.0,29.946388244628906,40.89
0.0,29.946388244628906,40.9
0.0,29.779922485351562,40.91
0.0,29.861839294433594,40.92
0.0,29.861839294433594,40.93
0.0,29.610816955566406,40.94
0.0,29.35980224609375,40.95
0.0,29.35980224609375,40.96
0.0,29.35980224609375,40.97
0.0,28.939666748046875,40.98
0.0,28.939666748046875,40.99
0.0,28.939666748046875,41.0
0.0,28.939666748046875,41.01
0.0,28.939666748046875,41.02
0.0,28.939666748046875,41.03
0.0,28.939666748046875,41.04
0.0,28.939666748046875,41.05
0.0,28.939666748046875,41.06
0.0,28.939666748046875,41.07
0.0,28.522186279296875,41.08
0.0,28.522186279296875,41.09
0.0,27.7664794921875,41.1
0.0,27.7664794921875,41.11
0.0,27.600013732910156,41.12
0.0,27.600013732910156,41.13
0.0,27.600013732910156,41.14
0.0,27.600013732910156,41.15
0.0,27.600013732910156,41.16
0.0,27.515457153320312,41.17
0.0,27.430908203125,41.18
0.0,27.179885864257812,41.19
0.0,27.09532928466797,41.2
0.0,26.75975799560547,41.21
0.0,26.675201416015625,41.22
0.0,26.50873565673828,41.23
0.0,26.675201416015625,41.24
0.0,26.675201416015625,41.25
0.0,26.675201416015625,41.26
0.0,26.50873565673828,41.27
0.0,26.75975799560547,41.28
0.0,26.75975799560547,41.29
0.0,26.593292236328125,41.3
0.0,26.593292236328125,41.31
0.0,26.593292236328125,41.32
0.0,26.088607788085938,41.33
0.0,25.83758544921875,41.34
0.0,25.83758544921875,41.35
0.0,25.83758544921875,41.36
0.0,25.83758544921875,41.37
0.0,25.83758544921875,41.38
0.0,25.83758544921875,41.39
0.0,25.83758544921875,41.4
0.0,25.753028869628906,41.41
0.0,25.753028869628906,41.42
0.0,24.91541290283203,41.43
0.0,24.83086395263672,41.44
0.0,24.83086395263672,41.45
0.0,24.83086395263672,41.46
0.0,24.83086395263672,41.47
0.0,24.83086395263672,41.48
0.0,24.495285034179688,41.49
0.0,24.495285034179688,41.5
0.0,23.742225646972656,41.51
0.0,23.742225646972656,41.52
0.0,23.240188598632812,41.53
0.0,24.077796936035156,41.54
0.0,24.077796936035156,41.55
0.0,23.240188598632812,41.56
0.0,23.071075439453125,41.57
0.0,23.240188598632812,41.58
0.0,23.240188598632812,41.59
0.0,23.240188598632812,41.6
0.0,23.071075439453125,41.61
0.0,22.90460968017578,41.62
0.0,22.820053100585938,41.63
0.0,22.65094757080078,41.64
0.0,22.65094757080078,41.65
0.0,22.65094757080078,41.66
0.0,22.56903839111328,41.67
0.0,22.56903839111328,41.68
0.0,22.56903839111328,41.69
0.0,22.064353942871094,41.7
0.0,21.982437133789062,41.71
0.0,21.731422424316406,41.72
0.0,21.646865844726562,41.73
0.0,21.477760314941406,41.74
0.0,21.477760314941406,41.75
0.0,21.477760314941406,41.76
0.0,21.477760314941406,41.77
0.0,21.477760314941406,41.78
0.0,21.477760314941406,41.79
0.0,21.477760314941406,41.8
0.0,21.395851135253906,41.81
0.0,21.22673797607422,41.82
0.0,21.060272216796875,41.83
0.0,21.060272216796875,41.84
0.0,21.060272216796875,41.85
0.0,21.060272216796875,41.86
0.0,21.060272216796875,41.87
0.0,21.060272216796875,41.88
0.0,20.473678588867188,41.89
0.0,19.717971801757812,41.9
0.0,19.636062622070312,41.91
0.0,19.55150604248047,41.92
0.0,19.55150604248047,41.93
0.0,18.798446655273438,41.94
0.0,18.798446655273438,41.95
0.0,19.13138198852539,41.96
0.0,19.13138198852539,41.97
0.0,19.13138198852539,41.98
0.0,18.798446655273438,41.99
0.0,19.04946517944336,42.0
0.0,18.96491241455078,42.01
0.0,18.96491241455078,42.02
0.0,18.96491241455078,42.03
0.0,18.96491241455078,42.04
0.0,18.96491241455078,42.05
0.0,18.96491241455078,42.06
0.0,18.96491241455078,42.07
0.0,18.96491241455078,42.08
0.0,18.62934112548828,42.09
0.0,18.042743682861328,42.1
0.0,18.042743682861328,42.11
0.0,17.79172134399414,42.12
0.0,17.79172134399414,42.13
0.0,17.79172134399414,42.14
0.0,17.456146240234375,42.15
0.0,17.876277923583984,42.16
0.0,17.876277923583984,42.17
0.0,17.876277923583984,42.18
0.0,17.707168579101562,42.19
0.0,17.707168579101562,42.2
0.0,17.707168579101562,42.21
0.0,17.54070281982422,42.22
0.0,17.205127716064453,42.23
0.0,17.54070281982422,42.24
0.0,17.54070281982422,42.25
0.0,17.456146240234375,42.26
0.0,17.456146240234375,42.27
0.0,17.54070281982422,42.28
0.0,17.456146240234375,42.29
0.0,17.456146240234375,42.3
0.0,17.456146240234375,42.31
0.0,17.456146240234375,42.32
0.0,17.03866195678711,42.33
0.0,16.703086853027344,42.34
0.0,16.452064514160156,42.35
0.0,16.703086853027344,42.36
0.0,15.696365356445312,42.37
0.0,15.529899597167969,42.38
0.0,15.278877258300781,42.39
0.0,15.278877258300781,42.4
0.0,15.278877258300781,42.41
0.0,15.194324493408203,42.42
0.0,15.278877258300781,42.43
0.0,15.278877258300781,42.44
0.0,14.943302154541016,42.45
0.0,14.943302154541016,42.46
0.0,14.943302154541016,42.47
0.0,14.60772705078125,42.48
0.0,14.274795532226562,42.49
0.0,14.274795532226562,42.5
0.0,14.274795532226562,42.51
0.0,14.274795532226562,42.52
0.0,13.352622985839844,42.53
0.0,13.603645324707031,42.54
0.0,13.352622985839844,42.55
0.0,13.186161041259766,42.56
0.0,13.352622985839844,42.57
0.0,13.186161041259766,42.58
0.0,12.599563598632812,42.59
0.0,12.348541259765625,42.6
0.0,13.186161041259766,42.61
0.0,12.097522735595703,42.62
0.0,12.097522735595703,42.63
0.0,12.097522735595703,42.64
0.0,12.097522735595703,42.65
0.0,11.928417205810547,42.66
0.0,12.01296615600586,42.67
0.0,12.01296615600586,42.68
0.0,12.01296615600586,42.69
0.0,11.928417205810547,42.7
0.0,12.01296615600586,42.71
0.0,11.928417205810547,42.72
0.0,11.761951446533203,42.73
0.0,11.928417205810547,42.74
0.0,11.761951446533203,42.75
0.0,11.761951446533203,42.76
0.0,11.761951446533203,42.77
0.0,11.761951446533203,42.78
0.0,11.761951446533203,42.79
0.0,11.592842102050781,42.8
0.0,11.426376342773438,42.81
0.0,11.17535400390625,42.82
0.0,11.17535400390625,42.83
0.0,11.17535400390625,42.84
0.0,10.67331314086914,42.85
0.0,10.588760375976562,42.86
0.0,10.588760375976562,42.87
0.0,10.588760375976562,42.88
0.0,10.588760375976562,42.89
0.0,10.588760375976562,42.9
0.0,10.588760375976562,42.91
0.0,10.506847381591797,42.92
0.0,10.337738037109375,42.93
0.0,9.584678649902344,42.94
0.0,10.506847381591797,42.95
0.0,10.337738037109375,42.96
0.0,9.584678649902344,42.97
0.0,9.5001220703125,42.98
0.0,9.418212890625,42.99
0.0,9.418212890625,43.0
0.0,9.418212890625,43.01
0.0,9.418212890625,43.02
0.0,9.418212890625,43.03
0.0,8.747062683105469,43.04
0.0,8.66250991821289,43.05
0.0,8.496040344238281,43.06
0.0,8.66250991821289,43.07
0.0,8.66250991821289,43.08
0.0,8.66250991821289,43.09
0.0,8.496040344238281,43.1
0.0,8.496040344238281,43.11
0.0,8.160469055175781,43.12
0.0,7.827533721923828,43.13
0.0,7.827533721923828,43.14
0.0,7.827533721923828,43.15
0.0,7.827533721923828,43.16
0.0,7.4919586181640625,43.17
0.0,6.989917755126953,43.18
0.0,7.4919586181640625,43.19
0.0,6.989917755126953,43.2
0.0,6.989917755126953,43.21
0.0,6.989917755126953,43.22
0.0,7.074474334716797,43.23
0.0,7.074474334716797,43.24
0.0,6.989917755126953,43.25
0.0,6.3214111328125,43.26
0.0,7.074474334716797,43.27
0.0,6.3214111328125,43.28
0.0,6.152305603027344,43.29
0.0,6.2368621826171875,43.3
0.0,5.650264739990234,43.31
0.0,5.565708160400391,43.32
0.0,5.565708160400391,43.33
0.0,5.650264739990234,43.34
0.0,5.901283264160156,43.35
0.0,5.565708160400391,43.36
0.0,5.565708160400391,43.37
0.0,5.565708160400391,43.38
0.0,5.565708160400391,43.39
0.0,5.565708160400391,43.4
0.0,5.483798980712891,43.41
0.0,5.148223876953125,43.42
0.0,4.981758117675781,43.43
0.0,4.981758117675781,43.44
0.0,4.981758117675781,43.45
0.0,4.981758117675781,43.46
0.0,4.981758117675781,43.47
0.0,4.815288543701172,43.48
0.0,4.815288543701172,43.49
0.0,4.815288543701172,43.5
0.0,4.815288543701172,43.51
0.0,4.395160675048828,43.52
0.0,4.062232971191406,43.53
0.0,4.144142150878906,43.54
0.0,4.062232971191406,43.55
0.0,4.062232971191406,43.56
0.0,3.642101287841797,43.57
0.0,3.642101287841797,43.58
0.0,3.642101287841797,43.59
0.0,3.642101287841797,43.6
0.0,3.642101287841797,43.61
0.0,3.642101287841797,43.62
0.0,3.642101287841797,43.63
0.0,3.642101287841797,43.64
0.0,3.642101287841797,43.65
0.0,3.642101287841797,43.66
0.0,3.557544708251953,43.67
0.0,3.557544708251953,43.68
0.0,3.642101287841797,43.69
0.0,3.811206817626953,43.7
0.0,3.8931198120117188,43.71
0.0,3.8931198120117188,43.72
0.0,3.8931198120117188,43.73
0.0,3.8931198120117188,43.74
0.0,3.8931198120117188,43.75
0.0,3.8931198120117188,43.76
0.0,3.0581512451171875,43.77
0.0,3.0581512451171875,43.78
0.0,2.8890380859375,43.79
0.0,2.8890380859375,43.8
0.0,2.722576141357422,43.81
0.0,2.556110382080078,43.82
0.0,2.556110382080078,43.83
0.0,2.556110382080078,43.84
0.0,2.556110382080078,43.85
0.0,2.4715538024902344,43.86
0.0,2.4715538024902344,43.87
0.0,2.556110382080078,43.88
0.0,2.556110382080078,43.89
0.0,2.2205352783203125,43.9
0.0,1.6339378356933594,43.91
0.0,1.6339378356933594,43.92
0.0,1.13189697265625,43.93
0.0,1.6339378356933594,43.94
0.0,1.3829154968261719,43.95
0.0,1.3829154968261719,43.96
0.0,1.3829154968261719,43.97
0.0,1.13189697265625,43.98
0.0,1.13189697265625,43.99
0.0,1.13189697265625,44.0
0.0,1.04998779296875,44.01
0.0,1.04998779296875,44.02
0.0,0.4633903503417969,44.03
0.0,0.2969245910644531,44.04
0.0,0.212371826171875,44.05
0.0,0.212371826171875,44.06
0.0,0.212371826171875,44.07
0.0,-0.0386505126953125,44.08
0.0,-0.0386505126953125,44.09
0.0,-0.0386505126953125,44.1
0.0,-0.6226005554199219,44.11
0.0,-0.7071571350097656,44.12
0.0,-0.7917098999023438,44.13
0.0,-0.9581756591796875,44.14
0.0,-1.4602165222167969,44.15
0.0,-2.2132797241210938,44.16
0.0,-2.2132797241210938,44.17
0.0,-2.546215057373047,44.18
0.0,-2.546215057373047,44.19
0.0,-2.6307640075683594,44.2
0.0,-3.1328048706054688,44.21
0.0,-3.1328048706054688,44.22
0.0,-3.3838272094726562,44.23
0.0,-3.3838272094726562,44.24
0.0,-3.2992706298828125,44.25
0.0,-3.3838272094726562,44.26
0.0,-3.3838272094726562,44.27
0.0,-3.2992706298828125,44.28
0.0,-3.1328048706054688,44.29
0.0,-3.2992706298828125,44.3
0.0,-3.7167587280273438,44.31
0.0,-3.7167587280273438,44.32
0.0,-3.7167587280273438,44.33
0.0,-3.7167587280273438,44.34
0.0,-3.7167587280273438,44.35
0.0,-2.715320587158203,44.36
0.0,-3.0482559204101562,44.37
0.0,-3.0482559204101562,44.38
0.0,-3.0482559204101562,44.39
0.0,-3.0482559204101562,44.4
0.0,-3.0482559204101562,44.41
0.0,-3.2147178649902344,44.42
0.0,-3.0482559204101562,44.43
0.0,-3.2147178649902344,44.44
0.0,-3.2147178649902344,44.45
0.0,-3.2147178649902344,44.46
0.0,-3.634845733642578,44.47
0.0,-3.2147178649902344,44.48
0.0,-3.2147178649902344,44.49
0.0,-3.2147178649902344,44.5
0.0,-3.2147178649902344,44.51
0.0,-3.3838272094726562,44.52
0.0,-3.801311492919922,44.53
0.0,-3.3838272094726562,44.54
0.0,-3.3838272094726562,44.55
0.0,-3.3838272094726562,44.56
0.0,-3.3838272094726562,44.57
0.0,-3.801311492919922,44.58
0.0,-3.9677810668945312,44.59
0.0,-3.9677810668945312,44.6
0.0,-4.303352355957031,44.61
0.0,-4.134246826171875,44.62
0.0,-4.134246826171875,44.63
0.0,-4.134246826171875,44.64
0.0,-3.8858680725097656,44.65
0.0,-4.134246826171875,44.66
0.0,-3.9677810668945312,44.67
0.0,-3.9677810668945312,44.68
0.0,-4.134246826171875,44.69
0.0,-4.134246826171875,44.7
0.0,-3.9677810668945312,44.71
0.0,-3.9677810668945312,44.72
0.0,-4.303352355957031,44.73
0.0,-5.138328552246094,44.74
0.0,-5.138328552246094,44.75
0.0,-5.891387939453125,44.76
0.0,-5.891387939453125,44.77
0.0,-5.891387939453125,44.78
0.0,-5.891387939453125,44.79
0.0,-5.891387939453125,44.8
0.0,-5.891387939453125,44.81
0.0,-5.473903656005859,44.82
0.0,-5.473903656005859,44.83
0.0,-5.3047943115234375,44.84
0.0,-5.3047943115234375,44.85
0.0,-5.3047943115234375,44.86
0.0,-5.3047943115234375,44.87
0.0,-5.473903656005859,44.88
0.0,-5.473903656005859,44.89
0.0,-5.473903656005859,44.9
0.0,-5.473903656005859,44.91
0.0,-5.555816650390625,44.92
0.0,-5.555816650390625,44.93
0.0,-5.473903656005859,44.94
0.0,-5.138328552246094,44.95
0.0,-5.138328552246094,44.96
0.0,-5.138328552246094,44.97
0.0,-4.805393218994141,44.98
0.0,-4.805393218994141,44.99
0.0,-5.056415557861328,45.0
0.0,-5.056415557861328,45.01
0.0,-5.056415557861328,45.02
0.0,-5.056415557861328,45.03
0.0,-5.3047943115234375,45.04
0.0,-5.056415557861328,45.05
0.0,-5.389347076416016,45.06
0.0,-5.389347076416016,45.07
0.0,-5.389347076416016,45.08
0.0,-5.473903656005859,45.09
0.0,-5.389347076416016,45.1
0.0,-5.3047943115234375,45.11
0.0,-5.056415557861328,45.12
0.0,-5.056415557861328,45.13
0.0,-5.3047943115234375,45.14
0.0,-5.3047943115234375,45.15
0.0,-5.3047943115234375,45.16
0.0,-5.3047943115234375,45.17
0.0,-5.3047943115234375,45.18
0.0,-5.3047943115234375,45.19
0.0,-5.389347076416016,45.2
0.0,-5.473903656005859,45.21
0.0,-5.473903656005859,45.22
0.0,-5.473903656005859,45.23
0.0,-5.555816650390625,45.24
0.0,-5.555816650390625,45.25
0.0,-5.555816650390625,45.26
0.0,-5.555816650390625,45.27
0.0,-5.555816650390625,45.28
0.0,-5.3047943115234375,45.29
0.0,-4.97186279296875,45.3
0.0,-4.720836639404297,45.31
0.0,-4.720836639404297,45.32
0.0,-4.720836639404297,45.33
0.0,-4.720836639404297,45.34
0.0,-4.720836639404297,45.35
0.0,-4.720836639404297,45.36
0.0,-4.720836639404297,45.37
0.0,-5.056415557861328,45.38
0.0,-5.3047943115234375,45.39
0.0,-5.3047943115234375,45.4
0.0,-5.056415557861328,45.41
0.0,-5.056415557861328,45.42
0.0,-5.056415557861328,45.43
0.0,-5.056415557861328,45.44
0.0,-5.056415557861328,45.45
0.0,-5.138328552246094,45.46
0.0,-5.3047943115234375,45.47
0.0,-5.138328552246094,45.48
0.0,-5.389347076416016,45.49
0.0,-5.389347076416016,45.5
0.0,-5.389347076416016,45.51
0.0,-5.389347076416016,45.52
0.0,-5.389347076416016,45.53
0.0,-5.389347076416016,45.54
0.0,-5.555816650390625,45.55
0.0,-5.555816650390625,45.56
0.0,-5.555816650390625,45.57
0.0,-5.555816650390625,45.58
0.0,-5.555816650390625,45.59
0.0,-5.640369415283203,45.6
0.0,-5.724922180175781,45.61
0.0,-5.724922180175781,45.62
0.0,-5.640369415283203,45.63
0.0,-5.555816650390625,45.64
0.0,-5.555816650390625,45.65
0.0,-5.389347076416016,45.66
0.0,-5.555816650390625,45.67
0.0,-5.555816650390625,45.68
0.0,-5.389347076416016,45.69
0.0,-5.056415557861328,45.7
0.0,-5.389347076416016,45.71
0.0,-5.389347076416016,45.72
0.0,-5.473903656005859,45.73
0.0,-5.473903656005859,45.74
0.0,-5.724922180175781,45.75
0.0,-5.724922180175781,45.76
0.0,-5.724922180175781,45.77
0.0,-5.724922180175781,45.78
0.0,-5.724922180175781,45.79
0.0,-5.973300933837891,45.8
0.0,-5.724922180175781,45.81
0.0,-5.555816650390625,45.82
0.0,-5.555816650390625,45.83
0.0,-5.473903656005859,45.84
0.0,-5.473903656005859,45.85
0.0,-5.389347076416016,45.86
0.0,-5.389347076416016,45.87
0.0,-5.389347076416016,45.88
0.0,-5.3047943115234375,45.89
0.0,-5.3047943115234375,45.9
0.0,-5.3047943115234375,45.91
0.0,-5.3047943115234375,45.92
0.0,-5.3047943115234375,45.93
0.0,-5.3047943115234375,45.94
0.0,-5.3047943115234375,45.95
0.0,-5.138328552246094,45.96
0.0,-5.3047943115234375,45.97
0.0,-5.3047943115234375,45.98
0.0,-5.3047943115234375,45.99
0.0,-5.3047943115234375,46.0
0.0,-5.389347076416016,46.01
0.0,-5.389347076416016,46.02
0.0,-5.389347076416016,46.03
0.0,-5.389347076416016,46.04
0.0,-5.891387939453125,46.05
0.0,-5.389347076416016,46.06
0.0,-5.222877502441406,46.07
0.0,-5.891387939453125,46.08
0.0,-5.891387939453125,46.09
0.0,-5.891387939453125,46.1
0.0,-5.891387939453125,46.11
0.0,-5.806835174560547,46.12
0.0,-5.891387939453125,46.13
0.0,-5.891387939453125,46.14
0.0,-5.891387939453125,46.15
0.0,-5.973300933837891,46.16
0.0,-5.891387939453125,46.17
0.0,-6.057853698730469,46.18
0.0,-6.057853698730469,46.19
0.0,-6.057853698730469,46.2
0.0,-6.057853698730469,46.21
0.0,-6.057853698730469,46.22
0.0,-5.973300933837891,46.23
0.0,-5.973300933837891,46.24
0.0,-5.389347076416016,46.25
0.0,-5.973300933837891,46.26
0.0,-5.138328552246094,46.27
0.0,-5.138328552246094,46.28
0.0,-5.640369415283203,46.29
0.0,-5.389347076416016,46.3
0.0,-5.640369415283203,46.31
0.0,-5.473903656005859,46.32
0.0,-5.555816650390625,46.33
0.0,-5.640369415283203,46.34
0.0,-5.640369415283203,46.35
0.0,-5.640369415283203,46.36
0.0,-5.555816650390625,46.37
0.0,-5.555816650390625,46.38
0.0,-5.640369415283203,46.39
0.0,-5.555816650390625,46.4
0.0,-5.555816650390625,46.41
0.0,-5.473903656005859,46.42
0.0,-5.473903656005859,46.43
0.0,-5.473903656005859,46.44
0.0,-5.473903656005859,46.45
0.0,-5.473903656005859,46.46
0.0,-5.473903656005859,46.47
0.0,-5.473903656005859,46.48
0.0,-5.640369415283203,46.49
0.0,-5.640369415283203,46.5
0.0,-5.724922180175781,46.51
0.0,-5.640369415283203,46.52
0.0,-5.640369415283203,46.53
0.0,-5.640369415283203,46.54
0.0,-5.640369415283203,46.55
0.0,-5.640369415283203,46.56
0.0,-5.640369415283203,46.57
0.0,-5.640369415283203,46.58
0.0,-5.640369415283203,46.59
0.0,-5.640369415283203,46.6
0.0,-5.640369415283203,46.61
0.0,-5.724922180175781,46.62
0.0,-5.973300933837891,46.63
0.0,-5.973300933837891,46.64
0.0,-5.724922180175781,46.65
0.0,-5.555816650390625,46.66
0.0,-5.555816650390625,46.67
0.0,-5.640369415283203,46.68
0.0,-5.640369415283203,46.69
0.0,-5.640369415283203,46.7
0.0,-5.555816650390625,46.71
0.0,-5.138328552246094,46.72
0.0,-5.138328552246094,46.73
0.0,-5.640369415283203,46.74
0.0,-5.724922180175781,46.75
0.0,-5.724922180175781,46.76
0.0,-5.724922180175781,46.77
0.0,-5.473903656005859,46.78
0.0,-5.724922180175781,46.79
0.0,-5.806835174560547,46.8
0.0,-5.973300933837891,46.81
0.0,-5.806835174560547,46.82
0.0,-5.724922180175781,46.83
0.0,-5.555816650390625,46.84
0.0,-5.473903656005859,46.85
0.0,-5.473903656005859,46.86
0.0,-5.555816650390625,46.87
0.0,-5.555816650390625,46.88
0.0,-5.555816650390625,46.89
0.0,-5.555816650390625,46.9
0.0,-5.724922180175781,46.91
0.0,-5.724922180175781,46.92
0.0,-5.724922180175781,46.93
0.0,-5.724922180175781,46.94
0.0,-5.724922180175781,46.95
0.0,-5.724922180175781,46.96
0.0,-5.724922180175781,46.97
0.0,-5.724922180175781,46.98
0.0,-5.724922180175781,46.99
0.0,-5.724922180175781,47.0
0.0,-5.724922180175781,47.01
0.0,-5.724922180175781,47.02
0.0,-5.724922180175781,47.03
0.0,-5.724922180175781,47.04
0.0,-5.724922180175781,47.05
0.0,-5.806835174560547,47.06
0.0,-5.724922180175781,47.07
0.0,-5.640369415283203,47.08
0.0,-5.640369415283203,47.09
0.0,-5.640369415283203,47.1
0.0,-5.555816650390625,47.11
0.0,-5.555816650390625,47.12
0.0,-5.473903656005859,47.13
0.0,-5.473903656005859,47.14
0.0,-5.473903656005859,47.15
0.0,-5.3047943115234375,47.16
0.0,-5.473903656005859,47.17
0.0,-5.555816650390625,47.18
0.0,-5.555816650390625,47.19
0.0,-5.806835174560547,47.2
0.0,-5.473903656005859,47.21
0.0,-5.806835174560547,47.22
0.0,-5.806835174560547,47.23
0.0,-5.806835174560547,47.24
0.0,-5.806835174560547,47.25
0.0,-5.724922180175781,47.26
0.0,-5.724922180175781,47.27
0.0,-5.640369415283203,47.28
0.0,-5.640369415283203,47.29
0.0,-5.640369415283203,47.3
0.0,-5.473903656005859,47.31
0.0,-5.640369415283203,47.32
0.0,-5.473903656005859,47.33
0.0,-5.640369415283203,47.34
0.0,-5.640369415283203,47.35
0.0,-5.473903656005859,47.36
0.0,-5.473903656005859,47.37
0.0,-5.473903656005859,47.38
0.0,-5.640369415283203,47.39
0.0,-5.640369415283203,47.4
0.0,-5.3047943115234375,47.41
0.0,-5.555816650390625,47.42
0.0,-5.555816650390625,47.43
0.0,-5.555816650390625,47.44
0.0,-5.555816650390625,47.45
0.0,-5.555816650390625,47.46
0.0,-5.3047943115234375,47.47
0.0,-5.3047943115234375,47.48
0.0,-5.555816650390625,47.49
0.0,-5.555816650390625,47.5
0.0,-5.555816650390625,47.51
0.0,-5.555816650390625,47.52
0.0,-5.3047943115234375,47.53
0.0,-5.3047943115234375,47.54
0.0,-5.555816650390625,47.55
0.0,-5.555816650390625,47.56
0.0,-5.3047943115234375,47.57
0.0,-5.056415557861328,47.58
0.0,-5.056415557861328,47.59
0.0,-5.3047943115234375,47.6
0.0,-5.056415557861328,47.61
0.0,-5.056415557861328,47.62
0.0,-5.473903656005859,47.63
0.0,-5.473903656005859,47.64
0.0,-5.640369415283203,47.65
0.0,-5.640369415283203,47.66
0.0,-5.640369415283203,47.67
0.0,-5.724922180175781,47.68
0.0,-5.891387939453125,47.69
0.0,-5.891387939453125,47.7
0.0,-5.724922180175781,47.71
0.0,-5.724922180175781,47.72
0.0,-5.724922180175781,47.73
0.0,-5.640369415283203,47.74
0.0,-5.724922180175781,47.75
0.0,-5.724922180175781,47.76
0.0,-5.724922180175781,47.77
0.0,-5.640369415283203,47.78
0.0,-5.724922180175781,47.79
0.0,-5.724922180175781,47.8
0.0,-5.724922180175781,47.81
0.0,-5.724922180175781,47.82
0.0,-5.724922180175781,47.83
0.0,-5.555816650390625,47.84
0.0,-5.555816650390625,47.85
0.0,-5.555816650390625,47.86
0.0,-5.555816650390625,47.87
0.0,-5.473903656005859,47.88
0.0,-5.555816650390625,47.89
0.0,-5.555816650390625,47.9
0.0,-5.473903656005859,47.91
0.0,-5.473903656005859,47.92
0.0,-5.473903656005859,47.93
0.0,-5.3047943115234375,47.94
0.0,-5.3047943115234375,47.95
0.0,-5.3047943115234375,47.96
0.0,-5.3047943115234375,47.97
0.0,-5.3047943115234375,47.98
0.0,-5.3047943115234375,47.99
0.0,-5.3047943115234375,48.0
0.0,-5.3047943115234375,48.01
0.0,-5.555816650390625,48.02
0.0,-5.555816650390625,48.03
0.0,-5.473903656005859,48.04
0.0,-5.473903656005859,48.05
0.0,-5.473903656005859,48.06
0.0,-5.473903656005859,48.07
0.0,-5.473903656005859,48.08
0.0,-5.056415557861328,48.09
0.0,-5.473903656005859,48.1
0.0,-5.473903656005859,48.11
0.0,-5.473903656005859,48.12
0.0,-5.806835174560547,48.13
0.0,-5.806835174560547,48.14
0.0,-5.806835174560547,48.15
0.0,-5.806835174560547,48.16
0.0,-5.806835174560547,48.17
0.0,-5.891387939453125,48.18
0.0,-5.891387939453125,48.19
0.0,-5.806835174560547,48.2
0.0,-5.806835174560547,48.21
0.0,-5.806835174560547,48.22
0.0,-5.806835174560547,48.23
0.0,-5.973300933837891,48.24
0.0,-6.726360321044922,48.25
0.0,-5.973300933837891,48.26
0.0,-5.806835174560547,48.27
0.0,-5.806835174560547,48.28
0.0,-5.806835174560547,48.29
0.0,-5.389347076416016,48.3
0.0,-5.389347076416016,48.31
0.0,-5.389347076416016,48.32
0.0,-5.389347076416016,48.33
0.0,-5.389347076416016,48.34
0.0,-5.640369415283203,48.35
0.0,-5.640369415283203,48.36
0.0,-5.640369415283203,48.37
0.0,-5.724922180175781,48.38
0.0,-5.806835174560547,48.39
0.0,-6.057853698730469,48.4
0.0,-6.057853698730469,48.41
0.0,-6.057853698730469,48.42
0.0,-5.806835174560547,48.43
0.0,-5.724922180175781,48.44
0.0,-5.806835174560547,48.45
0.0,-5.724922180175781,48.46
0.0,-5.724922180175781,48.47
0.0,-5.724922180175781,48.48
0.0,-5.473903656005859,48.49
0.0,-5.724922180175781,48.5
0.0,-6.057853698730469,48.51
0.0,-6.057853698730469,48.52
0.0,-6.057853698730469,48.53
0.0,-5.891387939453125,48.54
0.0,-5.891387939453125,48.55
0.0,-5.724922180175781,48.56
0.0,-5.724922180175781,48.57
0.0,-5.724922180175781,48.58
0.0,-5.724922180175781,48.59
0.0,-5.724922180175781,48.6
0.0,-5.640369415283203,48.61
0.0,-5.806835174560547,48.62
0.0,-5.640369415283203,48.63
0.0,-5.640369415283203,48.64
0.0,-5.806835174560547,48.65
0.0,-5.806835174560547,48.66
0.0,-5.806835174560547,48.67
0.0,-5.640369415283203,48.68
0.0,-5.640369415283203,48.69
0.0,-5.973300933837891,48.7
0.0,-5.640369415283203,48.71
0.0,-5.891387939453125,48.72
0.0,-5.891387939453125,48.73
0.0,-5.640369415283203,48.74
0.0,-5.473903656005859,48.75
0.0,-5.473903656005859,48.76
0.0,-5.473903656005859,48.77
0.0,-5.389347076416016,48.78
0.0,-5.389347076416016,48.79
0.0,-5.389347076416016,48.8
0.0,-5.138328552246094,48.81
0.0,-5.389347076416016,48.82
0.0,-5.138328552246094,48.83
0.0,-5.138328552246094,48.84
0.0,-5.138328552246094,48.85
0.0,-5.138328552246094,48.86
0.0,-5.138328552246094,48.87
0.0,-5.138328552246094,48.88
0.0,-5.138328552246094,48.89
0.0,-5.806835174560547,48.9
0.0,-5.138328552246094,48.91
0.0,-5.724922180175781,48.92
0.0,-5.389347076416016,48.93
0.0,-5.138328552246094,48.94
0.0,-5.389347076416016,48.95
0.0,-5.389347076416016,48.96
0.0,-5.138328552246094,48.97
0.0,-5.138328552246094,48.98
0.0,-5.138328552246094,48.99
0.0,-5.389347076416016,49.0
0.0,-5.389347076416016,49.01
0.0,-5.3047943115234375,49.02
0.0,-5.3047943115234375,49.03
0.0,-5.138328552246094,49.04
0.0,-5.3047943115234375,49.05
0.0,-5.389347076416016,49.06
0.0,-5.555816650390625,49.07
0.0,-5.555816650390625,49.08
0.0,-5.806835174560547,49.09
0.0,-5.806835174560547,49.1
0.0,-5.973300933837891,49.11
0.0,-6.057853698730469,49.12
0.0,-6.057853698730469,49.13
0.0,-5.973300933837891,49.14
0.0,-5.806835174560547,49.15
0.0,-5.973300933837891,49.16
0.0,-5.640369415283203,49.17
0.0,-4.887306213378906,49.18
0.0,-5.640369415283203,49.19
0.0,-5.640369415283203,49.2
0.0,-5.389347076416016,49.21
0.0,-5.389347076416016,49.22
0.0,-5.389347076416016,49.23
0.0,-5.222877502441406,49.24
0.0,-5.138328552246094,49.25
0.0,-5.138328552246094,49.26
0.0,-5.138328552246094,49.27
0.0,-5.138328552246094,49.28
0.0,-5.138328552246094,49.29
0.0,-5.138328552246094,49.3
0.0,-5.138328552246094,49.31
0.0,-5.222877502441406,49.32
0.0,-5.389347076416016,49.33
0.0,-5.891387939453125,49.34
0.0,-5.891387939453125,49.35
0.0,-5.891387939453125,49.36
0.0,-5.724922180175781,49.37
0.0,-5.389347076416016,49.38
0.0,-5.724922180175781,49.39
0.0,-5.389347076416016,49.4
0.0,-5.389347076416016,49.41
0.0,-5.3047943115234375,49.42
0.0,-5.3047943115234375,49.43
0.0,-5.3047943115234375,49.44
0.0,-5.3047943115234375,49.45
0.0,-4.887306213378906,49.46
0.0,-5.3047943115234375,49.47
0.0,-5.222877502441406,49.48
0.0,-5.222877502441406,49.49
0.0,-5.222877502441406,49.5
0.0,-5.222877502441406,49.51
0.0,-5.222877502441406,49.52
0.0,-5.806835174560547,49.53
0.0,-5.806835174560547,49.54
0.0,-5.806835174560547,49.55
0.0,-5.806835174560547,49.56
0.0,-5.806835174560547,49.57
0.0,-5.891387939453125,49.58
0.0,-5.806835174560547,49.59
0.0,-5.806835174560547,49.6
0.0,-5.640369415283203,49.61
0.0,-4.805393218994141,49.62
0.0,-4.805393218994141,49.63
0.0,-4.97186279296875,49.64
0.0,-4.97186279296875,49.65
0.0,-4.97186279296875,49.66
0.0,-4.887306213378906,49.67
0.0,-4.97186279296875,49.68
0.0,-4.97186279296875,49.69
0.0,-5.138328552246094,49.7
0.0,-5.555816650390625,49.71
0.0,-5.555816650390625,49.72
0.0,-5.555816650390625,49.73
0.0,-5.555816650390625,49.74
0.0,-5.555816650390625,49.75
0.0,-5.555816650390625,49.76
0.0,-5.555816650390625,49.77
0.0,-5.555816650390625,49.78
0.0,-5.555816650390625,49.79
0.0,-5.389347076416016,49.8
0.0,-5.222877502441406,49.81
0.0,-5.389347076416016,49.82
0.0,-5.640369415283203,49.83
0.0,-5.724922180175781,49.84
0.0,-5.724922180175781,49.85
0.0,-5.724922180175781,49.86
0.0,-5.724922180175781,49.87
0.0,-5.724922180175781,49.88
0.0,-5.724922180175781,49.89
0.0,-5.724922180175781,49.9
0.0,-5.473903656005859,49.91
0.0,-5.389347076416016,49.92
0.0,-5.222877502441406,49.93
0.0,-5.389347076416016,49.94
0.0,-5.3047943115234375,49.95
0.0,-5.222877502441406,49.96
0.0,-5.056415557861328,49.97
0.0,-4.636287689208984,49.98
0.0,-4.805393218994141,49.99
0.0,-4.636287689208984,50.0
0.0,-4.805393218994141,50.01
0.0,-4.805393218994141,50.02
0.0,-4.805393218994141,50.03
0.0,-4.554374694824219,50.04
0.0,-4.636287689208984,50.05
0.0,-4.805393218994141,50.06
0.0,-4.887306213378906,50.07
0.0,-4.887306213378906,50.08
0.0,-5.222877502441406,50.09
0.0,-5.222877502441406,50.1
0.0,-5.222877502441406,50.11
0.0,-5.222877502441406,50.12
0.0,-5.222877502441406,50.13
0.0,-5.222877502441406,50.14
0.0,-5.222877502441406,50.15
0.0,-5.222877502441406,50.16
0.0,-5.222877502441406,50.17
0.0,-5.222877502441406,50.18
0.0,-5.222877502441406,50.19
0.0,-5.222877502441406,50.2
0.0,-5.056415557861328,50.21
0.0,-5.222877502441406,50.22
0.0,-5.222877502441406,50.23
0.0,-5.222877502441406,50.24
0.0,-5.222877502441406,50.25
0.0,-5.222877502441406,50.26
0.0,-4.720836639404297,50.27
0.0,-5.222877502441406,50.28
0.0,-5.3047943115234375,50.29
0.0,-5.555816650390625,50.3
0.0,-5.555816650390625,50.31
0.0,-5.473903656005859,50.32
0.0,-5.473903656005859,50.33
0.0,-5.555816650390625,50.34
0.0,-5.555816650390625,50.35
0.0,-5.555816650390625,50.36
0.0,-5.555816650390625,50.37
0.0,-5.473903656005859,50.38
0.0,-5.473903656005859,50.39
0.0,-5.555816650390625,50.4
0.0,-5.724922180175781,50.41
0.0,-5.724922180175781,50.42
0.0,-5.640369415283203,50.43
0.0,-5.473903656005859,50.44
0.0,-5.640369415283203,50.45
0.0,-5.724922180175781,50.46
0.0,-5.891387939453125,50.47
0.0,-5.724922180175781,50.48
0.0,-5.640369415283203,50.49
0.0,-5.473903656005859,50.5
0.0,-4.887306213378906,50.51
0.0,-5.473903656005859,50.52
0.0,-5.724922180175781,50.53
0.0,-5.724922180175781,50.54
0.0,-5.724922180175781,50.55
0.0,-4.887306213378906,50.56
0.0,-4.887306213378906,50.57
0.0,-5.724922180175781,50.58
0.0,-5.724922180175781,50.59
0.0,-5.724922180175781,50.6
0.0,-5.724922180175781,50.61
0.0,-5.3047943115234375,50.62
0.0,-5.3047943115234375,50.63
0.0,-5.138328552246094,50.64
0.0,-5.138328552246094,50.65
0.0,-5.3047943115234375,50.66
0.0,-5.138328552246094,50.67
0.0,-5.3047943115234375,50.68
0.0,-5.3047943115234375,50.69
0.0,-5.3047943115234375,50.7
0.0,-5.555816650390625,50.71
0.0,-5.891387939453125,50.72
0.0,-5.891387939453125,50.73
0.0,-5.891387939453125,50.74
0.0,-5.640369415283203,50.75
0.0,-5.891387939453125,50.76
0.0,-5.891387939453125,50.77
0.0,-5.891387939453125,50.78
0.0,-6.057853698730469,50.79
0.0,-6.057853698730469,50.8
0.0,-5.724922180175781,50.81
0.0,-5.724922180175781,50.82
0.0,-5.724922180175781,50.83
0.0,-5.724922180175781,50.84
0.0,-5.640369415283203,50.85
0.0,-5.555816650390625,50.86
0.0,-5.640369415283203,50.87
0.0,-5.640369415283203,50.88
0.0,-5.640369415283203,50.89
0.0,-5.555816650390625,50.9
0.0,-5.640369415283203,50.91
0.0,-5.640369415283203,50.92
0.0,-5.640369415283203,50.93
0.0,-5.640369415283203,50.94
0.0,-5.640369415283203,50.95
0.0,-5.640369415283203,50.96
0.0,-5.973300933837891,50.97
0.0,-5.555816650390625,50.98
0.0,-5.973300933837891,50.99
0.0,-5.555816650390625,51.0
0.0,-5.473903656005859,51.01
0.0,-6.1424102783203125,51.02
0.0,-5.389347076416016,51.03
0.0,-5.222877502441406,51.04
0.0,-5.222877502441406,51.05
0.0,-5.222877502441406,51.06
0.0,-5.222877502441406,51.07
0.0,-5.222877502441406,51.08
0.0,-5.724922180175781,51.09
0.0,-5.724922180175781,51.1
0.0,-5.640369415283203,51.11
0.0,-5.640369415283203,51.12
0.0,-5.724922180175781,51.13
0.0,-5.640369415283203,51.14
0.0,-5.640369415283203,51.15
0.0,-5.640369415283203,51.16
0.0,-5.640369415283203,51.17
0.0,-5.640369415283203,51.18
0.0,-5.891387939453125,51.19
0.0,-6.1424102783203125,51.2
0.0,-6.1424102783203125,51.21
0.0,-5.891387939453125,51.22
0.0,-5.891387939453125,51.23
0.0,-5.891387939453125,51.24
0.0,-5.891387939453125,51.25
0.0,-5.891387939453125,51.26
0.0,-5.640369415283203,51.27
0.0,-5.555816650390625,51.28
0.0,-5.389347076416016,51.29
0.0,-5.389347076416016,51.3
0.0,-5.389347076416016,51.31
0.0,-5.389347076416016,51.32
0.0,-5.389347076416016,51.33
0.0,-5.389347076416016,51.34
0.0,-5.3047943115234375,51.35
0.0,-5.138328552246094,51.36
0.0,-5.3047943115234375,51.37
0.0,-5.3047943115234375,51.38
0.0,-5.389347076416016,51.39
0.0,-5.473903656005859,51.4
0.0,-5.473903656005859,51.41
0.0,-5.473903656005859,51.42
0.0,-5.473903656005859,51.43
0.0,-5.555816650390625,51.44
0.0,-5.555816650390625,51.45
0.0,-5.640369415283203,51.46
0.0,-5.640369415283203,51.47
0.0,-5.640369415283203,51.48
0.0,-5.640369415283203,51.49
0.0,-5.640369415283203,51.5
0.0,-5.640369415283203,51.51
0.0,-5.3047943115234375,51.52
0.0,-5.3047943115234375,51.53
0.0,-5.3047943115234375,51.54
0.0,-5.3047943115234375,51.55
0.0,-5.3047943115234375,51.56
0.0,-5.3047943115234375,51.57
0.0,-5.473903656005859,51.58
0.0,-5.473903656005859,51.59
0.0,-5.473903656005859,51.6
0.0,-5.473903656005859,51.61
0.0,-5.473903656005859,51.62
0.0,-5.640369415283203,51.63
0.0,-5.640369415283203,51.64
0.0,-5.473903656005859,51.65
0.0,-5.473903656005859,51.66
0.0,-5.389347076416016,51.67
0.0,-5.138328552246094,51.68
0.0,-5.389347076416016,51.69
0.0,-5.138328552246094,51.7
0.0,-5.138328552246094,51.71
0.0,-5.056415557861328,51.72
0.0,-4.97186279296875,51.73
0.0,-4.97186279296875,51.74
0.0,-4.97186279296875,51.75
0.0,-4.97186279296875,51.76
0.0,-5.138328552246094,51.77
0.0,-5.138328552246094,51.78
0.0,-5.555816650390625,51.79
0.0,-5.555816650390625,51.8
0.0,-5.973300933837891,51.81
0.0,-5.973300933837891,51.82
0.0,-5.973300933837891,51.83
0.0,-5.724922180175781,51.84
0.0,-5.724922180175781,51.85
0.0,-5.724922180175781,51.86
0.0,-5.555816650390625,51.87
0.0,-5.473903656005859,51.88
0.0,-5.473903656005859,51.89
0.0,-5.389347076416016,51.9
0.0,-5.389347076416016,51.91
0.0,-5.222877502441406,51.92
0.0,-5.222877502441406,51.93
0.0,-5.222877502441406,51.94
0.0,-5.222877502441406,51.95
0.0,-5.222877502441406,51.96
0.0,-5.222877502441406,51.97
0.0,-5.222877502441406,51.98
0.0,-5.3047943115234375,51.99
0.0,-5.222877502441406,52.0
0.0,-4.97186279296875,52.01
0.0,-5.3047943115234375,52.02
0.0,-5.3047943115234375,52.03
0.0,-5.473903656005859,52.04
0.0,-5.724922180175781,52.05
0.0,-5.473903656005859,52.06
0.0,-5.3047943115234375,52.07
0.0,-5.473903656005859,52.08
0.0,-5.724922180175781,52.09
0.0,-5.806835174560547,52.1
0.0,-5.806835174560547,52.11
0.0,-5.973300933837891,52.12
0.0,-5.806835174560547,52.13
0.0,-5.806835174560547,52.14
0.0,-5.806835174560547,52.15
0.0,-5.806835174560547,52.16
0.0,-5.806835174560547,52.17
0.0,-5.806835174560547,52.18
0.0,-5.724922180175781,52.19
0.0,-5.555816650390625,52.2
0.0,-5.389347076416016,52.21
0.0,-5.389347076416016,52.22
0.0,-5.555816650390625,52.23
0.0,-5.555816650390625,52.24
0.0,-5.555816650390625,52.25
0.0,-5.3047943115234375,52.26
0.0,-5.3047943115234375,52.27
0.0,-5.138328552246094,52.28
0.0,-5.056415557861328,52.29
0.0,-4.887306213378906,52.3
0.0,-4.887306213378906,52.31
0.0,-4.469821929931641,52.32
0.0,-4.469821929931641,52.33
0.0,-4.469821929931641,52.34
0.0,-4.385265350341797,52.35
0.0,-4.052337646484375,52.36
0.0,-4.385265350341797,52.37
0.0,-5.3047943115234375,52.38
0.0,-5.3047943115234375,52.39
0.0,-5.3047943115234375,52.4
0.0,-5.724922180175781,52.41
0.0,-5.555816650390625,52.42
0.0,-5.3047943115234375,52.43
0.0,-5.555816650390625,52.44
0.0,-5.555816650390625,52.45
0.0,-5.555816650390625,52.46
0.0,-5.555816650390625,52.47
0.0,-5.555816650390625,52.48
0.0,-5.555816650390625,52.49
0.0,-5.555816650390625,52.5
0.0,-5.640369415283203,52.51
0.0,-5.640369415283203,52.52
0.0,-5.640369415283203,52.53
0.0,-5.640369415283203,52.54
0.0,-5.640369415283203,52.55
0.0,-5.473903656005859,52.56
0.0,-5.473903656005859,52.57
0.0,-5.473903656005859,52.58
0.0,-5.473903656005859,52.59
0.0,-5.389347076416016,52.6
0.0,-5.473903656005859,52.61
0.0,-5.389347076416016,52.62
0.0,-5.389347076416016,52.63
0.0,-5.389347076416016,52.64
0.0,-5.389347076416016,52.65
0.0,-5.389347076416016,52.66
0.0,-5.389347076416016,52.67
0.0,-5.389347076416016,52.68
0.0,-5.389347076416016,52.69
0.0,-5.3047943115234375,52.7
0.0,-5.3047943115234375,52.71
0.0,-5.138328552246094,52.72
0.0,-5.138328552246094,52.73
0.0,-5.056415557861328,52.74
0.0,-4.887306213378906,52.75
0.0,-5.056415557861328,52.76
0.0,-5.056415557861328,52.77
0.0,-5.389347076416016,52.78
0.0,-5.389347076416016,52.79
0.0,-5.389347076416016,52.8
0.0,-5.389347076416016,52.81
0.0,-5.473903656005859,52.82
0.0,-5.473903656005859,52.83
0.0,-5.473903656005859,52.84
0.0,-5.473903656005859,52.85
0.0,-5.473903656005859,52.86
0.0,-5.473903656005859,52.87
0.0,-5.473903656005859,52.88
0.0,-5.473903656005859,52.89
0.0,-5.555816650390625,52.9
0.0,-5.473903656005859,52.91
0.0,-5.555816650390625,52.92
0.0,-5.555816650390625,52.93
0.0,-5.3047943115234375,52.94
0.0,-5.3047943115234375,52.95
0.0,-5.3047943115234375,52.96
0.0,-5.3047943115234375,52.97
0.0,-5.222877502441406,52.98
0.0,-5.222877502441406,52.99
0.0,-5.222877502441406,53.0
0.0,-5.138328552246094,53.01
0.0,-5.222877502441406,53.02
0.0,-5.222877502441406,53.03
0.0,-5.138328552246094,53.04
0.0,-5.222877502441406,53.05
0.0,-5.222877502441406,53.06
0.0,-5.138328552246094,53.07
0.0,-5.138328552246094,53.08
0.0,-5.3047943115234375,53.09
0.0,-5.555816650390625,53.1
0.0,-5.555816650390625,53.11
0.0,-5.555816650390625,53.12
0.0,-5.640369415283203,53.13
0.0,-5.555816650390625,53.14
0.0,-5.724922180175781,53.15
0.0,-5.724922180175781,53.16
0.0,-5.724922180175781,53.17
0.0,-5.724922180175781,53.18
0.0,-5.724922180175781,53.19
0.0,-5.724922180175781,53.2
0.0,-5.806835174560547,53.21
0.0,-5.724922180175781,53.22
0.0,-5.806835174560547,53.23
0.0,-5.806835174560547,53.24
0.0,-5.806835174560547,53.25
0.0,-6.057853698730469,53.26
0.0,-6.057853698730469,53.27
0.0,-5.555816650390625,53.28
0.0,-5.555816650390625,53.29
0.0,-5.389347076416016,53.3
0.0,-5.389347076416016,53.31
0.0,-5.222877502441406,53.32
0.0,-5.222877502441406,53.33
0.0,-5.222877502441406,53.34
0.0,-5.222877502441406,53.35
0.0,-5.3047943115234375,53.36
0.0,-5.389347076416016,53.37
0.0,-5.3047943115234375,53.38
0.0,-5.3047943115234375,53.39
0.0,-5.724922180175781,53.4
0.0,-5.973300933837891,53.41
0.0,-6.057853698730469,53.42
0.0,-6.057853698730469,53.43
0.0,-6.057853698730469,53.44
0.0,-5.973300933837891,53.45
0.0,-5.724922180175781,53.46
0.0,-5.973300933837891,53.47
0.0,-6.057853698730469,53.48
0.0,-6.057853698730469,53.49
0.0,-6.057853698730469,53.5
0.0,-5.891387939453125,53.51
0.0,-6.057853698730469,53.52
0.0,-6.057853698730469,53.53
0.0,-6.057853698730469,53.54
0.0,-6.057853698730469,53.55
0.0,-5.891387939453125,53.56
0.0,-5.389347076416016,53.57
0.0,-5.389347076416016,53.58
0.0,-5.389347076416016,53.59
0.0,-5.138328552246094,53.6
0.0,-5.138328552246094,53.61
0.0,-5.138328552246094,53.62
0.0,-5.138328552246094,53.63
0.0,-5.138328552246094,53.64
0.0,-5.3047943115234375,53.65
0.0,-5.389347076416016,53.66
0.0,-5.389347076416016,53.67
0.0,-5.389347076416016,53.68
0.0,-5.891387939453125,53.69
0.0,-5.891387939453125,53.7
0.0,-5.891387939453125,53.71
0.0,-5.891387939453125,53.72
0.0,-5.891387939453125,53.73
0.0,-5.806835174560547,53.74
0.0,-5.555816650390625,53.75
0.0,-5.806835174560547,53.76
0.0,-5.806835174560547,53.77
0.0,-5.640369415283203,53.78
0.0,-5.640369415283203,53.79
0.0,-5.640369415283203,53.8
0.0,-5.640369415283203,53.81
0.0,-5.473903656005859,53.82
0.0,-5.555816650390625,53.83
0.0,-5.640369415283203,53.84
0.0,-5.640369415283203,53.85
0.0,-5.640369415283203,53.86
0.0,-5.555816650390625,53.87
0.0,-5.138328552246094,53.88
0.0,-5.473903656005859,53.89
0.0,-5.473903656005859,53.9
0.0,-5.473903656005859,53.91
0.0,-5.389347076416016,53.92
0.0,-5.222877502441406,53.93
0.0,-5.222877502441406,53.94
0.0,-5.222877502441406,53.95
0.0,-5.389347076416016,53.96
0.0,-5.473903656005859,53.97
0.0,-5.389347076416016,53.98
0.0,-5.473903656005859,53.99
0.0,-5.724922180175781,54.0
0.0,-5.724922180175781,54.01
0.0,-5.724922180175781,54.02
0.0,-5.724922180175781,54.03
0.0,-5.724922180175781,54.04
0.0,-5.724922180175781,54.05
0.0,-5.555816650390625,54.06
0.0,-5.724922180175781,54.07
0.0,-5.555816650390625,54.08
0.0,-5.555816650390625,54.09
0.0,-5.555816650390625,54.1
0.0,-5.724922180175781,54.11
0.0,-5.724922180175781,54.12
0.0,-5.724922180175781,54.13
0.0,-5.724922180175781,54.14
0.0,-5.724922180175781,54.15
0.0,-5.973300933837891,54.16
0.0,-5.973300933837891,54.17
0.0,-5.973300933837891,54.18
0.0,-5.973300933837891,54.19
0.0,-5.724922180175781,54.2
0.0,-5.724922180175781,54.21
0.0,-5.724922180175781,54.22
0.0,-5.473903656005859,54.23
0.0,-4.97186279296875,54.24
0.0,-4.97186279296875,54.25
0.0,-4.97186279296875,54.26
0.0,-4.887306213378906,54.27
0.0,-4.97186279296875,54.28
0.0,-5.056415557861328,54.29
0.0,-5.056415557861328,54.3
0.0,-5.056415557861328,54.31
0.0,-5.056415557861328,54.32
0.0,-5.138328552246094,54.33
0.0,-5.138328552246094,54.34
0.0,-5.138328552246094,54.35
0.0,-5.138328552246094,54.36
0.0,-5.389347076416016,54.37
0.0,-5.389347076416016,54.38
0.0,-5.389347076416016,54.39
0.0,-4.97186279296875,54.4
0.0,-5.640369415283203,54.41
0.0,-5.222877502441406,54.42
0.0,-5.640369415283203,54.43
0.0,-5.222877502441406,54.44
0.0,-5.640369415283203,54.45
0.0,-5.640369415283203,54.46
0.0,-5.222877502441406,54.47
0.0,-5.640369415283203,54.48
0.0,-5.724922180175781,54.49
0.0,-6.057853698730469,54.5
0.0,-6.057853698730469,54.51
0.0,-6.1424102783203125,54.52
0.0,-6.1424102783203125,54.53
0.0,-5.724922180175781,54.54
0.0,-5.724922180175781,54.55
0.0,-5.724922180175781,54.56
0.0,-5.640369415283203,54.57
0.0,-5.640369415283203,54.58
0.0,-5.640369415283203,54.59
0.0,-5.640369415283203,54.6
0.0,-5.3047943115234375,54.61
0.0,-5.3047943115234375,54.62
0.0,-5.3047943115234375,54.63
0.0,-5.3047943115234375,54.64
0.0,-5.473903656005859,54.65
0.0,-5.473903656005859,54.66
0.0,-5.3047943115234375,54.67
0.0,-5.3047943115234375,54.68
0.0,-5.473903656005859,54.69
0.0,-5.473903656005859,54.7
0.0,-5.473903656005859,54.71
0.0,-5.555816650390625,54.72
0.0,-5.555816650390625,54.73
0.0,-5.555816650390625,54.74
0.0,-5.555816650390625,54.75
0.0,-5.555816650390625,54.76
0.0,-5.473903656005859,54.77
0.0,-5.222877502441406,54.78
0.0,-5.222877502441406,54.79
0.0,-5.222877502441406,54.8
0.0,-5.222877502441406,54.81
0.0,-5.222877502441406,54.82
0.0,-5.222877502441406,54.83
0.0,-5.222877502441406,54.84
0.0,-5.222877502441406,54.85
0.0,-5.056415557861328,54.86
0.0,-5.056415557861328,54.87
0.0,-5.056415557861328,54.88
0.0,-4.887306213378906,54.89
0.0,-4.887306213378906,54.9
0.0,-4.887306213378906,54.91
0.0,-5.056415557861328,54.92
0.0,-5.056415557861328,54.93
0.0,-5.222877502441406,54.94
0.0,-5.3047943115234375,54.95
0.0,-5.389347076416016,54.96
0.0,-5.389347076416016,54.97
0.0,-5.473903656005859,54.98
0.0,-5.389347076416016,54.99
0.0,-5.389347076416016,55.0
0.0,-5.389347076416016,55.01
0.0,-5.473903656005859,55.02
0.0,-5.473903656005859,55.03
0.0,-5.3047943115234375,55.04
0.0,-5.138328552246094,55.05
0.0,-5.3047943115234375,55.06
0.0,-5.138328552246094,55.07
0.0,-4.97186279296875,55.08
0.0,-4.97186279296875,55.09
0.0,-4.887306213378906,55.1
0.0,-4.720836639404297,55.11
0.0,-4.887306213378906,55.12
0.0,-4.887306213378906,55.13
0.0,-4.887306213378906,55.14
0.0,-4.720836639404297,55.15
0.0,-4.887306213378906,55.16
0.0,-5.056415557861328,55.17
0.0,-5.056415557861328,55.18
0.0,-5.389347076416016,55.19
0.0,-5.389347076416016,55.2
0.0,-5.138328552246094,55.21
0.0,-5.138328552246094,55.22
0.0,-5.138328552246094,55.23
0.0,-5.473903656005859,55.24
0.0,-5.3047943115234375,55.25
0.0,-5.3047943115234375,55.26
0.0,-5.3047943115234375,55.27
0.0,-5.3047943115234375,55.28
0.0,-5.473903656005859,55.29
0.0,-5.473903656005859,55.3
0.0,-5.473903656005859,55.31
0.0,-5.473903656005859,55.32
0.0,-5.473903656005859,55.33
0.0,-5.473903656005859,55.34
0.0,-5.473903656005859,55.35
0.0,-5.473903656005859,55.36
0.0,-5.473903656005859,55.37
0.0,-5.473903656005859,55.38
0.0,-5.473903656005859,55.39
0.0,-5.555816650390625,55.4
0.0,-5.640369415283203,55.41
0.0,-5.891387939453125,55.42
0.0,-5.891387939453125,55.43
0.0,-5.640369415283203,55.44
0.0,-5.640369415283203,55.45
0.0,-5.640369415283203,55.46
0.0,-5.891387939453125,55.47
0.0,-5.891387939453125,55.48
0.0,-5.640369415283203,55.49
0.0,-5.555816650390625,55.5
0.0,-5.555816650390625,55.51
0.0,-5.555816650390625,55.52
0.0,-5.555816650390625,55.53
0.0,-5.555816650390625,55.54
0.0,-5.389347076416016,55.55
0.0,-5.389347076416016,55.56
0.0,-5.389347076416016,55.57
0.0,-5.389347076416016,55.58
0.0,-5.389347076416016,55.59
0.0,-5.389347076416016,55.6
0.0,-5.389347076416016,55.61
0.0,-5.389347076416016,55.62
0.0,-5.389347076416016,55.63
0.0,-5.555816650390625,55.64
0.0,-5.555816650390625,55.65
0.0,-5.555816650390625,55.66
0.0,-5.222877502441406,55.67
0.0,-5.056415557861328,55.68
0.0,-5.056415557861328,55.69
0.0,-5.222877502441406,55.7
0.0,-5.056415557861328,55.71
0.0,-5.473903656005859,55.72
0.0,-5.473903656005859,55.73
0.0,-5.891387939453125,55.74
0.0,-5.640369415283203,55.75
0.0,-5.640369415283203,55.76
0.0,-5.640369415283203,55.77
0.0,-5.724922180175781,55.78
0.0,-5.640369415283203,55.79
0.0,-5.640369415283203,55.8
0.0,-5.640369415283203,55.81
0.0,-4.97186279296875,55.82
0.0,-4.97186279296875,55.83
0.0,-4.97186279296875,55.84
0.0,-5.056415557861328,55.85
0.0,-5.056415557861328,55.86
0.0,-5.056415557861328,55.87
0.0,-5.3047943115234375,55.88
0.0,-5.555816650390625,55.89
0.0,-5.555816650390625,55.9
0.0,-5.640369415283203,55.91
0.0,-5.640369415283203,55.92
0.0,-5.555816650390625,55.93
0.0,-5.555816650390625,55.94
0.0,-5.555816650390625,55.95
0.0,-5.555816650390625,55.96
0.0,-5.555816650390625,55.97
0.0,-5.555816650390625,55.98
0.0,-5.473903656005859,55.99
0.0,-5.473903656005859,56.0
0.0,-5.555816650390625,56.01
0.0,-5.724922180175781,56.02
0.0,-5.724922180175781,56.03
0.0,-5.724922180175781,56.04
0.0,-5.724922180175781,56.05
0.0,-5.473903656005859,56.06
0.0,-5.389347076416016,56.07
0.0,-5.389347076416016,56.08
0.0,-5.389347076416016,56.09
0.0,-5.389347076416016,56.1
0.0,-5.222877502441406,56.11
0.0,-5.389347076416016,56.12
0.0,-5.222877502441406,56.13
0.0,-5.222877502441406,56.14
0.0,-5.222877502441406,56.15
0.0,-5.222877502441406,56.16
0.0,-5.222877502441406,56.17
0.0,-5.222877502441406,56.18
0.0,-5.222877502441406,56.19
0.0,-5.222877502441406,56.2
0.0,-5.222877502441406,56.21
0.0,-5.3047943115234375,56.22
0.0,-5.222877502441406,56.23
0.0,-5.3047943115234375,56.24
0.0,-5.3047943115234375,56.25
0.0,-5.3047943115234375,56.26
0.0,-5.3047943115234375,56.27
0.0,-5.3047943115234375,56.28
0.0,-5.3047943115234375,56.29
0.0,-5.3047943115234375,56.3
0.0,-5.3047943115234375,56.31
0.0,-5.389347076416016,56.32
0.0,-5.389347076416016,56.33
0.0,-5.389347076416016,56.34
0.0,-5.640369415283203,56.35
0.0,-5.389347076416016,56.36
0.0,-5.640369415283203,56.37
0.0,-5.056415557861328,56.38
0.0,-5.640369415283203,56.39
0.0,-5.640369415283203,56.4
0.0,-5.056415557861328,56.41
0.0,-5.056415557861328,56.42
0.0,-5.056415557861328,56.43
0.0,-5.056415557861328,56.44
0.0,-5.389347076416016,56.45
0.0,-5.389347076416016,56.46
0.0,-5.640369415283203,56.47
0.0,-5.389347076416016,56.48
0.0,-4.97186279296875,56.49
0.0,-5.389347076416016,56.5
0.0,-5.640369415283203,56.51
0.0,-5.640369415283203,56.52
0.0,-5.640369415283203,56.53
0.0,-5.724922180175781,56.54
0.0,-5.640369415283203,56.55
0.0,-5.389347076416016,56.56
0.0,-5.389347076416016,56.57
0.0,-5.640369415283203,56.58
0.0,-5.640369415283203,56.59
0.0,-5.389347076416016,56.6
0.0,-5.640369415283203,56.61
0.0,-5.640369415283203,56.62
0.0,-5.389347076416016,56.63
0.0,-5.389347076416016,56.64
0.0,-5.389347076416016,56.65
0.0,-5.389347076416016,56.66
0.0,-5.056415557861328,56.67
0.0,-4.887306213378906,56.68
0.0,-4.887306213378906,56.69
0.0,-4.887306213378906,56.7
0.0,-4.805393218994141,56.71
0.0,-4.887306213378906,56.72
0.0,-4.887306213378906,56.73
0.0,-5.3047943115234375,56.74
0.0,-5.473903656005859,56.75
0.0,-5.555816650390625,56.76
0.0,-5.555816650390625,56.77
0.0,-5.555816650390625,56.78
0.0,-5.555816650390625,56.79
0.0,-5.555816650390625,56.8
0.0,-5.891387939453125,56.81
0.0,-6.057853698730469,56.82
0.0,-6.057853698730469,56.83
0.0,-6.057853698730469,56.84
0.0,-5.891387939453125,56.85
0.0,-5.640369415283203,56.86
0.0,-5.891387939453125,56.87
0.0,-5.891387939453125,56.88
0.0,-5.640369415283203,56.89