acceleration,height,ts,velocity
0.0014714254066348076,-0.11512710899114609,-0.76,-0.03915347158908844
0.0015578577294945717,-0.11015551537275314,-0.75,-0.03359045833349228
0.001642630435526371,-0.10523123294115067,-0.74,-0.0281330905854702
-0.008035872131586075,-0.10211903601884842,-0.73,-0.024702826514840126
0.001750987023115158,-0.09903648495674133,-0.72,-0.021241355687379837
0.0018036169931292534,-0.09598315507173538,-0.71,-0.017845390364527702
-0.017609264701604843,-0.09296004474163055,-0.7,-0.014708931557834148
-0.01761331781744957,-0.09335943311452866,-0.69,-0.01514512486755848
-0.01756257936358452,-0.09036359190940857,-0.68,-0.012064349837601185
-0.007781550288200378,-0.08739844709634781,-0.67,-0.008949888870120049
-0.00773280207067728,-0.08446352183818817,-0.66,-0.005898410454392433
-0.017361465841531754,-0.07815523445606232,-0.65,0.0005150535143911839
-0.007529645226895809,-0.07191284000873566,-0.64,0.006891838274896145
-0.017162492498755455,-0.06573628634214401,-0.63,0.013038720935583115
-0.01717640459537506,-0.06647004187107086,-0.62,0.011973993852734566
-0.007486535236239433,-0.06892091035842896,-0.61,0.009240536019206047
-0.01725693605840206,-0.07125603407621384,-0.6,0.006557879038155079
-0.01729676127433777,-0.0736624151468277,-0.59,0.003828858258202672
-0.01739063858985901,-0.07945014536380768,-0.58,-0.0023704662453383207
-0.017482588067650795,-0.08518008142709732,-0.57,-0.008446795865893364
-0.056501612067222595,-0.09085409343242645,-0.56,-0.0147906094789505
-0.05653339996933937,-0.0929773598909378,-0.55,-0.017396287992596626
0.04075607657432556,-0.09507789462804794,-0.54,-0.018983643501996994
0.04078126698732376,-0.093702532351017,-0.53,-0.016958938911557198
-0.05651431530714035,-0.0923253521323204,-0.52,-0.0159212164580822
0.04083075374364853,-0.09096144884824753,-0.51,-0.013939539901912212
0.050643570721149445,-0.08615817874670029,-0.5,-0.008323128335177898
-0.056305788457393646,-0.07976646721363068,-0.49,-0.0021857270039618015
-0.08542568981647491,-0.07508399337530136,-0.48,0.0018305021803826094
0.05092455819249153,-0.06881436705589294,-0.47,0.008803358301520348
0.031558677554130554,-0.06260576844215393,-0.46,0.015448288060724735
-0.08512982726097107,-0.05646495521068573,-0.45,0.020793532952666283
0.031803786754608154,-0.047037139534950256,-0.44,0.030646786093711853
0.031949207186698914,-0.03770587220788002,-0.43,0.04029969498515129
-0.0457402728497982,-0.026850266382098198,-0.42,0.050656624138355255
-0.04557539522647858,-0.016115516424179077,-0.41,0.06078305467963219
0.012979380786418915,-0.005498546175658703,-0.4,0.07126542925834656
0.03260398283600807,0.005150410812348127,-0.39,0.08186770230531693
0.013403918594121933,0.022377535700798035,-0.38,0.09897362440824509
0.013552386313676834,0.03258032351732254,-0.37,0.108638234436512
0.052626438438892365,0.04267074540257454,-0.36,0.11847537755966187
0.013839159160852432,0.052648983895778656,-0.35,0.12770885229110718
0.013974884524941444,0.062348492443561554,-0.34,0.13655985891819
0.05300907790660858,0.07024485617876053,-0.33,0.14384250342845917
0.06281640380620956,0.0764041393995285,-0.32,0.1493505835533142
0.06289038062095642,0.08249124884605408,-0.31,0.1547277569770813
-0.14141197502613068,0.08849635720252991,-0.3,0.15793205797672272
0.06303229928016663,0.09441989660263062,-0.29,0.16305267810821533
0.1409302055835724,0.09853563457727432,-0.28,0.1670253425836563
-0.1414562463760376,0.0906326174736023,-0.27,0.1557156890630722
-0.09294749051332474,0.082783043384552,-0.26,0.14506086707115173
0.1406683474779129,0.08696084469556808,-0.25,0.14928123354911804
0.140738844871521,0.09283489733934402,-0.24,0.15521320700645447
0.14077933132648468,0.09690629690885544,-0.23,0.15921959280967712
0.37433430552482605,0.09751971065998077,-0.22,0.1619311273097992
0.44244280457496643,0.09815045446157455,-0.21,0.16531012952327728
0.9387381672859192,0.09709545224905014,-0.2,0.17184777557849884
1.2987834215164185,0.09614372998476028,-0.19,0.18200643360614777
2.5250182151794434,0.09710128605365753,-0.18,0.20623385906219482
3.6928579807281494,0.09833374619483948,-0.17,0.24211303889751434
4.451948642730713,0.09992959350347519,-0.16,0.285548597574234
4.539520263671875,0.10192250460386276,-0.15,0.3298167884349823
4.646584510803223,0.1060900092124939,-0.14,0.3769415318965912
4.938556671142578,0.11064807325601578,-0.13,0.4268874526023865
5.4835638999938965,0.11562871187925339,-0.12,0.4821757376194
6.145381450653076,0.1227756142616272,-0.11,0.5457168221473694
7.1964826583862305,0.1304500252008438,-0.1,0.6196029186248779
9.181839942932129,0.13709396123886108,-0.09,0.7114097476005554
12.02367877960205,0.14800074696540833,-0.08,0.8349477648735046
17.279029846191406,0.15679116547107697,-0.07,1.0073004961013794
26.31041717529297,0.1657499521970749,-0.06,1.2678914070129395
34.17386245727539,0.1723366230726242,-0.05,1.6015609502792358
42.50453186035156,0.1875910758972168,-0.04,2.02362060546875
47.51653289794922,0.20691277086734772,-0.03,2.49538254737854
50.81558609008789,0.22549505531787872,-0.02,2.9943199157714844
53.628021240234375,0.24872173368930817,-0.01,3.5208792686462402
56.25563049316406,0.2818855345249176,0.0,4.078410625457764
58.36750030517578,0.3255573511123657,0.01,4.66208553314209
60.51830291748047,0.37523242831230164,0.02,5.267269134521484
63.08758544921875,0.43109115958213806,0.03,5.898146152496338
66.16294860839844,0.4934523403644562,0.04,6.559779167175293
69.16044616699219,0.5626274943351746,0.05,7.25139045715332
71.35990905761719,0.6388202905654907,0.06,7.964997291564941
72.73214721679688,0.7222275137901306,0.07,8.692328453063965
73.86107635498047,0.8129637241363525,0.08,9.430950164794922
74.63964080810547,0.9111143350601196,0.09,10.17735767364502
75.08731842041016,1.0167492628097534,0.1,10.928243637084961
76.2065200805664,1.1299365758895874,0.11,11.69032096862793
76.99481964111328,1.2507610321044922,0.12,12.46027946472168
78.542236328125,1.3793481588363647,0.13,13.245711326599121
78.86338806152344,1.5157999992370605,0.14,14.034354209899902
78.95098114013672,1.6601264476776123,0.15,14.823870658874512
79.43758392333984,1.8125079870224,0.16,15.618282318115234
79.80741119384766,1.972834587097168,0.17,16.416391372680664
80.19669342041016,2.1411526203155518,0.18,17.21839141845703
81.99713897705078,2.3176097869873047,0.19,18.038406372070312
86.09437561035156,2.5024707317352295,0.2,18.899396896362305
86.58098602294922,2.6959736347198486,0.21,19.7652587890625
88.38142395019531,2.898212194442749,0.22,20.649124145507812
88.59553527832031,3.109285831451416,0.23,21.53512954711914
89.471435546875,3.329238176345825,0.24,22.429887771606445
90.01643371582031,3.5581791400909424,0.25,23.330101013183594
91.24267578125,3.796196222305298,0.26,24.242584228515625
92.08937072753906,4.043351173400879,0.27,25.16352653503418
93.04312133789062,4.299732685089111,0.28,26.093996047973633
93.58812713623047,4.565631866455078,0.29,27.029996871948242
94.2596435546875,4.840902805328369,0.3,27.972707748413086
94.77544403076172,5.125593185424805,0.31,28.920564651489258
95.32044219970703,5.419839382171631,0.32,29.873899459838867
95.9335708618164,5.723656177520752,0.33,30.8333740234375
96.54669952392578,6.037136554718018,0.34,31.79900360107422
97.07223510742188,6.36030387878418,0.35,32.7698974609375
97.51991271972656,6.693162441253662,0.36,33.7452507019043
98.01625061035156,7.035789966583252,0.37,34.72556686401367
98.49312591552734,7.388461112976074,0.38,35.71078109741211
98.94080352783203,7.751008033752441,0.39,36.70048141479492
99.53446960449219,8.123495101928711,0.4,37.69613265991211
99.90428924560547,8.506062507629395,0.41,38.695560455322266
100.12812042236328,8.898598670959473,0.42,39.697208404541016
100.46875,9.301311492919922,0.43,40.70236587524414
100.92616271972656,9.714120864868164,0.44,41.712120056152344
101.55874633789062,10.137105941772461,0.45,42.72824478149414
102.00642395019531,10.570295333862305,0.46,43.748870849609375
102.2497329711914,11.013825416564941,0.47,44.772029876708984
102.40544128417969,11.467538833618164,0.48,45.796714782714844
102.66822052001953,11.931648254394531,0.49,46.82414245605469
103.05750274658203,12.406058311462402,0.5,47.8554801940918
103.38839721679688,12.890762329101562,0.51,48.89011001586914
103.57330322265625,13.385838508605957,0.52,49.92661666870117
103.93339538574219,13.891242980957031,0.53,50.96669006347656
104.17669677734375,14.407001495361328,0.54,52.009159088134766
104.45893096923828,14.933424949645996,0.55,53.05464172363281
104.58544921875,15.470248222351074,0.56,54.10135269165039
104.7703628540039,16.017719268798828,0.57,55.15007019042969
104.8968734741211,16.57598114013672,0.58,56.20030975341797
105.2180404663086,17.14483642578125,0.59,57.25383758544922
105.58786010742188,17.72439956665039,0.6,58.311214447021484
105.83116149902344,18.314674377441406,0.61,59.37114334106445
105.84088897705078,18.915674209594727,0.62,60.431297302246094
105.87982177734375,19.527421951293945,0.63,61.49198532104492
105.87982177734375,20.149789810180664,0.64,62.55270004272461
105.87982177734375,20.78303337097168,0.65,63.613670349121094
105.87982177734375,21.42695426940918,0.66,64.67472076416016
105.86035919189453,22.08156967163086,0.67,65.73566436767578
105.86035919189453,22.746841430664062,0.68,66.79666900634766
105.85062408447266,23.42306137084961,0.69,67.85791015625
105.80197143554688,24.110279083251953,0.7,68.91903686523438
105.6851806640625,24.808082580566406,0.71,69.97899627685547
105.3932113647461,25.51642608642578,0.72,71.0360107421875
105.38347625732422,26.235607147216797,0.73,72.09319305419922
105.2180404663086,26.965648651123047,0.74,73.1490249633789
105.2180404663086,27.70726776123047,0.75,74.20584106445312
104.9747314453125,28.459386825561523,0.76,75.26019287109375
104.90660858154297,29.222139358520508,0.77,76.31396484375
104.80928802490234,29.995534896850586,0.78,77.36688995361328
104.69249725341797,30.77971839904785,0.79,78.41891479492188
104.51732635498047,31.575092315673828,0.8,79.46985626220703
104.35187530517578,32.38129806518555,0.81,80.51947784423828
104.18643188476562,33.19828414916992,0.82,81.56774139404297
103.97232055664062,34.025997161865234,0.83,82.61412811279297
103.9528579711914,34.86427688598633,0.84,83.66043853759766
103.21321868896484,35.71369171142578,0.85,84.70005798339844
103.17428588867188,36.57462692260742,0.86,85.74040222167969
103.04776763916016,37.44601821899414,0.87,86.77954864501953
103.01856994628906,38.32817077636719,0.88,87.81877899169922
103.00884246826172,39.22179412841797,0.89,88.85897827148438
102.94071960449219,40.12588119506836,0.9,89.89857482910156
102.94071960449219,41.04082489013672,0.91,90.9386215209961
102.9115219116211,41.966835021972656,0.92,91.97903442382812
102.87258911132812,42.90381622314453,0.93,93.01961517333984
102.5611572265625,43.85171127319336,0.94,94.05760192871094
102.34705352783203,44.81105422973633,0.95,95.09451293945312
102.2010726928711,45.78067398071289,0.96,96.12986755371094
102.15241241455078,46.76145553588867,0.97,97.16551971435547
102.09402465820312,47.75307083129883,0.98,98.20105743408203
102.01615905761719,48.75617599487305,0.99,99.23692321777344
101.66580963134766,49.76956558227539,1.0,100.26921844482422
101.66580963134766,50.793617248535156,1.01,101.30182647705078
101.66580963134766,51.82857894897461,1.02,102.3349838256836
101.52955627441406,52.87459945678711,1.03,103.36747741699219
101.46142578125,53.931373596191406,1.04,104.39968872070312
101.31544494628906,54.99944305419922,1.05,105.43136596679688
101.2083969116211,56.07778549194336,1.06,106.46190643310547
100.8580322265625,57.16678237915039,1.07,107.48927307128906
100.56607055664062,58.266876220703125,1.08,108.51448822021484
99.99187469482422,59.377132415771484,1.09,109.53387451171875
99.69991302490234,60.49794387817383,1.1,110.55066680908203
99.60258483886719,61.62961959838867,1.11,111.5671157836914
99.40795135498047,62.77262878417969,1.12,112.58270263671875
99.23277282714844,63.927581787109375,1.13,113.59822845458984
99.23277282714844,65.09332275390625,1.14,114.61431121826172
99.20357513427734,66.27031707763672,1.15,115.6310806274414
99.01866149902344,67.4576416015625,1.16,116.64610290527344
98.85321044921875,68.6554946899414,1.17,117.65978240966797
98.54178619384766,69.86395263671875,1.18,118.67073822021484
98.51258850097656,71.08370971679688,1.19,119.68246459960938
98.50286102294922,72.31372833251953,1.2,120.69416809082031
98.29847717285156,73.55425262451172,1.21,121.7041244506836
98.1914291381836,74.80525207519531,1.22,122.71330261230469
98.18169403076172,76.0676498413086,1.23,123.72352600097656
97.9578628540039,77.34038543701172,1.24,124.73165130615234
97.75347900390625,78.62432098388672,1.25,125.73870849609375
97.71456146240234,79.91817474365234,1.26,126.74515533447266
97.71456146240234,81.22203063964844,1.27,127.75145721435547
97.6658935546875,82.53649139404297,1.28,128.75767517089844
97.50045013427734,83.8629150390625,1.29,129.76390075683594
97.47125244140625,85.19926452636719,1.3,130.76962280273438
97.40312957763672,86.54591369628906,1.31,131.77479553222656
97.28634643554688,87.90423583984375,1.32,132.78018188476562
97.0625,89.27243041992188,1.33,133.78306579589844
96.75106811523438,90.65093231201172,1.34,134.7830047607422
96.58562469482422,92.041748046875,1.35,135.78326416015625
96.51750183105469,93.44221496582031,1.36,136.7824249267578
96.42991638183594,94.8542709350586,1.37,137.7820281982422
96.3228530883789,96.27942657470703,1.38,138.78321838378906
96.24500274658203,97.7149887084961,1.39,139.7838592529297
96.1671371459961,99.16182708740234,1.4,140.78472900390625
96.03089141845703,100.62124633789062,1.41,141.78639221191406
95.7778549194336,102.09395599365234,1.42,142.78826904296875
95.70973205566406,103.57807159423828,1.43,143.79054260253906
95.51509094238281,105.07414245605469,1.44,144.79241943359375
95.47615814208984,106.58409118652344,1.45,145.79710388183594
95.23285675048828,108.1049575805664,1.46,146.79995727539062
94.9700927734375,109.6397705078125,1.47,147.8034210205078
94.85330963134766,111.18531036376953,1.48,148.80612182617188
94.74624633789062,112.74308013916016,1.49,149.80946350097656
94.68785858154297,114.314453125,1.5,150.81509399414062
94.63919830322266,115.89852905273438,1.51,151.82229614257812
94.60026550292969,117.4957275390625,1.52,152.83148193359375
94.60026550292969,119.1065444946289,1.53,153.84344482421875
94.60026550292969,120.73092651367188,1.54,154.8580780029297
94.5516128540039,122.36869049072266,1.55,155.8747100830078
94.3958969116211,124.01819610595703,1.56,156.89085388183594
94.3958969116211,125.68212127685547,1.57,157.91030883789062
94.3958969116211,127.36068725585938,1.58,158.93319702148438
94.3958969116211,129.05325317382812,1.59,159.95895385742188
94.08446502685547,130.7602081298828,1.6,160.98472595214844
93.88009643554688,132.48155212402344,1.61,162.0115509033203
93.4518814086914,134.21823120117188,1.62,163.03799438476562
93.36428833007812,135.9702911376953,1.63,164.06739807128906
93.18910217285156,137.73690795898438,1.64,165.0982208251953
93.159912109375,139.51956176757812,1.65,166.13304138183594
93.10151672363281,141.32073974609375,1.66,167.1735382080078
93.04312133789062,143.13821411132812,1.67,168.2178192138672
93.03338623046875,144.97201538085938,1.68,169.26632690429688
92.93607330322266,146.81997680664062,1.69,170.31640625
92.877685546875,148.68397521972656,1.7,171.369873046875
92.78035736083984,150.56494140625,1.71,172.4270477294922
92.72196960449219,152.46116638183594,1.72,173.4868927001953
92.6927719116211,154.3727569580078,1.73,174.54974365234375
92.64410400390625,156.29933166503906,1.74,175.61505126953125
92.56625366210938,158.2403564453125,1.75,176.68206787109375
92.46892547607422,160.19921875,1.76,177.75323486328125
92.35214233398438,162.16998291015625,1.77,178.82363891601562
92.08937072753906,164.15841674804688,1.78,179.89630126953125
91.77794647216797,166.16453552246094,1.79,180.970703125
91.48597717285156,168.1880645751953,1.8,182.04678344726562
91.26214599609375,170.22781372070312,1.81,183.12428283691406
90.74634552001953,172.28399658203125,1.82,184.2003936767578
90.74634552001953,174.35699462890625,1.83,185.28050231933594
90.72687530517578,176.44606018066406,1.84,186.36383056640625
90.61009216308594,178.5599822998047,1.85,187.45599365234375
90.55169677734375,180.69105529785156,1.86,188.55162048339844
90.53223419189453,182.83680725097656,1.87,189.649169921875
90.53223419189453,185.003662109375,1.88,190.753662109375
90.50303649902344,187.1874542236328,1.89,191.86155700683594
90.2791976928711,189.38255310058594,1.9,192.96669006347656
90.09428405761719,191.58840942382812,1.91,194.06906127929688
89.97750091552734,193.80567932128906,1.92,195.1698760986328
89.8899154663086,196.03443908691406,1.93,196.2694549560547
89.53955078125,198.27532958984375,1.94,197.36570739746094
89.5103530883789,200.53054809570312,1.95,198.4634552001953
89.25732421875,202.79603576660156,1.96,199.55746459960938
89.1502685546875,205.08035278320312,1.97,200.65545654296875
89.14053344726562,207.37818908691406,1.98,201.75445556640625
89.01402282714844,209.69891357421875,1.99,202.86007690429688
88.28411102294922,212.0412139892578,2.0,203.96527099609375
88.27437591552734,214.40185546875,2.01,205.07484436035156
87.84616088867188,216.77462768554688,2.02,206.18011474609375
87.68070983886719,219.16773986816406,2.03,207.2895965576172
86.80481719970703,221.5745086669922,2.04,208.39138793945312
86.59071350097656,223.99432373046875,2.05,209.49168395996094
86.37660217285156,226.4375762939453,2.06,210.59783935546875
86.18196868896484,228.9054412841797,2.07,211.71075439453125
85.88999938964844,231.4102783203125,2.08,212.8380126953125
85.38392639160156,233.9605255126953,2.09,213.98313903808594
85.28660583496094,236.5554962158203,2.1,215.1494903564453
85.1698226928711,239.2143096923828,2.11,216.34979248046875
84.9557113647461,241.93441772460938,2.12,217.58087158203125
84.86812591552734,244.7260284423828,2.13,218.85055541992188
84.86812591552734,247.59585571289062,2.14,220.16383361816406
84.71240997314453,250.5345001220703,2.15,221.5121307373047
84.71240997314453,253.53077697753906,2.16,222.88890075683594
84.60536193847656,256.5512390136719,2.17,224.26998901367188
84.54695892333984,259.607421875,2.18,225.66360473632812
84.54695892333984,262.719482421875,2.19,227.08380126953125
84.27445983886719,265.8509521484375,2.2,228.50289916992188
84.27445983886719,269.00323486328125,2.21,229.9246063232422
83.56401824951172,272.1830139160156,2.22,231.34628295898438
83.4083023071289,275.44586181640625,2.23,232.81044006347656
82.1236572265625,278.87225341796875,2.24,234.35874938964844
81.71491241455078,282.4407958984375,2.25,235.9845733642578
81.68571472167969,286.029052734375,2.26,237.60986328125
80.43999481201172,289.63677978515625,2.27,239.22230529785156
79.69062042236328,293.2636413574219,2.28,240.82675170898438
79.0677719116211,296.9093933105469,2.29,242.42433166503906
78.38652038574219,300.601318359375,2.3,244.0323028564453
77.9680404663086,304.3119201660156,2.31,245.63525390625
77.73445892333984,308.0409851074219,2.32,247.2349090576172
75.87562561035156,311.78814697265625,2.33,248.81488037109375
75.87562561035156,315.5740661621094,2.34,250.40711975097656
75.87562561035156,319.6882629394531,2.35,252.19740295410156
75.87562561035156,324.0733947753906,2.36,254.1465301513672
75.17491149902344,328.4832763671875,2.37,256.08843994140625
74.97053527832031,332.9175720214844,2.38,258.0278625488281
74.97053527832031,337.3760070800781,2.39,259.9667053222656
75.17491149902344,341.8582763671875,2.4,261.9068603515625
74.90241241455078,346.0700378417969,2.41,263.65789794921875
74.90241241455078,350.0234069824219,2.42,265.2325134277344
74.54232025146484,353.75341796875,2.43,266.6512145996094
71.53508758544922,357.4956970214844,2.44,268.0367126464844
70.92195892333984,361.2497863769531,2.45,269.412841796875
70.92195892333984,365.015380859375,2.46,270.7856140136719
70.29911041259766,368.79217529296875,2.47,272.1486511230469
68.45973205566406,372.6651611328125,2.48,273.54241943359375
63.35035705566406,376.77227783203125,2.49,275.0188293457031
62.581520080566406,381.0143127441406,2.5,276.5589294433594
62.05598449707031,385.3144226074219,2.51,278.1172790527344
62.05598449707031,389.62896728515625,2.52,279.6722412109375
61.84187316894531,393.9576110839844,2.53,281.2215270996094
61.83213806152344,398.300048828125,2.54,282.76702880859375
61.83213806152344,402.6559143066406,2.55,284.3086853027344
61.501251220703125,406.8515930175781,2.56,285.7383728027344
59.89544677734375,410.8978271484375,2.57,287.05120849609375
56.75196075439453,414.7659912109375,2.58,288.2159118652344
54.0269660949707,418.5176086425781,2.59,289.2750244140625
50.776424407958984,422.13818359375,2.6,290.2157287597656
46.61106872558594,425.6210632324219,2.61,291.0261535644531
42.68901443481445,429.1036682128906,2.62,291.7915344238281
38.49446487426758,432.5852966308594,2.63,292.5090637207031
32.820621490478516,436.0652160644531,2.64,293.1638488769531
30.494640350341797,439.54278564453125,2.65,293.789306640625
30.212406158447266,443.08367919921875,2.66,294.4446105957031
29.706336975097656,446.6331481933594,2.67,295.0950622558594
29.706336975097656,450.2134704589844,2.68,295.7587890625
29.706336975097656,453.7912292480469,2.69,296.4161682128906
30.212406158447266,457.37530517578125,2.7,297.0774841308594
30.494640350341797,460.96173095703125,2.71,297.7381896972656
30.786605834960938,464.5528564453125,2.72,298.3997497558594
32.3826789855957,468.1536865234375,2.73,299.07806396484375
33.355892181396484,471.7830810546875,2.74,299.77764892578125
33.73544692993164,475.4241943359375,2.75,300.4827880859375
34.18312072753906,479.0620422363281,2.76,301.1855163574219
34.922767639160156,482.7396545410156,2.77,301.9133605957031
35.1076774597168,486.4299621582031,2.78,302.6451416015625
35.75973129272461,490.1386413574219,2.79,303.388671875
35.75973129272461,493.84375,2.8,304.125
35.75973129272461,497.5450744628906,2.81,304.8540344238281
35.75973129272461,501.2423095703125,2.82,305.5757141113281
35.75973129272461,504.9351501464844,2.83,306.2899475097656
34.932498931884766,508.609619140625,2.84,306.98077392578125
30.368122100830078,512.159423828125,2.85,307.5517272949219
24.957050323486328,515.5497436523438,2.86,307.97601318359375
21.82330322265625,518.7677001953125,2.87,308.27044677734375
20.32455062866211,521.8342895507812,2.88,308.4642028808594
17.609283447265625,524.754638671875,2.89,308.5489501953125
13.015711784362793,527.5899658203125,2.9,308.5407409667969
8.908747673034668,530.4071655273438,2.91,308.48199462890625
7.7214250564575195,533.1848754882812,2.92,308.3904113769531
7.7214250564575195,535.9468383789062,2.93,308.2911376953125
7.7214250564575195,538.69287109375,2.94,308.18414306640625
7.7214250564575195,541.4228515625,2.95,308.0694274902344
7.7214250564575195,544.1366577148438,2.96,307.9469909667969
10.271246910095215,546.8574829101562,2.97,307.8549499511719
11.614283561706543,549.5631713867188,2.98,307.76904296875
11.662943840026855,552.2615966796875,2.99,307.6806335449219
12.879462242126465,554.9439086914062,3.0,307.5966491699219
13.628838539123535,557.6109008789062,3.01,307.5128479003906
14.962140083312988,560.2672119140625,3.02,307.4376220703125
17.346515655517578,562.9298095703125,3.03,307.3904724121094
18.942588806152344,565.5764770507812,3.04,307.35150146484375
19.672496795654297,568.2071533203125,3.05,307.31207275390625
20.198036193847656,570.799072265625,3.06,307.2580261230469
20.198036193847656,573.3746948242188,3.07,307.19622802734375
20.198036193847656,575.9569702148438,3.08,307.1388854980469
20.198036193847656,578.5233154296875,3.09,307.07403564453125
20.198036193847656,581.085693359375,3.1,307.0080261230469
17.94017791748047,583.6530151367188,3.11,306.9230651855469
17.181068420410156,586.1817016601562,3.12,306.8113708496094
17.103214263916016,588.6932983398438,3.13,306.6911926269531
16.091068267822266,591.1875610351562,3.14,306.55316162109375
14.524195671081543,593.6643676757812,3.15,306.3918151855469
11.010891914367676,596.0858154296875,3.16,306.1682434082031
7.789549827575684,598.3407592773438,3.17,305.82818603515625
4.431962013244629,600.4779052734375,3.18,305.3964538574219
1.8918721675872803,602.5946044921875,3.19,304.9320983886719
-0.17134211957454681,604.6905517578125,3.2,304.43994140625
-2.507056474685669,606.7655029296875,3.21,303.9173278808594
-6.837860107421875,608.819091796875,3.22,303.3443298339844
-7.772145748138428,610.87158203125,3.23,302.76544189453125
-7.772145748138428,612.9459838867188,3.24,302.2017517089844
-7.772145748138428,615.0200805664062,3.25,301.6418151855469
-7.772145748138428,617.1487426757812,3.26,301.11346435546875
-7.772145748138428,619.2562255859375,3.27,300.5780029296875
-6.8865203857421875,621.342529296875,3.28,300.0443420410156
-4.43402099609375,623.4077758789062,3.29,299.5282287597656
-1.0375034809112549,625.462158203125,3.3,299.0440979003906
1.950265645980835,627.4995727539062,3.31,298.58465576171875
2.8942830562591553,629.5167236328125,3.32,298.12774658203125
4.227587699890137,631.5101928710938,3.33,297.67559814453125
4.227587699890137,633.4554443359375,3.34,297.20263671875
4.227587699890137,635.3723754882812,3.35,296.7189636230469
4.227587699890137,637.249755859375,3.36,296.2191162109375
4.227587699890137,639.1068115234375,3.37,295.7127380371094
3.0110690593719482,640.7536010742188,3.38,295.0936584472656
0.17901493608951569,642.2288818359375,3.39,294.36590576171875
-2.575181245803833,643.6822509765625,3.4,293.60491943359375
-7.178484916687012,645.1133422851562,3.41,292.792236328125
-11.635807037353516,646.521728515625,3.42,291.929443359375
-16.63812828063965,647.9071044921875,3.43,291.0111389160156
-20.015182495117188,649.29345703125,3.44,290.0655517578125
-21.708576202392578,650.683349609375,3.45,289.11090087890625
-21.708576202392578,652.1376953125,3.46,288.19378662109375
-21.708576202392578,653.6520385742188,3.47,287.3116455078125
-21.708576202392578,655.2095336914062,3.48,286.4560241699219
-21.708576202392578,656.7474975585938,3.49,285.5963134765625
-19.012771606445312,658.2874145507812,3.5,284.76983642578125
-15.489734649658203,659.818115234375,3.51,283.979248046875
-11.596878051757812,661.3286743164062,3.52,283.2228088378906
-9.105449676513672,662.8729858398438,3.53,282.5122985839844
-7.528841972351074,664.4255981445312,3.54,281.8260803222656
-7.528841972351074,666.068359375,3.55,281.1875
-7.528841972351074,667.690673828125,3.56,280.543212890625
-7.528841972351074,669.29248046875,3.57,279.8932800292969
-7.528841972351074,670.8739013671875,3.58,279.2377624511719
-7.801342010498047,672.4348754882812,3.59,278.573974609375
-9.708842277526855,673.848876953125,3.6,277.8255615234375
-12.930181503295898,675.0805053710938,3.61,276.9632873535156
-16.793842315673828,676.183349609375,3.62,276.00689697265625
-19.402057647705078,677.2550048828125,3.63,275.01568603515625
-22.84723663330078,678.3046875,3.64,273.9858093261719
-22.84723663330078,679.332275390625,3.65,272.9518127441406
-24.307056427001953,680.3378295898438,3.66,271.8992004394531
-24.307056427001953,681.3309936523438,3.67,270.84710693359375
-24.307056427001953,682.3084716796875,3.68,269.79400634765625
-24.307056427001953,683.2788696289062,3.69,268.74395751953125
-24.307056427001953,684.2945556640625,3.7,267.7213134765625
-22.86669921875,685.3446044921875,3.71,266.73516845703125
-20.346073150634766,686.46044921875,3.72,265.8106384277344
-18.77920150756836,687.5556640625,3.73,264.8976745605469
-13.689289093017578,688.6307373046875,3.74,264.0315856933594
-12.667413711547852,689.6859741210938,3.75,263.1717834472656
-8.891342163085938,690.7234497070312,3.76,262.34661865234375
-7.353663444519043,691.7650146484375,3.77,261.543701171875
-5.475359916687012,692.7644653320312,3.78,260.74505615234375
-5.475359916687012,693.7435302734375,3.79,259.9419250488281
-5.475359916687012,694.6918334960938,3.8,259.12957763671875
-5.475359916687012,695.5380859375,3.81,258.2754211425781
-5.475359916687012,696.3606567382812,3.82,257.4156494140625
-8.210092544555664,697.16357421875,3.83,256.5248718261719
-12.16134262084961,697.8009643554688,3.84,255.5245819091797
-17.11500358581543,698.386474609375,3.85,254.4571990966797
-17.484825134277344,698.9528198242188,3.86,253.3837127685547
-20.647769927978516,699.5,3.87,252.27626037597656
-23.080806732177734,700.0278930664062,3.88,251.14222717285156
-23.59661102294922,700.5364990234375,3.89,250.00086975097656
-23.59661102294922,701.078857421875,3.9,248.88131713867188
-23.59661102294922,701.61474609375,3.91,247.76524353027344
-23.59661102294922,702.1729736328125,3.92,246.6656036376953
-23.59661102294922,702.71240234375,3.93,245.56378173828125
-21.64044952392578,703.2332153320312,3.94,244.4794158935547
-17.922771453857422,703.7774658203125,3.95,243.4488067626953
-13.961788177490234,704.3240966796875,3.96,242.46463012695312
-10.935091972351074,704.8534545898438,3.97,241.50865173339844
-9.884020805358887,705.3660278320312,3.98,240.56118774414062
-9.884020805358887,705.7794189453125,3.99,239.57501220703125
-9.884020805358887,706.1611328125,4.0,238.5804443359375
-9.884020805358887,706.4912719726562,4.01,237.5686798095703
-9.884020805358887,706.7357788085938,4.02,236.52476501464844
-11.898574829101562,706.8983154296875,4.03,235.43045043945312
-14.9544677734375,707.0447998046875,4.04,234.3047637939453
-18.010360717773438,707.1749267578125,4.05,233.14776611328125
-20.628307342529297,707.2886962890625,4.06,231.96389770507812
-23.547950744628906,707.3859252929688,4.07,230.75021362304688
-23.547950744628906,707.5478515625,4.08,229.57168579101562
-23.547950744628906,707.7167358398438,4.09,228.40272521972656
-23.547950744628906,707.8729858398438,4.1,227.23464965820312
-23.547950744628906,708.02734375,4.11,226.07212829589844
-21.231700897216797,708.1936645507812,4.12,224.94432067871094
-18.876522064208984,708.3655395507812,4.13,223.84860229492188
-13.48491382598877,708.5427856445312,4.14,222.81507873535156
-12.064021110534668,708.7054443359375,4.15,221.7950897216797
-9.436342239379883,708.8538208007812,4.16,220.80075073242188
-4.852502822875977,708.9852905273438,4.17,219.85031127929688
-4.852502822875977,709.0857543945312,4.18,218.8917694091797
-4.852502822875977,709.17041015625,4.19,217.93174743652344
-4.852502822875977,709.22314453125,4.2,216.96324157714844
-4.852502822875977,709.1442260742188,4.21,215.94322204589844
-5.815984725952148,709.045654296875,4.22,214.91079711914062
-8.356074333190918,708.934326171875,4.23,213.85324096679688
-11.120002746582031,708.8101806640625,4.24,212.76837158203125
-14.312146186828613,708.6729736328125,4.25,211.65194702148438
-17.552949905395508,708.5296020507812,4.26,210.5065460205078
-18.584556579589844,708.3823852539062,4.27,209.35536193847656
-18.584556579589844,708.2467041015625,4.28,208.21524047851562
-18.584556579589844,708.137939453125,4.29,207.0926971435547
-18.584556579589844,708.01611328125,4.3,205.9705352783203
-18.584556579589844,707.90625,4.31,204.85940551757812
-16.258575439453125,707.7945556640625,4.32,203.7765655517578
-13.56277084350586,707.675048828125,4.33,202.7230224609375
-11.10053825378418,707.5518798828125,4.34,201.69808959960938
-9.16384220123291,707.4170532226562,4.35,200.69300842285156
-8.15169906616211,707.2626342773438,4.36,199.69505310058594
-8.15169906616211,707.0925903320312,4.37,198.69580078125
-8.15169906616211,706.8910522460938,4.38,197.6885223388672
-8.15169906616211,706.6786499023438,4.39,196.68202209472656
-8.15169906616211,706.391357421875,4.4,195.6492156982422
-9.066520690917969,706.040283203125,4.41,194.5858154296875
-11.32437801361084,705.6788330078125,4.42,193.50112915039062
-13.56277084350586,705.306884765625,4.43,192.39537048339844
-15.372949600219727,704.9243774414062,4.44,191.27285766601562
-16.774377822875977,704.5313110351562,4.45,190.1377410888672
-16.774377822875977,704.1387329101562,4.46,189.00865173339844
-16.774377822875977,703.7448120117188,4.47,187.8848114013672
-16.774377822875977,703.3677978515625,4.48,186.77378845214844
-16.774377822875977,702.9909057617188,4.49,185.6685028076172
-15.684377670288086,702.6065673828125,4.5,184.5766143798828
-14.545717239379883,702.2130737304688,4.51,183.49781799316406
-13.815807342529297,701.8099975585938,4.52,182.4278106689453
-13.18321704864502,701.4006958007812,4.53,181.3669891357422
-11.927770614624023,700.982177734375,4.54,180.3202667236328
-9.630985260009766,700.5509033203125,4.55,179.2964630126953
-9.300092697143555,700.1109008789062,4.56,178.27760314941406
-9.193038940429688,699.6663208007812,4.57,177.26307678222656
-9.193038940429688,699.2139892578125,4.58,176.25050354003906
-9.193038940429688,698.7664184570312,4.59,175.2450408935547
-9.193038940429688,698.296875,4.6,174.235595703125
-9.193038940429688,697.8192749023438,4.61,173.22792053222656
-9.728306770324707,697.3193359375,4.62,172.2107696533203
-10.429020881652832,696.8108520507812,4.63,171.18820190429688
-10.925359725952148,696.2944946289062,4.64,170.16258239746094
-11.353574752807617,695.7658081054688,4.65,169.13272094726562
-11.995895385742188,695.2111206054688,4.66,168.09088134765625
-12.122413635253906,694.6468505859375,4.67,167.04905700683594
-12.511699676513672,694.06591796875,4.68,166.00164794921875
-12.735538482666016,693.4769897460938,4.69,164.95391845703125
-12.735538482666016,692.845947265625,4.7,163.8941192626953
-12.735538482666016,692.1979370117188,4.71,162.83261108398438
-12.735538482666016,691.517333984375,4.72,161.7630157470703
-12.735538482666016,690.825439453125,4.73,160.6940460205078
-12.618753433227539,690.1256103515625,4.74,159.62823486328125
-12.346253395080566,689.4159545898438,4.75,158.5663604736328
-11.470359802246094,688.7000732421875,4.76,157.51583862304688
-10.63339614868164,687.9746704101562,4.77,156.47496032714844
-9.845091819763184,687.2413940429688,4.78,155.4438018798828
-9.630985260009766,686.5010375976562,4.79,154.41693115234375
-9.076252937316895,685.755126953125,4.8,153.39830017089844
-8.53125286102295,685.0103149414062,4.81,152.3905029296875
-7.69428825378418,684.2634887695312,4.82,151.3951416015625
-6.652949333190918,683.5134887695312,4.83,150.4136962890625
-5.718663692474365,682.760498046875,4.84,149.44512939453125
-4.745449066162109,682.002685546875,4.85,148.48902893066406
-3.72357439994812,681.2402954101562,4.86,147.54591369628906
-2.7795565128326416,680.4794921875,4.87,146.61740112304688
-2.429199457168579,679.7197265625,4.88,145.69729614257812
-2.351341962814331,678.95703125,4.89,144.78125
-2.215092420578003,678.1929321289062,4.9,143.8704071044922
-1.4754488468170166,677.425537109375,4.91,142.97000122070312
0.5683009624481201,676.6563110351562,4.92,142.0936279296875
0.64615797996521,675.8895874023438,4.93,141.22320556640625
0.9673182964324951,675.1259765625,4.94,140.36143493652344
0.9673182964324951,674.3602294921875,4.95,139.5029754638672
0.9673182964324951,673.618408203125,4.96,138.65818786621094
0.9673182964324951,672.8739013671875,4.97,137.8163604736328
0.9673182964324951,672.1260986328125,4.98,136.97723388671875
0.899193525314331,671.375,4.99,136.14013671875
-0.1810743659734726,670.6260375976562,5.0,135.29708862304688
-2.02044939994812,669.8737182617188,5.01,134.43836975097656
-3.178574323654175,669.121337890625,5.02,133.57211303710938
-3.178574323654175,668.3622436523438,5.03,132.70726013183594
-3.178574323654175,667.587890625,5.04,131.84039306640625
-3.616521120071411,666.8050537109375,5.05,130.96981811523438
-3.8792884349823,666.01904296875,5.06,130.0994415283203
-4.21018123626709,665.2299194335938,5.07,129.22857666015625
-4.326967239379883,664.437744140625,5.08,128.359375
-4.326967239379883,663.6204833984375,5.09,127.48430633544922
-4.570270538330078,662.79443359375,5.1,126.60735321044922
-4.7065205574035645,661.965576171875,5.11,125.73198699951172
-4.784377574920654,661.134033203125,5.12,124.85880279541016
-4.833038806915283,660.3011474609375,5.13,123.9886245727539
-4.901163578033447,659.4656372070312,5.14,123.12073516845703
-4.901163578033447,658.626220703125,5.15,122.25528717041016
-4.901163578033447,657.7789916992188,5.16,121.39071655273438
-5.280716896057129,656.931396484375,5.17,120.52613830566406
-5.650538444519043,656.081298828125,5.18,119.6608657836914
-5.650538444519043,655.2288818359375,5.19,118.7986068725586
-5.961967468261719,654.3721923828125,5.2,117.93546295166016
-6.273395538330078,653.5132446289062,5.21,117.07223510742188
-6.351252555847168,652.6520385742188,5.22,116.21125793457031
-6.399913787841797,651.7886962890625,5.23,115.35282135009766
-6.575092315673828,650.9232177734375,5.24,114.49567413330078
-6.575092315673828,650.0570068359375,5.25,113.64208984375
-6.575092315673828,649.1874389648438,5.26,112.79102325439453
-6.575092315673828,648.3172607421875,5.27,111.94352722167969
-6.575092315673828,647.4451904296875,5.28,111.09908294677734
-6.322056293487549,646.5732421875,5.29,110.26100158691406
-6.244199275970459,645.7062377929688,5.3,109.42935943603516
-6.127413749694824,644.830810546875,5.31,108.59929656982422
-6.127413749694824,643.9564208984375,5.32,107.77333068847656
-6.127413749694824,643.0831298828125,5.33,106.95145416259766
-6.127413749694824,642.2056274414062,5.34,106.13157653808594
-6.127413749694824,641.3292846679688,5.35,105.31578063964844
-6.263663291931152,640.4508056640625,5.36,104.50140380859375
-6.263663291931152,639.5715942382812,5.37,103.6903305053711
-6.263663291931152,638.6910400390625,5.38,102.8823013305664
-6.263663291931152,637.8091430664062,5.39,102.07731628417969
-6.263663291931152,636.9259643554688,5.4,101.27537536621094
-6.078752517700195,636.0482788085938,5.41,100.4809341430664
-6.078752517700195,635.16943359375,5.42,99.68951416015625
-6.078752517700195,634.267578125,5.43,98.89262390136719
-6.078752517700195,633.3076171875,5.44,98.0766830444336
-6.078752517700195,632.2886352539062,5.45,97.24143981933594
-6.263663291931152,631.206787109375,5.46,96.38365173339844
-6.429109573364258,630.060791015625,5.47,95.50312042236328
-6.448574066162109,628.85107421875,5.48,94.6015625
-6.516698837280273,627.5701293945312,5.49,93.6756820678711
-6.526431083679199,626.2154541015625,5.5,92.72523498535156
-6.662681579589844,624.7828369140625,5.51,91.74742126464844
-6.769734859466553,623.269287109375,5.52,90.74152374267578
-6.925449371337891,621.6689453125,5.53,89.70489501953125
-7.110360145568848,619.9781494140625,5.54,88.63597106933594
-7.3050031661987305,618.18994140625,5.55,87.53208923339844
-7.421788215637207,616.30078125,5.56,86.39283752441406
-7.489913463592529,614.3049926757812,5.57,85.21662902832031
-7.645627975463867,612.198486328125,5.58,84.00121307373047
-7.713752746582031,609.9722290039062,5.59,82.7441177368164
-7.772145748138428,607.61865234375,5.6,81.44270324707031
-7.908395767211914,605.1294555664062,5.61,80.09317779541016
-8.054377555847168,602.4951782226562,5.62,78.69203186035156
-8.219823837280273,599.7174682617188,5.63,77.23983764648438
-8.317145347595215,596.7740478515625,5.64,75.72892761230469
-8.433931350708008,593.6537475585938,5.65,74.155029296875
-8.579914093017578,590.3408203125,5.66,72.51200103759766
-8.716163635253906,586.8189086914062,5.67,70.79391479492188
-8.75509262084961,583.0695190429688,5.68,68.99485778808594
-8.852413177490234,579.0716552734375,5.69,67.10643768310547
-8.94000244140625,574.7987670898438,5.7,65.11882019042969
-8.978931427001953,570.2245483398438,5.71,63.02268600463867
-8.998395919799805,565.3135375976562,5.72,60.80487060546875
-9.115181922912598,560.0294799804688,5.73,58.45075988769531
-9.173574447631836,554.322998046875,5.74,55.9422492980957
-9.251431465148926,548.1417846679688,5.75,53.259315490722656
-9.280628204345703,541.4070434570312,5.76,50.37239456176758
-9.31955623626709,534.0472412109375,5.77,47.25406265258789
-9.368217468261719,525.9625244140625,5.78,43.8658561706543
-9.38768196105957,517.0299072265625,5.79,40.16060256958008
-9.407145500183105,507.0987854003906,5.8,36.079837799072266
-9.455806732177734,496.0411071777344,5.81,31.572921752929688
-9.475271224975586,483.63580322265625,5.82,26.552778244018555
-9.485002517700195,469.7035217285156,5.83,20.946462631225586
-9.504467010498047,454.2062683105469,5.84,14.732573509216309
-9.533663749694824,443.1765441894531,5.85,10.260757446289062
-9.562860488891602,435.5863037109375,5.86,7.132473468780518
-9.562860488891602,430.0165710449219,5.87,4.794322967529297
-9.582324028015137,425.6872253417969,5.88,2.9409992694854736
-9.640717506408691,422.260986328125,5.89,1.4412106275558472
-9.660181999206543,419.4698181152344,5.9,0.19055187702178955
-9.679645538330078,417.1391906738281,5.91,-0.8793653845787048
-9.679645538330078,415.1871032714844,5.92,-1.7994384765625
-9.679645538330078,413.5154113769531,5.93,-2.6084744930267334
-9.728306770324707,412.0657043457031,5.94,-3.329761266708374
-9.728306770324707,410.794677734375,5.95,-3.9797050952911377
-9.738039016723633,409.6752014160156,5.96,-4.568608283996582
-9.757502555847168,408.6543273925781,5.97,-5.119174957275391
-9.757502555847168,407.73602294921875,5.98,-5.628034591674805
-9.767234802246094,406.9042663574219,5.99,-6.1014909744262695
-9.77696704864502,406.15087890625,6.0,-6.542226314544678
-9.786699295043945,405.4603271484375,6.01,-6.956747531890869
-9.796431541442871,404.8241271972656,6.02,-7.348342418670654
-9.806163787841797,404.2352294921875,6.03,-7.719729900360107
-9.806163787841797,403.68768310546875,6.04,-8.073075294494629
-9.806163787841797,403.1765441894531,6.05,-8.41027545928955
-9.815896034240723,402.69757080078125,6.06,-8.733026504516602
-9.825628280639648,402.2471923828125,6.07,-9.042684555053711
-9.825628280639648,401.82232666015625,6.08,-9.340309143066406
-9.815896034240723,401.4202880859375,6.09,-9.626791954040527
-9.825628280639648,401.0387878417969,6.1,-9.903179168701172
-9.825628280639648,400.67584228515625,6.11,-10.170106887817383
-9.825628280639648,400.32965087890625,6.12,-10.428210258483887
-9.825628280639648,399.9987487792969,6.13,-10.678040504455566
-9.815896034240723,399.68170166015625,6.14,-10.9199800491333
-9.815896034240723,399.37738037109375,6.15,-11.15454387664795
-9.815896034240723,399.0846862792969,6.16,-11.382097244262695
-9.815896034240723,398.80267333984375,6.17,-11.602959632873535
-9.825628280639648,398.530517578125,6.18,-11.817509651184082
-9.825628280639648,398.2674865722656,6.19,-12.025895118713379
-9.825628280639648,398.01287841796875,6.2,-12.228331565856934
-9.825628280639648,397.7634582519531,6.21,-12.427124977111816
0.0,397.5219421386719,6.22,-12.521893501281738
0.0,397.2831726074219,6.23,-12.6155424118042
0.0,397.0391845703125,6.24,-12.714517593383789
0.0,396.8027648925781,6.25,-12.807971954345703
0.0,396.5734558105469,6.26,-12.896044731140137
0.0,396.35089111328125,6.27,-12.978863716125488
0.0,396.1347351074219,6.28,-13.056544303894043
0.0,395.9271240234375,6.29,-13.126984596252441
0.0,395.74432373046875,6.3,-13.174835205078125
0.0,395.56646728515625,6.31,-13.218276977539062
0.0,395.39337158203125,6.32,-13.257384300231934
0.0,395.224853515625,6.33,-13.292227745056152
0.0,395.0491943359375,6.34,-13.334186553955078
0.0,394.8780822753906,6.35,-13.371774673461914
0.0,394.70904541015625,6.36,-13.40735912322998
0.0,394.5443115234375,6.37,-13.438652992248535
0.0,394.38592529296875,6.38,-13.463387489318848
0.0,394.2292785644531,6.39,-13.486343383789062
0.0,394.07879638671875,6.4,-13.502832412719727
0.0,393.9320373535156,6.41,-13.5153169631958
0.0,393.7867126464844,6.42,-13.526236534118652
0.0,393.6494445800781,6.43,-13.528423309326172
0.0,393.513427734375,6.44,-13.529239654541016
0.0,393.3808288574219,6.45,-13.52628231048584
0.0,393.2515563964844,6.46,-13.519610404968262
0.0,393.12554931640625,6.47,-13.509282112121582
0.0,393.00274658203125,6.48,-13.495356559753418
0.0,392.88311767578125,6.49,-13.47789478302002
0.0,392.7666015625,6.5,-13.456958770751953
0.0,392.6531066894531,6.51,-13.432610511779785
0.0,392.5361633300781,6.52,-13.412413597106934
0.0,392.4201354980469,6.53,-13.391286849975586
0.0,392.3092956542969,6.54,-13.364212036132812
0.0,392.19927978515625,6.55,-13.336359977722168
0.0,392.0879211425781,6.56,-13.310291290283203
0.0,391.9774169921875,6.57,-13.283358573913574
0.0,391.869873046875,6.58,-13.2531099319458
0.0,391.7630920410156,6.59,-13.222180366516113
0.0,391.6613464355469,6.6,-13.185452461242676
0.0,391.56243896484375,6.61,-13.14562702178955
0.0,391.46630859375,6.62,-13.10278034210205
0.0,391.37078857421875,6.63,-13.059576988220215
0.0,391.2780456542969,6.64,-13.013445854187012
0.0,391.1858825683594,6.65,-12.967065811157227
0.0,391.0964050292969,6.66,-12.917852401733398
0.0,391.0116882324219,6.67,-12.863272666931152
0.0,390.9189453125,6.68,-12.819154739379883
0.0,390.8288879394531,6.69,-12.772195816040039
0.0,390.73516845703125,6.7,-12.730268478393555
0.0,390.6441650390625,6.71,-12.685479164123535
0.0,390.5621032714844,6.72,-12.630099296569824
0.0,390.48052978515625,6.73,-12.574759483337402
0.0,390.4014892578125,6.74,-12.516927719116211
0.0,390.3249206542969,6.75,-12.456682205200195
0.0,390.24658203125,6.76,-12.39937973022461
0.0,390.1685791015625,6.77,-12.342339515686035
0.0,390.0824890136719,6.78,-12.296053886413574
0.0,389.9904479980469,6.79,-12.25772762298584
0.0,389.9010009765625,6.8,-12.216623306274414
0.0,389.81414794921875,6.81,-12.172825813293457
0.0,389.7171325683594,6.82,-12.142175674438477
0.0,389.62066650390625,6.83,-12.111247062683105
0.0,389.5289611816406,6.84,-12.074783325195312
0.0,389.4419860839844,6.85,-12.032940864562988
0.0,389.3575744628906,6.86,-11.988509178161621
0.0,389.2756652832031,6.87,-11.941573143005371
0.0,389.2025146484375,6.88,-11.884404182434082
0.0,389.1317138671875,6.89,-11.82509994506836
0.0,389.0632019042969,6.9,-11.763739585876465
0.0,388.99908447265625,6.91,-11.697779655456543
0.0,388.93719482421875,6.92,-11.62999153137207
0.0,388.8774719238281,6.93,-11.56045150756836
0.0,388.8177490234375,6.94,-11.491849899291992
0.0,388.7474365234375,6.95,-11.437156677246094
0.0,388.6666564941406,6.96,-11.396013259887695
0.0,388.5882568359375,6.97,-11.352537155151367
0.0,388.5100402832031,6.98,-11.309408187866211
0.0,388.43414306640625,6.99,-11.264039993286133
0.0,388.36053466796875,7.0,-11.216513633728027
0.0,388.2891845703125,7.01,-11.166908264160156
0.0,388.22003173828125,7.02,-11.115302085876465
0.0,388.140380859375,7.03,-11.077132225036621
0.0,388.07568359375,7.04,-11.021373748779297
0.0,388.0130920410156,7.05,-10.963846206665039
0.0,387.93988037109375,7.06,-10.91988754272461
0.0,387.868896484375,7.07,-10.873894691467285
0.0,387.7979431152344,7.08,-10.8284912109375
0.0,387.7291259765625,7.09,-10.781136512756348
0.0,387.66241455078125,7.1,-10.731903076171875
0.0,387.6082763671875,7.11,-10.66829776763916
0.0,387.5560302734375,7.12,-10.60329532623291
0.0,387.490966796875,7.13,-10.554500579833984
0.0,387.40484619140625,7.14,-10.531428337097168
0.0,387.34405517578125,7.15,-10.478551864624023
0.0,387.27685546875,7.16,-10.433996200561523
0.0,387.2158203125,7.17,-10.38273811340332
0.0,387.15673828125,7.18,-10.329886436462402
0.0,387.0954284667969,7.19,-10.280388832092285
0.0,387.0276184082031,7.2,-10.239185333251953
0.0,386.9618225097656,7.21,-10.196184158325195
0.0,386.89801025390625,7.22,-10.15145206451416
0.0,386.83612060546875,7.23,-10.105055809020996
0.0,386.7761535644531,7.24,-10.057059288024902
0.0,386.7097473144531,7.25,-10.017212867736816
0.0,386.6328125,7.26,-9.990156173706055
0.0,386.5579528808594,7.27,-9.961038589477539
0.0,386.4851379394531,7.28,-9.929929733276367
0.0,386.4246826171875,7.29,-9.884902000427246
0.0,386.3660888671875,7.3,-9.838339805603027
0.0,386.2989807128906,7.31,-9.802233695983887
0.0,386.2296142578125,7.32,-9.769183158874512
0.0,386.1622009277344,7.33,-9.734331130981445
0.0,386.0967102050781,7.34,-9.697742462158203
0.0,386.0289306640625,7.35,-9.664228439331055
0.0,385.96099853515625,7.36,-9.631341934204102
0.0,385.88470458984375,7.37,-9.608451843261719
0.0,385.8001708984375,7.38,-9.595273971557617
0.0,385.7177429199219,7.39,-9.579856872558594
0.0,385.63739013671875,7.4,-9.562270164489746
0.0,385.5570373535156,7.41,-9.544919967651367
0.0,385.4766540527344,7.42,-9.527801513671875
0.0,385.3983459472656,7.43,-9.508590698242188
0.0,385.322021484375,7.44,-9.487353324890137
0.0,385.25177001953125,7.45,-9.459528923034668
0.0,385.1854553222656,7.46,-9.427620887756348
0.0,385.1210021972656,7.47,-9.394055366516113
0.0,385.0379943847656,7.48,-9.381762504577637
0.0,384.9529724121094,7.49,-9.371902465820312
0.0,384.8699951171875,7.5,-9.359844207763672
0.0,384.7890625,7.51,-9.34565258026123
0.0,384.6980285644531,7.52,-9.342949867248535
0.0,384.609130859375,7.53,-9.337889671325684
0.0,384.5042419433594,7.54,-9.350741386413574
0.0,384.40167236328125,7.55,-9.360846519470215
0.0,384.28125,7.56,-9.390700340270996
0.0,384.1633605957031,7.57,-9.417376518249512
0.0,384.0479431152344,7.58,-9.440956115722656
0.0,383.9389953613281,7.59,-9.457052230834961
0.0,383.8344421386719,7.6,-9.468096733093262
0.0,383.7301940917969,7.61,-9.478669166564941
0.0,383.6282653808594,7.62,-9.486564636230469
0.0,383.5285949707031,7.63,-9.491853713989258
0.0,383.4311828613281,7.64,-9.494606018066406
0.0,383.33599853515625,7.65,-9.494891166687012
0.0,383.24298095703125,7.66,-9.492776870727539
0.0,383.152099609375,7.67,-9.488327980041504
0.0,383.0633544921875,7.68,-9.481609344482422
0.0,382.9766845703125,7.69,-9.472683906555176
0.0,382.8920593261719,7.7,-9.461612701416016
0.0,382.8094787597656,7.71,-9.448456764221191
0.0,382.7288818359375,7.72,-9.433276176452637
0.0,382.6620788574219,7.73,-9.403197288513184
0.0,382.5970458984375,7.74,-9.371529579162598
0.0,382.5357360839844,7.75,-9.336166381835938
0.0,382.4898986816406,7.76,-9.2843599319458
0.0,382.4494934082031,7.77,-9.227237701416016
0.0,382.4261474609375,7.78,-9.15221118927002
0.0,382.40399169921875,7.79,-9.07676887512207
0.0,382.388916015625,7.8,-8.994529724121094
0.0,382.39056396484375,7.81,-8.895087242126465
0.0,382.3949890136719,7.82,-8.793754577636719
0.0,382.413818359375,7.83,-8.677979469299316
0.0,382.4391174316406,7.84,-8.556523323059082
0.0,382.4824523925781,7.85,-8.416913986206055
0.0,382.52606201171875,7.86,-8.278621673583984
0.0,382.5815734863281,7.87,-8.129040718078613
0.0,382.6371765136719,7.88,-7.9810791015625
0.0,382.68121337890625,7.89,-7.847294807434082
0.0,382.7254638671875,7.9,-7.714812278747559
0.0,382.7698974609375,7.91,-7.583629608154297
0.0,382.81060791015625,7.92,-7.457934856414795
0.0,382.84765625,7.93,-7.337615489959717
0.0,382.87725830078125,7.94,-7.226681709289551
0.0,382.8956298828125,7.95,-7.129093170166016
0.0,382.9144592285156,7.96,-7.032104015350342
0.0,382.9222106933594,7.97,-6.9481401443481445
0.0,382.9305114746094,7.98,-6.864494323730469
0.0,382.93939208984375,7.99,-6.781177520751953
0.0,382.94110107421875,8.0,-6.70648717880249
0.0,382.9414978027344,8.01,-6.6340203285217285
0.0,382.940673828125,8.02,-6.5636749267578125
0.0,382.9405212402344,8.03,-6.493412971496582
0.0,382.9294738769531,8.04,-6.435619354248047
0.0,382.919189453125,8.05,-6.3776469230651855
0.0,382.86956787109375,8.06,-6.362457752227783
0.0,382.81158447265625,8.07,-6.3563923835754395
0.0,382.7530822753906,8.08,-6.350961685180664
0.0,382.6940002441406,8.09,-6.346211910247803
0.0,382.63433837890625,8.1,-6.342128753662109
0.0,382.5436706542969,8.11,-6.371303558349609
0.0,382.4376220703125,8.12,-6.416584491729736
0.0,382.3277587890625,8.13,-6.465450763702393
0.0,382.21417236328125,8.14,-6.517745018005371
0.0,382.10260009765625,8.15,-6.567322731018066
0.0,381.97784423828125,8.16,-6.630459785461426
0.0,381.8079528808594,8.17,-6.741148471832275
0.0,381.63885498046875,8.18,-6.849785327911377
0.0,381.4686279296875,8.19,-6.958423614501953
0.0,381.2709045410156,8.2,-7.095253944396973
0.0,381.07623291015625,8.21,-7.227341175079346
0.0,380.88458251953125,8.22,-7.3547682762146
0.0,380.69024658203125,8.23,-7.483684539794922
0.0,380.4933166503906,8.24,-7.613968372344971
0.0,380.2994689941406,8.25,-7.739559173583984
0.0,380.1048889160156,8.26,-7.8645758628845215
0.0,379.9077453613281,8.27,-7.99096155166626
0.0,379.7099609375,8.28,-8.116701126098633
0.0,379.51336669921875,8.29,-8.239768981933594
0.0,379.3124084472656,8.3,-8.366177558898926
0.0,379.12213134765625,8.31,-8.479851722717285
0.0,378.9311828613281,8.32,-8.592996597290039
0.0,378.7395324707031,8.33,-8.705662727355957
0.0,378.5491027832031,8.34,-8.815827369689941
0.0,378.35986328125,8.35,-8.923524856567383
0.0,378.1737365722656,8.36,-9.026782989501953
0.0,377.9812927246094,8.37,-9.135640144348145
0.0,377.7901611328125,8.38,-9.241931915283203
0.0,377.5890808105469,8.39,-9.357707023620605
0.0,377.3874816894531,8.4,-9.472783088684082
0.0,377.18914794921875,8.41,-9.583148956298828
0.0,376.9866027832031,8.42,-9.696822166442871
0.0,376.787353515625,8.43,-9.80577278137207
0.0,376.59881591796875,8.44,-9.902155876159668
0.0,376.41339111328125,8.45,-9.994154930114746
0.0,376.2236633300781,8.46,-10.089768409729004
0.0,376.0352478027344,8.47,-10.182973861694336
0.0,375.8239440917969,8.48,-10.299535751342773
0.0,375.6160888671875,8.49,-10.41119384765625
0.0,375.396728515625,8.5,-10.533906936645508
0.0,375.180908203125,8.51,-10.651534080505371
0.0,374.9816589355469,8.52,-10.750292778015137
0.0,374.7857360839844,8.53,-10.84444522857666
0.0,374.580078125,8.54,-10.9479341506958
0.0,374.37786865234375,8.55,-11.046674728393555
0.0,374.1753845214844,8.56,-11.14466381072998
0.0,373.97442626953125,8.57,-11.239972114562988
0.0,373.7749938964844,8.58,-11.332635879516602
0.0,373.5789794921875,8.59,-11.420708656311035
0.0,373.3844299316406,8.6,-11.506257057189941
0.0,373.1877136230469,8.61,-11.593226432800293
0.0,372.9813537597656,8.62,-11.689498901367188
0.0,372.77484130859375,8.63,-11.784936904907227
0.0,372.558837890625,8.64,-11.889447212219238
0.0,372.3446044921875,8.65,-11.99098014831543
0.0,372.1321716308594,8.66,-12.089516639709473
0.0,371.92333984375,8.67,-12.183180809020996
0.0,371.7180480957031,8.68,-12.272056579589844
0.0,371.50518798828125,8.69,-12.368049621582031
0.0,371.2959289550781,8.7,-12.459165573120117
0.0,371.0846862792969,8.71,-12.55142879486084
0.0,370.8715515136719,8.72,-12.644733428955078
0.0,370.6620788574219,8.73,-12.733162879943848
0.0,370.46173095703125,8.74,-12.810928344726562
0.0,370.2630920410156,8.75,-12.88603401184082
0.0,370.05877685546875,8.76,-12.966429710388184
0.0,369.8580017089844,8.77,-13.042160034179688
0.0,369.6644287109375,8.78,-13.109416007995605
0.0,369.4743347167969,8.79,-13.172258377075195
0.0,369.28955078125,8.8,-13.22879409790039
0.0,369.1118469238281,8.81,-13.277169227600098
0.0,368.93743896484375,8.82,-13.321500778198242
0.0,368.7663269042969,8.83,-13.361865997314453
0.0,368.6021423339844,8.84,-13.394454002380371
0.0,368.4429626464844,8.85,-13.421337127685547
0.0,368.2906188964844,8.86,-13.440659523010254
0.0,368.1505432128906,8.87,-13.4467191696167
0.0,368.0041809082031,8.88,-13.459413528442383
0.0,367.8608093261719,8.89,-13.468791961669922
0.0,367.7203674316406,8.9,-13.474923133850098
0.0,367.5920715332031,8.91,-13.468071937561035
0.0,367.4701843261719,8.92,-13.454435348510742
0.0,367.3473815917969,8.93,-13.44193172454834
0.0,367.20703125,8.94,-13.448225975036621
0.0,367.0677490234375,8.95,-13.453316688537598
0.0,366.9277648925781,8.96,-13.459139823913574
0.0,366.7906799316406,8.97,-13.461796760559082
0.0,366.6435852050781,8.98,-13.475090980529785
0.0,366.4829406738281,8.99,-13.502673149108887
0.0,366.3180847167969,9.0,-13.534438133239746
0.0,366.1527404785156,9.01,-13.566408157348633
0.0,365.98876953125,9.02,-13.596603393554688
0.0,365.8243408203125,9.03,-13.626964569091797
0.0,365.6484069824219,9.04,-13.669241905212402
0.0,365.47210693359375,9.05,-13.711469650268555
0.0,365.29913330078125,9.06,-13.749701499938965
0.0,365.1275939941406,9.07,-13.785984992980957
0.0,364.939208984375,9.08,-13.839865684509277
0.0,364.74139404296875,9.09,-13.90320110321045
0.0,364.5471496582031,9.1,-13.962050437927246
0.0,364.3527526855469,9.11,-14.02043342590332
0.0,364.14361572265625,9.12,-14.093916893005371
0.0,363.93450927734375,9.13,-14.166593551635742
0.0,363.7217712402344,9.14,-14.242342948913574
0.0,363.5091857910156,9.15,-14.317143440246582
0.0,363.29669189453125,9.16,-14.391061782836914
0.0,363.08795166015625,9.17,-14.460162162780762
0.0,362.8811340332031,9.18,-14.526498794555664
0.0,362.6688537597656,9.19,-14.597928047180176
0.0,362.4695739746094,9.2,-14.654768943786621
0.0,362.2647705078125,9.21,-14.716874122619629
0.0,362.06005859375,9.22,-14.778216361999512
0.0,361.85723876953125,9.23,-14.836889266967773
0.0,361.6562805175781,9.24,-14.892936706542969
0.0,361.4609069824219,9.25,-14.942468643188477
0.0,361.267333984375,9.26,-14.989545822143555
0.0,361.0682067871094,9.27,-15.042017936706543
0.0,360.865478515625,9.28,-15.09779167175293
0.0,360.65185546875,9.29,-15.164589881896973
0.0,360.44207763671875,9.3,-15.22655200958252
0.0,360.23614501953125,9.31,-15.283766746520996
0.0,360.0340270996094,9.32,-15.336321830749512
0.0,359.8356628417969,9.33,-15.384305000305176
0.0,359.6410217285156,9.34,-15.427802085876465
0.0,359.4464416503906,9.35,-15.470771789550781
0.0,359.25555419921875,9.36,-15.509343147277832
0.0,359.0664978027344,9.37,-15.545564651489258
0.0,358.8737487792969,9.38,-15.585318565368652
0.0,358.6846923828125,9.39,-15.620716094970703
0.0,358.499267578125,9.4,-15.651843070983887
0.0,358.3156433105469,9.41,-15.680747985839844
0.0,358.1356201171875,9.42,-15.705507278442383
0.0,357.9555358886719,9.43,-15.730072021484375
0.0,357.7790222167969,9.44,-15.750571250915527
0.0,357.6096496582031,9.45,-15.763218879699707
0.0,357.4455871582031,9.46,-15.770081520080566
0.0,357.284912109375,9.47,-15.773244857788086
0.0,357.1275939941406,9.48,-15.772788047790527
0.0,356.9736328125,9.49,-15.768787384033203
0.0,356.8229675292969,9.5,-15.761319160461426
0.0,356.6700744628906,9.51,-15.756291389465332
0.0,356.52044677734375,9.52,-15.747820854187012
0.0,356.34661865234375,9.53,-15.765265464782715
0.0,356.17626953125,9.54,-15.778789520263672
0.0,356.0093994140625,9.55,-15.788474082946777
0.0,355.845947265625,9.56,-15.794397354125977
0.0,355.6858825683594,9.57,-15.796637535095215
0.0,355.5493469238281,9.58,-15.77379322052002
0.0,355.4159240722656,9.59,-15.747880935668945
0.0,355.2892150878906,9.6,-15.715104103088379
0.0,355.1673278808594,9.61,-15.677519798278809
0.0,355.05023193359375,9.62,-15.635237693786621
0.0,354.93603515625,9.63,-15.590331077575684
0.0,354.82281494140625,9.64,-15.544829368591309
0.0,354.7124328613281,9.65,-15.49679183959961
0.0,354.6048583984375,9.66,-15.446282386779785
0.0,354.50006103515625,9.67,-15.393365859985352
0.0,354.3979797363281,9.68,-15.338105201721191
0.0,354.2912902832031,9.69,-15.288352012634277
0.0,354.18548583984375,9.7,-15.238174438476562
0.0,354.08056640625,9.71,-15.187592506408691
0.0,353.9601135253906,9.72,-15.154106140136719
0.0,353.842529296875,9.73,-15.117918968200684
0.0,353.7259521484375,9.74,-15.081056594848633
0.0,353.5975646972656,9.75,-15.057158470153809
0.0,353.4721374511719,9.76,-15.030379295349121
0.0,353.349609375,9.77,-15.000785827636719
0.0,353.22998046875,9.78,-14.968443870544434
0.0,353.1131591796875,9.79,-14.933419227600098
0.0,352.9900207519531,9.8,-14.905525207519531
0.0,352.8478088378906,9.81,-14.898226737976074
0.0,352.69775390625,9.82,-14.899377822875977
0.0,352.55084228515625,9.83,-14.897153854370117
0.0,352.4052429199219,9.84,-14.893588066101074
0.0,352.25726318359375,9.85,-14.892573356628418
0.0,352.103271484375,9.86,-14.89797592163086
0.0,351.95062255859375,9.87,-14.901874542236328
0.0,351.79931640625,9.88,-14.90429973602295
0.0,351.6347961425781,9.89,-14.920788764953613
0.0,351.4736022949219,9.9,-14.933574676513672
0.0,351.3138427734375,9.91,-14.944693565368652
0.0,351.1536560058594,9.92,-14.956137657165527
0.0,350.9967346191406,9.93,-14.963976860046387
0.0,350.83575439453125,9.94,-14.976069450378418
0.0,350.6744384765625,9.95,-14.98840045928955
0.0,350.49993896484375,9.96,-15.01462173461914
0.0,350.328857421875,9.97,-15.036913871765137
0.0,350.16119384765625,9.98,-15.055355072021484
0.0,349.9950866699219,9.99,-15.07192325592041
0.0,349.8267822265625,10.0,-15.090631484985352
0.0,349.65277099609375,10.01,-15.11523151397705
0.0,349.4693603515625,10.02,-15.149569511413574
0.0,349.2877197265625,10.03,-15.181676864624023
0.0,349.1095886230469,10.04,-15.209693908691406
0.0,348.9294738769531,10.05,-15.239518165588379
0.0,348.75103759765625,10.06,-15.267248153686523
0.0,348.5742492675781,10.07,-15.292920112609863
0.0,348.39910888671875,10.08,-15.316572189331055
0.0,348.2219543457031,10.09,-15.342100143432617
0.0,348.041015625,10.1,-15.371417999267578
0.0,347.86181640625,10.11,-15.39856243133545
0.0,347.68243408203125,10.12,-15.425591468811035
0.0,347.5065612792969,10.13,-15.44858455657959
0.0,347.3341979980469,10.14,-15.467622756958008
0.0,347.1598205566406,10.15,-15.48859977722168
0.0,346.9870910644531,10.16,-15.507613182067871
0.0,346.8141784667969,10.17,-15.526598930358887
0.0,346.6392517089844,10.18,-15.547510147094727
0.0,346.4696044921875,10.19,-15.562590599060059
0.0,346.3033752441406,10.2,-15.573859214782715
0.0,346.14056396484375,10.21,-15.58139419555664
0.0,345.97930908203125,10.22,-15.587169647216797
0.0,345.8214111328125,10.23,-15.589323997497559
0.0,345.6668395996094,10.24,-15.587935447692871
0.0,345.5155334472656,10.25,-15.583078384399414
0.0,345.3674621582031,10.26,-15.574827194213867
0.0,345.2061462402344,10.27,-15.5807466506958
0.0,345.03179931640625,10.28,-15.600476264953613
0.0,344.8609313964844,10.29,-15.616288185119629
0.0,344.6916809082031,10.3,-15.630218505859375
0.0,344.5221862792969,10.31,-15.644259452819824
0.0,344.35614013671875,10.32,-15.654494285583496
0.0,344.1934814453125,10.33,-15.661001205444336
0.0,344.0341796875,10.34,-15.663858413696289
0.0,343.8764343261719,10.35,-15.6650390625
0.0,343.72015380859375,10.36,-15.664637565612793
0.0,343.56903076171875,10.37,-15.658775329589844
0.0,343.4193115234375,10.38,-15.651482582092285
0.0,343.2727966308594,10.39,-15.640833854675293
0.0,343.1294860839844,10.4,-15.626903533935547
0.0,342.9856872558594,10.41,-15.61361312866211
0.0,342.8304748535156,10.42,-15.612624168395996
0.0,342.67669677734375,10.43,-15.61011028289795
0.0,342.5225830078125,10.44,-15.608000755310059
0.0,342.3753662109375,10.45,-15.598586082458496
0.0,342.2313537597656,10.46,-15.5858736038208
0.0,342.0904846191406,10.47,-15.569936752319336
0.0,341.9490966796875,10.48,-15.55469799041748
0.0,341.80902099609375,10.49,-15.538248062133789
0.0,341.6720275878906,10.5,-15.51866340637207
0.0,341.53814697265625,10.51,-15.496014595031738
0.0,341.40911865234375,10.52,-15.46841812133789
0.0,341.2903747558594,10.53,-15.430181503295898
0.0,341.167236328125,10.54,-15.397051811218262
0.0,341.03973388671875,10.55,-15.368927001953125
0.0,340.9224548339844,10.56,-15.330199241638184
0.0,340.8098449707031,10.57,-15.286959648132324
0.0,340.70001220703125,10.58,-15.241209030151367
0.0,340.5729064941406,10.59,-15.214319229125977
0.0,340.4560241699219,10.6,-15.176836967468262
0.0,340.3346862792969,10.61,-15.144498825073242
0.0,340.21258544921875,10.62,-15.113298416137695
0.0,340.0897521972656,10.63,-15.083219528198242
0.0,339.96795654296875,10.64,-15.052350997924805
0.0,339.8490295410156,10.65,-15.018763542175293
0.0,339.7311096191406,10.66,-14.984474182128906
0.0,339.6032409667969,10.67,-14.961102485656738
0.0,339.4783020019531,10.68,-14.934874534606934
0.0,339.35626220703125,10.69,-14.905856132507324
0.0,339.2370910644531,10.7,-14.874114036560059
0.0,339.1188659667969,10.71,-14.841665267944336
0.0,339.00347900390625,10.72,-14.806578636169434
0.0,338.8908386230469,10.73,-14.768918991088867
0.0,338.78094482421875,10.74,-14.728748321533203
0.0,338.67376708984375,10.75,-14.686129570007324
0.0,338.5510559082031,10.76,-14.660460472106934
0.0,338.422119140625,10.77,-14.641690254211426
0.0,338.28515625,10.78,-14.631630897521973
0.0,338.1439208984375,10.79,-14.62625503540039
0.0,338.0002136230469,10.8,-14.623515129089355
0.0,337.8650207519531,10.81,-14.61176586151123
0.0,337.7327880859375,10.82,-14.596994400024414
0.0,337.5980529785156,10.83,-14.585062980651855
0.0,337.4516906738281,10.84,-14.585607528686523
0.0,337.30841064453125,10.85,-14.582878112792969
0.0,337.16455078125,10.86,-14.580785751342773
0.0,337.00732421875,10.87,-14.592911720275879
0.0,336.85150146484375,10.88,-14.603409767150879
0.0,336.69158935546875,10.89,-14.618162155151367
0.0,336.5348815917969,10.9,-14.62933349609375
0.0,336.37591552734375,10.91,-14.64278793334961
0.0,336.2074279785156,10.92,-14.666215896606445
0.0,336.0422668457031,10.93,-14.685869216918945
0.0,335.86767578125,10.94,-14.715354919433594
0.0,335.6964416503906,10.95,-14.740928649902344
0.0,335.5267333984375,10.96,-14.764616966247559
0.0,335.35491943359375,10.97,-14.79029369354248
0.0,335.1864929199219,10.98,-14.812122344970703
0.0,335.0122985839844,10.99,-14.839808464050293
0.0,334.8505554199219,11.0,-14.853963851928711
0.0,334.70123291015625,11.01,-14.854813575744629
0.0,334.5458984375,11.02,-14.862011909484863
0.0,334.40106201171875,11.03,-14.857999801635742
0.0,334.25201416015625,11.04,-14.858487129211426
0.0,334.10064697265625,11.05,-14.861431121826172
0.0,333.95245361328125,11.06,-14.860991477966309
0.0,333.8055725097656,11.07,-14.859129905700684
0.0,333.6636047363281,11.08,-14.852097511291504
0.0,333.5229187011719,11.09,-14.843783378601074
0.0,333.37982177734375,11.1,-14.838114738464355
0.0,333.2361145019531,11.11,-14.833147048950195
0.0,333.095458984375,11.12,-14.824969291687012
0.0,332.9505920410156,11.13,-14.821385383605957
0.0,332.80157470703125,11.14,-14.82223892211914
0.0,332.6520080566406,11.15,-14.82365894317627
0.0,332.5038146972656,11.16,-14.823627471923828
0.0,332.3587341308594,11.17,-14.82028579711914
0.0,332.21307373046875,11.18,-14.817599296569824
0.0,332.0614318847656,11.19,-14.821280479431152
0.0,331.9093322753906,11.2,-14.825407981872559
0.0,331.7603759765625,11.21,-14.82613754272461
0.0,331.6181640625,11.22,-14.819706916809082
0.0,331.47900390625,11.23,-14.810102462768555
0.0,331.3428649902344,11.24,-14.797392845153809
0.0,331.20611572265625,11.25,-14.785480499267578
0.0,331.0705261230469,11.26,-14.772465705871582
0.0,330.9378967285156,11.27,-14.756426811218262
0.0,330.8118591308594,11.28,-14.733596801757812
0.0,330.69049072265625,11.29,-14.706013679504395
0.0,330.57012939453125,11.3,-14.677674293518066
0.0,330.4507751464844,11.31,-14.648542404174805
0.0,330.3323974609375,11.32,-14.618700981140137
0.0,330.2168273925781,11.33,-14.586225509643555
0.0,330.09307861328125,11.34,-14.562739372253418
0.0,329.9848937988281,11.35,-14.522991180419922
0.0,329.8793640136719,11.36,-14.480839729309082
0.0,329.7764892578125,11.37,-14.436344146728516
0.0,329.6689147949219,11.38,-14.397290229797363
0.0,329.5712585449219,11.39,-14.348121643066406
0.0,329.4779052734375,11.4,-14.294900894165039
0.0,329.3870544433594,11.41,-14.239611625671387
0.0,329.29864501953125,11.42,-14.182310104370117
0.0,329.2126770019531,11.43,-14.123051643371582
0.0,329.1254577636719,11.44,-14.065722465515137
0.0,329.03521728515625,11.45,-14.012240409851074
0.0,328.9056091308594,11.46,-14.001084327697754
0.0,328.7788391113281,11.47,-13.987039566040039
0.0,328.6548767089844,11.48,-13.970171928405762
0.0,328.5318298339844,11.49,-13.952488899230957
0.0,328.41156005859375,11.5,-13.932065963745117
0.0,328.292236328125,11.51,-13.91085147857666
0.0,328.1737976074219,11.52,-13.88892650604248
0.0,328.0580749511719,11.53,-13.86436653137207
0.0,327.937744140625,11.54,-13.844950675964355
0.0,327.8200988769531,11.55,-13.822856903076172
0.0,327.7051696777344,11.56,-13.79814624786377
0.0,327.5928955078125,11.57,-13.770879745483398
0.0,327.4850769042969,11.58,-13.739173889160156
0.0,327.37799072265625,11.59,-13.707015037536621
0.0,327.2625732421875,11.6,-13.684022903442383
0.0,327.16253662109375,11.61,-13.644975662231445
0.0,327.06500244140625,11.62,-13.60370922088623
0.0,326.97174072265625,11.63,-13.558335304260254
0.0,326.8790283203125,11.64,-13.512838363647461
0.0,326.77783203125,11.65,-13.47683048248291
0.0,326.67730712890625,11.66,-13.440519332885742
0.0,326.57379150390625,11.67,-13.40774917602539
0.0,326.4727783203125,11.68,-13.372681617736816
0.0,326.37060546875,11.69,-13.33919906616211
0.0,326.2673034667969,11.7,-13.307275772094727
0.0,326.1700744628906,11.71,-13.269231796264648
0.0,326.0716857910156,11.72,-13.232858657836914
0.0,325.96844482421875,11.73,-13.202014923095703
0.0,325.86767578125,11.74,-13.168879508972168
0.0,325.76751708984375,11.75,-13.135451316833496
0.0,325.6697998046875,11.76,-13.099800109863281
0.0,325.5617980957031,11.77,-13.075401306152344
0.0,325.4381408691406,11.78,-13.067852020263672
0.0,325.3171691894531,11.79,-13.057550430297852
0.0,325.1988525390625,11.8,-13.044556617736816
0.0,325.0831604003906,11.81,-13.028931617736816
0.0,324.97003173828125,11.82,-13.010733604431152
0.0,324.8594665527344,11.83,-12.990020751953125
0.0,324.75140380859375,11.84,-12.966851234436035
0.0,324.6458435058594,11.85,-12.94128131866455
0.0,324.5463562011719,11.86,-12.909540176391602
0.0,324.44927978515625,11.87,-12.875593185424805
0.0,324.3509521484375,11.88,-12.843318939208984
0.0,324.23870849609375,11.89,-12.826160430908203
0.0,324.12353515625,11.9,-12.812273025512695
0.0,324.01092529296875,11.91,-12.795825958251953
0.0,323.9008483886719,11.92,-12.776875495910645
0.0,323.7932434082031,11.93,-12.755478858947754
0.0,323.6881103515625,11.94,-12.73169231414795
0.0,323.5709533691406,11.95,-12.720924377441406
0.0,323.45635986328125,11.96,-12.707551956176758
0.0,323.34429931640625,11.97,-12.691631317138672
0.0,323.22930908203125,11.98,-12.678985595703125
0.0,323.1186828613281,11.99,-12.661842346191406
0.0,323.01055908203125,12.0,-12.642241477966309
0.0,322.9048767089844,12.01,-12.6202392578125
0.0,322.8016662597656,12.02,-12.595890998840332
0.0,322.69903564453125,12.03,-12.57119369506836
0.0,322.5987854003906,12.04,-12.544218063354492
0.0,322.4954833984375,12.05,-12.520780563354492
0.0,322.38543701171875,12.06,-12.504693031311035
0.0,322.2760925292969,12.07,-12.488041877746582
0.0,322.1673889160156,12.08,-12.470903396606445
0.0,322.0593566894531,12.09,-12.453231811523438
0.0,321.9537658691406,12.1,-12.433160781860352
0.0,321.85235595703125,12.11,-12.408864974975586
0.0,321.7515563964844,12.12,-12.384201049804688
0.0,321.6531066894531,12.13,-12.357300758361816
0.0,321.5533142089844,12.14,-12.332098007202148
0.0,321.450439453125,12.15,-12.310441017150879
0.0,321.3553466796875,12.16,-12.280742645263672
0.0,321.2571105957031,12.17,-12.254695892333984
0.0,321.16119384765625,12.18,-12.226470947265625
0.0,321.0440673828125,12.19,-12.221036911010742
0.0,320.929443359375,12.2,-12.21299934387207
0.0,320.8172912597656,12.21,-12.202415466308594
0.0,320.7076110839844,12.22,-12.189340591430664
0.0,320.58587646484375,12.23,-12.189165115356445
0.0,320.4667053222656,12.24,-12.18628215789795
0.0,320.3500671386719,12.25,-12.180750846862793
0.0,320.2286682128906,12.26,-12.180323600769043
0.0,320.1062316894531,12.27,-12.181015968322754
0.0,319.9809265136719,12.28,-12.184743881225586
0.0,319.8581848144531,12.29,-12.185684204101562
0.0,319.7434387207031,12.3,-12.178138732910156
0.0,319.63116455078125,12.31,-12.168044090270996
0.0,319.5213623046875,12.32,-12.155457496643066
0.0,319.41400146484375,12.33,-12.140433311462402
0.0,319.31085205078125,12.34,-12.121088027954102
0.0,319.2100524902344,12.35,-12.099454879760742
0.0,319.111572265625,12.36,-12.075587272644043
0.0,319.0154113769531,12.37,-12.04953670501709
0.0,318.9142761230469,12.38,-12.02904987335205
0.0,318.8135986328125,12.39,-12.008257865905762
0.0,318.7152404785156,12.4,-11.985234260559082
0.0,318.61920166015625,12.41,-11.960030555725098
0.0,318.50732421875,12.42,-11.951841354370117
0.0,318.394287109375,12.43,-11.94498348236084
0.0,318.28729248046875,12.44,-11.931800842285156
0.0,318.19891357421875,12.45,-11.899043083190918
0.0,318.1000671386719,12.46,-11.877714157104492
0.0,317.9999084472656,12.47,-11.858011245727539
0.0,317.9020080566406,12.48,-11.836088180541992
0.0,317.80279541015625,12.49,-11.815811157226562
0.0,317.7004089355469,12.5,-11.799087524414062
0.0,317.5931091308594,12.51,-11.7877836227417
0.0,317.48089599609375,12.52,-11.781787872314453
0.0,317.37109375,12.53,-11.773301124572754
0.0,317.263671875,12.54,-11.762377738952637
0.0,317.15863037109375,12.55,-11.749072074890137
0.0,317.055908203125,12.56,-11.733436584472656
0.0,316.9501037597656,12.57,-11.72121524810791
0.0,316.8393859863281,12.58,-11.714333534240723
0.0,316.7310485839844,12.59,-11.704995155334473
0.0,316.6250915527344,12.6,-11.693254470825195
0.0,316.5178527832031,12.61,-11.682976722717285
0.0,316.4129943847656,12.62,-11.670321464538574
0.0,316.3104553222656,12.63,-11.655341148376465
0.0,316.2083740234375,12.64,-11.64002513885498
0.0,316.1031494140625,12.65,-11.628194808959961
0.0,316.000244140625,12.66,-11.614030838012695
0.0,315.8996276855469,12.67,-11.597585678100586
0.0,315.7995300292969,12.68,-11.580789566040039
0.0,315.6980285644531,12.69,-11.56564712524414
0.0,315.5987854003906,12.7,-11.54825496673584
0.0,315.4963684082031,12.71,-11.53441333770752
0.0,315.39263916015625,12.72,-11.522111892700195
0.0,315.28216552734375,12.73,-11.517071723937988
0.0,315.1632080078125,12.74,-11.521074295043945
0.0,315.0467224121094,12.75,-11.522436141967773
0.0,314.9326477050781,12.76,-11.521212577819824
0.0,314.81378173828125,12.77,-11.525080680847168
0.0,314.6936950683594,12.78,-11.530179023742676
0.0,314.57611083984375,12.79,-11.532611846923828
0.0,314.4501647949219,12.8,-11.543868064880371
0.0,314.32305908203125,12.81,-11.556197166442871
0.0,314.1985168457031,12.82,-11.565702438354492
0.0,314.07830810546875,12.83,-11.570508003234863
0.0,313.9587707519531,12.84,-11.574580192565918
0.0,313.8416748046875,12.85,-11.57599925994873
0.0,313.7270202636719,12.86,-11.574820518493652
0.0,313.6094055175781,12.87,-11.576784133911133
0.0,313.4942626953125,12.88,-11.576138496398926
0.0,313.3724365234375,12.89,-11.582551002502441
0.0,313.25311279296875,12.9,-11.586259841918945
0.0,313.130859375,12.91,-11.593005180358887
0.0,313.00567626953125,12.92,-11.60278034210205
0.0,312.8830261230469,12.93,-11.609777450561523
0.0,312.7629089355469,12.94,-11.614052772521973
0.0,312.6416320800781,12.95,-11.619470596313477
0.0,312.51739501953125,12.96,-11.627999305725098
0.0,312.3956604003906,12.97,-11.633769989013672
0.0,312.27642822265625,12.98,-11.636839866638184
0.0,312.15966796875,12.99,-11.6372652053833
0.0,312.04534912109375,13.0,-11.635102272033691
0.0,311.93341064453125,13.01,-11.630404472351074
0.0,311.8238830566406,13.02,-11.623226165771484
0.0,311.6968994140625,13.03,-11.634593963623047
0.0,311.5688171386719,13.04,-11.64700984954834
0.0,311.44329833984375,13.05,-11.656583786010742
0.0,311.3203125,13.06,-11.663372039794922
0.0,311.1998291015625,13.07,-11.667431831359863
0.0,311.08184814453125,13.08,-11.66882038116455
0.0,310.96630859375,13.09,-11.667593002319336
0.0,310.84600830078125,13.1,-11.671419143676758
0.0,310.73004150390625,13.11,-11.670646667480469
0.0,310.61468505859375,13.12,-11.669236183166504
0.0,310.5017395019531,13.13,-11.665268898010254
0.0,310.37677001953125,13.14,-11.674083709716797
0.0,310.25433349609375,13.15,-11.680126190185547
0.0,310.1343994140625,13.16,-11.683454513549805
0.0,310.0169372558594,13.17,-11.684123992919922
0.0,309.90191650390625,13.18,-11.68218994140625
0.0,309.7875671386719,13.19,-11.679582595825195
0.0,309.6737976074219,13.2,-11.676373481750488
0.0,309.56243896484375,13.21,-11.670644760131836
0.0,309.45166015625,13.22,-11.664382934570312
0.0,309.34326171875,13.23,-11.655668258666992
0.0,309.2390441894531,13.24,-11.642621994018555
0.0,309.13531494140625,13.25,-11.629202842712402
0.0,309.03387451171875,13.26,-11.61348819732666
0.0,308.9239196777344,13.27,-11.60694408416748
0.0,308.8109130859375,13.28,-11.603702545166016
0.0,308.69671630859375,13.29,-11.601762771606445
0.0,308.5830993652344,13.3,-11.599225044250488
0.0,308.4682922363281,13.31,-11.597975730895996
0.0,308.3468933105469,13.32,-11.603724479675293
0.0,308.22796630859375,13.33,-11.606782913208008
0.0,308.10784912109375,13.34,-11.611068725585938
0.0,307.99383544921875,13.35,-11.608831405639648
0.0,307.87860107421875,13.36,-11.607931137084961
0.0,307.7657775878906,13.37,-11.60447883605957
0.0,307.6517639160156,13.38,-11.602331161499023
0.0,307.53656005859375,13.39,-11.60146427154541
0.0,307.42376708984375,13.4,-11.59804630279541
0.0,307.3188171386719,13.41,-11.58639907836914
0.0,307.2107238769531,13.42,-11.578164100646973
0.0,307.1068115234375,13.43,-11.565607070922852
0.0,307.0033874511719,13.44,-11.55268383026123
0.0,306.904052734375,13.45,-11.535543441772461
0.0,306.8069763183594,13.46,-11.51620864868164
0.0,306.7157287597656,13.47,-11.490927696228027
0.0,306.62664794921875,13.48,-11.46363353729248
0.0,306.5361022949219,13.49,-11.438177108764648
0.0,306.4404602050781,13.5,-11.418383598327637
0.0,306.34698486328125,13.51,-11.396477699279785
0.0,306.2557067871094,13.52,-11.372509002685547
0.0,306.15936279296875,13.53,-11.35412883758545
0.0,306.0597839355469,13.54,-11.339351654052734
0.0,305.9606628417969,13.55,-11.32424545288086
0.0,305.8619384765625,13.56,-11.308879852294922
0.0,305.76544189453125,13.57,-11.29133415222168
0.0,305.671142578125,13.58,-11.27165699005127
0.0,305.575439453125,13.59,-11.25369930267334
0.0,305.48187255859375,13.6,-11.233628273010254
0.0,305.3814697265625,13.61,-11.221020698547363
0.0,305.2814636230469,13.62,-11.208125114440918
0.0,305.18365478515625,13.63,-11.19301986694336
0.0,305.0862121582031,13.64,-11.17768383026123
0.0,304.9927978515625,13.65,-11.1582670211792
0.0,304.89971923828125,13.66,-11.138718605041504
0.0,304.79974365234375,13.67,-11.126642227172852
0.0,304.7002258300781,13.68,-11.114227294921875
0.0,304.60107421875,13.69,-11.101543426513672
0.0,304.5023498535156,13.7,-11.088540077209473
0.0,304.4021911621094,13.71,-11.077215194702148
0.0,304.3006286621094,13.72,-11.067474365234375
0.0,304.2012939453125,13.73,-11.055489540100098
0.0,304.1041564941406,13.74,-11.041311264038086
0.0,304.0074157714844,13.75,-11.026859283447266
0.0,303.912841796875,13.76,-11.010272026062012
0.0,303.8185729980469,13.77,-10.993525505065918
0.0,303.7264709472656,13.78,-10.974699020385742
0.0,303.636474609375,13.79,-10.953841209411621
0.0,303.5503845214844,13.8,-10.929069519042969
0.0,303.4645080566406,13.81,-10.904329299926758
0.0,303.38067626953125,13.82,-10.87769603729248
0.0,303.3006896972656,13.83,-10.847288131713867
0.0,303.2226867675781,13.84,-10.815119743347168
0.0,303.144775390625,13.85,-10.783163070678711
0.0,303.07965087890625,13.86,-10.738041877746582
0.0,303.0199279785156,13.87,-10.687694549560547
0.0,302.9583435058594,13.88,-10.639837265014648
0.0,302.8985290527344,13.89,-10.590630531311035
0.0,302.8404541015625,13.9,-10.540114402770996
0.0,302.7822570800781,13.91,-10.490254402160645
0.0,302.7131652832031,13.92,-10.452436447143555
0.0,302.6458740234375,13.93,-10.413101196289062
0.0,302.57855224609375,13.94,-10.374216079711914
0.0,302.505859375,13.95,-10.341444969177246
0.0,302.42236328125,13.96,-10.320390701293945
0.0,302.3408203125,13.97,-10.29749584197998
0.0,302.2539978027344,13.98,-10.280454635620117
0.0,302.16912841796875,13.99,-10.26149845123291
0.0,302.0826416015625,14.0,-10.244467735290527
0.0,301.9981384277344,14.01,-10.225529670715332
0.0,301.9191589355469,14.02,-10.200934410095215
0.0,301.8384704589844,14.03,-10.17839527130127
0.0,301.75970458984375,14.04,-10.15407943725586
0.0,301.6792297363281,14.05,-10.131823539733887
0.0,301.60064697265625,14.06,-10.107795715332031
0.0,301.5221252441406,14.07,-10.083963394165039
0.0,301.4364929199219,14.08,-10.067917823791504
0.0,301.35101318359375,14.09,-10.051852226257324
0.0,301.2674865722656,14.1,-10.033902168273926
0.0,301.1822814941406,14.11,-10.017905235290527
0.0,301.08642578125,14.12,-10.013339042663574
0.0,300.97821044921875,14.13,-10.021889686584473
0.0,300.8721618652344,14.14,-10.028048515319824
0.0,300.7664489746094,14.15,-10.033787727355957
0.0,300.6628723144531,14.16,-10.037191390991211
0.0,300.557861328125,14.17,-10.04210090637207
0.0,300.4477844238281,14.18,-10.052274703979492
0.0,300.3381042480469,14.19,-10.061941146850586
0.0,300.2288513183594,14.2,-10.071050643920898
0.0,300.1217956542969,14.21,-10.077744483947754
0.0,300.0169372558594,14.22,-10.082073211669922
0.0,299.9106140136719,14.23,-10.08787727355957
0.0,299.7974548339844,14.24,-10.10084342956543
0.0,299.6846923828125,14.25,-10.11323356628418
0.0,299.5705871582031,14.26,-10.126921653747559
0.0,299.4533386230469,14.27,-10.143805503845215
0.0,299.3383483886719,14.28,-10.158096313476562
0.0,299.22381591796875,14.29,-10.171770095825195
0.0,299.1115417480469,14.3,-10.18291187286377
0.0,299.0014953613281,14.31,-10.191572189331055
0.0,298.8936767578125,14.32,-10.197800636291504
0.0,298.7880554199219,14.33,-10.201647758483887
0.0,298.67205810546875,14.34,-10.216402053833008
0.0,298.558349609375,14.35,-10.228591918945312
0.0,298.4468994140625,14.36,-10.238268852233887
0.0,298.332275390625,14.37,-10.251198768615723
0.0,298.21990966796875,14.38,-10.261595726013184
0.0,298.1097717285156,14.39,-10.269509315490723
0.0,298.00006103515625,14.4,-10.276915550231934
0.0,297.8907775878906,14.41,-10.283764839172363
0.0,297.7801513671875,14.42,-10.291990280151367
0.0,297.6717529296875,14.43,-10.297772407531738
0.0,297.5655822753906,14.44,-10.30116081237793
0.0,297.46160888671875,14.45,-10.302206039428711
0.0,297.3597717285156,14.46,-10.300955772399902
0.0,297.2601013183594,14.47,-10.297459602355957
0.0,297.1553039550781,14.48,-10.299403190612793
0.0,297.0526428222656,14.49,-10.299034118652344
0.0,296.9395446777344,14.5,-10.309691429138184
0.0,296.8287353515625,14.51,-10.317851066589355
0.0,296.7183837890625,14.52,-10.325430870056152
0.0,296.60302734375,14.53,-10.338210105895996
0.0,296.4791564941406,14.54,-10.359807968139648
0.0,296.357666015625,14.55,-10.378667831420898
0.0,296.24212646484375,14.56,-10.391053199768066
0.0,296.12530517578125,14.57,-10.40467643737793
0.0,296.00897216796875,14.58,-10.417642593383789
0.0,295.8949279785156,14.59,-10.428038597106934
0.0,295.7831726074219,14.6,-10.435916900634766
0.0,295.6736755371094,14.61,-10.441328048706055
0.0,295.5646667480469,14.62,-10.446187973022461
0.0,295.4578857421875,14.63,-10.448641777038574
0.0,295.34246826171875,14.64,-10.460163116455078
0.0,295.2293395996094,14.65,-10.469136238098145
0.0,295.12213134765625,14.66,-10.471765518188477
0.0,295.0171813964844,14.67,-10.472029685974121
0.0,294.9144287109375,14.68,-10.469980239868164
0.0,294.802978515625,14.69,-10.477086067199707
0.0,294.6902160644531,14.7,-10.485520362854004
0.0,294.5743103027344,14.71,-10.497174263000488
0.0,294.4607238769531,14.72,-10.506269454956055
0.0,294.3493957519531,14.73,-10.512858390808105
0.0,294.2403564453125,14.74,-10.516990661621094
0.0,294.13177490234375,14.75,-10.520584106445312
0.0,294.02545166015625,14.76,-10.521782875061035
0.0,293.9158935546875,14.77,-10.526344299316406
0.0,293.7995910644531,14.78,-10.537985801696777
0.0,293.683837890625,14.79,-10.54892349243164
0.0,293.5685729980469,14.8,-10.559228897094727
0.0,293.45562744140625,14.81,-10.566991806030273
0.0,293.3377685546875,14.82,-10.579834938049316
0.0,293.22943115234375,14.83,-10.582505226135254
0.0,293.1251525878906,14.84,-10.580863952636719
0.0,293.0230712890625,14.85,-10.576925277709961
0.0,292.9303283691406,14.86,-10.563165664672852
0.0,292.84686279296875,14.87,-10.539794921875
0.0,292.7653503417969,14.88,-10.5145902633667
0.0,292.6858215332031,14.89,-10.487595558166504
0.0,292.60101318359375,14.9,-10.466424942016602
0.0,292.5181884765625,14.91,-10.443390846252441
0.0,292.4121398925781,14.92,-10.445089340209961
0.0,292.3046875,14.93,-10.448235511779785
0.0,292.1976318359375,14.94,-10.450934410095215
0.0,292.0927734375,14.95,-10.451273918151855
0.0,291.9793701171875,14.96,-10.46065616607666
0.0,291.86822509765625,14.97,-10.467537879943848
0.0,291.75933837890625,14.98,-10.471968650817871
0.0,291.6527099609375,14.99,-10.473999977111816
0.0,291.54827880859375,15.0,-10.473681449890137
0.0,291.4388427734375,15.01,-10.478630065917969
0.0,291.3424072265625,15.02,-10.46981430053711
0.0,291.2499084472656,15.03,-10.456954956054688
0.0,291.1594543457031,15.04,-10.442061424255371
0.0,291.071044921875,15.05,-10.425178527832031
0.0,290.9846496582031,15.06,-10.406352996826172
0.0,290.9002380371094,15.07,-10.385628700256348
0.0,290.7908020019531,15.08,-10.391511917114258
0.0,290.68359375,15.09,-10.394983291625977
0.0,290.57861328125,15.1,-10.396092414855957
0.0,290.47576904296875,15.11,-10.394888877868652
0.0,290.3751220703125,15.12,-10.391420364379883
0.0,290.28741455078125,15.13,-10.37432861328125
0.0,290.20172119140625,15.14,-10.355310440063477
0.0,290.107177734375,15.15,-10.345815658569336
0.0,290.01470947265625,15.16,-10.334240913391113
0.0,289.9171142578125,15.17,-10.328197479248047
0.0,289.8198547363281,15.18,-10.321867942810059
0.0,289.7156677246094,15.19,-10.322883605957031
0.0,289.61181640625,15.2,-10.32352352142334
0.0,289.5101318359375,15.21,-10.321876525878906
0.0,289.4106140136719,15.22,-10.317991256713867
0.0,289.3078308105469,15.23,-10.317560195922852
0.0,289.2018127441406,15.24,-10.320566177368164
0.0,289.09619140625,15.25,-10.323100090026855
0.0,288.9873352050781,15.26,-10.329008102416992
0.0,288.8771057128906,15.27,-10.336298942565918
0.0,288.7691345214844,15.28,-10.341161727905273
0.0,288.6597595214844,15.29,-10.347427368164062
0.0,288.5400390625,15.3,-10.364546775817871
0.0,288.42266845703125,15.31,-10.379026412963867
0.0,288.3075866699219,15.32,-10.390918731689453
0.0,288.19122314453125,15.33,-10.404053688049316
0.0,288.0771484375,15.34,-10.41462516784668
0.0,287.9653625488281,15.35,-10.422682762145996
0.0,287.8558349609375,15.36,-10.428277969360352
0.0,287.7467041015625,15.37,-10.433381080627441
0.0,287.6398010253906,15.38,-10.436080932617188
0.0,287.5297546386719,15.39,-10.44206714630127
0.0,287.4201354980469,15.4,-10.447549819946289
0.0,287.3145751953125,15.41,-10.448699951171875
0.0,287.2093811035156,15.42,-10.449445724487305
0.0,287.10638427734375,15.43,-10.4478759765625
0.0,286.9929504394531,15.44,-10.457298278808594
0.0,286.8818054199219,15.45,-10.464221954345703
0.0,286.7729187011719,15.46,-10.468698501586914
0.0,286.666259765625,15.47,-10.470778465270996
0.0,286.55645751953125,15.48,-10.476149559020996
0.0,286.4488830566406,15.49,-10.479103088378906
0.0,286.3363037109375,15.5,-10.4873046875
0.0,286.22601318359375,15.51,-10.493027687072754
0.0,286.11798095703125,15.52,-10.496322631835938
0.0,286.0104064941406,15.53,-10.499101638793945
0.0,285.8924560546875,15.54,-10.512765884399414
0.0,285.7875671386719,15.55,-10.512496948242188
0.0,285.67413330078125,15.56,-10.521255493164062
0.0,285.57196044921875,15.57,-10.518041610717773
0.0,285.46295166015625,15.58,-10.522055625915527
0.0,285.35443115234375,15.59,-10.525529861450195
0.0,285.246337890625,15.6,-10.528534889221191
0.0,285.1404724121094,15.61,-10.52916145324707
0.0,285.03863525390625,15.62,-10.525541305541992
0.0,284.9371337890625,15.63,-10.521600723266602
0.0,284.83599853515625,15.64,-10.517287254333496
0.0,284.73162841796875,15.65,-10.516447067260742
0.0,284.6204528808594,15.66,-10.522784233093262
0.0,284.50079345703125,15.67,-10.538004875183105
0.0,284.38348388671875,15.68,-10.550590515136719
0.0,284.2631530761719,15.69,-10.566230773925781
0.0,284.1451721191406,15.7,-10.57922077178955
0.0,284.0295104980469,15.71,-10.58961296081543
0.0,283.9161682128906,15.72,-10.59745979309082
0.0,283.80511474609375,15.73,-10.602811813354492
0.0,283.69635009765625,15.74,-10.605721473693848
0.0,283.5898132324219,15.75,-10.60623836517334
0.0,283.4855041503906,15.76,-10.604413032531738
0.0,283.38336181640625,15.77,-10.600295066833496
0.0,283.28338623046875,15.78,-10.593932151794434
0.0,283.1747741699219,15.79,-10.596758842468262
0.0,283.0683898925781,15.8,-10.597196578979492
0.0,282.9642333984375,15.81,-10.595295906066895
0.0,282.8569030761719,15.82,-10.596739768981934
0.0,282.74822998046875,15.83,-10.599599838256836
0.0,282.6346435546875,15.84,-10.607621192932129
0.0,282.5233154296875,15.85,-10.613143920898438
0.0,282.41424560546875,15.86,-10.616217613220215
0.0,282.30743408203125,15.87,-10.61689281463623
0.0,282.2028503417969,15.88,-10.61522102355957
0.0,282.1004638671875,15.89,-10.611250877380371
0.0,281.9984436035156,15.9,-10.60694694519043
0.0,281.8968200683594,15.91,-10.60226058959961
0.0,281.79736328125,15.92,-10.595342636108398
0.0,281.6856689453125,15.93,-10.601396560668945
0.0,281.59063720703125,15.94,-10.589838027954102
0.0,281.4922790527344,15.95,-10.581884384155273
0.0,281.3817443847656,15.96,-10.586868286132812
0.0,281.2734680175781,15.97,-10.589422225952148
0.0,281.16741943359375,15.98,-10.589595794677734
0.0,281.0635681152344,15.99,-10.58743953704834
0.0,280.9600830078125,16.0,-10.584918022155762
0.0,280.8587951660156,16.01,-10.580123901367188
0.0,280.761474609375,16.02,-10.571187973022461
0.0,280.6644592285156,16.03,-10.562032699584961
0.0,280.5695495605469,16.04,-10.550747871398926
0.0,280.47674560546875,16.05,-10.537381172180176
0.0,280.3806457519531,16.06,-10.527608871459961
0.0,280.2866516113281,16.07,-10.515727996826172
0.0,280.1947326660156,16.08,-10.501785278320312
0.0,280.0923156738281,16.09,-10.499061584472656
0.0,279.99029541015625,16.1,-10.495945930480957
0.0,279.89044189453125,16.11,-10.49059009552002
0.0,279.7926940917969,16.12,-10.483041763305664
0.0,279.6791076660156,16.13,-10.492269515991211
0.0,279.56781005859375,16.14,-10.499000549316406
0.0,279.4570007324219,16.15,-10.505143165588379
0.0,279.34844970703125,16.16,-10.508851051330566
0.0,279.2420959472656,16.17,-10.510172843933105
0.0,279.1379699707031,16.18,-10.509159088134766
0.0,279.0360107421875,16.19,-10.505858421325684
0.0,278.93438720703125,16.2,-10.502233505249023
0.0,278.8349304199219,16.21,-10.496377944946289
0.0,278.72686767578125,16.22,-10.499655723571777
0.0,278.6192321777344,16.23,-10.502416610717773
0.0,278.5155944824219,16.24,-10.500955581665039
0.0,278.412353515625,16.25,-10.499076843261719
0.0,278.3005676269531,16.26,-10.506244659423828
0.0,278.189208984375,16.27,-10.512870788574219
0.0,278.0801086425781,16.28,-10.517049789428711
0.0,277.9678955078125,16.29,-10.524460792541504
0.0,277.8525390625,16.3,-10.535091400146484
0.0,277.7341613769531,16.31,-10.548813819885254
0.0,277.61810302734375,16.32,-10.55993366241455
0.0,277.5043640136719,16.33,-10.568503379821777
0.0,277.3929138183594,16.34,-10.574573516845703
0.0,277.2837219238281,16.35,-10.578195571899414
0.0,277.1767883300781,16.36,-10.57942008972168
0.0,277.0684814453125,16.37,-10.582066535949707
0.0,276.9570007324219,16.38,-10.588019371032715
0.0,276.85321044921875,16.39,-10.58583927154541
0.0,276.7461853027344,16.4,-10.587065696716309
0.0,276.64678955078125,16.41,-10.5802583694458
0.0,276.5495300292969,16.42,-10.571270942687988
0.0,276.448974609375,16.43,-10.565834999084473
0.0,276.3487548828125,16.44,-10.56010627746582
0.0,276.2471618652344,16.45,-10.555891990661621
0.0,276.1477355957031,16.46,-10.549448013305664
0.0,276.0504150390625,16.47,-10.540823936462402
0.0,275.9498291015625,16.48,-10.535748481750488
0.0,275.83526611328125,16.49,-10.545458793640137
0.0,275.72296142578125,16.5,-10.552652359008789
0.0,275.6129455566406,16.51,-10.557379722595215
0.0,275.50518798828125,16.52,-10.559691429138184
0.0,275.39788818359375,16.53,-10.561493873596191
0.0,275.2945556640625,16.54,-10.55908489227295
0.0,275.19342041015625,16.55,-10.55440902709961
0.0,275.0926818847656,16.56,-10.549371719360352
0.0,274.99407958984375,16.57,-10.54212474822998
0.0,274.89044189453125,16.58,-10.540253639221191
0.0,274.7799987792969,16.59,-10.545557975769043
0.0,274.6717834472656,16.6,-10.54843807220459
0.0,274.5657958984375,16.61,-10.548942565917969
0.0,274.4620361328125,16.62,-10.54712200164795
0.0,274.3604736328125,16.63,-10.543025970458984
0.0,274.2574768066406,16.64,-10.540470123291016
0.0,274.14947509765625,16.65,-10.543191909790039
0.0,274.043701171875,16.66,-10.543543815612793
0.0,273.94012451171875,16.67,-10.541574478149414
0.0,273.8387451171875,16.68,-10.537334442138672
0.0,273.7359313964844,16.69,-10.534638404846191
0.0,273.6352844238281,16.7,-10.529687881469727
0.0,273.5332336425781,16.71,-10.526298522949219
0.0,273.4333190917969,16.72,-10.520671844482422
0.0,273.33380126953125,16.73,-10.514708518981934
0.0,273.2364196777344,16.74,-10.506564140319824
0.0,273.14288330078125,16.75,-10.494431495666504
0.0,273.0496520996094,16.76,-10.482104301452637
0.0,272.9584655761719,16.77,-10.467735290527344
0.0,272.8675231933594,16.78,-10.453283309936523
0.0,272.76611328125,16.79,-10.449994087219238
0.0,272.6650390625,16.8,-10.446394920349121
0.0,272.5625305175781,16.81,-10.444344520568848
0.0,272.4604187011719,16.82,-10.441902160644531
0.0,272.3604431152344,16.83,-10.437220573425293
0.0,272.2626037597656,16.84,-10.43034839630127
0.0,272.1614685058594,16.85,-10.427009582519531
0.0,272.0606994628906,16.86,-10.423309326171875
0.0,271.9620666503906,16.87,-10.417400360107422
0.0,271.86553955078125,16.88,-10.409329414367676
0.0,271.7693176269531,16.89,-10.401057243347168
0.0,271.677001953125,16.9,-10.388764381408691
0.0,271.58673095703125,16.91,-10.37445068359375
0.0,271.4894714355469,16.92,-10.36760425567627
0.0,271.39434814453125,16.93,-10.358628273010254
0.0,271.30126953125,16.94,-10.34756851196289
0.0,271.2102355957031,16.95,-10.334470748901367
0.0,271.11767578125,16.96,-10.323144912719727
0.0,271.02001953125,16.97,-10.317264556884766
0.0,270.92083740234375,16.98,-10.313067436218262
0.0,270.81842041015625,16.99,-10.312315940856934
0.0,270.7234802246094,17.0,-10.303701400756836
0.0,270.6252746582031,17.01,-10.298625946044922
0.0,270.5220031738281,17.02,-10.298928260803223
0.0,270.4208679199219,17.03,-10.296966552734375
0.0,270.32904052734375,17.04,-10.285260200500488
0.0,270.2392272949219,17.05,-10.271543502807617
0.0,270.1442565917969,17.06,-10.26339054107666
0.0,270.03704833984375,17.07,-10.268217086791992
0.0,269.9248352050781,17.08,-10.278221130371094
0.0,269.81488037109375,17.09,-10.28576374053955
0.0,269.70001220703125,17.1,-10.298421859741211
0.0,269.58380126953125,17.11,-10.312322616577148
0.0,269.4734802246094,17.12,-10.319910049438477
0.0,269.3617858886719,17.13,-10.328841209411621
0.0,269.2523193359375,17.14,-10.335322380065918
0.0,269.14508056640625,17.15,-10.339404106140137
0.0,269.0400390625,17.16,-10.341135025024414
0.0,268.94073486328125,17.17,-10.336799621582031
0.0,268.8310546875,17.18,-10.343432426452637
0.0,268.7236022949219,17.19,-10.347660064697266
0.0,268.6290588378906,17.2,-10.33824348449707
0.0,268.5365905761719,17.21,-10.32675838470459
0.0,268.4461669921875,17.22,-10.313249588012695
0.0,268.3577575683594,17.23,-10.29776382446289
0.0,268.2713623046875,17.24,-10.28034496307373
0.0,268.19049072265625,17.25,-10.257272720336914
0.0,268.10797119140625,17.26,-10.236198425292969
0.0,268.0273742675781,17.27,-10.213321685791016
0.0,267.94866943359375,17.28,-10.188684463500977
0.0,267.8664245605469,17.29,-10.168000221252441
0.0,267.78253173828125,17.3,-10.149282455444336
0.0,267.6969909667969,17.31,-10.13249397277832
0.0,267.6116638183594,17.32,-10.115687370300293
0.0,267.5299987792969,17.33,-10.095163345336914
0.0,267.448486328125,17.34,-10.074707984924316
0.0,267.35638427734375,17.35,-10.065610885620117
0.0,267.26629638671875,17.36,-10.054498672485352
0.0,267.1781921386719,17.37,-10.04141616821289
0.0,267.0920715332031,17.38,-10.026407241821289
0.0,267.00787353515625,17.39,-10.009515762329102
0.0,266.92559814453125,17.4,-9.99078369140625
0.0,266.8309020996094,17.41,-9.985300064086914
0.0,266.73822021484375,17.42,-9.977744102478027
0.0,266.6475524902344,17.43,-9.968160629272461
0.0,266.5588684082031,17.44,-9.956594467163086
0.0,266.4703063964844,17.45,-9.94499683380127
0.0,266.38372802734375,17.46,-9.931462287902832
0.0,266.2973327636719,17.47,-9.917886734008789
0.0,266.2110290527344,17.48,-9.904332160949707
0.0,266.12310791015625,17.49,-9.89265251159668
0.0,266.037109375,17.5,-9.879050254821777
0.0,265.9530334472656,17.51,-9.863568305969238
0.0,265.87445068359375,17.52,-9.842488288879395
0.0,265.7923583984375,17.53,-9.825304985046387
0.0,265.7103271484375,17.54,-9.808237075805664
0.0,265.63018798828125,17.55,-9.789377212524414
0.0,265.5483093261719,17.56,-9.772527694702148
0.0,265.4612121582031,17.57,-9.761351585388184
0.0,265.37603759765625,17.58,-9.748270988464355
0.0,265.2891845703125,17.59,-9.737091064453125
0.0,265.1988525390625,17.6,-9.729680061340332
0.0,265.10516357421875,17.61,-9.72590446472168
0.0,265.0116271972656,17.62,-9.7219877243042
0.0,264.9200744628906,17.63,-9.716024398803711
0.0,264.8304748535156,17.64,-9.70805835723877
0.0,264.7428283691406,17.65,-9.698132514953613
0.0,264.6571044921875,17.66,-9.686290740966797
0.0,264.5679626464844,17.67,-9.67818546295166
0.0,264.47894287109375,17.68,-9.670040130615234
0.0,264.3829345703125,17.69,-9.669316291809082
0.0,264.2889404296875,17.7,-9.666492462158203
0.0,264.1968994140625,17.71,-9.661611557006836
0.0,264.1068420410156,17.72,-9.654717445373535
0.0,264.01513671875,17.73,-9.649612426757812
0.0,263.9254150390625,17.74,-9.642501831054688
0.0,263.8376159667969,17.75,-9.633429527282715
0.0,263.762451171875,17.76,-9.611162185668945
0.0,263.6783752441406,17.77,-9.598530769348145
0.0,263.5961608886719,17.78,-9.584062576293945
0.0,263.5140075683594,17.79,-9.569649696350098
0.0,263.41943359375,17.8,-9.568476676940918
0.0,263.32861328125,17.81,-9.563383102416992
0.0,263.2397155761719,17.82,-9.556303024291992
0.0,263.1527404785156,17.83,-9.547280311584473
0.0,263.06768798828125,17.84,-9.536356925964355
0.0,262.98272705078125,17.85,-9.525425910949707
0.0,262.899658203125,17.86,-9.512638092041016
0.0,262.81842041015625,17.87,-9.49803638458252
0.0,262.73187255859375,17.88,-9.489174842834473
0.0,262.647216796875,17.89,-9.478422164916992
0.0,262.5644226074219,17.9,-9.465819358825684
0.0,262.4727478027344,17.91,-9.46268081665039
0.0,262.38299560546875,17.92,-9.457537651062012
0.0,262.2915954589844,17.93,-9.45418930053711
0.0,262.20037841796875,17.94,-9.450691223144531
0.0,262.111083984375,17.95,-9.445199012756348
0.0,262.0237121582031,17.96,-9.43775463104248
0.0,261.938232421875,17.97,-9.428400993347168
0.0,261.85107421875,17.98,-9.420937538146973
0.0,261.76220703125,17.99,-9.415325164794922
0.0,261.6627502441406,18.0,-9.420891761779785
0.0,261.5599365234375,18.01,-9.42994499206543
0.0,261.45916748046875,18.02,-9.436746597290039
0.0,261.353271484375,18.03,-9.448856353759766
0.0,261.2494812011719,18.04,-9.458646774291992
0.0,261.1549072265625,18.05,-9.45865249633789
0.0,261.06768798828125,18.06,-9.450926780700684
0.0,260.9823303222656,18.07,-9.44129467010498
0.0,260.8863220214844,18.08,-9.442973136901855
0.0,260.78521728515625,18.09,-9.450006484985352
0.0,260.6861267089844,18.1,-9.454827308654785
0.0,260.5872497558594,18.11,-9.459385871887207
0.0,260.4903564453125,18.12,-9.46178150177002
0.0,260.3954772949219,18.13,-9.462058067321777
0.0,260.30255126953125,18.14,-9.460258483886719
0.0,260.2062683105469,18.15,-9.46203327178955
0.0,260.10302734375,18.16,-9.471061706542969
0.0,259.9983215332031,18.17,-9.481587409973145
0.0,259.89208984375,18.18,-9.493576049804688
0.0,259.7879638671875,18.19,-9.503238677978516
0.0,259.6859130859375,18.2,-9.51062297821045
0.0,259.5859069824219,18.21,-9.51577377319336
0.0,259.4879455566406,18.22,-9.518736839294434
0.0,259.3919677734375,18.23,-9.51955795288086
0.0,259.2980041503906,18.24,-9.518280029296875
0.0,259.207763671875,18.25,-9.513099670410156
0.0,259.11944580078125,18.26,-9.505948066711426
0.0,259.03302001953125,18.27,-9.496867179870605
0.0,258.94671630859375,18.28,-9.487747192382812
0.0,258.8605041503906,18.29,-9.478649139404297
0.0,258.7761535644531,18.3,-9.467668533325195
0.0,258.6758728027344,18.31,-9.47356128692627
0.0,258.5758056640625,18.32,-9.479166984558105
0.0,258.4777526855469,18.33,-9.482583999633789
0.0,258.3781433105469,18.34,-9.487610816955566
0.0,258.28411865234375,18.35,-9.48670482635498
0.0,258.1920471191406,18.36,-9.483743667602539
0.0,258.1019287109375,18.37,-9.478771209716797
0.0,258.01373291015625,18.38,-9.471830368041992
0.0,257.9274597167969,18.39,-9.462963104248047
0.0,257.8430480957031,18.4,-9.4522123336792
0.0,257.7605285644531,18.41,-9.439620018005371
0.0,257.6798400878906,18.42,-9.425227165222168
0.0,257.6009826660156,18.43,-9.409074783325195
0.0,257.506103515625,18.44,-9.409911155700684
0.0,257.4132080078125,18.45,-9.408674240112305
0.0,257.3222351074219,18.46,-9.405406951904297
0.0,257.2331848144531,18.47,-9.400152206420898
0.0,257.14605712890625,18.48,-9.392952919006348
0.0,257.060791015625,18.49,-9.383851051330566
0.0,256.9773864746094,18.5,-9.372888565063477
0.0,256.89227294921875,18.51,-9.363859176635742
0.0,256.80902099609375,18.52,-9.352972030639648
0.0,256.73114013671875,18.53,-9.336515426635742
0.0,256.6514892578125,18.54,-9.322113990783691
0.0,256.5628967285156,18.55,-9.31723403930664
0.0,256.4762268066406,18.56,-9.310420036315918
0.0,256.39141845703125,18.57,-9.301712989807129
0.0,256.3084411621094,18.58,-9.291155815124512
0.0,256.2183837890625,18.59,-9.288141250610352
0.0,256.1302185058594,18.6,-9.283159255981445
0.0,256.0439453125,18.61,-9.276252746582031
0.0,255.9595489501953,18.62,-9.267463684082031
0.0,255.88414001464844,18.63,-9.249327659606934
0.0,255.8104705810547,18.64,-9.229549407958984
0.0,255.73138427734375,18.65,-9.215670585632324
0.0,255.65231323242188,18.66,-9.201913833618164
0.0,255.56607055664062,18.67,-9.195840835571289
0.0,255.48167419433594,18.68,-9.187885284423828
0.0,255.39736938476562,18.69,-9.179935455322266
0.0,255.31307983398438,18.7,-9.172050476074219
0.0,255.23062133789062,18.71,-9.16232681274414
0.0,255.14463806152344,18.72,-9.156401634216309
0.0,255.0605010986328,18.73,-9.148599624633789
0.0,254.97817993164062,18.74,-9.138961791992188
0.0,254.89234924316406,18.75,-9.133127212524414
0.0,254.80654907226562,18.76,-9.127323150634766
0.0,254.7225799560547,18.77,-9.119647026062012
0.0,254.63510131835938,18.78,-9.11573600769043
0.0,254.54591369628906,18.79,-9.113666534423828
0.0,254.44969177246094,18.8,-9.118997573852539
0.0,254.35362243652344,18.81,-9.124131202697754
0.0,254.26663208007812,18.82,-9.119664192199707
0.0,254.18148803710938,18.83,-9.113298416137695
0.0,254.09104919433594,18.84,-9.112576484680176
0.0,253.99716186523438,18.85,-9.11547565460205
0.0,253.90701293945312,18.86,-9.114420890808105
0.0,253.8169403076172,18.87,-9.113301277160645
0.0,253.71627807617188,18.88,-9.123312950134277
0.0,253.61761474609375,18.89,-9.131123542785645
0.0,253.5209197998047,18.9,-9.136778831481934
0.0,253.422607421875,18.91,-9.144071578979492
0.0,253.32626342773438,18.92,-9.149215698242188
0.0,253.23187255859375,18.93,-9.152255058288574
0.0,253.1359100341797,18.94,-9.156925201416016
0.0,253.03831481933594,18.95,-9.163248062133789
0.0,252.94268798828125,18.96,-9.167439460754395
0.0,252.84719848632812,18.97,-9.1714448928833
0.0,252.75189208984375,18.98,-9.175210952758789
0.0,252.65853881835938,18.99,-9.176896095275879
0.0,252.5617218017578,19.0,-9.182195663452148
0.0,252.46510314941406,19.01,-9.187226295471191
0.0,252.36688232421875,19.02,-9.193896293640137
0.0,252.2635040283203,19.03,-9.20591926574707
0.0,252.15505981445312,19.04,-9.223122596740723
0.0,252.04513549804688,19.05,-9.241703987121582
0.0,251.9373016357422,19.06,-9.257881164550781
0.0,251.83155822753906,19.07,-9.271700859069824
0.0,251.72789001464844,19.08,-9.283209800720215
0.0,251.62625122070312,19.09,-9.292452812194824
0.0,251.52664184570312,19.1,-9.299474716186523
0.0,251.42901611328125,19.11,-9.3043212890625
0.0,251.3226776123047,19.12,-9.318282127380371
0.0,251.21131896972656,19.13,-9.337357521057129
0.0,251.1020965576172,19.14,-9.353998184204102
0.0,250.98426818847656,19.15,-9.379495620727539
0.0,250.86863708496094,19.16,-9.40241527557373
0.0,250.75518798828125,19.17,-9.422806739807129
0.0,250.64390563964844,19.18,-9.440717697143555
0.0,250.53475952148438,19.19,-9.456195831298828
0.0,250.42239379882812,19.2,-9.474882125854492
0.0,250.30862426757812,19.21,-9.494860649108887
0.0,250.20057678222656,19.22,-9.5086030960083
0.0,250.091064453125,19.23,-9.52373218536377
0.0,249.98370361328125,19.24,-9.536468505859375
0.0,249.8766326904297,19.25,-9.548760414123535
0.0,249.77166748046875,19.26,-9.558713912963867
0.0,249.66526794433594,19.27,-9.570064544677734
0.0,249.54669189453125,19.28,-9.594080924987793
0.0,249.4303436279297,19.29,-9.615504264831543
0.0,249.31619262695312,19.3,-9.634384155273438
0.0,249.20423889160156,19.31,-9.650768280029297
0.0,249.09445190429688,19.32,-9.664706230163574
0.0,248.98681640625,19.33,-9.67624568939209
0.0,248.8813018798828,19.34,-9.685434341430664
0.0,248.77789306640625,19.35,-9.6923189163208
0.0,248.6765594482422,19.36,-9.696946144104004
0.0,248.57553100585938,19.37,-9.70120620727539
0.0,248.4765625,19.38,-9.703261375427246
0.0,248.36183166503906,19.39,-9.721833229064941
0.0,248.2493133544922,19.4,-9.737897872924805
0.0,248.1389617919922,19.41,-9.751503944396973
0.0,248.03077697753906,19.42,-9.762699127197266
0.0,247.9247283935547,19.43,-9.77153205871582
0.0,247.81723022460938,19.44,-9.7817964553833
0.0,247.70115661621094,19.45,-9.800951957702637
0.0,247.58731079101562,19.46,-9.817571640014648
0.0,247.47567749023438,19.47,-9.831704139709473
0.0,247.36622619628906,19.48,-9.843399047851562
0.0,247.25360107421875,19.49,-9.858293533325195
0.0,247.14317321777344,19.5,-9.870728492736816
0.0,247.0331573486328,19.51,-9.882596015930176
0.0,246.9145965576172,19.52,-9.903298377990723
0.0,246.79830932617188,19.53,-9.92141056060791
0.0,246.6824951171875,19.54,-9.938826560974121
0.0,246.56890869140625,19.55,-9.953712463378906
0.0,246.45574951171875,19.56,-9.968019485473633
0.0,246.34303283691406,19.57,-9.981698989868164
0.0,246.2236328125,19.58,-10.002251625061035
0.0,246.10650634765625,19.59,-10.020195960998535
0.0,245.9898223876953,19.6,-10.037484169006348
0.0,245.8754119873047,19.61,-10.052224159240723
0.0,245.7632293701172,19.62,-10.064465522766113
0.0,245.6514892578125,19.63,-10.076101303100586
0.0,245.54373168945312,19.64,-10.083454132080078
0.0,245.4346160888672,19.65,-10.092143058776855
0.0,245.3276824951172,19.66,-10.098450660705566
0.0,245.22291564941406,19.67,-10.102425575256348
0.0,245.1060028076172,19.68,-10.119093894958496
0.0,244.99134826660156,19.69,-10.133209228515625
0.0,244.8789520263672,19.7,-10.144822120666504
0.0,244.7705841064453,19.71,-10.152080535888672
0.0,244.66439819335938,19.72,-10.156974792480469
0.0,244.55323791503906,19.73,-10.167040824890137
0.0,244.4407196044922,19.74,-10.178425788879395
0.0,244.33041381835938,19.75,-10.187355041503906
0.0,244.21343994140625,19.76,-10.203208923339844
0.0,244.09872436523438,19.77,-10.216508865356445
0.0,243.9862823486328,19.78,-10.22730541229248
0.0,243.87429809570312,19.79,-10.2374906539917
0.0,243.7556610107422,19.8,-10.25456428527832
0.0,243.63931274414062,19.81,-10.269047737121582
0.0,243.52523803710938,19.82,-10.280991554260254
0.0,243.4134063720703,19.83,-10.290446281433105
0.0,243.30381774902344,19.84,-10.297460556030273
0.0,243.19467163085938,19.85,-10.303927421569824
0.0,243.08773803710938,19.86,-10.308013916015625
0.0,242.98118591308594,19.87,-10.31166934967041
0.0,242.86965942382812,19.88,-10.320488929748535
0.0,242.7461395263672,19.89,-10.341791152954102
0.0,242.62498474121094,19.9,-10.360396385192871
0.0,242.50440979003906,19.91,-10.378199577331543
0.0,242.38616943359375,19.92,-10.393370628356934
0.0,242.26492309570312,19.93,-10.411547660827637
0.0,242.1388702392578,19.94,-10.434563636779785
0.0,242.00631713867188,19.95,-10.464156150817871
0.0,241.876220703125,19.96,-10.490853309631348
0.0,241.7485809326172,19.97,-10.51470947265625
0.0,241.62335205078125,19.98,-10.535778045654297
0.0,241.49876403808594,19.99,-10.555954933166504
0.0,241.37655639648438,20.0,-10.57341194152832
0.0,241.25672912597656,20.01,-10.588201522827148
0.0,241.14276123046875,20.02,-10.596692085266113
0.0,241.03106689453125,20.03,-10.602697372436523
0.0,240.921630859375,20.04,-10.606266975402832
0.0,240.81092834472656,20.05,-10.611135482788086
0.0,240.70248413085938,20.06,-10.613591194152832
0.0,240.59445190429688,20.07,-10.615583419799805
0.0,240.4886474609375,20.08,-10.61522102355957
0.0,240.38504028320312,20.09,-10.612553596496582
0.0,240.2836151123047,20.1,-10.60762882232666
0.0,240.17193603515625,20.11,-10.613506317138672
0.0,240.07492065429688,20.12,-10.603939056396484
0.0,239.96405029296875,20.13,-10.609012603759766
0.0,239.8554229736328,20.14,-10.611669540405273
0.0,239.74903869628906,20.15,-10.611959457397461
0.0,239.6448516845703,20.16,-10.609930992126465
0.0,239.53396606445312,20.17,-10.614958763122559
0.0,239.4235076904297,20.18,-10.61946964263916
0.0,239.31178283691406,20.19,-10.62525749206543
0.0,239.20053100585938,20.2,-10.630509376525879
0.0,239.09152221679688,20.21,-10.633336067199707
0.0,238.98655700683594,20.22,-10.631888389587402
0.0,238.88198852539062,20.23,-10.630053520202637
0.0,238.77960205078125,20.24,-10.625941276550293
0.0,238.67938232421875,20.25,-10.619600296020508
0.0,238.5795440673828,20.26,-10.612919807434082
0.0,238.4818572998047,20.27,-10.604066848754883
0.0,238.38629150390625,20.28,-10.593088150024414
0.0,238.29281616210938,20.29,-10.58003044128418
0.0,238.18719482421875,20.3,-10.57984447479248
0.0,238.0784454345703,20.31,-10.582941055297852
0.0,237.97010803222656,20.32,-10.585567474365234
0.0,237.86044311523438,20.33,-10.589574813842773
0.0,237.75125122070312,20.34,-10.593033790588379
0.0,237.644287109375,20.35,-10.594114303588867
0.0,237.53953552246094,20.36,-10.592864990234375
0.0,237.42984008789062,20.37,-10.59681510925293
0.0,237.32237243652344,20.38,-10.59837532043457
0.0,237.20472717285156,20.39,-10.610599517822266
0.0,237.07870483398438,20.4,-10.631479263305664
0.0,236.96047973632812,20.41,-10.64397144317627
0.0,236.84457397460938,20.42,-10.653885841369629
0.0,236.73631286621094,20.43,-10.655693054199219
0.0,236.63027954101562,20.44,-10.655142784118652
0.0,236.52113342285156,20.45,-10.65786361694336
0.0,236.4142303466797,20.46,-10.658207893371582
0.0,236.3148651123047,20.47,-10.650643348693848
0.0,236.21231079101562,20.48,-10.64649772644043
0.0,236.1119384765625,20.49,-10.640119552612305
0.0,236.01370239257812,20.5,-10.63155746459961
0.0,235.9176025390625,20.51,-10.620859146118164
0.0,235.82003784179688,20.52,-10.611810684204102
0.0,235.72276306152344,20.53,-10.602538108825684
0.0,235.6258544921875,20.54,-10.59299087524414
0.0,235.53103637695312,20.55,-10.58133602142334
0.0,235.4329833984375,20.56,-10.573199272155762
0.0,235.33172607421875,20.57,-10.568510055541992
0.0,235.22547912597656,20.58,-10.569095611572266
0.0,235.12142944335938,20.59,-10.567367553710938
0.0,235.0195770263672,20.6,-10.563375473022461
0.0,234.91635131835938,20.61,-10.560848236083984
0.0,234.81349182128906,20.62,-10.55797290802002
0.0,234.70571899414062,20.63,-10.56027889251709
0.0,234.60015869140625,20.64,-10.5602388381958
0.0,234.4967803955078,20.65,-10.557900428771973
0.0,234.39019775390625,20.66,-10.55894947052002
0.0,234.2823028564453,20.67,-10.561358451843262
0.0,234.1766357421875,20.68,-10.561418533325195
0.0,234.07315063476562,20.69,-10.559178352355957
0.0,233.96470642089844,20.7,-10.562163352966309
0.0,233.85498046875,20.71,-10.566468238830566
0.0,233.7474822998047,20.72,-10.568384170532227
0.0,233.6422119140625,20.73,-10.567959785461426
0.0,233.531982421875,20.74,-10.57271957397461
0.0,233.4080352783203,20.75,-10.591814994812012
0.0,233.28648376464844,20.76,-10.608208656311035
0.0,233.16729736328125,20.77,-10.621953010559082
0.0,233.04864501953125,20.78,-10.634998321533203
0.0,232.93231201171875,20.79,-10.645458221435547
0.0,232.81829833984375,20.8,-10.653383255004883
0.0,232.70657348632812,20.81,-10.658825874328613
0.0,232.5971221923828,20.82,-10.661835670471191
0.0,232.4899139404297,20.83,-10.662463188171387
0.0,232.38491821289062,20.84,-10.660757064819336
0.0,232.27859497070312,20.85,-10.660446166992188
0.0,232.17449951171875,20.86,-10.657821655273438
0.0,232.0725860595703,20.87,-10.652933120727539
0.0,231.96212768554688,20.88,-10.657039642333984
0.0,231.85218811035156,20.89,-10.660581588745117
0.0,231.7409210205078,20.9,-10.665467262268066
0.0,231.6319122314453,20.91,-10.667930603027344
0.0,231.5109405517578,20.92,-10.682913780212402
0.0,231.4065399169922,20.93,-10.68036937713623
0.0,231.30258178710938,20.94,-10.677393913269043
0.0,231.18833923339844,20.95,-10.685208320617676
0.0,231.07464599609375,20.96,-10.692374229431152
0.0,230.9632568359375,20.97,-10.697065353393555
0.0,230.8523712158203,20.98,-10.701171875
0.0,230.74374389648438,20.99,-10.702864646911621
0.0,230.63023376464844,21.0,-10.70966625213623
0.0,230.5189971923828,21.01,-10.713996887207031
0.0,230.4100341796875,21.02,-10.715906143188477
0.0,230.30331420898438,21.03,-10.715444564819336
0.0,230.1970672607422,21.04,-10.714502334594727
0.0,230.09121704101562,21.05,-10.713144302368164
0.0,229.98582458496094,21.06,-10.711324691772461
0.0,229.87374877929688,21.07,-10.716524124145508
0.0,229.75331115722656,21.08,-10.730435371398926
0.0,229.63523864746094,21.09,-10.74172306060791
0.0,229.51950073242188,21.1,-10.750439643859863
0.0,229.40252685546875,21.11,-10.76037311553955
0.0,229.28787231445312,21.12,-10.767759323120117
0.0,229.17552185058594,21.13,-10.772650718688965
0.0,229.06546020507812,21.14,-10.775096893310547
0.0,228.9541473388672,21.15,-10.778826713562012
0.0,228.84510803222656,21.16,-10.780134201049805
0.0,228.7383270263672,21.17,-10.779069900512695
0.0,228.62844848632812,21.18,-10.781258583068848
0.0,228.5172576904297,21.19,-10.784791946411133
0.0,228.40834045410156,21.2,-10.785906791687012
0.0,228.30166625976562,21.21,-10.784651756286621
0.0,228.19723510742188,21.22,-10.78107738494873
0.0,228.09500122070312,21.23,-10.775232315063477
0.0,227.9824981689453,21.24,-10.7802095413208
0.0,227.87228393554688,21.25,-10.782739639282227
0.0,227.7625732421875,21.26,-10.784710884094238
0.0,227.65512084960938,21.27,-10.784296035766602
0.0,227.5481414794922,21.28,-10.7833833694458
0.0,227.44158935546875,21.29,-10.7820405960083
0.0,227.33375549316406,21.3,-10.782057762145996
0.0,227.22816467285156,21.31,-10.779730796813965
0.0,227.1229705810547,21.32,-10.77700424194336
0.0,227.00933837890625,21.33,-10.783137321472168
0.0,226.89801025390625,21.34,-10.786798477172852
0.0,226.78895568847656,21.35,-10.78803825378418
0.0,226.68215942382812,21.36,-10.786906242370605
0.0,226.5775909423828,21.37,-10.783452033996582
0.0,226.46990966796875,21.38,-10.78329849243164
0.0,226.3644561767578,21.39,-10.780803680419922
0.0,226.25946044921875,21.4,-10.777854919433594
0.0,226.15667724609375,21.41,-10.772624015808105
0.0,226.05075073242188,21.42,-10.770730972290039
0.0,225.9452362060547,21.43,-10.768431663513184
0.0,225.84193420410156,21.44,-10.763839721679688
0.0,225.74082946777344,21.45,-10.757002830505371
0.0,225.62060546875,21.46,-10.770257949829102
0.0,225.5027618408203,21.47,-10.780896186828613
0.0,225.3908233642578,21.48,-10.785236358642578
0.0,225.27940368652344,21.49,-10.788980484008789
0.0,225.1702423095703,21.5,-10.790301322937012
0.0,225.05088806152344,21.51,-10.802287101745605
0.0,224.94635009765625,21.52,-10.798637390136719
0.0,224.8404541015625,21.53,-10.796449661254883
0.0,224.7367706298828,21.54,-10.791959762573242
0.0,224.63528442382812,21.55,-10.78521728515625
0.0,224.527099609375,21.56,-10.785574913024902
0.0,224.42115783691406,21.57,-10.783580780029297
0.0,224.315673828125,21.58,-10.781123161315918
0.0,224.199951171875,21.59,-10.789410591125488
0.0,224.0847930908203,21.6,-10.797018051147461
0.0,223.9683837890625,21.61,-10.805853843688965
0.0,223.85430908203125,21.62,-10.81215763092041
0.0,223.74609375,21.63,-10.812247276306152
0.0,223.64012145996094,21.64,-10.809985160827637
0.0,223.53639221191406,21.65,-10.805420875549316
0.0,223.43128967285156,21.66,-10.802335739135742
0.0,223.32839965820312,21.67,-10.796966552734375
0.0,223.22418212890625,21.68,-10.793038368225098
0.0,223.12216186523438,21.69,-10.786846160888672
0.0,223.02232360839844,21.7,-10.778438568115234
0.0,222.9246368408203,21.71,-10.767862319946289
0.0,222.81663513183594,21.72,-10.768200874328613
0.0,222.71087646484375,21.73,-10.766192436218262
0.0,222.60731506347656,21.74,-10.761885643005371
0.0,222.50595092773438,21.75,-10.755330085754395
0.0,222.40142822265625,21.76,-10.752142906188965
0.0,222.29910278320312,21.77,-10.746685028076172
0.0,222.19189453125,21.78,-10.74641227722168
0.0,222.0869140625,21.79,-10.743809700012207
0.0,221.98057556152344,21.8,-10.742658615112305
0.0,221.87646484375,21.81,-10.73919677734375
0.0,221.7727813720703,21.82,-10.735310554504395
0.0,221.67129516601562,21.83,-10.729172706604004
0.0,221.56484985351562,21.84,-10.728294372558594
0.0,221.4588623046875,21.85,-10.726941108703613
0.0,221.35333251953125,21.86,-10.725122451782227
0.0,221.25,21.87,-10.7210111618042
0.0,221.14178466796875,21.88,-10.722062110900879
0.0,221.03399658203125,21.89,-10.722655296325684
0.0,220.92137145996094,21.9,-10.728312492370605
0.0,220.81101989746094,21.91,-10.731521606445312
0.0,220.701171875,21.92,-10.734169006347656
0.0,220.5935821533203,21.93,-10.734429359436035
0.0,220.48822021484375,21.94,-10.732352256774902
0.0,220.3832550048828,21.95,-10.729881286621094
0.0,220.2787322998047,21.96,-10.726967811584473
0.0,220.17640686035156,21.97,-10.721783638000488
0.0,220.0762481689453,21.98,-10.714378356933594
0.0,219.97293090820312,21.99,-10.710367202758789
0.0,219.8682403564453,22.0,-10.707843780517578
0.0,219.76219177246094,22.01,-10.706777572631836
0.0,219.6548309326172,22.02,-10.707080841064453
0.0,219.54788208007812,22.03,-10.70694637298584
0.0,219.4360809326172,22.04,-10.711893081665039
0.0,219.3212432861328,22.05,-10.719977378845215
0.0,219.19989013671875,22.06,-10.734806060791016
0.0,219.08090209960938,22.07,-10.746994972229004
0.0,218.96426391601562,22.08,-10.756596565246582
0.0,218.84996032714844,22.09,-10.763662338256836
0.0,218.741455078125,22.1,-10.764570236206055
0.0,218.63519287109375,22.11,-10.763121604919434
0.0,218.53114318847656,22.12,-10.75936508178711
0.0,218.42929077148438,22.13,-10.753349304199219
0.0,218.32962036132812,22.14,-10.745122909545898
0.0,218.23208618164062,22.15,-10.734733581542969
0.0,218.1366729736328,22.16,-10.72222900390625
0.0,218.04161071777344,22.17,-10.709491729736328
0.0,217.94863891601562,22.18,-10.694692611694336
0.0,217.85243225097656,22.19,-10.683444023132324
0.0,217.7618865966797,22.2,-10.66637897491455
0.0,217.67340087890625,22.21,-10.647351264953613
0.0,217.58692932128906,22.22,-10.6264066696167
0.0,217.50245666503906,22.23,-10.603589057922363
0.0,217.41995239257812,22.24,-10.57894229888916
0.0,217.3376007080078,22.25,-10.554403305053711
0.0,217.25367736816406,22.26,-10.531752586364746
0.0,217.169921875,22.27,-10.50917911529541
0.0,217.07398986816406,22.28,-10.499595642089844
0.0,216.98013305664062,22.29,-10.487931251525879
0.0,216.88833618164062,22.3,-10.474231719970703
0.0,216.79676818847656,22.31,-10.46043586730957
0.0,216.70724487304688,22.32,-10.44465446472168
0.0,216.61441040039062,22.33,-10.43249797821045
0.0,216.52362060546875,22.34,-10.418328285217285
0.0,216.43484497070312,22.35,-10.402190208435059
0.0,216.34100341796875,22.36,-10.39153003692627
0.0,216.24920654296875,22.37,-10.37883472442627
0.0,216.15768432617188,22.38,-10.365984916687012
0.0,216.06639099121094,22.39,-10.353043556213379
0.0,215.97711181640625,22.4,-10.338123321533203
0.0,215.884521484375,22.41,-10.32683277130127
0.0,215.7939453125,22.42,-10.3135347366333
0.0,215.710693359375,22.43,-10.292709350585938
0.0,215.6240692138672,22.44,-10.27564525604248
0.0,215.53939819335938,22.45,-10.256705284118652
0.0,215.45135498046875,22.46,-10.241495132446289
0.0,215.363525390625,22.47,-10.226212501525879
0.0,215.2670440673828,22.48,-10.220155715942383
0.0,215.1744384765625,22.49,-10.210112571716309
0.0,215.08384704589844,22.5,-10.198060989379883
0.0,214.9934539794922,22.51,-10.18593978881836
0.0,214.89797973632812,22.52,-10.1792573928833
0.0,214.7974853515625,22.53,-10.177903175354004
0.0,214.69908142089844,22.54,-10.174367904663086
0.0,214.60093688964844,22.55,-10.1705904006958
0.0,214.49606323242188,22.56,-10.173917770385742
0.0,214.393310546875,22.57,-10.174967765808105
0.0,214.2891387939453,22.58,-10.177515029907227
0.0,214.17120361328125,22.59,-10.194433212280273
0.0,214.05555725097656,22.6,-10.208786964416504
0.0,213.9403533935547,22.61,-10.22252082824707
0.0,213.82740783691406,22.62,-10.23375129699707
0.0,213.71669006347656,22.63,-10.24252700805664
0.0,213.60816955566406,22.64,-10.248897552490234
0.0,213.50184631347656,22.65,-10.252911567687988
0.0,213.39768981933594,22.66,-10.254617691040039
0.0,213.29568481445312,22.67,-10.25406265258789
0.0,213.188720703125,22.68,-10.25869083404541
0.0,213.0839385986328,22.69,-10.26099681854248
0.0,212.97242736816406,22.7,-10.270318031311035
0.0,212.85255432128906,22.71,-10.288284301757812
0.0,212.7349853515625,22.72,-10.303645133972168
0.0,212.6197052001953,22.73,-10.316451072692871
0.0,212.50669860839844,22.74,-10.326752662658691
0.0,212.39593505859375,22.75,-10.334599494934082
0.0,212.2891387939453,22.76,-10.338205337524414
0.0,212.1845245361328,22.77,-10.339493751525879
0.0,212.080322265625,22.78,-10.340346336364746
0.0,211.97645568847656,22.79,-10.340829849243164
0.0,211.87474060058594,22.8,-10.339058876037598
0.0,211.77163696289062,22.81,-10.338750839233398
0.0,211.6688690185547,22.82,-10.33809757232666
0.0,211.5647430419922,22.83,-10.338884353637695
0.0,211.46275329589844,22.84,-10.337410926818848
0.0,211.36289978027344,22.85,-10.333724975585938
0.0,211.24746704101562,22.86,-10.346391677856445
0.0,211.13429260253906,22.87,-10.356551170349121
0.0,211.0215606689453,22.88,-10.366144180297852
0.0,210.91287231445312,22.89,-10.371397972106934
0.0,210.81521606445312,22.9,-10.36506175994873
0.0,210.71963500976562,22.91,-10.356608390808105
0.0,210.62612915039062,22.92,-10.346083641052246
0.0,210.52935791015625,22.93,-10.339093208312988
0.0,210.43289184570312,22.94,-10.331839561462402
0.0,210.3385009765625,22.95,-10.322494506835938
0.0,210.2425994873047,22.96,-10.31482982635498
0.0,210.1487579345703,22.97,-10.305086135864258
0.0,210.0481414794922,22.98,-10.30253791809082
0.0,209.9390106201172,22.99,-10.308927536010742
0.0,209.8214569091797,23.0,-10.324069023132324
0.0,209.70619201660156,23.01,-10.336657524108887
0.0,209.5861358642578,23.02,-10.35413646697998
0.0,209.4683837890625,23.03,-10.369007110595703
0.0,209.35293579101562,23.04,-10.381319999694824
0.0,209.23974609375,23.05,-10.391125679016113
0.0,209.12881469726562,23.06,-10.398473739624023
0.0,209.02186584472656,23.07,-10.401579856872559
0.0,208.91534423828125,23.08,-10.404199600219727
0.0,208.81101989746094,23.09,-10.404507637023926
0.0,208.70709228515625,23.1,-10.404387474060059
0.0,208.60531616210938,23.11,-10.402012825012207
0.0,208.50567626953125,23.12,-10.397431373596191
0.0,208.4010772705078,23.13,-10.398082733154297
0.0,208.3039093017578,23.14,-10.390963554382324
0.0,208.20355224609375,23.15,-10.387240409851074
0.0,208.1017608642578,23.16,-10.385066032409668
0.0,208.00035095214844,23.17,-10.382518768310547
0.0,207.90106201171875,23.18,-10.377772331237793
0.0,207.79150390625,23.19,-10.383825302124023
0.0,207.6859130859375,23.2,-10.385666847229004
0.0,207.5807342529297,23.21,-10.387052536010742
0.0,207.47947692871094,23.22,-10.384322166442871
0.0,207.38034057617188,23.23,-10.379396438598633
0.0,207.28330993652344,23.24,-10.372322082519531
0.0,207.1865997314453,23.25,-10.364978790283203
0.0,207.0919647216797,23.26,-10.35554027557373
0.0,206.99050903320312,23.27,-10.353334426879883
0.0,206.8911895751953,23.28,-10.348928451538086
0.0,206.79046630859375,23.29,-10.346037864685059
0.0,206.69186401367188,23.3,-10.340963363647461
0.0,206.59535217285156,23.31,-10.333751678466797
0.0,206.50091552734375,23.32,-10.324448585510254
0.0,206.4085235595703,23.33,-10.31309986114502
0.0,206.30221557617188,23.34,-10.316423416137695
0.0,206.1980743408203,23.35,-10.3174409866333
0.0,206.1120147705078,23.36,-10.299528121948242
0.0,206.0279083251953,23.37,-10.279752731323242
0.0,205.94393920898438,23.38,-10.260048866271973
0.0,205.8460235595703,23.39,-10.255144119262695
0.0,205.74838256835938,23.4,-10.250007629394531
0.0,205.65281677246094,23.41,-10.242754936218262
0.0,205.55929565429688,23.42,-10.233431816101074
0.0,205.4696044921875,23.43,-10.220192909240723
0.0,205.3819122314453,23.44,-10.205012321472168
0.0,205.2961883544922,23.45,-10.187933921813965
0.0,205.21058654785156,23.46,-10.170891761779785
0.0,205.11280822753906,23.47,-10.166777610778809
0.0,205.01535034179688,23.48,-10.16237735748291
0.0,204.91995239257812,23.49,-10.155865669250488
0.0,204.81771850585938,23.5,-10.156566619873047
0.0,204.71054077148438,23.51,-10.16244125366211
0.0,204.60377502441406,23.52,-10.167823791503906
0.0,204.49916076660156,23.53,-10.170890808105469
0.0,204.3966827392578,23.54,-10.1716890335083
0.0,204.29632568359375,23.55,-10.170266151428223
0.0,204.1892547607422,23.56,-10.175889015197754
0.0,204.07546997070312,23.57,-10.188468933105469
0.0,203.9568634033203,23.58,-10.205968856811523
0.0,203.8405303955078,23.59,-10.220892906188965
0.0,203.72647094726562,23.6,-10.233292579650879
0.0,203.61465454101562,23.61,-10.243216514587402
0.0,203.50155639648438,23.62,-10.254380226135254
0.0,203.39068603515625,23.63,-10.263090133666992
0.0,203.2820281982422,23.64,-10.269394874572754
0.0,203.17906188964844,23.65,-10.26967716217041
0.0,203.07823181152344,23.66,-10.267727851867676
0.0,202.97950744628906,23.67,-10.263593673706055
0.0,202.87936401367188,23.68,-10.260986328125
0.0,202.76007080078125,23.69,-10.27842903137207
0.0,202.63427734375,23.7,-10.30250358581543
0.0,202.51084899902344,23.71,-10.323845863342285
0.0,202.3897705078125,23.72,-10.342508316040039
0.0,202.27102661132812,23.73,-10.358542442321777
0.0,202.15281677246094,23.74,-10.373831748962402
0.0,202.0369110107422,23.75,-10.386555671691895
0.0,201.9232940673828,23.76,-10.396764755249023
0.0,201.80836486816406,23.77,-10.408230781555176
0.0,201.69219970703125,23.78,-10.420867919921875
0.0,201.57652282714844,23.79,-10.432875633239746
0.0,201.46311950683594,23.8,-10.442373275756836
0.0,201.34664916992188,23.81,-10.454964637756348
0.0,201.23248291015625,23.82,-10.4650297164917
0.0,201.12059020996094,23.83,-10.472618103027344
0.0,201.00743103027344,23.84,-10.4814453125
0.0,200.89297485351562,23.85,-10.49153995513916
0.0,200.78077697753906,23.86,-10.499152183532715
0.0,200.66908264160156,23.87,-10.506163597106934
0.0,200.55789184570312,23.88,-10.512584686279297
0.0,200.4489288330078,23.89,-10.516594886779785
0.0,200.33863830566406,23.9,-10.521965026855469
0.0,200.23056030273438,23.91,-10.524944305419922
0.0,200.12469482421875,23.92,-10.525580406188965
0.0,200.0245819091797,23.93,-10.520201683044434
0.0,199.92303466796875,23.94,-10.516376495361328
0.0,199.82362365722656,23.95,-10.510351181030273
0.0,199.72633361816406,23.96,-10.50217342376709
0.0,199.63113403320312,23.97,-10.491889953613281
0.0,199.5380096435547,23.98,-10.479546546936035
0.0,199.4469451904297,23.99,-10.465188026428223
0.0,199.34910583496094,24.0,-10.458076477050781
0.0,199.2462921142578,24.01,-10.456232070922852
0.0,199.1385498046875,24.02,-10.459545135498047
0.0,199.0277099609375,24.03,-10.466076850891113
0.0,198.91909790039062,24.04,-10.470205307006836
0.0,198.8126983642578,24.05,-10.471980094909668
0.0,198.70492553710938,24.06,-10.475170135498047
0.0,198.60292053222656,24.07,-10.47230339050293
0.0,198.49949645996094,24.08,-10.470949172973633
0.0,198.38235473632812,24.09,-10.483954429626465
0.0,198.2675018310547,24.1,-10.49441909790039
0.0,198.15492248535156,24.11,-10.502392768859863
0.0,198.04110717773438,24.12,-10.511589050292969
0.0,197.92955017089844,24.13,-10.518318176269531
0.0,197.82025146484375,24.14,-10.522628784179688
0.0,197.70960998535156,24.15,-10.528291702270508
0.0,197.6011962890625,24.16,-10.531556129455566
0.0,197.50205993652344,24.17,-10.5250883102417
0.0,197.40504455566406,24.18,-10.516474723815918
0.0,197.2995147705078,24.19,-10.516864776611328
0.0,197.18560791015625,24.2,-10.526016235351562
0.0,197.07395935058594,24.21,-10.532697677612305
0.0,196.9645538330078,24.22,-10.536959648132324
0.0,196.8573760986328,24.23,-10.538850784301758
0.0,196.7417755126953,24.24,-10.549522399902344
0.0,196.6284637451172,24.25,-10.557687759399414
0.0,196.51742553710938,24.26,-10.563397407531738
0.0,196.41749572753906,24.27,-10.557429313659668
0.0,196.31613159179688,24.28,-10.553018569946289
0.0,196.22047424316406,24.29,-10.542693138122559
0.0,196.1269073486328,24.3,-10.530298233032227
0.0,196.03538513183594,24.31,-10.51587963104248
0.0,195.94589233398438,24.32,-10.499482154846191
0.0,195.85842895507812,24.33,-10.48115062713623
0.0,195.76939392089844,24.34,-10.464648246765137
0.0,195.6806182861328,24.35,-10.448053359985352
0.0,195.59384155273438,24.36,-10.429539680480957
0.0,195.50904846191406,24.37,-10.409150123596191
0.0,195.4261932373047,24.38,-10.386929512023926
0.0,195.3452911376953,24.39,-10.362919807434082
0.0,195.26629638671875,24.4,-10.337162971496582
0.0,195.18386840820312,24.41,-10.315252304077148
0.0,195.10337829589844,24.42,-10.2915620803833
0.0,195.02476501464844,24.43,-10.266133308410645
0.0,194.93922424316406,24.44,-10.248220443725586
0.0,194.84327697753906,24.45,-10.2413911819458
0.0,194.74761962890625,24.46,-10.234315872192383
0.0,194.6504669189453,24.47,-10.228890419006348
0.0,194.55361938476562,24.48,-10.223193168640137
0.0,194.4500274658203,24.49,-10.224611282348633
0.0,194.34857177734375,24.5,-10.223786354064941
0.0,194.2492218017578,24.51,-10.220765113830566
0.0,194.15196228027344,24.52,-10.215593338012695
0.0,194.05145263671875,24.53,-10.213866233825684
0.0,193.9512939453125,24.54,-10.211793899536133
0.0,193.8514862060547,24.55,-10.209383964538574
0.0,193.75375366210938,24.56,-10.204813957214355
0.0,193.6527862548828,24.57,-10.203678131103516
0.0,193.55392456054688,24.58,-10.200356483459473
0.0,193.4518280029297,24.59,-10.200444221496582
0.0,193.34304809570312,24.6,-10.20753288269043
0.0,193.23643493652344,24.61,-10.212264060974121
0.0,193.1161346435547,24.62,-10.23127555847168
0.0,192.99813842773438,24.63,-10.247678756713867
0.0,192.8788604736328,24.64,-10.265241622924805
0.0,192.76544189453125,24.65,-10.276500701904297
0.0,192.6542510986328,24.66,-10.285301208496094
0.0,192.53997802734375,24.67,-10.2972412109375
0.0,192.42796325683594,24.68,-10.3067045211792
0.0,192.30760192871094,24.69,-10.32478141784668
0.0,192.18775939941406,24.7,-10.342135429382324
0.0,192.07022094726562,24.71,-10.356891632080078
0.0,191.95498657226562,24.72,-10.369099617004395
0.0,191.84201049804688,24.73,-10.37881088256836
0.0,191.72776794433594,24.74,-10.389735221862793
0.0,191.61048889160156,24.75,-10.403732299804688
0.0,191.49549865722656,24.76,-10.415186882019043
0.0,191.3792724609375,24.77,-10.427810668945312
0.0,191.2653350830078,24.78,-10.437915802001953
0.0,191.15184020996094,24.79,-10.447439193725586
0.0,191.03884887695312,24.8,-10.456334114074707
0.0,190.92636108398438,24.81,-10.464612007141113
0.0,190.81788635253906,24.82,-10.468623161315918
0.0,190.70985412597656,24.83,-10.472115516662598
0.0,190.60577392578125,24.84,-10.47143840789795
0.0,190.50210571289062,24.85,-10.470338821411133
0.0,190.40060424804688,24.86,-10.466995239257812
0.0,190.29946899414062,24.87,-10.463286399841309
0.0,190.19342041015625,24.88,-10.464766502380371
0.0,190.0895538330078,24.89,-10.463951110839844
0.0,189.9878387451172,24.9,-10.460887908935547
0.0,189.8882598876953,24.91,-10.455623626708984
0.0,189.78900146484375,24.92,-10.450093269348145
0.0,189.69183349609375,24.93,-10.442415237426758
0.0,189.59500122070312,24.94,-10.434466361999512
0.0,189.49676513671875,24.95,-10.428083419799805
0.0,189.39532470703125,24.96,-10.425122261047363
0.0,189.29244995117188,24.97,-10.423684120178223
0.0,189.1917266845703,24.98,-10.42002010345459
0.0,189.09136962890625,24.99,-10.416006088256836
0.0,188.98782348632812,25.0,-10.41536808013916
0.0,188.88467407226562,25.01,-10.414319038391113
0.0,188.78367614746094,25.02,-10.411038398742676
0.0,188.68304443359375,25.03,-10.407402992248535
0.0,188.5845184326172,25.04,-10.401590347290039
0.0,188.48809814453125,25.05,-10.393647193908691
0.0,188.3937530517578,25.06,-10.38361930847168
0.0,188.30145263671875,25.07,-10.371552467346191
0.0,188.2058868408203,25.08,-10.363037109375
0.0,188.10006713867188,25.09,-10.365320205688477
0.0,187.98936462402344,25.1,-10.372688293457031
0.0,187.88087463378906,25.11,-10.377659797668457
0.0,187.77459716796875,25.12,-10.380282402038574
0.0,187.66693115234375,25.13,-10.384321212768555
0.0,187.56146240234375,25.14,-10.386030197143555
0.0,187.45814514160156,25.15,-10.385456085205078
0.0,187.3569793701172,25.16,-10.382646560668945
0.0,187.252685546875,25.17,-10.383136749267578
0.0,187.15054321289062,25.18,-10.381370544433594
0.0,187.04522705078125,25.19,-10.382940292358398
0.0,186.9350128173828,25.2,-10.389605522155762
0.0,186.82351684570312,25.21,-10.397543907165527
0.0,186.71070861816406,25.22,-10.406784057617188
0.0,186.598388671875,25.23,-10.415410995483398
0.0,186.48831176757812,25.24,-10.421606063842773
0.0,186.376953125,25.25,-10.429076194763184
0.0,186.26602172851562,25.26,-10.436022758483887
0.0,186.15911865234375,25.27,-10.438681602478027
0.0,186.05259704589844,25.28,-10.440913200378418
0.0,185.939453125,25.29,-10.450042724609375
0.0,185.82855224609375,25.3,-10.456722259521484
0.0,185.71458435058594,25.31,-10.466546058654785
0.0,185.60289001464844,25.32,-10.473902702331543
0.0,185.49168395996094,25.33,-10.480670928955078
0.0,185.3844451904297,25.34,-10.48320198059082
0.0,185.2776641845703,25.35,-10.485241889953613
0.0,185.16957092285156,25.36,-10.488629341125488
0.0,185.0671844482422,25.37,-10.4860200881958
0.0,184.96343994140625,25.38,-10.484854698181152
0.0,184.85830688476562,25.39,-10.485160827636719
0.0,184.74827575683594,25.4,-10.490565299987793
0.0,184.64047241210938,25.41,-10.493589401245117
0.0,184.53488159179688,25.42,-10.494280815124512
0.0,184.42970275878906,25.43,-10.494516372680664
0.0,184.32321166992188,25.44,-10.496134757995605
0.0,184.21890258789062,25.45,-10.49544906616211
0.0,184.11676025390625,25.46,-10.492507934570312
0.0,184.0167694091797,25.47,-10.487358093261719
0.0,183.91888427734375,25.48,-10.480046272277832
0.0,183.82310485839844,25.49,-10.470619201660156
0.0,183.73289489746094,25.5,-10.455465316772461
0.0,183.64120483398438,25.51,-10.442021369934082
0.0,183.54978942871094,25.52,-10.428425788879395
0.0,183.45684814453125,25.53,-10.416570663452148
0.0,183.36419677734375,25.54,-10.404537200927734
0.0,183.27357482910156,25.55,-10.3905029296875
0.0,183.17616271972656,25.56,-10.383711814880371
0.0,183.07553100585938,25.57,-10.380358695983887
0.0,182.97702026367188,25.58,-10.37483024597168
0.0,182.87710571289062,25.59,-10.370830535888672
0.0,182.7775421142578,25.6,-10.366498947143555
0.0,182.68008422851562,25.61,-10.360014915466309
0.0,182.57763671875,25.62,-10.358796119689941
0.0,182.47552490234375,25.63,-10.357248306274414
0.0,182.37379455566406,25.64,-10.355320930480957
0.0,182.27244567871094,25.65,-10.353022575378418
0.0,182.1732177734375,25.66,-10.348532676696777
0.0,182.0725860595703,25.67,-10.345555305480957
0.0,181.9582061767578,25.68,-10.356972694396973
0.0,181.84426879882812,25.69,-10.367798805236816
0.0,181.7308349609375,25.7,-10.3779878616333
0.0,181.61790466308594,25.71,-10.387550354003906
0.0,181.50721740722656,25.72,-10.394668579101562
0.0,181.39524841308594,25.73,-10.403048515319824
0.0,181.2890167236328,25.74,-10.405348777770996
0.0,181.18496704101562,25.75,-10.405351638793945
0.0,181.08306884765625,25.76,-10.403104782104492
0.0,180.98329162597656,25.77,-10.39865493774414
0.0,180.8856201171875,25.78,-10.392048835754395
0.0,180.78297424316406,25.79,-10.390702247619629
0.0,180.68072509765625,25.8,-10.388964653015137
0.0,180.578857421875,25.81,-10.386844635009766
0.0,180.4791259765625,25.82,-10.382523536682129
0.0,180.37269592285156,25.83,-10.385244369506836
0.0,180.26669311523438,25.84,-10.387491226196289
0.0,180.1645965576172,25.85,-10.385618209838867
0.0,180.0717010498047,25.86,-10.374168395996094
0.0,179.9808349609375,25.87,-10.360713005065918
0.0,179.89198303222656,25.88,-10.345295906066895
0.0,179.79806518554688,25.89,-10.335330963134766
0.0,179.70445251464844,25.9,-10.325165748596191
0.0,179.6022491455078,25.91,-10.324061393737793
0.0,179.5092315673828,25.92,-10.31337833404541
0.0,179.41824340820312,25.93,-10.300686836242676
0.0,179.32925415039062,25.94,-10.286031723022461
0.0,179.23519897460938,25.95,-10.276824951171875
0.0,179.1431884765625,25.96,-10.265586853027344
0.0,179.0496826171875,25.97,-10.256017684936523
0.0,178.95291137695312,25.98,-10.249970436096191
0.0,178.8441619873047,25.99,-10.256511688232422
0.0,178.73402404785156,26.0,-10.264413833618164
0.0,178.6260986328125,26.01,-10.269932746887207
0.0,178.5203399658203,26.02,-10.273118019104004
0.0,178.416748046875,26.03,-10.274016380310059
0.0,178.31529235839844,26.04,-10.272675514221191
0.0,178.2124481201172,26.05,-10.272797584533691
0.0,178.115234375,26.06,-10.267041206359863
0.0,178.0236358642578,26.07,-10.255471229553223
0.0,177.93223571777344,26.08,-10.24380874633789
0.0,177.8428497314453,26.09,-10.23017406463623
0.0,177.7554473876953,26.1,-10.21461009979248
0.0,177.6559600830078,26.11,-10.211838722229004
0.0,177.5568084716797,26.12,-10.208745002746582
0.0,177.45973205566406,26.13,-10.203509330749512
0.0,177.36471557617188,26.14,-10.196176528930664
0.0,177.2646942138672,26.15,-10.194158554077148
0.0,177.166748046875,26.16,-10.189979553222656
0.0,177.06912231445312,26.17,-10.185511589050293
0.0,176.97357177734375,26.18,-10.178935050964355
0.0,176.8800506591797,26.19,-10.170294761657715
0.0,176.78855895996094,26.2,-10.159634590148926
0.0,176.68670654296875,26.21,-10.159906387329102
0.0,176.5869598388672,26.22,-10.157976150512695
0.0,176.487548828125,26.23,-10.155717849731445
0.0,176.39195251464844,26.24,-10.149484634399414
0.0,176.29664611816406,26.25,-10.143013954162598
0.0,176.20338439941406,26.26,-10.134485244750977
0.0,176.11212158203125,26.27,-10.123943328857422
0.0,176.0193634033203,26.28,-10.11508560180664
0.0,175.925048828125,26.29,-10.10793685913086
0.0,175.82395935058594,26.3,-10.107945442199707
0.0,175.72496032714844,26.31,-10.105769157409668
0.0,175.62452697753906,26.32,-10.105108261108398
0.0,175.5261993408203,26.33,-10.102277755737305
0.0,175.42991638183594,26.34,-10.097322463989258
0.0,175.33567810058594,26.35,-10.090288162231445
0.0,175.24169921875,26.36,-10.083045959472656
0.0,175.1479949951172,26.37,-10.075602531433105
0.0,175.04750061035156,26.38,-10.07532787322998
0.0,174.9473419189453,26.39,-10.074708938598633
0.0,174.8439483642578,26.4,-10.07746410369873
0.0,174.74267578125,26.41,-10.077984809875488
0.0,174.63644409179688,26.42,-10.0836820602417
0.0,174.53236389160156,26.43,-10.087082862854004
0.0,174.4286346435547,26.44,-10.090060234069824
0.0,174.3252716064453,26.45,-10.092622756958008
0.0,174.22048950195312,26.46,-10.096662521362305
0.0,174.11257934570312,26.47,-10.103918075561523
0.0,174.00326538085938,26.48,-10.11255168914795
0.0,173.89614868164062,26.49,-10.118821144104004
0.0,173.78768920898438,26.5,-10.126429557800293
0.0,173.681396484375,26.51,-10.131692886352539
0.0,173.5754852294922,26.52,-10.13648509979248
0.0,173.4717254638672,26.53,-10.13898754119873
0.0,173.37008666992188,26.54,-10.13924789428711
0.0,173.27053833007812,26.55,-10.137311935424805
0.0,173.15896606445312,26.56,-10.147953987121582
0.0,173.0478515625,26.57,-10.158010482788086
0.0,172.93894958496094,26.58,-10.165663719177246
0.0,172.8322296142578,26.59,-10.170963287353516
0.0,172.72764587402344,26.6,-10.173955917358398
0.0,172.6251983642578,26.61,-10.174688339233398
0.0,172.52487182617188,26.62,-10.17320728302002
0.0,172.4266357421875,26.63,-10.169559478759766
0.0,172.32870483398438,26.64,-10.165616035461426
0.0,172.22755432128906,26.65,-10.165095329284668
0.0,172.1337890625,26.66,-10.156852722167969
0.0,172.03150939941406,26.67,-10.15760326385498
0.0,171.9225311279297,26.68,-10.16533374786377
0.0,171.8069305419922,26.69,-10.179898262023926
0.0,171.68653869628906,26.7,-10.199325561523438
0.0,171.56845092773438,26.71,-10.216147422790527
0.0,171.45263671875,26.72,-10.230414390563965
0.0,171.3338165283203,26.73,-10.247655868530273
0.0,171.21730041503906,26.74,-10.262327194213867
0.0,171.0995330810547,26.75,-10.278130531311035
0.0,170.9840545654297,26.76,-10.291386604309082
0.0,170.86903381347656,26.77,-10.304028511047363
0.0,170.7457275390625,26.78,-10.325199127197266
0.0,170.624755859375,26.79,-10.343701362609863
0.0,170.506103515625,26.8,-10.359586715698242
0.0,170.3880157470703,26.81,-10.37473201751709
0.0,170.272216796875,26.82,-10.387323379516602
0.0,170.15869140625,26.83,-10.39741039276123
0.0,170.05621337890625,26.84,-10.395854949951172
0.0,169.9558563232422,26.85,-10.392086029052734
0.0,169.85760498046875,26.86,-10.386150360107422
0.0,169.76144409179688,26.87,-10.378094673156738
0.0,169.66737365722656,26.88,-10.367963790893555
0.0,169.5630340576172,26.89,-10.368643760681152
0.0,169.4608612060547,26.9,-10.367070198059082
0.0,169.36080932617188,26.91,-10.363290786743164
0.0,169.25930786132812,26.92,-10.36106014251709
0.0,169.15992736816406,26.93,-10.356637954711914
0.0,169.06265258789062,26.94,-10.35007095336914
0.0,168.9656982421875,26.95,-10.343230247497559
0.0,168.87081909179688,26.96,-10.334297180175781
0.0,168.77622985839844,26.97,-10.325142860412598
0.0,168.67140197753906,26.98,-10.326786994934082
0.0,168.56167602539062,26.99,-10.333528518676758
0.0,168.45240783691406,27.0,-10.33972454071045
0.0,168.34359741210938,27.01,-10.345385551452637
0.0,168.23696899414062,27.02,-10.348695755004883
0.0,168.1325225830078,27.03,-10.349702835083008
0.0,168.03021240234375,27.04,-10.348454475402832
0.0,167.93179321289062,27.05,-10.343170166015625
0.0,167.83546447753906,27.06,-10.335762023925781
0.0,167.73944091796875,27.07,-10.328102111816406
0.0,167.64547729492188,27.08,-10.31836986541748
0.0,167.5377197265625,27.09,-10.32315731048584
0.0,167.43214416503906,27.1,-10.325616836547852
0.0,167.32696533203125,27.11,-10.327621459960938
0.0,167.2239532470703,27.12,-10.32735538482666
0.0,167.1160125732422,27.13,-10.33222484588623
0.0,167.01026916503906,27.14,-10.334762573242188
0.0,166.91372680664062,27.15,-10.327656745910645
0.0,166.8122100830078,27.16,-10.325827598571777
0.0,166.7093048095703,27.17,-10.325457572937012
0.0,166.60678100585938,27.18,-10.324691772460938
0.0,166.5011444091797,27.19,-10.327189445495605
0.0,166.38531494140625,27.2,-10.340298652648926
0.0,166.27879333496094,27.21,-10.343544960021973
0.0,166.16920471191406,27.22,-10.349967956542969
0.0,166.0600128173828,27.23,-10.355905532836914
0.0,165.95301818847656,27.24,-10.359484672546387
0.0,165.83592224121094,27.25,-10.373588562011719
0.0,165.72816467285156,27.26,-10.377801895141602
0.0,165.62258911132812,27.27,-10.379688262939453
0.0,165.5121307373047,27.28,-10.386653900146484
0.0,165.40737915039062,27.29,-10.387581825256348
0.0,165.30477905273438,27.3,-10.386247634887695
0.0,165.20082092285156,27.31,-10.38634967803955
0.0,165.10250854492188,27.32,-10.3805570602417
0.0,165.00628662109375,27.33,-10.37264347076416
0.0,164.91212463378906,27.34,-10.362654685974121
0.0,164.81651306152344,27.35,-10.354286193847656
0.0,164.72645568847656,27.36,-10.340204238891602
0.0,164.63839721679688,27.37,-10.32418155670166
0.0,164.54531860351562,27.38,-10.313563346862793
0.0,164.44723510742188,27.39,-10.308296203613281
0.0,164.35121154785156,27.4,-10.300911903381348
0.0,164.25550842285156,27.41,-10.293282508850098
0.0,164.1566162109375,27.42,-10.289064407348633
0.0,164.04751586914062,27.43,-10.29554557800293
0.0,163.94061279296875,27.44,-10.299670219421387
0.0,163.8323211669922,27.45,-10.305194854736328
0.0,163.72447204589844,27.46,-10.31020450592041
0.0,163.61000061035156,27.47,-10.322068214416504
0.0,163.49778747558594,27.48,-10.33145809173584
0.0,163.38780212402344,27.49,-10.338423728942871
0.0,163.2747802734375,27.5,-10.348489761352539
0.0,163.15869140625,27.51,-10.361645698547363
0.0,163.0396270751953,27.52,-10.377768516540527
0.0,162.92811584472656,27.53,-10.385842323303223
0.0,162.8135986328125,27.54,-10.39698314666748
0.0,162.70132446289062,27.55,-10.405649185180664
0.0,162.59654235839844,27.56,-10.406415939331055
0.0,162.48866271972656,27.57,-10.410395622253418
0.0,162.38296508789062,27.58,-10.4120454788208
0.0,162.2759552001953,27.59,-10.415063858032227
0.0,162.17112731933594,27.6,-10.415771484375
0.0,162.06846618652344,27.61,-10.414216995239258
0.0,161.95913696289062,27.62,-10.419629096984863
0.0,161.8502655029297,27.63,-10.424504280090332
0.0,161.74534606933594,27.64,-10.425204277038574
0.0,161.63909912109375,27.65,-10.427289962768555
0.0,161.53501892089844,27.66,-10.427082061767578
0.0,161.42605590820312,27.67,-10.431983947753906
0.0,161.3157958984375,27.68,-10.438182830810547
0.0,161.2060089111328,27.69,-10.443824768066406
0.0,161.0931396484375,27.7,-10.452628135681152
0.0,160.98782348632812,27.71,-10.453462600708008
0.0,160.88465881347656,27.72,-10.45202350616455
0.0,160.7836456298828,27.73,-10.448358535766602
0.0,160.6847686767578,27.74,-10.442514419555664
0.0,160.5774383544922,27.75,-10.44554328918457
0.0,160.47055053710938,27.76,-10.448080062866211
0.0,160.36585998535156,27.77,-10.448309898376465
0.0,160.26856994628906,27.78,-10.44080638885498
0.0,160.17337036132812,27.79,-10.431205749511719
0.0,160.07142639160156,27.8,-10.428731918334961
0.0,159.96986389160156,27.81,-10.425884246826172
0.0,159.86868286132812,27.82,-10.422669410705566
0.0,159.7643280029297,27.83,-10.422802925109863
0.0,159.66212463378906,27.84,-10.420684814453125
0.0,159.5620574951172,27.85,-10.416361808776855
0.0,159.45712280273438,27.86,-10.4171781539917
0.0,159.35433959960938,27.87,-10.415730476379395
0.0,159.25369262695312,27.88,-10.412065505981445
0.0,159.1481170654297,27.89,-10.413583755493164
0.0,159.04470825195312,27.9,-10.412823677062988
0.0,158.94345092773438,27.91,-10.409832954406738
0.0,158.8443145751953,27.92,-10.404657363891602
0.0,158.7437744140625,27.93,-10.400993347167969
0.0,158.64186096191406,27.94,-10.398809432983398
0.0,158.54556274414062,27.95,-10.390778541564941
0.0,158.45132446289062,27.96,-10.380671501159668
0.0,158.35565185546875,27.97,-10.372182846069336
0.0,158.26202392578125,27.98,-10.361631393432617
0.0,158.17044067382812,27.99,-10.349061965942383
0.0,158.0808868408203,28.0,-10.33452033996582
0.0,157.98976135253906,28.01,-10.321755409240723
0.0,157.8936767578125,28.02,-10.314324378967285
0.0,157.80662536621094,28.03,-10.297524452209473
0.0,157.72152709960938,28.04,-10.278850555419922
0.0,157.6313934326172,28.05,-10.265642166137695
0.0,157.55023193359375,28.06,-10.243194580078125
0.0,157.47097778320312,28.07,-10.219001770019531
0.0,157.39010620117188,28.08,-10.196752548217773
0.0,157.3111114501953,28.09,-10.17276382446289
0.0,157.23049926757812,28.1,-10.150724411010742
0.0,157.1552734375,28.11,-10.123303413391113
0.0,157.069580078125,28.12,-10.107090950012207
0.0,156.98580932617188,28.13,-10.089033126831055
0.0,156.90219116210938,28.14,-10.070996284484863
0.0,156.8204803466797,28.15,-10.051159858703613
0.0,156.73890686035156,28.16,-10.031389236450195
0.0,156.6592254638672,28.17,-10.009862899780273
0.0,156.57965087890625,28.18,-9.988447189331055
0.0,156.50018310546875,28.19,-9.967143058776855
0.0,156.41726684570312,28.2,-9.94965934753418
0.0,156.33273315429688,28.21,-9.934037208557129
0.0,156.2483673095703,28.22,-9.91841983795166
0.0,156.1658935546875,28.23,-9.900986671447754
0.0,156.081787109375,28.24,-9.885425567626953
0.0,155.99957275390625,28.25,-9.868053436279297
0.0,155.91748046875,28.26,-9.850735664367676
0.0,155.83544921875,28.27,-9.833532333374023
0.0,155.748291015625,28.28,-9.821858406066895
0.0,155.65956115722656,28.29,-9.811954498291016
0.0,155.57276916503906,28.3,-9.800139427185059
0.0,155.4878692626953,28.31,-9.786455154418945
0.0,155.40306091308594,28.32,-9.772823333740234
0.0,155.316650390625,28.33,-9.76101303100586
0.0,155.2321319580078,28.34,-9.74734115600586
0.0,155.14071655273438,28.35,-9.7410249710083
0.0,155.04949951171875,28.36,-9.734562873840332
0.0,154.94094848632812,28.37,-9.746251106262207
0.0,154.83453369140625,28.38,-9.755595207214355
0.0,154.730224609375,28.39,-9.762642860412598
0.0,154.6280059814453,28.4,-9.767438888549805
0.0,154.52435302734375,28.41,-9.773676872253418
0.0,154.42279052734375,28.42,-9.777677536010742
0.0,154.312744140625,28.43,-9.790485382080078
0.0,154.20484924316406,28.44,-9.80091667175293
0.0,154.0955810546875,28.45,-9.812665939331055
0.0,153.991943359375,28.46,-9.818408966064453
0.0,153.88864135742188,28.47,-9.823739051818848
0.0,153.7856903076172,28.48,-9.82866382598877
0.0,153.68307495117188,28.49,-9.83319091796875
0.0,153.58078002929688,28.5,-9.83732795715332
0.0,153.4822998046875,28.51,-9.837433815002441
0.0,153.38760375976562,28.52,-9.833593368530273
0.0,153.29489135742188,28.53,-9.82771110534668
0.0,153.20240783691406,28.54,-9.821654319763184
0.0,153.1118927001953,28.55,-9.813604354858398
0.0,153.02159118652344,28.56,-9.805428504943848
0.0,152.93324279785156,28.57,-9.795307159423828
0.0,152.84152221679688,28.58,-9.788809776306152
0.0,152.72544860839844,28.59,-9.807798385620117
0.0,152.60284423828125,28.6,-9.833395957946777
0.0,152.48252868652344,28.61,-9.856344223022461
0.0,152.36093139648438,28.62,-9.880396842956543
0.0,152.24160766601562,28.63,-9.901822090148926
0.0,152.12278747558594,28.64,-9.922492980957031
0.0,152.00796508789062,28.65,-9.938773155212402
0.0,151.89361572265625,28.66,-9.954398155212402
0.0,151.78146362304688,28.67,-9.96755313873291
0.0,151.6715087890625,28.68,-9.978287696838379
0.0,151.563720703125,28.69,-9.986648559570312
0.0,151.45806884765625,28.7,-9.992683410644531
0.0,151.3545379638672,28.71,-9.996438980102539
0.0,151.25311279296875,28.72,-9.99796199798584
0.0,151.15377807617188,28.73,-9.997298240661621
0.0,151.05648803710938,28.74,-9.994492530822754
0.0,150.96124267578125,28.75,-9.98958969116211
0.0,150.8662567138672,28.76,-9.984457015991211
0.0,150.77330017089844,28.77,-9.977277755737305
0.0,150.6788330078125,28.78,-9.971741676330566
0.0,150.58462524414062,28.79,-9.965993881225586
0.0,150.4818878173828,28.8,-9.969210624694824
0.0,150.37950134277344,28.81,-9.972034454345703
0.0,150.26516723632812,28.82,-9.987290382385254
0.0,150.14955139160156,28.83,-10.003724098205566
0.0,150.03440856933594,28.84,-10.019484519958496
0.0,149.92149353027344,28.85,-10.032758712768555
0.0,149.80728149414062,28.86,-10.0472412109375
0.0,149.69528198242188,28.87,-10.059258460998535
0.0,149.58375549316406,28.88,-10.07068157196045
0.0,149.4638671875,28.89,-10.090691566467285
0.0,149.3462677001953,28.9,-10.108112335205078
0.0,149.22918701171875,28.91,-10.124817848205566
0.0,149.11436462402344,28.92,-10.138995170593262
0.0,149.0017547607422,28.93,-10.150693893432617
0.0,148.89137268066406,28.94,-10.15996265411377
0.0,148.77613830566406,28.95,-10.17419719696045
0.0,148.6631317138672,28.96,-10.185944557189941
0.0,148.55235290527344,28.97,-10.195253372192383
0.0,148.44375610351562,28.98,-10.20217227935791
0.0,148.32687377929688,28.99,-10.217684745788574
0.0,148.21051025390625,29.0,-10.23249626159668
0.0,148.0928497314453,29.01,-10.248498916625977
0.0,147.9774627685547,29.02,-10.261961936950684
0.0,147.8643341064453,29.03,-10.272934913635254
0.0,147.7447052001953,29.04,-10.290579795837402
0.0,147.6273651123047,29.05,-10.305642127990723
0.0,147.51229858398438,29.06,-10.318171501159668
0.0,147.3994903564453,29.07,-10.328217506408691
0.0,147.28890991210938,29.08,-10.335829734802246
0.0,147.1699981689453,29.09,-10.352048873901367
0.0,147.05165100097656,29.1,-10.367524147033691
0.0,146.92686462402344,29.11,-10.389557838439941
0.0,146.79913330078125,29.12,-10.414421081542969
0.0,146.67381286621094,29.13,-10.436525344848633
0.0,146.5508575439453,29.14,-10.455924034118652
0.0,146.41622924804688,29.15,-10.487303733825684
0.0,146.28407287597656,29.16,-10.515774726867676
0.0,146.15435791015625,29.17,-10.541391372680664
0.0,146.02708435058594,29.18,-10.56420612335205
0.0,145.9022216796875,29.19,-10.584273338317871
0.0,145.77447509765625,29.2,-10.607111930847168
0.0,145.649169921875,29.21,-10.627192497253418
0.0,145.5244903564453,29.22,-10.646389961242676
0.0,145.40220642089844,29.23,-10.662896156311035
0.0,145.28228759765625,29.24,-10.676763534545898
0.0,145.1629638671875,29.25,-10.689865112304688
0.0,145.02496337890625,29.26,-10.722315788269043
0.0,144.88949584960938,29.27,-10.751785278320312
0.0,144.7565460205078,29.28,-10.778328895568848
0.0,144.62606811523438,29.29,-10.802000999450684
0.0,144.49806213378906,29.3,-10.822855949401855
0.0,144.37249755859375,29.31,-10.840948104858398
0.0,144.2493438720703,29.32,-10.856329917907715
0.0,144.1285858154297,29.33,-10.869054794311523
0.0,144.01019287109375,29.34,-10.87917423248291
0.0,143.89414978027344,29.35,-10.886740684509277
0.0,143.78042602539062,29.36,-10.891804695129395
0.0,143.66021728515625,29.37,-10.903584480285645
0.0,143.53538513183594,29.38,-10.920059204101562
0.0,143.40773010253906,29.39,-10.939306259155273
0.0,143.27903747558594,29.4,-10.959442138671875
0.0,143.15281677246094,29.41,-10.976800918579102
0.0,143.02902221679688,29.42,-10.991436004638672
0.0,142.9076385498047,29.43,-11.003399848937988
0.0,142.7886505126953,29.44,-11.01274585723877
0.0,142.67202758789062,29.45,-11.019525527954102
0.0,142.5577392578125,29.46,-11.023791313171387
0.0,142.42825317382812,29.47,-11.043869018554688
0.0,142.30123901367188,29.48,-11.061152458190918
0.0,142.17140197753906,29.49,-11.081217765808105
0.0,142.04405212402344,29.5,-11.098481178283691
0.0,141.9174041748047,29.51,-11.114818572998047
0.0,141.79147338867188,29.52,-11.130245208740234
0.0,141.66973876953125,29.53,-11.141133308410645
0.0,141.5504150390625,29.54,-11.149395942687988
0.0,141.4334716796875,29.55,-11.155085563659668
0.0,141.31887817382812,29.56,-11.158254623413086
0.0,141.2066192626953,29.57,-11.158953666687012
0.0,141.1002197265625,29.58,-11.153533935546875
0.0,140.99606323242188,29.59,-11.145822525024414
0.0,140.89413452148438,29.6,-11.135869026184082
0.0,140.79441833496094,29.61,-11.123722076416016
0.0,140.68460083007812,29.62,-11.122238159179688
0.0,140.5770721435547,29.63,-11.118388175964355
0.0,140.47178649902344,29.64,-11.112222671508789
0.0,140.36524963378906,29.65,-11.107433319091797
0.0,140.26097106933594,29.66,-11.100350379943848
0.0,140.15716552734375,29.67,-11.092844009399414
0.0,140.05557250976562,29.68,-11.08310317993164
0.0,139.9508819580078,29.69,-11.07669734954834
0.0,139.84841918945312,29.7,-11.068037986755371
0.0,139.74639892578125,29.71,-11.05899429321289
0.0,139.6343536376953,29.72,-11.060504913330078
0.0,139.5246124267578,29.73,-11.059601783752441
0.0,139.40835571289062,29.74,-11.065499305725098
0.0,139.29269409179688,29.75,-11.07071304321289
0.0,139.17938232421875,29.76,-11.073433876037598
0.0,139.06837463378906,29.77,-11.073713302612305
0.0,138.9596710205078,29.78,-11.071600914001465
0.0,138.84449768066406,29.79,-11.076254844665527
0.0,138.7299041748047,29.8,-11.08024787902832
0.0,138.6158905029297,29.81,-11.083593368530273
0.0,138.50070190429688,29.82,-11.08812427520752
0.0,138.39134216308594,29.83,-11.086530685424805
0.0,138.2842559814453,29.84,-11.082581520080566
0.0,138.1951904296875,29.85,-11.059877395629883
0.0,138.09242248535156,29.86,-11.051709175109863
0.0,137.99185180664062,29.87,-11.041329383850098
0.0,137.89346313476562,29.88,-11.02878475189209
0.0,137.80421447753906,29.89,-11.00683879852295
0.0,137.71702575683594,29.9,-10.982975959777832
0.0,137.63186645507812,29.91,-10.957240104675293
0.0,137.53294372558594,29.92,-10.946123123168945
0.0,137.43617248535156,29.93,-10.932878494262695
0.0,137.3328094482422,29.94,-10.926658630371094
0.0,137.2316436767578,29.95,-10.918213844299316
0.0,137.1309051513672,29.96,-10.909412384033203
0.0,137.03231811523438,29.97,-10.898443222045898
0.0,136.93414306640625,29.98,-10.887174606323242
0.0,136.83810424804688,29.99,-10.873793601989746
0.0,136.7441864013672,30.0,-10.85834789276123
0.0,136.65234375,30.01,-10.840882301330566
0.0,136.5555877685547,30.02,-10.828726768493652
0.0,136.46095275878906,30.03,-10.81449031829834
0.0,136.368408203125,30.04,-10.798218727111816
0.0,136.27792358398438,30.05,-10.77995777130127
0.0,136.1894989013672,30.06,-10.75975227355957
0.0,136.10308837890625,30.07,-10.73764705657959
0.0,136.01869201660156,30.08,-10.713685989379883
0.0,135.93626403808594,30.09,-10.687911987304688
0.0,135.85580444335938,30.1,-10.660368919372559
0.0,135.7772674560547,30.11,-10.631099700927734
0.0,135.6970977783203,30.12,-10.603843688964844
0.0,135.60487365722656,30.13,-10.589434623718262
0.0,135.5146942138672,30.14,-10.573042869567871
0.0,135.42654418945312,30.15,-10.554712295532227
0.0,135.33340454101562,30.16,-10.54177188873291
0.0,135.2370147705078,30.17,-10.532347679138184
0.0,135.14097595214844,30.18,-10.52267074584961
0.0,135.04701232910156,30.19,-10.5109281539917
0.0,134.9516143798828,30.2,-10.500805854797363
0.0,134.8582763671875,30.21,-10.488631248474121
0.0,134.75999450683594,30.22,-10.481733322143555
0.0,134.66033935546875,30.23,-10.476362228393555
0.0,134.56277465820312,30.24,-10.468846321105957
0.0,134.47079467773438,30.25,-10.455589294433594
0.0,134.38084411621094,30.26,-10.44035530090332
0.0,134.29290771484375,30.27,-10.423187255859375
0.0,134.20346069335938,30.28,-10.407771110534668
0.0,134.1089630126953,30.29,-10.397771835327148
0.0,134.01303100585938,30.3,-10.389381408691406
0.0,133.91915893554688,30.31,-10.378927230834961
0.0,133.82733154296875,30.32,-10.366454124450684
0.0,133.72703552246094,30.33,-10.362930297851562
0.0,133.6253662109375,30.34,-10.360889434814453
0.0,133.52406311035156,30.35,-10.358480453491211
0.0,133.42138671875,30.36,-10.357531547546387
0.0,133.3208465576172,30.37,-10.354372024536133
0.0,133.222412109375,30.38,-10.349048614501953
0.0,133.11727905273438,30.39,-10.350767135620117
0.0,133.01429748535156,30.4,-10.350221633911133
0.0,132.9134521484375,30.41,-10.347458839416504
0.0,132.81471252441406,30.42,-10.342525482177734
0.0,132.7180633544922,30.43,-10.335467338562012
0.0,132.61997985839844,30.44,-10.329970359802246
0.0,132.52047729492188,30.45,-10.326003074645996
0.0,132.41958618164062,30.46,-10.323535919189453
0.0,132.3155517578125,30.47,-10.324357986450195
0.0,132.1944122314453,30.48,-10.343022346496582
0.0,132.07559204101562,30.49,-10.359074592590332
0.0,131.9590606689453,30.5,-10.372565269470215
0.0,131.8448028564453,30.51,-10.383543968200684
0.0,131.7415313720703,30.52,-10.38295841217041
0.0,131.6456756591797,30.53,-10.37463092803955
0.0,131.55538940429688,30.54,-10.360601425170898
0.0,131.46360778808594,30.55,-10.348271369934082
0.0,131.37733459472656,30.56,-10.330327987670898
0.0,131.2930145263672,30.57,-10.310531616210938
0.0,131.21063232421875,30.58,-10.288924217224121
0.0,131.13015747070312,30.59,-10.265547752380371
0.0,131.04808044433594,30.6,-10.244084358215332
0.0,130.96791076660156,30.61,-10.22085952758789
0.0,130.8756103515625,30.62,-10.210533142089844
0.0,130.7800750732422,30.63,-10.203681945800781
0.0,130.68658447265625,30.64,-10.194775581359863
0.0,130.59510803222656,30.65,-10.183858871459961
0.0,130.49864196777344,30.66,-10.178256034851074
0.0,130.40423583984375,30.67,-10.170578002929688
0.0,130.31883239746094,30.68,-10.153589248657227
0.0,130.23709106445312,30.69,-10.13294506072998
0.0,130.15724182128906,30.7,-10.110546112060547
0.0,130.07925415039062,30.71,-10.086433410644531
0.0,130.0031280517578,30.72,-10.060647010803223
0.0,129.91661071777344,30.73,-10.045969009399414
0.0,129.83200073242188,30.74,-10.029431343078613
0.0,129.7493133544922,30.75,-10.011075973510742
0.0,129.66326904296875,30.76,-9.996405601501465
0.0,129.5756072998047,30.77,-9.983583450317383
0.0,129.48812866210938,30.78,-9.970697402954102
0.0,129.402587890625,30.79,-9.955930709838867
0.0,129.31546020507812,30.8,-9.94296646118164
0.0,129.22154235839844,30.81,-9.937230110168457
0.0,129.12962341308594,30.82,-9.929472923278809
0.0,129.03443908691406,30.83,-9.925198554992676
0.0,128.9412384033203,30.84,-9.918876647949219
0.0,128.8552703857422,30.85,-9.90509033203125
0.0,128.7642364501953,30.86,-9.896736145019531
0.0,128.6873779296875,30.87,-9.873684883117676
0.0,128.61231994628906,30.88,-9.848984718322754
0.0,128.5390625,30.89,-9.822674751281738
0.0,128.4675750732422,30.9,-9.794794082641602
0.0,128.3821258544922,30.91,-9.781759262084961
0.0,128.29856872558594,30.92,-9.766888618469238
0.0,128.21163940429688,30.93,-9.755681991577148
0.0,128.12139892578125,30.94,-9.748066902160645
0.0,128.03309631347656,30.95,-9.738511085510254
0.0,127.94490051269531,30.96,-9.728933334350586
0.0,127.85861206054688,30.97,-9.717459678649902
0.0,127.77601623535156,30.98,-9.702255249023438
0.0,127.69527435302734,30.99,-9.68527603149414
0.0,127.61636352539062,31.0,-9.666563034057617
0.0,127.53926849365234,31.01,-9.646156311035156
0.0,127.4569320678711,31.02,-9.631430625915527
0.0,127.38516235351562,31.03,-9.60583782196045
0.0,127.31512451171875,31.04,-9.578705787658691
0.0,127.24859619140625,31.05,-9.548196792602539
0.0,127.18194580078125,31.06,-9.518138885498047
0.0,127.10997772216797,31.07,-9.493931770324707
0.0,127.03450012207031,31.08,-9.473640441894531
0.0,126.95903778076172,31.09,-9.453548431396484
0.0,126.88532257080078,31.1,-9.43183708190918
0.0,126.81334686279297,31.11,-9.408544540405273
0.0,126.73435974121094,31.12,-9.392806053161621
0.0,126.65715789794922,31.13,-9.375370979309082
0.0,126.572998046875,31.14,-9.365376472473145
0.0,126.49066925048828,31.15,-9.353572845458984
0.0,126.41014862060547,31.16,-9.34000015258789
0.0,126.33666229248047,31.17,-9.319239616394043
0.0,126.264892578125,31.18,-9.296902656555176
0.0,126.1878433227539,31.19,-9.280303955078125
0.0,126.112548828125,31.2,-9.26205062866211
0.0,126.03898620605469,31.21,-9.242181777954102
0.0,125.96539306640625,31.22,-9.222553253173828
0.0,125.886474609375,31.23,-9.208680152893066
0.0,125.79361724853516,31.24,-9.209486961364746
0.0,125.70092010498047,31.25,-9.210114479064941
0.0,125.6101303100586,31.26,-9.208747863769531
0.0,125.52122497558594,31.27,-9.205428123474121
0.0,125.43418884277344,31.28,-9.2001953125
0.0,125.3489990234375,31.29,-9.19309139251709
0.0,125.2638931274414,31.3,-9.185975074768066
0.0,125.1841049194336,31.31,-9.17339038848877
0.0,125.10259246826172,31.32,-9.16273021697998
0.0,125.01414489746094,31.33,-9.159415245056152
0.0,124.92755889892578,31.34,-9.15419864654541
0.0,124.84280395507812,31.35,-9.147119522094727
0.0,124.75987243652344,31.36,-9.138218879699707
0.0,124.6787338256836,31.37,-9.127535820007324
0.0,124.59937286376953,31.38,-9.11510944366455
0.0,124.51480102539062,31.39,-9.108255386352539
0.0,124.43203735351562,31.4,-9.099583625793457
0.0,124.35281372070312,31.41,-9.087313652038574
0.0,124.27534484863281,31.42,-9.073341369628906
0.0,124.1996078491211,31.43,-9.057705879211426
0.0,124.11686706542969,31.44,-9.049539566040039
0.0,124.03411102294922,31.45,-9.041471481323242
0.0,123.94615936279297,31.46,-9.038900375366211
0.0,123.86703491210938,31.47,-9.027162551879883
0.0,123.79145812988281,31.48,-9.011848449707031
0.0,123.70880889892578,31.49,-9.004063606262207
0.0,123.62793731689453,31.5,-8.994503021240234
0.0,123.54883575439453,31.51,-8.98320484161377
0.0,123.47845458984375,31.52,-8.962931632995605
0.0,123.40972137451172,31.53,-8.94114875793457
0.0,123.34262084960938,31.54,-8.917891502380371
0.0,123.2789306640625,31.55,-8.89132022857666
0.0,123.2168197631836,31.56,-8.863384246826172
0.0,123.15626525878906,31.57,-8.834118843078613
0.0,123.09724426269531,31.58,-8.803557395935059
0.0,123.03974151611328,31.59,-8.771732330322266
0.0,122.97146606445312,31.6,-8.751466751098633
0.0,122.88909149169922,31.61,-8.746108055114746
0.0,122.8084716796875,31.62,-8.738978385925293
0.0,122.72958374023438,31.63,-8.73011589050293
0.0,122.65241241455078,31.64,-8.719558715820312
0.0,122.56646728515625,31.65,-8.718255996704102
0.0,122.48230743408203,31.66,-8.715105056762695
0.0,122.39991760253906,31.67,-8.710144996643066
0.0,122.31926727294922,31.68,-8.703413009643555
0.0,122.24384307861328,31.69,-8.691309928894043
0.0,122.16311645507812,31.7,-8.684863090515137
0.0,122.0823745727539,31.71,-8.678500175476074
0.0,122.00335693359375,31.72,-8.670401573181152
0.0,121.92430877685547,31.73,-8.662424087524414
0.0,121.84173583984375,31.74,-8.658204078674316
0.0,121.75916290283203,31.75,-8.654027938842773
0.0,121.67304229736328,31.76,-8.653589248657227
0.0,121.58870697021484,31.77,-8.651298522949219
0.0,121.50090026855469,31.78,-8.652650833129883
0.0,121.41314697265625,31.79,-8.653932571411133
0.0,121.32544708251953,31.8,-8.655144691467285
0.0,121.23431396484375,31.81,-8.659926414489746
0.0,121.1170883178711,31.82,-8.691844940185547
0.0,120.99848175048828,31.83,-8.724872589111328
0.0,120.87152862548828,31.84,-8.766252517700195
0.0,120.74679565429688,31.85,-8.804893493652344
0.0,120.62425231933594,31.86,-8.840843200683594
0.0,120.50214385986328,31.87,-8.875967979431152
0.0,120.37872314453125,31.88,-8.91209602355957
0.0,120.25749969482422,31.89,-8.945561408996582
0.0,120.13670349121094,31.9,-8.978230476379395
0.0,120.01807403564453,31.91,-9.008294105529785
0.0,119.89462280273438,31.92,-9.043074607849121
0.0,119.77337646484375,31.93,-9.075191497802734
0.0,119.65083312988281,31.94,-9.108330726623535
0.0,119.5304946899414,31.95,-9.138827323913574
0.0,119.41059875488281,31.96,-9.168547630310059
0.0,119.29288482666016,31.97,-9.195682525634766
0.0,119.16686248779297,31.98,-9.23119068145752
0.0,119.05355834960938,31.99,-9.253069877624512
0.0,118.93191528320312,32.0,-9.283417701721191
0.0,118.80375671386719,32.01,-9.320235252380371
0.0,118.67788696289062,32.02,-9.354288101196289
0.0,118.55427551269531,32.03,-9.385626792907715
0.0,118.43290710449219,32.04,-9.414299964904785
0.0,118.31375885009766,32.05,-9.440357208251953
0.0,118.19681549072266,32.06,-9.463846206665039
0.0,118.08206176757812,32.07,-9.48481559753418
0.0,117.96243286132812,32.08,-9.510642051696777
0.0,117.84501647949219,32.09,-9.533890724182129
0.0,117.72805786132812,32.1,-9.556427001953125
0.0,117.60282135009766,32.11,-9.587352752685547
0.0,117.4781265258789,32.12,-9.61739730834961
0.0,117.35570526123047,32.13,-9.644753456115723
0.0,117.21983337402344,32.14,-9.685834884643555
0.0,117.08637237548828,32.15,-9.72398567199707
0.0,116.95005798339844,32.16,-9.764713287353516
0.0,116.8178939819336,32.17,-9.800682067871094
0.0,116.68636322021484,32.18,-9.83561897277832
0.0,116.55022430419922,32.19,-9.874992370605469
0.0,116.41651153564453,32.2,-9.911429405212402
0.0,116.28520202636719,32.21,-9.94498348236084
0.0,116.15278625488281,32.22,-9.979342460632324
0.0,116.01927185058594,32.23,-10.014483451843262
0.0,115.88294219970703,32.24,-10.052199363708496
0.0,115.74555969238281,32.25,-10.090612411499023
0.0,115.61063385009766,32.26,-10.126062393188477
0.0,115.48687744140625,32.27,-10.149513244628906
0.0,115.35671997070312,32.28,-10.179388046264648
0.0,115.22895050048828,32.29,-10.20645809173584
0.0,115.10355377197266,32.3,-10.230774879455566
0.0,114.96829223632812,32.31,-10.265115737915039
0.0,114.84246063232422,32.32,-10.28926944732666
0.0,114.718994140625,32.33,-10.310711860656738
0.0,114.59786987304688,32.34,-10.329495429992676
0.0,114.47207641601562,32.35,-10.35294246673584
0.0,114.34516143798828,32.36,-10.377315521240234
0.0,114.21539306640625,32.37,-10.404407501220703
0.0,114.0880355834961,32.38,-10.428703308105469
0.0,113.95783233642578,32.39,-10.455709457397461
0.0,113.83004760742188,32.4,-10.479910850524902
0.0,113.69769287109375,32.41,-10.508630752563477
0.0,113.56777954101562,32.42,-10.534499168395996
0.0,113.44029235839844,32.43,-10.557568550109863
0.0,113.31521606445312,32.44,-10.577892303466797
0.0,113.18553924560547,32.45,-10.60279369354248
0.0,113.05829620361328,32.46,-10.62490177154541
0.0,112.92997741699219,32.47,-10.647904396057129
0.0,112.80757141113281,32.48,-10.664507865905762
0.0,112.6875228881836,32.49,-10.678476333618164
0.0,112.57330322265625,32.5,-10.686224937438965
0.0,112.45787048339844,32.51,-10.695152282714844
0.0,112.34474182128906,32.52,-10.7015962600708
0.0,112.23387908935547,32.53,-10.705606460571289
0.0,112.12177276611328,32.54,-10.710867881774902
0.0,112.01192474365234,32.55,-10.71371841430664
0.0,111.9043197631836,32.56,-10.71420669555664
0.0,111.793701171875,32.57,-10.71783447265625
0.0,111.67660522460938,32.58,-10.728171348571777
0.0,111.56182098388672,32.59,-10.73598861694336
0.0,111.44235229492188,32.6,-10.748607635498047
0.0,111.32347869873047,32.61,-10.760473251342773
0.0,111.20693969726562,32.62,-10.769781112670898
0.0,111.08573913574219,32.63,-10.783852577209473
0.0,110.96166229248047,32.64,-10.80076789855957
0.0,110.83131408691406,32.65,-10.824043273925781
0.0,110.71209716796875,32.66,-10.835480690002441
0.0,110.59523010253906,32.67,-10.844352722167969
0.0,110.48068237304688,32.68,-10.85071086883545
0.0,110.36843872070312,32.69,-10.854605674743652
0.0,110.25847625732422,32.7,-10.856086730957031
0.0,110.14209747314453,32.71,-10.86423397064209
0.0,110.02106475830078,32.72,-10.877148628234863
0.0,109.90239715576172,32.73,-10.887458801269531
0.0,109.78607940673828,32.74,-10.89521598815918
0.0,109.6668472290039,32.75,-10.905922889709473
0.0,109.54997253417969,32.76,-10.91406536102295
0.0,109.43543243408203,32.77,-10.919693946838379
0.0,109.32144927978516,32.78,-10.924675941467285
0.0,109.20977783203125,32.79,-10.927206993103027
0.0,109.0986328125,32.8,-10.929154396057129
0.0,108.9897689819336,32.81,-10.928712844848633
0.0,108.8831558227539,32.82,-10.925931930541992
0.0,108.77876281738281,32.83,-10.920859336853027
0.0,108.66960144042969,32.84,-10.920814514160156
0.0,108.54873657226562,32.85,-10.932961463928223
0.0,108.43024444580078,32.86,-10.942508697509766
0.0,108.31410217285156,32.87,-10.949506759643555
0.0,108.20028686523438,32.88,-10.954007148742676
0.0,108.08179473876953,32.89,-10.963329315185547
0.0,107.96217346191406,32.9,-10.973737716674805
0.0,107.84491729736328,32.91,-10.981572151184082
0.0,107.73174285888672,32.92,-10.985067367553711
0.0,107.62261962890625,32.93,-10.984313011169434
0.0,107.51575469970703,32.94,-10.981213569641113
0.0,107.40937805175781,32.95,-10.97763442993164
0.0,107.30696868896484,32.96,-10.969952583312988
0.0,107.20500183105469,32.97,-10.961889266967773
0.0,107.10347747802734,32.98,-10.95345401763916
0.0,106.99366760253906,32.99,-10.953741073608398
0.0,106.8843765258789,33.0,-10.953485488891602
0.0,106.77559661865234,33.01,-10.95269775390625
0.0,106.66732025146484,33.02,-10.951390266418457
0.0,106.5543212890625,33.03,-10.955024719238281
0.0,106.43489074707031,33.04,-10.965314865112305
0.0,106.31783294677734,33.05,-10.973036766052246
0.0,106.2031021118164,33.06,-10.978240966796875
0.0,106.0906982421875,33.07,-10.980978965759277
0.0,105.98058319091797,33.08,-10.981300354003906
0.0,105.86227416992188,33.09,-10.990158081054688
0.0,105.7463150024414,33.1,-10.996471405029297
0.0,105.6379165649414,33.11,-10.994839668273926
0.0,105.53176879882812,33.12,-10.99087905883789
0.0,105.42784881591797,33.13,-10.984638214111328
0.0,105.31392669677734,33.14,-10.988884925842285
0.0,105.20231628417969,33.15,-10.990682601928711
0.0,105.09298706054688,33.16,-10.990080833435059
0.0,104.98591613769531,33.17,-10.987130165100098
0.0,104.8880615234375,33.18,-10.97461223602295
0.0,104.78536987304688,33.19,-10.96726131439209
0.0,104.67969512939453,33.2,-10.963099479675293
0.0,104.56751251220703,33.21,-10.965752601623535
0.0,104.44890594482422,33.22,-10.975079536437988
0.0,104.33265686035156,33.23,-10.981855392456055
0.0,104.21873474121094,33.24,-10.98613166809082
0.0,104.10363006591797,33.25,-10.991592407226562
0.0,103.9908447265625,33.26,-10.994579315185547
0.0,103.88035583496094,33.27,-10.995141983032227
0.0,103.77039337158203,33.28,-10.995147705078125
0.0,103.66444396972656,33.29,-10.990973472595215
0.0,103.5589828491211,33.3,-10.986340522766113
0.0,103.45050811767578,33.31,-10.984892845153809
0.0,103.33905792236328,33.32,-10.986564636230469
0.0,103.22291564941406,33.33,-10.993108749389648
0.0,103.10910034179688,33.34,-10.997156143188477
0.0,102.995849609375,33.35,-11.000574111938477
0.0,102.88489532470703,33.36,-11.001557350158691
0.0,102.77796936035156,33.37,-10.998339653015137
0.0,102.6715316772461,33.38,-10.99464225769043
0.0,102.56209564208984,33.39,-10.994109153747559
0.0,102.45492553710938,33.4,-10.991225242614746
0.0,102.35348510742188,33.41,-10.982405662536621
0.0,102.25421905517578,33.42,-10.97140884399414
0.0,102.13972473144531,33.43,-10.976390838623047
0.0,102.044921875,33.44,-10.96080207824707
0.0,101.93309783935547,33.45,-10.963106155395508
0.0,101.820068359375,33.46,-10.96664047241211
0.0,101.71282958984375,33.47,-10.964113235473633
0.0,101.60782623291016,33.48,-10.959281921386719
0.0,101.50154113769531,33.49,-10.955828666687012
0.0,101.39574432373047,33.5,-10.951910018920898
0.0,101.29042053222656,33.51,-10.947535514831543
0.0,101.18731689453125,33.52,-10.940898895263672
0.0,101.0864028930664,33.53,-10.932048797607422
0.0,100.98765563964844,33.54,-10.921032905578613
0.0,100.89105987548828,33.55,-10.90789794921875
0.0,100.7930908203125,33.56,-10.896324157714844
0.0,100.69725799560547,33.57,-10.882648468017578
0.0,100.59830474853516,33.58,-10.872365951538086
0.0,100.5014877319336,33.59,-10.859959602355957
0.0,100.40330505371094,33.6,-10.849109649658203
0.0,100.2950439453125,33.61,-10.848867416381836
0.0,100.18901824951172,33.62,-10.84630012512207
0.0,100.08172607421875,33.63,-10.845088005065918
0.0,99.98014068603516,33.64,-10.83793830871582
0.0,99.8807144165039,33.65,-10.828608512878418
0.0,99.78343200683594,33.66,-10.817144393920898
0.0,99.68827056884766,33.67,-10.803593635559082
0.0,99.59520721435547,33.68,-10.78800106048584
0.0,99.51118469238281,33.69,-10.763147354125977
0.0,99.42914581298828,33.7,-10.736494064331055
0.0,99.34905242919922,33.71,-10.708085060119629
0.0,99.27088928222656,33.72,-10.677961349487305
0.0,99.1859130859375,33.73,-10.65524673461914
0.0,99.10291290283203,33.74,-10.630712509155273
0.0,99.02186584472656,33.75,-10.604400634765625
0.0,98.9375228881836,33.76,-10.581802368164062
0.0,98.84123992919922,33.77,-10.571870803833008
0.0,98.74529266357422,33.78,-10.561689376831055
0.0,98.65142822265625,33.79,-10.54944896697998
0.0,98.55438995361328,33.8,-10.540643692016602
0.0,98.46466827392578,33.81,-10.524307250976562
0.0,98.36300659179688,33.82,-10.520577430725098
0.0,98.26347351074219,33.83,-10.514664649963379
0.0,98.18000030517578,33.84,-10.492085456848145
0.0,98.08452606201172,33.85,-10.482248306274414
0.0,97.99111938476562,33.86,-10.470362663269043
0.0,97.89974975585938,33.87,-10.456472396850586
0.0,97.8069076538086,33.88,-10.444255828857422
0.0,97.71611022949219,33.89,-10.430047988891602
0.0,97.62383270263672,33.9,-10.417524337768555
0.0,97.53358459472656,33.91,-10.403021812438965
0.0,97.4453353881836,33.92,-10.386584281921387
0.0,97.35906982421875,33.93,-10.368254661560059
0.0,97.27301788330078,33.94,-10.349892616271973
0.0,97.18891906738281,33.95,-10.329686164855957
0.0,97.10675048828125,33.96,-10.30767822265625
0.0,97.01434326171875,33.97,-10.296566009521484
0.0,96.9239501953125,33.98,-10.28347110748291
0.0,96.8355484008789,33.99,-10.268437385559082
0.0,96.7456283569336,34.0,-10.255141258239746
0.0,96.65420532226562,34.01,-10.243548393249512
0.0,96.5613021850586,34.02,-10.233626365661621
0.0,96.46866607666016,34.03,-10.223526954650879
0.0,96.37628936767578,34.04,-10.2132568359375
0.0,96.28591918945312,34.05,-10.201004981994629
0.0,96.1975326538086,34.06,-10.18681526184082
0.0,96.1111068725586,34.07,-10.170729637145996
0.0,96.02661895751953,34.08,-10.152791976928711
0.0,95.93882751464844,34.09,-10.1384916305542
0.0,95.85123443603516,34.1,-10.124124526977539
0.0,95.75692749023438,34.11,-10.116902351379395
0.0,95.6663818359375,34.12,-10.105840682983398
0.0,95.57606506347656,34.13,-10.09465217590332
0.0,95.48772430419922,34.14,-10.081526756286621
0.0,95.39784240722656,34.15,-10.070138931274414
0.0,95.30644226074219,34.16,-10.060455322265625
0.0,95.21353149414062,34.17,-10.05244255065918
0.0,95.11912536621094,34.18,-10.046067237854004
0.0,95.02498626708984,34.19,-10.039482116699219
0.0,94.93285369873047,34.2,-10.030877113342285
0.0,94.84270477294922,34.21,-10.020295143127441
0.0,94.7545166015625,34.22,-10.007780075073242
0.0,94.66653442382812,34.23,-9.995189666748047
0.0,94.58048248291016,34.24,-9.980711936950684
0.0,94.4946060180664,34.25,-9.966205596923828
0.0,94.41063690185547,34.26,-9.949858665466309
0.0,94.32856750488281,34.27,-9.93171215057373
0.0,94.23795318603516,34.28,-9.92264461517334
0.0,94.14232635498047,34.29,-9.918895721435547
0.0,94.0487060546875,34.3,-9.913094520568848
0.0,93.94835662841797,34.31,-9.914361953735352
0.0,93.85006713867188,34.32,-9.913475036621094
0.0,93.7538070678711,34.33,-9.910477638244629
0.0,93.6700210571289,34.34,-9.894519805908203
0.0,93.58811950683594,34.35,-9.876766204833984
0.0,93.5080795288086,34.36,-9.857257843017578
0.0,93.42813873291016,34.37,-9.837850570678711
0.0,93.35003662109375,34.38,-9.816731452941895
0.0,93.26329040527344,34.39,-9.80483341217041
0.0,93.17845153808594,34.4,-9.791075706481934
0.0,93.0885238647461,34.41,-9.782761573791504
0.0,92.99884796142578,34.42,-9.774276733398438
0.0,92.90412902832031,34.43,-9.771130561828613
0.0,92.81836700439453,34.44,-9.758688926696777
0.0,92.73448944091797,34.45,-9.74440860748291
0.0,92.64551544189453,34.46,-9.73559284210205
0.0,92.55845642089844,34.47,-9.724868774414062
0.0,92.47329711914062,34.48,-9.71227741241455
0.0,92.38827514648438,34.49,-9.699676513671875
0.0,92.29292297363281,34.5,-9.69796085357666
0.0,92.1995620727539,34.51,-9.694198608398438
0.0,92.10990142822266,34.52,-9.686616897583008
0.0,92.02042388916016,34.53,-9.678927421569824
0.0,91.932861328125,34.54,-9.669318199157715
0.0,91.83504486083984,34.55,-9.670482635498047
0.0,91.73924255371094,34.56,-9.669546127319336
0.0,91.64542388916016,34.57,-9.666553497314453
0.0,91.5535659790039,34.58,-9.66154670715332
0.0,91.46190643310547,34.59,-9.656384468078613
0.0,91.37218475341797,34.6,-9.649255752563477
0.0,91.27915954589844,34.61,-9.645648002624512
0.0,91.19156646728516,34.62,-9.636412620544434
0.0,91.10238647460938,34.63,-9.62893009185791
0.0,91.01512145996094,34.64,-9.619534492492676
0.0,90.92974090576172,34.65,-9.608266830444336
0.0,90.84623718261719,34.66,-9.595169067382812
0.0,90.76457977294922,34.67,-9.580281257629395
0.0,90.68475341796875,34.68,-9.563644409179688
0.0,90.60150909423828,34.69,-9.550743103027344
0.0,90.52010345458984,34.7,-9.536057472229004
0.0,90.43529510498047,34.71,-9.525073051452637
0.0,90.35233306884766,34.72,-9.512269973754883
0.0,90.27120971679688,34.73,-9.497689247131348
0.0,90.19190216064453,34.74,-9.481369972229004
0.0,90.11270904541016,34.75,-9.465109825134277
0.0,90.01786804199219,34.76,-9.46530532836914
0.0,89.92498779296875,34.77,-9.463464736938477
0.0,89.83229064941406,34.78,-9.461445808410645
0.0,89.74153137207031,34.79,-9.457437515258789
0.0,89.6491928100586,34.8,-9.455111503601074
0.0,89.55360412597656,34.81,-9.456192016601562
0.0,89.45997619628906,34.82,-9.455221176147461
0.0,89.3682861328125,34.83,-9.452239990234375
0.0,89.27677154541016,34.84,-9.44910717010498
0.0,89.18717956542969,34.85,-9.444009780883789
0.0,89.09425354003906,34.86,-9.442436218261719
0.0,89.00849151611328,34.87,-9.433423042297363
0.0,88.92457580566406,34.88,-9.42257022857666
0.0,88.83727264404297,34.89,-9.415364265441895
0.0,88.7466049194336,34.9,-9.411730766296387
0.0,88.65261840820312,34.91,-9.411596298217773
0.0,88.5605697631836,34.92,-9.409444808959961
0.0,88.4704360961914,34.93,-9.405318260192871
0.0,88.3822021484375,34.94,-9.39925765991211
0.0,88.29584503173828,34.95,-9.391304016113281
0.0,88.20443725585938,34.96,-9.388702392578125
0.0,88.11318969726562,34.97,-9.385953903198242
0.0,88.02384948730469,34.98,-9.381247520446777
0.0,87.92942810058594,34.99,-9.38188362121582
0.0,87.83171844482422,35.0,-9.385937690734863
0.0,87.7359848022461,35.01,-9.387893676757812
0.0,87.64219665527344,35.02,-9.387794494628906
0.0,87.55034637451172,35.03,-9.385682106018066
0.0,87.45867156982422,35.04,-9.383414268493652
0.0,87.36024475097656,35.05,-9.388195991516113
0.0,87.26380157470703,35.06,-9.390864372253418
0.0,87.177978515625,35.07,-9.382444381713867
0.0,87.090576171875,35.08,-9.375757217407227
0.0,87.00504302978516,35.09,-9.367196083068848
0.0,86.92135620117188,35.1,-9.35680103302002
0.0,86.83949279785156,35.11,-9.344612121582031
0.0,86.7611312866211,35.12,-9.328910827636719
0.0,86.68453216552734,35.13,-9.311531066894531
0.0,86.60968017578125,35.14,-9.292510986328125
0.0,86.53487396240234,35.15,-9.273646354675293
0.0,86.4617919921875,35.16,-9.253180503845215
0.0,86.39041900634766,35.17,-9.23115062713623
0.0,86.31725311279297,35.18,-9.211223602294922
0.0,86.2353286743164,35.19,-9.200618743896484
0.0,86.15519714355469,35.2,-9.188258171081543
0.0,86.0750961303711,35.21,-9.175994873046875
0.0,85.98635864257812,35.22,-9.172846794128418
0.0,85.89774322509766,35.23,-9.169609069824219
0.0,85.81098175048828,35.24,-9.164470672607422
0.0,85.72605895996094,35.25,-9.157470703125
0.0,85.63947296142578,35.26,-9.1522798538208
0.0,85.55471801757812,35.27,-9.145231246948242
0.0,85.47526550292969,35.28,-9.132736206054688
0.0,85.39408874511719,35.29,-9.12216854095459
0.0,85.31468200683594,35.3,-9.10986042022705
0.0,85.23704528808594,35.31,-9.095850944519043
0.0,85.15765380859375,35.32,-9.083807945251465
0.0,85.08001708984375,35.33,-9.070063591003418
0.0,85.0006332397461,35.34,-9.0582857131958
0.0,84.9178237915039,35.35,-9.050193786621094
0.0,84.82982635498047,35.36,-9.047584533691406
0.0,84.74366760253906,35.37,-9.043087005615234
0.0,84.65410614013672,35.38,-9.042184829711914
0.0,84.56116485595703,35.39,-9.044804573059082
0.0,84.4701156616211,35.4,-9.045429229736328
0.0,84.38093566894531,35.41,-9.044100761413574
0.0,84.29360961914062,35.42,-9.040858268737793
0.0,84.215087890625,35.43,-9.028485298156738
0.0,84.13829803466797,35.44,-9.014430046081543
0.0,84.06324005126953,35.45,-8.998729705810547
0.0,83.98987579345703,35.46,-8.981422424316406
0.0,83.91819763183594,35.47,-8.962544441223145
0.0,83.85166931152344,35.48,-8.938504219055176
0.0,83.78325653076172,35.49,-8.916669845581055
0.0,83.71646881103516,35.5,-8.893372535705566
0.0,83.6495361328125,35.51,-8.870461463928223
0.0,83.58072662353516,35.52,-8.849747657775879
0.0,83.51353454589844,35.53,-8.827561378479004
0.0,83.44621276855469,35.54,-8.805753707885742
0.0,83.38048553466797,35.55,-8.782505989074707
0.0,83.31634521484375,35.56,-8.757852554321289
0.0,83.2520751953125,35.57,-8.733586311340332
0.0,83.18936920166016,35.58,-8.707945823669434
0.0,83.11949157714844,35.59,-8.69003677368164
0.0,83.05123138427734,35.6,-8.670632362365723
0.0,82.98456573486328,35.61,-8.649767875671387
0.0,82.91947937011719,35.62,-8.627477645874023
0.0,82.85072326660156,35.63,-8.609238624572754
0.0,82.7835693359375,35.64,-8.58952808380127
0.0,82.71624755859375,35.65,-8.570195198059082
0.0,82.6522445678711,35.66,-8.547608375549316
0.0,82.5880355834961,35.67,-8.525466918945312
0.0,82.50973510742188,35.68,-8.518223762512207
0.0,82.42789459228516,35.69,-8.514744758605957
0.0,82.3477783203125,35.7,-8.50951099395752
0.0,82.26766967773438,35.71,-8.504317283630371
0.0,82.18926239013672,35.72,-8.497405052185059
0.0,82.11945343017578,35.73,-8.481612205505371
0.0,82.04432678222656,35.74,-8.471525192260742
0.0,81.9708480834961,35.75,-8.45982837677002
0.0,81.9041748046875,35.76,-8.44117259979248
0.0,81.83905029296875,35.77,-8.421090126037598
0.0,81.77546691894531,35.78,-8.399615287780762
0.0,81.7134017944336,35.79,-8.37678050994873
0.0,81.65283966064453,35.8,-8.352619171142578
0.0,81.58161926269531,35.81,-8.339805603027344
0.0,81.51199340820312,35.82,-8.325467109680176
0.0,81.44046020507812,35.83,-8.313265800476074
0.0,81.37052154541016,35.84,-8.299532890319824
0.0,81.29175567626953,35.85,-8.295129776000977
0.0,81.21465301513672,35.86,-8.289037704467773
0.0,81.13919830322266,35.87,-8.281292915344238
0.0,81.05841064453125,35.88,-8.279187202453613
0.0,80.97582244873047,35.89,-8.278976440429688
0.0,80.88279724121094,35.9,-8.289634704589844
0.0,80.79158782958984,35.91,-8.298295021057129
0.0,80.70216369628906,35.92,-8.304996490478516
0.0,80.61451721191406,35.93,-8.309778213500977
0.0,80.52863311767578,35.94,-8.312679290771484
0.0,80.44448852539062,35.95,-8.313736915588379
0.0,80.36206817626953,35.96,-8.312989234924316
0.0,80.28135681152344,35.97,-8.310473442077637
0.0,80.2005844116211,35.98,-8.308040618896484
0.0,80.11627197265625,35.99,-8.309317588806152
0.0,80.03369140625,36.0,-8.308785438537598
0.0,79.95281982421875,36.01,-8.306482315063477
0.0,79.86846160888672,36.02,-8.307829856872559
0.0,79.77020263671875,36.03,-8.32363510131836
0.0,79.67381286621094,36.04,-8.337328910827637
0.0,79.5844497680664,36.05,-8.34356689453125
0.0,79.49686431884766,36.06,-8.34788703918457
0.0,79.41104125976562,36.07,-8.350327491760254
0.0,79.32353210449219,36.08,-8.354496955871582
0.0,79.23778533935547,36.09,-8.356788635253906
0.0,79.1537857055664,36.1,-8.357239723205566
0.0,79.07494354248047,36.11,-8.35231876373291
0.0,78.99777221679688,36.12,-8.345706939697266
0.0,78.9188232421875,36.13,-8.341012001037598
0.0,78.84154510498047,36.14,-8.334625244140625
0.0,78.7641830444336,36.15,-8.32839584350586
0.0,78.68498992919922,36.16,-8.324135780334473
0.0,78.60746765136719,36.17,-8.318178176879883
0.0,78.53160095214844,36.18,-8.310558319091797
0.0,78.4573745727539,36.19,-8.301313400268555
0.0,78.3743667602539,36.2,-8.301302909851074
0.0,78.27570343017578,36.21,-8.31759262084961
0.0,78.17891693115234,36.22,-8.331762313842773
0.0,78.083984375,36.23,-8.343852996826172
0.0,77.99089050292969,36.24,-8.353904724121094
0.0,77.89961242675781,36.25,-8.361957550048828
0.0,77.81014251708984,36.26,-8.368050575256348
0.0,77.71722412109375,36.27,-8.377663612365723
0.0,77.62612915039062,36.28,-8.385281562805176
0.0,77.53683471679688,36.29,-8.390944480895996
0.0,77.43544006347656,36.3,-8.40914249420166
0.0,77.3359603881836,36.31,-8.425162315368652
0.0,77.23663330078125,36.32,-8.440857887268066
0.0,77.137451171875,36.33,-8.456233024597168
0.0,77.0349349975586,36.34,-8.474918365478516
0.0,76.9343490600586,36.35,-8.491400718688965
0.0,76.83567810058594,36.36,-8.505722045898438
0.0,76.7372055053711,36.37,-8.519680976867676
0.0,76.64063262939453,36.38,-8.531524658203125
0.0,76.54593658447266,36.39,-8.541295051574707
0.0,76.45309448242188,36.4,-8.549032211303711
0.0,76.36209106445312,36.41,-8.554776191711426
0.0,76.27290344238281,36.42,-8.55856704711914
0.0,76.18551635742188,36.43,-8.560443878173828
0.0,76.09642791748047,36.44,-8.56407356262207
0.0,76.00042724609375,36.45,-8.574858665466309
0.0,75.89415740966797,36.46,-8.596220016479492
0.0,75.78295135498047,36.47,-8.6224946975708
0.0,75.67203521728516,36.48,-8.648191452026367
0.0,75.56315612792969,36.49,-8.671504020690918
0.0,75.45455169677734,36.5,-8.694289207458496
0.0,75.34098815917969,36.51,-8.721994400024414
0.0,75.22949981689453,36.52,-8.747258186340332
0.0,75.1061782836914,36.53,-8.784575462341309
0.0,74.98159790039062,36.54,-8.822809219360352
0.0,74.85746765136719,36.55,-8.860176086425781
0.0,74.73727416992188,36.56,-8.893059730529785
0.0,74.61749267578125,36.57,-8.925171852111816
0.0,74.49986267089844,36.58,-8.954708099365234
0.0,74.38436889648438,36.59,-8.981715202331543
0.0,74.2640151977539,36.6,-9.013492584228516
0.0,74.14234924316406,36.61,-9.046308517456055
0.0,74.02287292480469,36.62,-9.076508522033691
0.0,73.90555572509766,36.63,-9.10413932800293
0.0,73.79039001464844,36.64,-9.12924861907959
0.0,73.67218017578125,36.65,-9.157265663146973
0.0,73.5561294555664,36.66,-9.182741165161133
0.0,73.44222259521484,36.67,-9.20572280883789
0.0,73.33043670654297,36.68,-9.226256370544434
0.0,73.22423553466797,36.69,-9.240761756896973
0.0,73.12007904052734,36.7,-9.252986907958984
0.0,73.01795196533203,36.71,-9.262975692749023
0.0,72.91783142089844,36.72,-9.270772933959961
0.0,72.80059051513672,36.73,-9.296309471130371
0.0,72.68550872802734,36.74,-9.319326400756836
0.0,72.57257843017578,36.75,-9.33987045288086
0.0,72.4617691040039,36.76,-9.357988357543945
0.0,72.34783935546875,36.77,-9.379165649414062
0.0,72.23605346679688,36.78,-9.397894859313965
0.0,72.12638854980469,36.79,-9.414222717285156
0.0,72.0188217163086,36.8,-9.42819595336914
0.0,71.9029312133789,36.81,-9.45068073272705
0.0,71.78921508789062,36.82,-9.47067642211914
0.0,71.67241668701172,36.83,-9.493668556213379
0.0,71.54570770263672,36.84,-9.526728630065918
0.0,71.43338012695312,36.85,-9.544486999511719
0.0,71.30936431884766,36.86,-9.574223518371582
0.0,71.18761444091797,36.87,-9.60129451751709
0.0,71.06462097167969,36.88,-9.629374504089355
0.0,70.94388580322266,36.89,-9.65481185913086
0.0,70.82015991210938,36.9,-9.683093070983887
0.0,70.6987075805664,36.91,-9.708715438842773
0.0,70.5847396850586,36.92,-9.726289749145508
0.0,70.47294616699219,36.93,-9.741415977478027
0.0,70.36156463623047,36.94,-9.75595474243164
0.0,70.25059509277344,36.95,-9.769915580749512
0.0,70.14002227783203,36.96,-9.783307075500488
0.0,70.0333480834961,36.97,-9.792511940002441
0.0,69.92704010009766,36.98,-9.801239967346191
0.0,69.81591796875,36.99,-9.814881324768066
0.0,69.70520782470703,37.0,-9.827950477600098
0.0,69.59317016601562,37.01,-9.842268943786621
0.0,69.48155975341797,37.02,-9.855995178222656
0.0,69.36868286132812,37.03,-9.870894432067871
0.0,69.25276184082031,37.04,-9.888809204101562
0.0,69.13731384277344,37.05,-9.906046867370605
0.0,69.0240707397461,37.06,-9.920805931091309
0.0,68.91301727294922,37.07,-9.933134078979492
0.0,68.78850555419922,37.08,-9.95933723449707
0.0,68.66630554199219,37.09,-9.982865333557129
0.0,68.54638671875,37.1,-10.003767967224121
0.0,68.43048095703125,37.11,-10.020282745361328
0.0,68.31505584716797,37.12,-10.036121368408203
0.0,68.20359802246094,37.13,-10.047669410705566
0.0,68.09258270263672,37.14,-10.058637619018555
0.0,67.98374938964844,37.15,-10.06722354888916
0.0,67.8770751953125,37.16,-10.073473930358887
0.0,67.77252960205078,37.17,-10.077436447143555
0.0,67.6631851196289,37.18,-10.086350440979004
0.0,67.55601501464844,37.19,-10.092918395996094
0.0,67.44232940673828,37.2,-10.106194496154785
0.0,67.33085632324219,37.21,-10.117030143737793
0.0,67.22156524658203,37.22,-10.125473976135254
0.0,67.1109619140625,37.23,-10.135198593139648
0.0,67.00254821777344,37.24,-10.142549514770508
0.0,66.89629364013672,37.25,-10.147574424743652
0.0,66.78352355957031,37.26,-10.159327507019043
0.0,66.66773986816406,37.27,-10.174098014831543
0.0,66.55245208740234,37.28,-10.188196182250977
0.0,66.44636535644531,37.29,-10.192569732666016
0.0,66.33370971679688,37.3,-10.203730583190918
0.0,66.22158813476562,37.31,-10.214229583740234
0.0,66.10992431640625,37.32,-10.224135398864746
0.0,65.99697875976562,37.33,-10.235270500183105
0.0,65.88973236083984,37.34,-10.240357398986816
0.0,65.78465270996094,37.35,-10.243144035339355
0.0,65.67822265625,37.36,-10.247302055358887
0.0,65.5739517211914,37.37,-10.249177932739258
0.0,65.47006225585938,37.38,-10.250631332397461
0.0,65.36138153076172,37.39,-10.257050514221191
0.0,65.2548828125,37.4,-10.261138916015625
0.0,65.14705657958984,37.41,-10.266568183898926
0.0,65.04138946533203,37.42,-10.269684791564941
0.0,64.93270111083984,37.43,-10.27591609954834
0.0,64.81574249267578,37.44,-10.290691375732422
0.0,64.69762420654297,37.45,-10.306525230407715
0.0,64.57481384277344,37.46,-10.327073097229004
0.0,64.45433044433594,37.47,-10.34498405456543
0.0,64.3361587524414,37.48,-10.360308647155762
0.0,64.22026824951172,37.49,-10.373096466064453
0.0,64.10663604736328,37.5,-10.383397102355957
0.0,63.995243072509766,37.51,-10.391260147094727
0.0,63.88090133666992,37.52,-10.402114868164062
0.0,63.761837005615234,37.53,-10.417765617370605
0.0,63.65203857421875,37.54,-10.42361068725586
0.0,63.537479400634766,37.55,-10.434350967407227
0.0,63.41826248168945,37.56,-10.44982624053955
0.0,63.29960632324219,37.57,-10.464554786682129
0.0,63.179771423339844,37.58,-10.480361938476562
0.0,63.06224822998047,37.59,-10.493597030639648
0.0,62.94533157348633,37.6,-10.506065368652344
0.0,62.8306999206543,37.61,-10.51602554321289
0.0,62.71833038330078,37.62,-10.523526191711426
0.0,62.60646057128906,37.63,-10.530428886413574
0.0,62.493343353271484,37.64,-10.538557052612305
0.0,62.382476806640625,37.65,-10.544259071350098
0.0,62.26518630981445,37.66,-10.556588172912598
0.0,62.15536117553711,37.67,-10.561020851135254
0.0,62.04775619506836,37.68,-10.563098907470703
0.0,61.937171936035156,37.69,-10.568249702453613
0.0,61.82184982299805,37.7,-10.578278541564941
0.0,61.705379486083984,37.71,-10.589401245117188
0.0,61.5911979675293,37.72,-10.59802532196045
0.0,61.47928237915039,37.73,-10.60420036315918
0.0,61.36961364746094,37.74,-10.607975006103516
0.0,61.26390838623047,37.75,-10.607586860656738
0.0,61.15864181518555,37.76,-10.606744766235352
0.0,61.05554962158203,37.77,-10.603647232055664
0.0,60.94764709472656,37.78,-10.605589866638184
0.0,60.83852005004883,37.79,-10.608786582946777
0.0,60.71598815917969,37.8,-10.625896453857422
0.0,60.5958137512207,37.81,-10.640377044677734
0.0,60.477970123291016,37.82,-10.652278900146484
0.0,60.3624382019043,37.83,-10.661652565002441
0.0,60.244022369384766,37.84,-10.673927307128906
0.0,60.127925872802734,37.85,-10.683661460876465
0.0,60.01238250732422,37.86,-10.692717552185059
0.0,59.900875091552734,37.87,-10.697484016418457
0.0,59.79161834716797,37.88,-10.699859619140625
0.0,59.68801498413086,37.89,-10.696325302124023
0.0,59.583152770996094,37.9,-10.69413948059082
0.0,59.47356033325195,37.91,-10.696898460388184
0.0,59.3609733581543,37.92,-10.702744483947754
0.0,59.248905181884766,37.93,-10.707987785339355
0.0,59.139095306396484,37.94,-10.71082878112793
0.0,59.031517028808594,37.95,-10.711316108703613
0.0,58.92266845703125,37.96,-10.71312141418457
0.0,58.816043853759766,37.97,-10.712594032287598
0.0,58.708194732666016,37.98,-10.713349342346191
0.0,58.60255813598633,37.99,-10.711792945861816
0.0,58.49911117553711,38.0,-10.70797348022461
0.0,58.394351959228516,38.01,-10.705561637878418
0.0,58.27963638305664,38.02,-10.713532447814941
0.0,58.165462493896484,38.03,-10.720854759216309
0.0,58.05356979370117,38.04,-10.725728988647461
0.0,57.94050216674805,38.05,-10.731771469116211
0.0,57.82970428466797,38.06,-10.735389709472656
0.0,57.72115707397461,38.07,-10.73663330078125
0.0,57.606178283691406,38.08,-10.744553565979004
0.0,57.49692153930664,38.09,-10.746440887451172
0.0,57.389896392822266,38.1,-10.745985984802246
0.0,57.28507614135742,38.11,-10.74323844909668
0.0,57.179012298583984,38.12,-10.741812705993652
0.0,57.07514953613281,38.13,-10.738114356994629
0.0,56.966495513916016,38.14,-10.7394380569458
0.0,56.870460510253906,38.15,-10.727619171142578
0.0,56.7661247253418,38.16,-10.72455883026123
0.0,56.66396713256836,38.17,-10.719264030456543
0.0,56.55705642700195,38.18,-10.718972206115723
0.0,56.45235061645508,38.19,-10.716389656066895
0.0,56.34808349609375,38.2,-10.71337604522705
0.0,56.24082565307617,38.21,-10.713506698608398
0.0,56.14094161987305,38.22,-10.705961227416992
0.0,56.043190002441406,38.23,-10.696276664733887
0.0,55.93889236450195,38.24,-10.693502426147461
0.0,55.84542465209961,38.25,-10.67949104309082
0.0,55.7540168762207,38.26,-10.663480758666992
0.0,55.65599822998047,38.27,-10.65451717376709
0.0,55.55317687988281,38.28,-10.65064525604248
0.0,55.442115783691406,38.29,-10.65538501739502
0.0,55.34368896484375,38.3,-10.646930694580078
0.0,55.23871994018555,38.31,-10.645371437072754
0.0,55.135929107666016,38.32,-10.641563415527344
0.0,55.038719177246094,38.33,-10.631986618041992
0.0,54.943603515625,38.34,-10.620328903198242
0.0,54.84713363647461,38.35,-10.61020278930664
0.0,54.752750396728516,38.36,-10.59801197052002
0.0,54.660430908203125,38.37,-10.58380126953125
0.0,54.573577880859375,38.38,-10.564048767089844
0.0,54.48527908325195,38.39,-10.54600715637207
0.0,54.40240478515625,38.4,-10.522510528564453
0.0,54.31803894042969,38.41,-10.500809669494629
0.0,54.2252311706543,38.42,-10.488119125366211
0.0,54.134456634521484,38.43,-10.473443031311035
0.0,54.045692443847656,38.44,-10.456825256347656
0.0,53.95892333984375,38.45,-10.438309669494629
0.0,53.87063980102539,38.46,-10.421562194824219
0.0,53.784339904785156,38.47,-10.40292739868164
0.0,53.69999694824219,38.48,-10.382447242736816
0.0,53.617591857910156,38.49,-10.360164642333984
0.0,53.53710174560547,38.5,-10.336121559143066
0.0,53.44293975830078,38.51,-10.326549530029297
0.0,53.35081481933594,38.52,-10.314962387084961
0.0,53.26070022583008,38.53,-10.301403999328613
0.0,53.172569274902344,38.54,-10.285918235778809
0.0,53.08118438720703,38.55,-10.273982048034668
0.0,52.97971725463867,38.56,-10.27265739440918
0.0,52.87861251831055,38.57,-10.270971298217773
0.0,52.793426513671875,38.58,-10.252740859985352
0.0,52.696353912353516,38.59,-10.24706745147705
0.0,52.60133361816406,38.6,-10.2393159866333
0.0,52.50486373901367,38.61,-10.233153343200684
0.0,52.410438537597656,38.62,-10.22492504119873
0.0,52.31455993652344,38.63,-10.21829891204834
0.0,52.22420120239258,38.64,-10.205997467041016
0.0,52.135826110839844,38.65,-10.191762924194336
0.0,52.049407958984375,38.66,-10.175638198852539
0.0,51.964927673339844,38.67,-10.157665252685547
0.0,51.88062286376953,38.68,-10.139698028564453
0.0,51.7982292175293,38.69,-10.119928359985352
0.0,51.71772766113281,38.7,-10.098398208618164
0.0,51.637351989746094,38.71,-10.076959609985352
0.0,51.55018997192383,38.72,-10.062804222106934
0.0,51.464962005615234,38.73,-10.046784400939941
0.0,51.38164520263672,38.74,-10.028942108154297
0.0,51.29330825805664,38.75,-10.016508102416992
0.0,51.206912994384766,38.76,-10.00218391418457
0.0,51.1224365234375,38.77,-9.98601245880127
0.0,51.03985595703125,38.78,-9.968034744262695
0.0,50.953983306884766,38.79,-9.953669548034668
0.0,50.86479949951172,38.8,-9.942901611328125
0.0,50.77238464355469,38.81,-9.935603141784668
0.0,50.68194580078125,38.82,-9.926326751708984
0.0,50.58829116821289,38.83,-9.920492172241211
0.0,50.493141174316406,38.84,-9.916275024414062
0.0,50.398250579833984,38.85,-9.911831855773926
0.0,50.307098388671875,38.86,-9.903545379638672
0.0,50.21790313720703,38.87,-9.893308639526367
0.0,50.130645751953125,38.88,-9.881163597106934
0.0,50.04356384277344,38.89,-9.868963241577148
0.0,49.95839309692383,38.9,-9.854900360107422
0.0,49.87511444091797,38.91,-9.83901596069336
0.0,49.78853988647461,38.92,-9.826727867126465
0.0,49.702125549316406,38.93,-9.814399719238281
0.0,49.615867614746094,38.94,-9.802034378051758
0.0,49.52976989746094,38.95,-9.789634704589844
0.0,49.44556427001953,38.96,-9.77539348602295
0.0,49.35980224609375,38.97,-9.762917518615723
0.0,49.27592849731445,38.98,-9.748607635498047
0.0,49.19392395019531,38.99,-9.732503890991211
0.0,49.113765716552734,39.0,-9.71464729309082
0.0,49.031951904296875,39.01,-9.698699951171875
0.0,48.95197677612305,39.02,-9.68100357055664
0.0,48.87034225463867,39.03,-9.665220260620117
0.0,48.7905387878418,39.04,-9.64769172668457
0.0,48.71255111694336,39.05,-9.628458023071289
0.0,48.63636016845703,39.06,-9.607558250427246
0.0,48.56193923950195,39.07,-9.585030555725098
0.0,48.47893524169922,39.08,-9.571667671203613
0.0,48.39603042602539,39.09,-9.558340072631836
0.0,48.314964294433594,39.1,-9.54323959350586
0.0,48.2270622253418,39.11,-9.535405158996582
0.0,48.13240051269531,39.12,-9.534687995910645
0.0,48.03620910644531,39.13,-9.535565376281738
0.0,47.94198989868164,39.14,-9.534382820129395
0.0,47.851463317871094,39.15,-9.52937126159668
0.0,47.762847900390625,39.16,-9.522421836853027
0.0,47.67612838745117,39.17,-9.51357650756836
0.0,47.59128189086914,39.18,-9.502875328063965
0.0,47.50654602050781,39.19,-9.492170333862305
0.0,47.42366027832031,39.2,-9.479652404785156
0.0,47.3391227722168,39.21,-9.468984603881836
0.0,47.25642776489258,39.22,-9.45650863647461
0.0,47.15482711791992,39.23,-9.463825225830078
0.0,47.053504943847656,39.24,-9.47077465057373
0.0,46.95420455932617,39.25,-9.475552558898926
0.0,46.85689926147461,39.26,-9.478202819824219
0.0,46.76156997680664,39.27,-9.478768348693848
0.0,46.66646194458008,39.28,-9.479103088378906
0.0,46.56639862060547,39.29,-9.484587669372559
0.0,46.46491241455078,39.3,-9.491493225097656
0.0,46.36545181274414,39.31,-9.496224403381348
0.0,46.26799011230469,39.32,-9.498824119567871
0.0,46.17076873779297,39.33,-9.501147270202637
0.0,46.075523376464844,39.34,-9.501387596130371
0.0,45.982242584228516,39.35,-9.499588012695312
0.0,45.88572692871094,39.36,-9.501167297363281
0.0,45.79118347167969,39.37,-9.500679016113281
0.0,45.69859313964844,39.38,-9.49816608428955
0.0,45.613101959228516,39.39,-9.48829460144043
0.0,45.52946853637695,39.4,-9.476594924926758
0.0,45.44767379760742,39.41,-9.463106155395508
0.0,45.36769104003906,39.42,-9.447869300842285
0.0,45.28950500488281,39.43,-9.430922508239746
0.0,45.20618438720703,39.44,-9.4194917678833
0.0,45.124691009521484,39.45,-9.406278610229492
0.0,45.045005798339844,39.46,-9.391324043273926
0.0,44.96710968017578,39.47,-9.374666213989258
0.0,44.88924026489258,39.48,-9.358154296875
0.0,44.814876556396484,39.49,-9.338168144226074
0.0,44.74049758911133,39.5,-9.318404197692871
0.0,44.666099548339844,39.51,-9.29886245727539
0.0,44.58652114868164,39.52,-9.284917831420898
0.0,44.50697326660156,39.53,-9.271082878112793
0.0,44.42228698730469,39.54,-9.262733459472656
0.0,44.33942794799805,39.55,-9.252573013305664
0.0,44.25320816040039,39.56,-9.246015548706055
0.0,44.163604736328125,39.57,-9.24304485321045
0.0,44.07587432861328,39.58,-9.23815631866455
0.0,43.98999786376953,39.59,-9.231389999389648
0.0,43.90595626831055,39.6,-9.222785949707031
0.0,43.81856155395508,39.61,-9.21776008605957
0.0,43.73301315307617,39.62,-9.21086311340332
0.0,43.630252838134766,39.63,-9.221939086914062
0.0,43.520851135253906,39.64,-9.239809036254883
0.0,43.41352462768555,39.65,-9.255331993103027
0.0,43.30657196044922,39.66,-9.270307540893555
0.0,43.2016716003418,39.67,-9.282989501953125
0.0,43.09532928466797,39.68,-9.297043800354004
0.0,42.99103546142578,39.69,-9.308817863464355
0.0,42.88877487182617,39.7,-9.31835651397705
0.0,42.78852462768555,39.71,-9.325702667236328
0.0,42.6833610534668,39.72,-9.338086128234863
0.0,42.58715057373047,39.73,-9.34103012084961
0.0,42.48598098754883,39.74,-9.349098205566406
0.0,42.38855743408203,39.75,-9.353188514709473
0.0,42.29652786254883,39.76,-9.351627349853516
0.0,42.202980041503906,39.77,-9.35166072845459
0.0,42.109615325927734,39.78,-9.35150146484375
0.0,42.0181770324707,39.79,-9.349342346191406
0.0,41.916507720947266,39.8,-9.357842445373535
0.0,41.81342315673828,39.81,-9.367728233337402
0.0,41.712364196777344,39.82,-9.375405311584473
0.0,41.616737365722656,39.83,-9.377352714538574
0.0,41.51963424682617,39.84,-9.380816459655762
0.0,41.42275619506836,39.85,-9.384010314941406
0.0,41.317447662353516,39.86,-9.39593505859375
0.0,41.21419143676758,39.87,-9.40560245513916
0.0,41.11296844482422,39.88,-9.413057327270508
0.0,41.013755798339844,39.89,-9.418342590332031
0.0,40.91653060913086,39.9,-9.421503067016602
0.0,40.81785202026367,39.91,-9.42614459991455
0.0,40.70903015136719,39.92,-9.441288948059082
0.0,40.61442947387695,39.93,-9.441483497619629
0.0,40.52177429199219,39.94,-9.439653396606445
0.0,40.43104553222656,39.95,-9.435839653015137
0.0,40.34222412109375,39.96,-9.430084228515625
0.0,40.24147033691406,39.97,-9.436797142028809
0.0,40.15131759643555,39.98,-9.432414054870605
0.0,40.06306076049805,39.99,-9.426101684570312
0.0,39.9766845703125,40.0,-9.417901039123535
0.0,39.89216995239258,40.01,-9.407853126525879
0.0,39.80949020385742,40.02,-9.395998001098633
0.0,39.697513580322266,40.03,-9.414732933044434
0.0,39.58766174316406,40.04,-9.431066513061523
0.0,39.47822189331055,40.05,-9.446798324584961
0.0,39.37088394165039,40.06,-9.460184097290039
0.0,39.26388168334961,40.07,-9.473078727722168
0.0,39.158958435058594,40.08,-9.48367977142334
0.0,39.04743957519531,40.09,-9.50102710723877
0.0,38.936309814453125,40.1,-9.517793655395508
0.0,38.82039260864258,40.11,-9.539361000061035
0.0,38.698055267333984,40.12,-9.56737995147705
0.0,38.577964782714844,40.13,-9.5927734375
0.0,38.46868896484375,40.14,-9.606653213500977
0.0,38.36153030395508,40.15,-9.61819076538086
0.0,38.247867584228516,40.16,-9.636368751525879
0.0,38.13636779785156,40.17,-9.652109146118164
0.0,38.02701187133789,40.18,-9.665459632873535
0.0,37.919776916503906,40.19,-9.67646598815918
0.0,37.814640045166016,40.2,-9.685173988342285
0.0,37.70119094848633,40.21,-9.702433586120605
0.0,37.589908599853516,40.22,-9.71726131439209
0.0,37.47903060913086,40.23,-9.731513023376465
0.0,37.37029266357422,40.24,-9.743388175964355
0.0,37.26367950439453,40.25,-9.752933502197266
0.0,37.155738830566406,40.26,-9.763757705688477
0.0,37.04817581176758,40.27,-9.774078369140625
0.0,36.939247131347656,40.28,-9.785715103149414
0.0,36.83418273925781,40.29,-9.793207168579102
0.0,36.7312126159668,40.3,-9.79844856262207
0.0,36.62514114379883,40.31,-9.80685806274414
0.0,36.505615234375,40.32,-9.829172134399414
0.0,36.388328552246094,40.33,-9.848922729492188
0.0,36.266357421875,40.34,-9.87334156036377
0.0,36.14665985107422,40.35,-9.89514446258545
0.0,36.02920913696289,40.36,-9.914380073547363
0.0,35.91399002075195,40.37,-9.931097030639648
0.0,35.80097579956055,40.38,-9.945343971252441
0.0,35.69015121459961,40.39,-9.957168579101562
0.0,35.58149337768555,40.4,-9.966618537902832
0.0,35.474979400634766,40.41,-9.973740577697754
0.0,35.36541748046875,40.42,-9.983954429626465
0.0,35.25110626220703,40.43,-9.999003410339355
0.0,35.14590835571289,40.44,-10.004419326782227
0.0,35.042823791503906,40.45,-10.007582664489746
0.0,34.93492126464844,40.46,-10.015721321105957
0.0,34.82741928100586,40.47,-10.023358345031738
0.0,34.72205352783203,40.48,-10.028693199157715
0.0,34.618804931640625,40.49,-10.031770706176758
0.0,34.51765060424805,40.5,-10.032637596130371
0.0,34.41509246826172,40.51,-10.034958839416504
0.0,34.31462097167969,40.52,-10.03508472442627
0.0,34.212791442871094,40.53,-10.036623001098633
0.0,34.109561920166016,40.54,-10.03960132598877
0.0,34.008426666259766,40.55,-10.040369033813477
0.0,33.91284942626953,40.56,-10.03535270690918
0.0,33.8158073425293,40.57,-10.03191089630127
0.0,33.71905517578125,40.58,-10.028203010559082
0.0,33.62264633178711,40.59,-10.024177551269531
0.0,33.524776458740234,40.6,-10.021709442138672
0.0,33.42894744873047,40.61,-10.017147064208984
0.0,33.33171081542969,40.62,-10.014097213745117
0.0,33.234764099121094,40.63,-10.01077651977539
0.0,33.13984298706055,40.64,-10.00538158416748
0.0,33.04692840576172,40.65,-9.997956275939941
0.0,32.95600128173828,40.66,-9.988544464111328
0.0,32.85839080810547,40.67,-9.986180305480957
0.0,32.75938415527344,40.68,-9.98529052734375
0.0,32.660682678222656,40.69,-9.984091758728027
0.0,32.56402587890625,40.7,-9.980780601501465
0.0,32.469390869140625,40.71,-9.975401878356934
0.0,32.37501525878906,40.72,-9.969808578491211
0.0,32.270565032958984,40.73,-9.974751472473145
0.0,32.16473388671875,40.74,-9.981077194213867
0.0,32.06101989746094,40.75,-9.985136032104492
0.0,31.957714080810547,40.76,-9.988727569580078
0.0,31.854759216308594,40.77,-9.99191665649414
0.0,31.75389289855957,40.78,-9.992901802062988
0.0,31.655092239379883,40.79,-9.991727828979492
0.0,31.5462646484375,40.8,-10.000993728637695
0.0,31.43610382080078,40.81,-10.011548042297363
0.0,31.314292907714844,40.82,-10.034106254577637
0.0,31.194766998291016,40.83,-10.054052352905273
0.0,31.07750701904297,40.84,-10.071435928344727
0.0,30.960750579833984,40.85,-10.088115692138672
0.0,30.84280776977539,40.86,-10.105855941772461
0.0,30.730545043945312,40.87,-10.11750602722168
0.0,30.61705207824707,40.88,-10.1303129196167
0.0,30.504030227661133,40.89,-10.142498016357422
0.0,30.39321517944336,40.9,-10.152261734008789
0.0,30.281158447265625,40.91,-10.163214683532715
0.0,30.17298698425293,40.92,-10.170013427734375
0.0,30.06697654724121,40.93,-10.174495697021484
0.0,29.957935333251953,40.94,-10.182080268859863
0.0,29.84589958190918,40.95,-10.192702293395996
0.0,29.736064910888672,40.96,-10.200923919677734
0.0,29.62841033935547,40.97,-10.206792831420898
0.0,29.514266967773438,40.98,-10.219347953796387
0.0,29.4023494720459,40.99,-10.22945785522461
0.0,29.29263687133789,41.0,-10.237170219421387
0.0,29.185108184814453,41.01,-10.242532730102539
0.0,29.079740524291992,41.02,-10.245593070983887
0.0,28.976511001586914,41.03,-10.246397972106934
0.0,28.875396728515625,41.04,-10.244994163513184
0.0,28.776378631591797,41.05,-10.241426467895508
0.0,28.679431915283203,41.06,-10.235740661621094
0.0,28.584537506103516,41.07,-10.227981567382812
0.0,28.48307991027832,41.08,-10.227127075195312
0.0,28.383718490600586,41.09,-10.224102020263672
0.0,28.270877838134766,41.1,-10.235122680664062
0.0,28.16025161743164,41.11,-10.24372673034668
0.0,28.048391342163086,41.12,-10.253523826599121
0.0,27.938737869262695,41.13,-10.260924339294434
0.0,27.831268310546875,41.14,-10.265976905822754
0.0,27.725961685180664,41.15,-10.268729209899902
0.0,27.62279510498047,41.16,-10.269227027893066
0.0,27.520008087158203,41.17,-10.269326210021973
0.0,27.41759490966797,41.18,-10.269035339355469
0.0,27.31212615966797,41.19,-10.27192497253418
0.0,27.207059860229492,41.2,-10.27436637878418
0.0,27.097225189208984,41.21,-10.281739234924316
0.0,26.987838745117188,41.22,-10.288569450378418
0.0,26.877208709716797,41.23,-10.29662036895752
0.0,26.77220344543457,41.24,-10.298739433288574
0.0,26.669340133666992,41.25,-10.298611640930176
0.0,26.56859588623047,41.26,-10.296282768249512
0.0,26.466520309448242,41.27,-10.295360565185547
0.0,26.371721267700195,41.28,-10.286883354187012
0.0,26.278955459594727,41.29,-10.276378631591797
0.0,26.184776306152344,41.3,-10.26745319366455
0.0,26.092622756958008,41.31,-10.256514549255371
0.0,26.002471923828125,41.32,-10.243606567382812
0.0,25.90391731262207,41.33,-10.239571571350098
0.0,25.802263259887695,41.34,-10.238800048828125
0.0,25.702709197998047,41.35,-10.23585319519043
0.0,25.605234146118164,41.36,-10.2307767868042
0.0,25.50981330871582,41.37,-10.223615646362305
0.0,25.416427612304688,41.38,-10.214414596557617
0.0,25.325054168701172,41.39,-10.203217506408691
0.0,25.23567008972168,41.4,-10.190067291259766
0.0,25.146514892578125,41.41,-10.176816940307617
0.0,25.059324264526367,41.42,-10.161662101745605
0.0,24.956838607788086,41.43,-10.162567138671875
0.0,24.854711532592773,41.44,-10.163087844848633
0.0,24.754680633544922,41.45,-10.161423683166504
0.0,24.65672492980957,41.46,-10.15761947631836
0.0,24.560823440551758,41.47,-10.15172004699707
0.0,24.46695327758789,41.48,-10.143770217895508
0.0,24.36818504333496,41.49,-10.14099407196045
0.0,24.2714786529541,41.5,-10.136104583740234
0.0,24.161312103271484,41.51,-10.145259857177734
0.0,24.05332374572754,41.52,-10.152055740356445
0.0,23.937158584594727,41.53,-10.167281150817871
0.0,23.840473175048828,41.54,-10.162096977233887
0.0,23.745826721191406,41.55,-10.154845237731934
0.0,23.635961532592773,41.56,-10.163491249084473
0.0,23.52479362487793,41.57,-10.173402786254883
0.0,23.419296264648438,41.58,-10.177315711975098
0.0,23.315933227539062,41.59,-10.178970336914062
0.0,23.214679718017578,41.6,-10.178413391113281
0.0,23.112035751342773,41.61,-10.17930793762207
0.0,23.008068084716797,41.62,-10.181568145751953
0.0,22.904478073120117,41.63,-10.183412551879883
0.0,22.799522399902344,41.64,-10.186657905578613
0.0,22.69669532775879,41.65,-10.187657356262207
0.0,22.59597396850586,41.66,-10.186456680297852
0.0,22.495651245117188,41.67,-10.184853553771973
0.0,22.397409439086914,41.68,-10.18110466003418
0.0,22.301225662231445,41.69,-10.175254821777344
0.0,22.196691513061523,41.7,-10.178145408630371
0.0,22.092594146728516,41.71,-10.180551528930664
0.0,21.98545265197754,41.72,-10.186100006103516
0.0,21.878719329833984,41.73,-10.19116497039795
0.0,21.770652770996094,41.74,-10.197563171386719
0.0,21.66474723815918,41.75,-10.201647758483887
0.0,21.56098175048828,41.76,-10.203465461730957
0.0,21.459333419799805,41.77,-10.203063011169434
0.0,21.359783172607422,41.78,-10.200486183166504
0.0,21.262304306030273,41.79,-10.195779800415039
0.0,21.166879653930664,41.8,-10.188989639282227
0.0,21.07179832458496,41.81,-10.18191146850586
0.0,20.975261688232422,41.82,-10.17641830444336
0.0,20.87734031677246,41.83,-10.172422409057617
0.0,20.78147315979004,41.84,-10.166333198547363
0.0,20.687639236450195,41.85,-10.158193588256836
0.0,20.595815658569336,41.86,-10.148048400878906
0.0,20.5059814453125,41.87,-10.135941505432129
0.0,20.418113708496094,41.88,-10.121914863586426
0.0,20.32012176513672,41.89,-10.118560791015625
0.0,20.208627700805664,41.9,-10.129278182983398
0.0,20.09763526916504,41.91,-10.139359474182129
0.0,19.987091064453125,41.92,-10.148873329162598
0.0,19.878726959228516,41.93,-10.156020164489746
0.0,19.75702476501465,41.94,-10.176957130432129
0.0,19.637622833251953,41.95,-10.19528579711914
0.0,19.5273494720459,41.96,-10.203934669494629
0.0,19.419261932373047,41.97,-10.210222244262695
0.0,19.313337326049805,41.98,-10.21419620513916
0.0,19.202701568603516,41.99,-10.22302532196045
0.0,19.099422454833984,42.0,-10.224116325378418
0.0,18.996517181396484,42.01,-10.224806785583496
0.0,18.895723342895508,42.02,-10.223295211791992
0.0,18.797016143798828,42.03,-10.21962833404541
0.0,18.70037841796875,42.04,-10.213850975036621
0.0,18.605785369873047,42.05,-10.20600700378418
0.0,18.513216018676758,42.06,-10.196141242980957
0.0,18.42264747619629,42.07,-10.184297561645508
0.0,18.33405876159668,42.08,-10.170519828796387
0.0,18.240522384643555,42.09,-10.162028312683105
0.0,18.136924743652344,42.1,-10.164085388183594
0.0,18.035436630249023,42.11,-10.163926124572754
0.0,17.93087387084961,42.12,-10.16696548461914
0.0,17.828433990478516,42.13,-10.167767524719238
0.0,17.72809410095215,42.14,-10.166378021240234
0.0,17.622926712036133,42.15,-10.17002010345459
0.0,17.528533935546875,42.16,-10.16242504119873
0.0,17.4361572265625,42.17,-10.152812957763672
0.0,17.345775604248047,42.18,-10.141226768493652
0.0,17.253887176513672,42.19,-10.131327629089355
0.0,17.163986206054688,42.2,-10.119464874267578
0.0,17.076051712036133,42.21,-10.105681419372559
0.0,16.986635208129883,42.22,-10.093581199645996
0.0,16.89227294921875,42.23,-10.086749076843262
0.0,16.80682373046875,42.24,-10.070721626281738
0.0,16.723289489746094,42.25,-10.05286979675293
0.0,16.639909744262695,42.26,-10.035043716430664
0.0,16.558420181274414,42.27,-10.015438079833984
0.0,16.480539321899414,42.28,-9.99228572845459
0.0,16.402748107910156,42.29,-9.969281196594238
0.0,16.3267822265625,42.3,-9.94461727142334
0.0,16.252622604370117,42.31,-9.918334007263184
0.0,16.18024444580078,42.32,-9.890470504760742
0.0,16.101037979125977,42.33,-9.869994163513184
0.0,16.01675796508789,42.34,-9.855006217956543
0.0,15.929193496704102,42.35,-9.843587875366211
0.0,15.84870719909668,42.36,-9.824930191040039
0.0,15.749344825744629,42.37,-9.82608699798584
0.0,15.648590087890625,42.38,-9.828679084777832
0.0,15.544718742370605,42.39,-9.834484100341797
0.0,15.442927360534668,42.4,-9.838066101074219
0.0,15.343194961547852,42.41,-9.839470863342285
0.0,15.243762016296387,42.42,-9.840550422668457
0.0,15.148103713989258,42.43,-9.837695121765137
0.0,15.054441452026367,42.44,-9.832794189453125
0.0,14.955850601196289,42.45,-9.833067893981934
0.0,14.859285354614258,42.46,-9.831233024597168
0.0,14.764724731445312,42.47,-9.827333450317383
0.0,14.665243148803711,42.48,-9.82858943939209
0.0,14.560945510864258,42.49,-9.834837913513184
0.0,14.458732604980469,42.5,-9.838854789733887
0.0,14.358583450317383,42.51,-9.84068489074707
0.0,14.260477066040039,42.52,-9.840372085571289
0.0,14.145417213439941,42.53,-9.857684135437012
0.0,14.037721633911133,42.54,-9.867162704467773
0.0,13.926982879638672,42.55,-9.879704475402832
0.0,13.81497573852539,42.56,-9.89343547821045
0.0,13.708563804626465,42.57,-9.90120792388916
0.0,13.600839614868164,42.58,-9.910263061523438
0.0,13.483173370361328,42.59,-9.929557800292969
0.0,13.362574577331543,42.6,-9.951700210571289
0.0,13.261475563049316,42.61,-9.953344345092773
0.0,13.14004135131836,42.62,-9.97610855102539
0.0,13.020882606506348,42.63,-9.996271133422852
0.0,12.903977394104004,42.64,-10.013880729675293
0.0,12.789305686950684,42.65,-10.028985977172852
0.0,12.673365592956543,42.66,-10.045251846313477
0.0,12.561391830444336,42.67,-10.05722713470459
0.0,12.451603889465332,42.68,-10.066804885864258
0.0,12.343981742858887,42.69,-10.0740327835083
0.0,12.236763954162598,42.7,-10.080765724182129
0.0,12.13342571258545,42.71,-10.083395957946777
0.0,12.030447959899902,42.72,-10.085623741149902
0.0,11.926142692565918,42.73,-10.089208602905273
0.0,11.827373504638672,42.74,-10.087002754211426
0.0,11.727232933044434,42.75,-10.086244583129883
0.0,11.629159927368164,42.76,-10.083345413208008
0.0,11.533132553100586,42.77,-10.078349113464355
0.0,11.439130783081055,42.78,-10.071300506591797
0.0,11.347132682800293,42.79,-10.062243461608887
0.0,11.253636360168457,42.8,-10.054837226867676
0.0,11.158710479736328,42.81,-10.048993110656738
0.0,11.060630798339844,42.82,-10.046487808227539
0.0,10.964593887329102,42.83,-10.041886329650879
0.0,10.870577812194824,42.84,-10.035231590270996
0.0,10.768231391906738,42.85,-10.037303924560547
0.0,10.666231155395508,42.86,-10.038995742797852
0.0,10.566312789916992,42.87,-10.038505554199219
0.0,10.46845531463623,42.88,-10.035879135131836
0.0,10.372636795043945,42.89,-10.031160354614258
0.0,10.278836250305176,42.9,-10.024394035339355
0.0,10.187031745910645,42.91,-10.015623092651367
0.0,10.0955171585083,42.92,-10.00664234161377
0.0,10.002493858337402,42.93,-9.999322891235352
0.0,9.895960807800293,42.94,-10.006118774414062
0.0,9.810526847839355,42.95,-9.99091625213623
0.0,9.723520278930664,42.96,-9.977505683898926
0.0,9.622941017150879,42.97,-9.978341102600098
0.0,9.522684097290039,42.98,-9.97883415222168
0.0,9.422799110412598,42.99,-9.978934288024902
0.0,9.324968338012695,43.0,-9.976898193359375
0.0,9.229170799255371,43.01,-9.972770690917969
0.0,9.135384559631348,43.02,-9.966595649719238
0.0,9.043588638305664,43.03,-9.958416938781738
0.0,8.93995189666748,43.04,-9.962628364562988
0.0,8.83666706085205,43.05,-9.9664306640625
0.0,8.73204517364502,43.06,-9.971583366394043
0.0,8.632949829101562,43.07,-9.970937728881836
0.0,8.535900115966797,43.08,-9.96817398071289
0.0,8.440874099731445,43.09,-9.963335037231445
0.0,8.344426155090332,43.1,-9.9600248336792
0.0,8.249995231628418,43.11,-9.954652786254883
0.0,8.150654792785645,43.12,-9.954438209533691
0.0,8.046510696411133,43.13,-9.959218978881836
0.0,7.944462299346924,43.14,-9.961771965026855
0.0,7.844488620758057,43.15,-9.962141990661621
0.0,7.746568202972412,43.16,-9.96037483215332
0.0,7.643775463104248,43.17,-9.963688850402832
0.0,7.532735824584961,43.18,-9.975539207458496
0.0,7.434194087982178,43.19,-9.974278450012207
0.0,7.327363014221191,43.2,-9.981645584106445
0.0,7.222657680511475,43.21,-9.986726760864258
0.0,7.120056629180908,43.22,-9.989567756652832
0.0,7.021278381347656,43.23,-9.98840618133545
0.0,6.924543857574463,43.24,-9.985133171081543
0.0,6.828092098236084,43.25,-9.981600761413574
0.0,6.719905853271484,43.26,-9.990300178527832
0.0,6.629352569580078,43.27,-9.980583190917969
0.0,6.525264739990234,43.28,-9.98503303527832
0.0,6.419795989990234,43.29,-9.990872383117676
0.0,6.318179130554199,43.3,-9.992647171020508
0.0,6.206567287445068,43.31,-10.004791259765625
0.0,6.095393180847168,43.32,-10.01635456085205
0.0,5.986392974853516,43.33,-10.025538444519043
0.0,5.881284713745117,43.34,-10.0305814743042
0.0,5.783453941345215,43.35,-10.028009414672852
0.0,5.68075704574585,43.36,-10.03052043914795
0.0,5.580148696899414,43.37,-10.03083610534668
0.0,5.481606960296631,43.38,-10.029000282287598
0.0,5.385110378265381,43.39,-10.025057792663574
0.0,5.290637493133545,43.4,-10.01905345916748
0.0,5.196481704711914,43.41,-10.012781143188477
0.0,5.097421169281006,43.42,-10.011672019958496
0.0,4.996984481811523,43.43,-10.012004852294922
0.0,4.898611068725586,43.44,-10.0101900100708
0.0,4.802278995513916,43.45,-10.006272315979004
0.0,4.707967281341553,43.46,-10.000295639038086
0.0,4.615654468536377,43.47,-9.992303848266602
0.0,4.5218939781188965,43.48,-9.985898971557617
0.0,4.4301252365112305,43.49,-9.97749137878418
0.0,4.34032678604126,43.5,-9.967123985290527
0.0,4.252477169036865,43.51,-9.954838752746582
0.0,4.157912254333496,43.52,-9.949660301208496
0.0,4.0584940910339355,43.53,-9.949578285217285
0.0,3.9628069400787354,43.54,-9.9456205368042
0.0,3.8674421310424805,43.55,-9.94136905670166
0.0,3.774080991744995,43.56,-9.935079574584961
0.0,3.6740591526031494,43.57,-9.935776710510254
0.0,3.5760879516601562,43.58,-9.934335708618164
0.0,3.4801464080810547,43.59,-9.930800437927246
0.0,3.3862130641937256,43.6,-9.925214767456055
0.0,3.294266700744629,43.61,-9.917622566223145
0.0,3.2042863368988037,43.62,-9.908065795898438
0.0,3.11625075340271,43.63,-9.896587371826172
0.0,3.0301384925842285,43.64,-9.883230209350586
0.0,2.9459285736083984,43.65,-9.868034362792969
0.0,2.863600015640259,43.66,-9.851041793823242
0.0,2.7813918590545654,43.67,-9.834100723266602
0.0,2.701040744781494,43.68,-9.81540584564209
0.0,2.624265193939209,43.69,-9.793190002441406
0.0,2.552765369415283,43.7,-9.765722274780273
0.0,2.4846904277801514,43.71,-9.734980583190918
0.0,2.4183168411254883,43.72,-9.702790260314941
0.0,2.353624105453491,43.73,-9.669188499450684
0.0,2.290591239929199,43.74,-9.634210586547852
0.0,2.2291975021362305,43.75,-9.597892761230469
0.0,2.1694223880767822,43.76,-9.560270309448242
0.0,2.094068765640259,43.77,-9.539228439331055
0.0,2.0204713344573975,43.78,-9.516579627990723
0.0,1.9451308250427246,43.79,-9.495977401733398
0.0,1.871541976928711,43.8,-9.473769187927246
0.0,1.796260118484497,43.81,-9.453551292419434
0.0,1.7193005084991455,43.82,-9.435287475585938
0.0,1.6441028118133545,43.83,-9.415382385253906
0.0,1.57064688205719,43.84,-9.393874168395996
0.0,1.4989126920700073,43.85,-9.370800018310547
0.0,1.427140712738037,43.86,-9.348005294799805
0.0,1.3570683002471924,43.87,-9.323680877685547
0.0,1.2904150485992432,43.88,-9.296056747436523
0.0,1.2254034280776978,43.89,-9.267013549804688
0.0,1.155110478401184,43.9,-9.243760108947754
0.0,1.0744242668151855,43.91,-9.231548309326172
0.0,0.9955174922943115,43.92,-9.217615127563477
0.0,0.9080429673194885,43.93,-9.212729454040527
0.0,0.8327431082725525,43.94,-9.195243835449219
0.0,0.753999650478363,43.95,-9.181517601013184
0.0,0.6770104765892029,43.96,-9.16611099243164
0.0,0.6017558574676514,43.97,-9.149062156677246
0.0,0.5230526328086853,43.98,-9.135774612426758
0.0,0.4460985064506531,43.99,-9.120807647705078
0.0,0.37087392807006836,44.0,-9.104198455810547
0.0,0.29567447304725647,44.01,-9.087736129760742
0.0,0.22218313813209534,44.02,-9.069669723510742
0.0,0.1383138746023178,44.03,-9.062575340270996
0.0,0.0528150349855423,44.04,-9.05724811553955
0.0,-0.03261217847466469,44.05,-9.051901817321777
0.0,-0.11622977256774902,44.06,-9.044730186462402
0.0,-0.19805710017681122,44.07,-9.035773277282715
0.0,-0.28327709436416626,44.08,-9.030434608459473
0.0,-0.36669182777404785,44.09,-9.023275375366211
0.0,-0.448320597410202,44.1,-9.014334678649902
0.0,-0.5401946306228638,44.11,-9.016133308410645
0.0,-0.6319357752799988,44.12,-9.01777458190918
0.0,-0.7235450744628906,44.13,-9.019262313842773
0.0,-0.8167088031768799,44.14,-9.02234935760498
0.0,-0.9183133840560913,44.15,-9.034175872802734
0.0,-1.033434271812439,44.16,-9.059924125671387
0.0,-1.1464391946792603,44.17,-9.083206176757812
0.0,-1.2641961574554443,44.18,-9.111184120178223
0.0,-1.3798048496246338,44.19,-9.136638641357422
0.0,-1.4950239658355713,44.2,-9.161423683166504
0.0,-1.6184425354003906,44.21,-9.19447135925293
0.0,-1.739646077156067,44.22,-9.224873542785645
0.0,-1.863817572593689,44.23,-9.258044242858887
0.0,-1.9857598543167114,44.24,-9.288553237915039
0.0,-2.1037533283233643,44.25,-9.314641952514648
0.0,-2.2213144302368164,44.26,-9.340010643005371
0.0,-2.3367056846618652,44.27,-9.362861633300781
0.0,-2.4482078552246094,44.28,-9.381433486938477
0.0,-2.5541744232177734,44.29,-9.394060134887695
0.0,-2.661508798599243,44.3,-9.407977104187012
0.0,-2.7753593921661377,44.31,-9.428520202636719
0.0,-2.8870692253112793,44.32,-9.446625709533691
0.0,-2.9966585636138916,44.33,-9.462339401245117
0.0,-3.104147434234619,44.34,-9.4757080078125
0.0,-3.2095563411712646,44.35,-9.486776351928711
0.0,-3.292306661605835,44.36,-9.474185943603516
0.0,-3.380079746246338,44.37,-9.466944694519043
0.0,-3.4659764766693115,44.38,-9.457829475402832
0.0,-3.5500171184539795,44.39,-9.446880340576172
0.0,-3.6322219371795654,44.4,-9.434137344360352
0.0,-3.712610960006714,44.41,-9.41964054107666
0.0,-3.794628620147705,44.42,-9.406986236572266
0.0,-3.8714115619659424,44.43,-9.389023780822754
0.0,-3.9498629570007324,44.44,-9.372982025146484
0.0,-4.026543617248535,44.45,-9.355267524719238
0.0,-4.101473331451416,44.46,-9.335917472839355
0.0,-4.183313846588135,44.47,-9.323949813842773
0.0,-4.2547125816345215,44.48,-9.30125617980957
0.0,-4.32442045211792,44.49,-9.2770414352417
0.0,-4.392457485198975,44.5,-9.2513427734375
0.0,-4.45884370803833,44.51,-9.22419548034668
0.0,-4.527076721191406,44.52,-9.199249267578125
0.0,-4.6022491455078125,44.53,-9.181772232055664
0.0,-4.667117118835449,44.54,-9.153770446777344
0.0,-4.730376243591309,44.55,-9.124388694763184
0.0,-4.792046546936035,44.56,-9.093661308288574
0.0,-4.852147579193115,44.57,-9.061622619628906
0.0,-4.919285774230957,44.58,-9.03722858428955
0.0,-4.988227844238281,44.59,-9.014962196350098
0.0,-5.0555338859558105,44.6,-8.991228103637695
0.0,-5.1281256675720215,44.61,-8.97323226928711
0.0,-5.19556999206543,44.62,-8.950074195861816
0.0,-5.26140022277832,44.63,-8.925479888916016
0.0,-5.32563591003418,44.64,-8.899484634399414
0.0,-5.3831868171691895,44.65,-8.866814613342285
0.0,-5.444343090057373,44.66,-8.838229179382324
0.0,-5.500537395477295,44.67,-8.80478572845459
0.0,-5.555248260498047,44.68,-8.770148277282715
0.0,-5.6119184494018555,44.69,-8.737906455993652
0.0,-5.667107582092285,44.7,-8.704461097717285
0.0,-5.717410087585449,44.71,-8.66628646850586
0.0,-5.766304016113281,44.72,-8.627044677734375
0.0,-5.820710182189941,44.73,-8.593937873840332
0.0,-5.8908467292785645,44.74,-8.577519416809082
0.0,-5.959380149841309,44.75,-8.559605598449707
0.0,-6.0418171882629395,44.76,-8.556323051452637
0.0,-6.1225266456604,44.77,-8.55128002166748
0.0,-6.201526641845703,44.78,-8.544513702392578
0.0,-6.278835296630859,44.79,-8.536060333251953
0.0,-6.354471206665039,44.8,-8.525957107543945
0.0,-6.428452491760254,44.81,-8.514239311218262
0.0,-6.49221134185791,44.82,-8.492021560668945
0.0,-6.554440975189209,44.83,-8.468446731567383
0.0,-6.6116814613342285,44.84,-8.439932823181152
0.0,-6.6674652099609375,44.85,-8.410202026367188
0.0,-6.721810817718506,44.86,-8.37928581237793
0.0,-6.774735927581787,44.87,-8.347214698791504
0.0,-6.829736709594727,44.88,-8.317633628845215
0.0,-6.8833160400390625,44.89,-8.286883354187012
0.0,-6.935492992401123,44.9,-8.254995346069336
0.0,-6.986284255981445,44.91,-8.221999168395996
0.0,-7.037392616271973,44.92,-8.189675331115723
0.0,-7.087132930755615,44.93,-8.156266212463379
0.0,-7.133838176727295,44.94,-8.120051383972168
0.0,-7.172326564788818,44.95,-8.075675964355469
0.0,-7.209589004516602,44.96,-8.030487060546875
0.0,-7.24564266204834,44.97,-7.984511852264404
0.0,-7.273656845092773,44.98,-7.930662155151367
0.0,-7.300567626953125,44.99,-7.876225471496582
0.0,-7.331554412841797,45.0,-7.826589584350586
0.0,-7.361417770385742,45.01,-7.776302337646484
0.0,-7.390174865722656,45.02,-7.725388050079346
0.0,-7.417841911315918,45.03,-7.673870086669922
0.0,-7.4495439529418945,45.04,-7.627079486846924
0.0,-7.475027084350586,45.05,-7.574314594268799
0.0,-7.506316661834717,45.06,-7.528130531311035
0.0,-7.536510467529297,45.07,-7.481287956237793
0.0,-7.565624713897705,45.08,-7.433810234069824
0.0,-7.595414161682129,45.09,-7.3875274658203125
0.0,-7.622398853302002,45.1,-7.33881139755249
0.0,-7.646612167358398,45.11,-7.287722587585449
0.0,-7.664719104766846,45.12,-7.230820655822754
0.0,-7.681896209716797,45.13,-7.173543930053711
0.0,-7.703267574310303,45.14,-7.121219635009766
0.0,-7.723687171936035,45.15,-7.068449974060059
0.0,-7.743169784545898,45.16,-7.015255928039551
0.0,-7.761731147766113,45.17,-6.9616570472717285
0.0,-7.779386043548584,45.18,-6.907672882080078
0.0,-7.796148777008057,45.19,-6.853323459625244
0.0,-7.8137736320495605,45.2,-6.800434112548828
0.0,-7.83225679397583,45.21,-6.74898624420166
0.0,-7.849856376647949,45.22,-6.697154998779297
0.0,-7.866586685180664,45.23,-6.644958972930908
0.0,-7.884146213531494,45.24,-6.5941667556762695
0.0,-7.900847434997559,45.25,-6.543010234832764
0.0,-7.916703701019287,45.26,-6.4915080070495605
0.0,-7.931729793548584,45.27,-6.439678192138672
0.0,-7.945939064025879,45.28,-6.387538909912109
0.0,-7.954183101654053,45.29,-6.3297438621521
0.0,-7.954844951629639,45.3,-6.264671802520752
0.0,-7.949692726135254,45.31,-6.1942362785339355
0.0,-7.9439568519592285,45.32,-6.123926162719727
0.0,-7.93765115737915,45.33,-6.053753852844238
0.0,-7.930787086486816,45.34,-5.983731746673584
0.0,-7.923378944396973,45.35,-5.9138712882995605
0.0,-7.915439128875732,45.36,-5.844184398651123
0.0,-7.906979560852051,45.37,-5.77468204498291
0.0,-7.9049153327941895,45.38,-5.712545394897461
0.0,-7.907392978668213,45.39,-5.655773162841797
0.0,-7.909263610839844,45.4,-5.598959922790527
0.0,-7.905431747436523,45.41,-5.536812782287598
0.0,-7.901069641113281,45.42,-5.474761009216309
0.0,-7.8961896896362305,45.43,-5.412815570831299
0.0,-7.890803337097168,45.44,-5.350987911224365
0.0,-7.884922504425049,45.45,-5.2892889976501465
0.0,-7.880242824554443,45.46,-5.22947883605957
0.0,-7.878497123718262,45.47,-5.173338413238525
0.0,-7.872814178466797,45.48,-5.1136908531188965
0.0,-7.871826171875,45.49,-5.059540748596191
0.0,-7.870328426361084,45.5,-5.005423069000244
0.0,-7.868331432342529,45.51,-4.951349258422852
0.0,-7.865845680236816,45.52,-4.897329807281494
0.0,-7.862882137298584,45.53,-4.843375205993652
0.0,-7.8594512939453125,45.54,-4.789495944976807
0.0,-7.858986854553223,45.55,-4.7392578125
0.0,-7.858039855957031,45.56,-4.689040660858154
0.0,-7.856620788574219,45.57,-4.638854503631592
0.0,-7.854739665985107,45.58,-4.588709831237793
0.0,-7.852406024932861,45.59,-4.538616180419922
0.0,-7.8513689041137695,45.6,-4.490389347076416
0.0,-7.851619243621826,45.61,-4.4440016746521
0.0,-7.851409912109375,45.62,-4.397618770599365
0.0,-7.84901237487793,45.63,-4.3494439125061035
0.0,-7.84445333480835,45.64,-4.299524307250977
0.0,-7.839499473571777,45.65,-4.249712944030762
0.0,-7.83073616027832,45.66,-4.196462154388428
0.0,-7.82505464553833,45.67,-4.146966457366943
0.0,-7.819005489349365,45.68,-4.097602844238281
0.0,-7.809174060821533,45.69,-4.044822692871094
0.0,-7.792181491851807,45.7,-3.985151529312134
0.0,-7.781800746917725,45.71,-3.932968854904175
0.0,-7.771121978759766,45.72,-3.881019115447998
0.0,-7.761893272399902,45.73,-3.831115245819092
0.0,-7.752365589141846,45.74,-3.781419277191162
0.0,-7.747709274291992,45.75,-3.737300157546997
0.0,-7.7427167892456055,45.76,-3.6932899951934814
0.0,-7.737395763397217,45.77,-3.6493959426879883
0.0,-7.731754302978516,45.78,-3.6056251525878906
0.0,-7.725800037384033,45.79,-3.5619843006134033
0.0,-7.724648475646973,45.8,-3.5237860679626465
0.0,-7.718039035797119,45.81,-3.4803149700164795
0.0,-7.707662105560303,45.82,-3.433382034301758
0.0,-7.6970391273498535,45.83,-3.386680841445923
0.0,-7.684493064880371,45.84,-3.3384668827056885
0.0,-7.6717329025268555,45.85,-3.2905313968658447
0.0,-7.657026290893555,45.86,-3.241072654724121
0.0,-7.6421380043029785,45.87,-3.191938877105713
0.0,-7.627074718475342,45.88,-3.1431336402893066
0.0,-7.610104560852051,45.89,-3.0928547382354736
0.0,-7.592991352081299,45.9,-3.0429491996765137
0.0,-7.575740814208984,45.91,-2.993419885635376
0.0,-7.558360576629639,45.92,-2.944269895553589
0.0,-7.54085636138916,45.93,-2.8955018520355225
0.0,-7.5232343673706055,45.94,-2.847118377685547
0.0,-7.505500793457031,45.95,-2.799121856689453
0.0,-7.484238624572754,45.96,-2.7479584217071533
0.0,-7.466335773468018,45.97,-2.7008161544799805
0.0,-7.448339462280273,45.98,-2.654066562652588
0.0,-7.43025541305542,45.99,-2.6077115535736084
0.0,-7.4120893478393555,46.0,-2.561753034591675
0.0,-7.395585536956787,46.01,-2.517998456954956
0.0,-7.378992557525635,46.02,-2.4746060371398926
0.0,-7.362315654754639,46.03,-2.431577444076538
0.0,-7.345560550689697,46.04,-2.3889143466949463
0.0,-7.33905553817749,46.05,-2.35734224319458
0.0,-7.322052001953125,46.06,-2.315192222595215
0.0,-7.3015618324279785,46.07,-2.2698585987091064
0.0,-7.294795989990234,46.08,-2.2392520904541016
0.0,-7.287869930267334,46.09,-2.208796739578247
0.0,-7.280787467956543,46.1,-2.1784958839416504
0.0,-7.273553848266602,46.11,-2.148352861404419
0.0,-7.264435291290283,46.12,-2.116564989089966
0.0,-7.256931781768799,46.13,-2.086784601211548
0.0,-7.249290943145752,46.14,-2.057171106338501
0.0,-7.241517066955566,46.15,-2.0277271270751953
0.0,-7.235299110412598,46.16,-2.0002052783966064
0.0,-7.227254867553711,46.17,-1.9710725545883179
0.0,-7.222513675689697,46.18,-1.9456737041473389
0.0,-7.217621803283691,46.19,-1.9203815460205078
0.0,-7.212582588195801,46.2,-1.8951994180679321
0.0,-7.207400321960449,46.21,-1.8701303005218506
0.0,-7.202078819274902,46.22,-1.845177412033081
0.0,-7.194884300231934,46.23,-1.8185375928878784
0.0,-7.1875762939453125,46.24,-1.7920571565628052
0.0,-7.16815185546875,46.25,-1.7532658576965332
0.0,-7.160754680633545,46.26,-1.7273705005645752
0.0,-7.136086940765381,46.27,-1.6838046312332153
0.0,-7.111499786376953,46.28,-1.6407750844955444
0.0,-7.097320079803467,46.29,-1.6090030670166016
0.0,-7.077959060668945,46.3,-1.5721791982650757
0.0,-7.0637969970703125,46.31,-1.5411384105682373
0.0,-7.046199321746826,46.32,-1.506851315498352
0.0,-7.0303120613098145,46.33,-1.4746971130371094
0.0,-7.016175270080566,46.34,-1.4446951150894165
0.0,-7.002035140991211,46.35,-1.4150015115737915
0.0,-6.987895488739014,46.36,-1.385616421699524
0.0,-6.972019672393799,46.37,-1.3547338247299194
0.0,-6.956168174743652,46.38,-1.3241969347000122
0.0,-6.942081928253174,46.39,-1.2958111763000488
0.0,-6.926269054412842,46.4,-1.265926480293274
0.0,-6.910488605499268,46.41,-1.2363860607147217
0.0,-6.893059253692627,46.42,-1.205439567565918
0.0,-6.875685214996338,46.43,-1.1748720407485962
0.0,-6.858368873596191,46.44,-1.1446821689605713
0.0,-6.841113090515137,46.45,-1.1148686408996582
0.0,-6.823919773101807,46.46,-1.0854301452636719
0.0,-6.80679178237915,46.47,-1.0563652515411377
0.0,-6.789731502532959,46.48,-1.0276724100112915
0.0,-6.7761640548706055,46.49,-1.0029054880142212
0.0,-6.762632846832275,46.5,-0.9784337282180786
0.0,-6.750878810882568,46.51,-0.9560620784759521
0.0,-6.737408638000488,46.52,-0.9321404695510864
0.0,-6.7239813804626465,46.53,-0.908511757850647
0.0,-6.710598945617676,46.54,-0.8851749300956726
0.0,-6.697262763977051,46.55,-0.8621289730072021
0.0,-6.6839752197265625,46.56,-0.8393728137016296
0.0,-6.670738220214844,46.57,-0.8169053792953491
0.0,-6.657553195953369,46.58,-0.7947254776954651
0.0,-6.64442253112793,46.59,-0.7728319764137268
0.0,-6.631346702575684,46.6,-0.7512236833572388
0.0,-6.61832857131958,46.61,-0.7298993468284607
0.0,-6.607107639312744,46.62,-0.710663378238678
0.0,-6.601036548614502,46.63,-0.6969757080078125
0.0,-6.594955921173096,46.64,-0.6834206581115723
0.0,-6.5837602615356445,46.65,-0.6646939516067505
0.0,-6.569134712219238,46.66,-0.6425989270210266
0.0,-6.554593563079834,46.67,-0.6208210587501526
0.0,-6.541876792907715,46.68,-0.6011641621589661
0.0,-6.529228687286377,46.69,-0.5817831158638
0.0,-6.516651153564453,46.7,-0.5626763701438904
0.0,-6.502406120300293,46.71,-0.5420366525650024
0.0,-6.479668140411377,46.72,-0.5127898454666138
0.0,-6.457111358642578,46.73,-0.484034925699234
0.0,-6.445059299468994,46.74,-0.46648943424224854
0.0,-6.434821605682373,46.75,-0.4510107934474945
0.0,-6.424642562866211,46.76,-0.4357541501522064
0.0,-6.414523601531982,46.77,-0.4207181930541992
0.0,-6.399304389953613,46.78,-0.40054094791412354
0.0,-6.389361381530762,46.79,-0.3860537111759186
0.0,-6.381165027618408,46.8,-0.3735312223434448
0.0,-6.376437664031982,46.81,-0.36474138498306274
0.0,-6.368298530578613,46.82,-0.35249951481819153
0.0,-6.358522415161133,46.83,-0.3386848568916321
0.0,-6.345335483551025,46.84,-0.3214706778526306
0.0,-6.330566883087158,46.85,-0.30279257893562317
0.0,-6.315918922424316,46.86,-0.28443393111228943
0.0,-6.30307674407959,46.87,-0.2681412994861603
0.0,-6.29033899307251,46.88,-0.25212645530700684
0.0,-6.277706146240234,46.89,-0.23638708889484406
0.0,-6.265178680419922,46.9,-0.22092090547084808
0.0,-6.256234645843506,46.91,-0.2093367725610733
0.0,-6.247360706329346,46.92,-0.19794613122940063
0.0,-6.238557815551758,46.93,-0.1867474615573883
0.0,-6.229825973510742,46.94,-0.17573919892311096
0.0,-6.221166610717773,46.95,-0.16491977870464325
0.0,-6.212579250335693,46.96,-0.15428762137889862
0.0,-6.20406436920166,46.97,-0.14384114742279053
0.0,-6.195621967315674,46.98,-0.13357876241207123
0.0,-6.187252521514893,46.99,-0.12349888682365417
0.0,-6.178956508636475,47.0,-0.11359991133213043
0.0,-6.17073392868042,47.01,-0.10388023406267166
0.0,-6.162585735321045,47.02,-0.09433823823928833
0.0,-6.154510974884033,47.03,-0.0849723145365715
0.0,-6.146511077880859,47.04,-0.07578083872795105
0.0,-6.138585090637207,47.05,-0.06676218658685684
0.0,-6.132418155670166,47.06,-0.05966387316584587
0.0,-6.124624252319336,47.07,-0.05094965174794197
0.0,-6.115166664123535,47.08,-0.040598250925540924
0.0,-6.105802536010742,47.09,-0.03045104444026947
0.0,-6.096531867980957,47.1,-0.020505983382463455
0.0,-6.085615634918213,47.11,-0.008955560624599457
0.0,-6.074810981750488,47.12,0.002359265461564064
0.0,-6.06243371963501,47.13,0.01519002951681614
0.0,-6.050184726715088,47.14,0.027753712609410286
0.0,-6.038064956665039,47.15,0.040053125470876694
0.0,-6.022596836090088,47.16,0.05570206791162491
0.0,-6.010770320892334,47.17,0.06740635633468628
0.0,-6.00075626373291,47.18,0.07710650563240051
0.0,-5.990853309631348,47.19,0.0865907296538353
0.0,-5.986221790313721,47.2,0.09050152450799942
0.0,-5.974802494049072,47.21,0.1014215350151062
0.0,-5.970355987548828,47.22,0.10498641431331635
0.0,-5.965965747833252,47.23,0.10845556855201721
0.0,-5.961632251739502,47.24,0.11183024197816849
0.0,-5.957354545593262,47.25,0.11511164903640747
0.0,-5.951448440551758,47.26,0.12005003541707993
0.0,-5.945615291595459,47.27,0.12486124038696289
0.0,-5.938116550445557,47.28,0.1313522309064865
0.0,-5.930708408355713,47.29,0.13768170773983002
0.0,-5.923390865325928,47.3,0.143851637840271
0.0,-5.912740707397461,47.31,0.15341836214065552
0.0,-5.905638694763184,47.32,0.1592012494802475
0.0,-5.895203113555908,47.33,0.1683855950832367
0.0,-5.888314723968506,47.34,0.1737907975912094
0.0,-5.881515026092529,47.35,0.17904774844646454
0.0,-5.8713812828063965,47.36,0.18771269917488098
0.0,-5.861371040344238,47.37,0.19615939259529114
0.0,-5.8514838218688965,47.38,0.2043905258178711
0.0,-5.845141887664795,47.39,0.20885448157787323
0.0,-5.838886260986328,47.4,0.21318206191062927
0.0,-5.825817584991455,47.41,0.224540114402771
0.0,-5.81806755065918,47.42,0.2302570343017578
0.0,-5.810420513153076,47.43,0.23580724000930786
0.0,-5.8028764724731445,47.44,0.24119296669960022
0.0,-5.795434951782227,47.45,0.24641646444797516
0.0,-5.788094997406006,47.46,0.25147995352745056
0.0,-5.77569580078125,47.47,0.2617451846599579
0.0,-5.763451099395752,47.48,0.27174344658851624
0.0,-5.756520748138428,47.49,0.27611857652664185
0.0,-5.749690055847168,47.5,0.28034481406211853
0.0,-5.7429585456848145,47.51,0.2844242751598358
0.0,-5.736325263977051,47.52,0.288359135389328
0.0,-5.7246294021606445,47.53,0.2975109815597534
0.0,-5.7130842208862305,47.54,0.30641114711761475
0.0,-5.706850051879883,47.55,0.3097034692764282
0.0,-5.700711727142334,47.56,0.31286194920539856
0.0,-5.689507961273193,47.57,0.3212481141090393
0.0,-5.673346042633057,47.58,0.3346962034702301
0.0,-5.657384872436523,47.59,0.34779632091522217
0.0,-5.646729469299316,47.6,0.35524991154670715
0.0,-5.631114482879639,47.61,0.3677772879600525
0.0,-5.615697383880615,47.62,0.3799685835838318
0.0,-5.609060764312744,47.63,0.3829147517681122
0.0,-5.602531909942627,47.64,0.38571858406066895
0.0,-5.599532127380371,47.65,0.3848284184932709
0.0,-5.596602916717529,47.66,0.38387438654899597
0.0,-5.593742847442627,47.67,0.3828580379486084
0.0,-5.5926899909973145,47.68,0.37997567653656006
0.0,-5.595108985900879,47.69,0.3735174834728241
0.0,-5.597541809082031,47.7,0.36711233854293823
0.0,-5.596564769744873,47.71,0.364314466714859
0.0,-5.595635414123535,47.72,0.36149635910987854
0.0,-5.594752788543701,47.73,0.3586589992046356
0.0,-5.592177391052246,47.74,0.3576085567474365
0.0,-5.591403484344482,47.75,0.35469821095466614
0.0,-5.590673923492432,47.76,0.3517719805240631
0.0,-5.5899882316589355,47.77,0.34883081912994385
0.0,-5.587606906890869,47.78,0.3476807475090027
0.0,-5.587024688720703,47.79,0.3446750044822693
0.0,-5.586483955383301,47.8,0.34165748953819275
0.0,-5.585983753204346,47.81,0.3386290669441223
0.0,-5.5855231285095215,47.82,0.3355906307697296
0.0,-5.585102081298828,47.83,0.3325430154800415
0.0,-5.58124303817749,47.84,0.3330972194671631
0.0,-5.577457427978516,47.85,0.3335689306259155
0.0,-5.5737457275390625,47.86,0.3339597284793854
0.0,-5.570106029510498,47.87,0.3342711925506592
0.0,-5.564854621887207,47.88,0.3362535834312439
0.0,-5.561375141143799,47.89,0.3363747298717499
0.0,-5.557966232299805,47.9,0.33642157912254333
0.0,-5.552943229675293,47.91,0.33814433217048645
0.0,-5.548006534576416,47.92,0.33975949883461
0.0,-5.543155670166016,47.93,0.341268926858902
0.0,-5.534913063049316,47.94,0.3462845981121063
0.0,-5.526791095733643,47.95,0.35112321376800537
0.0,-5.5187883377075195,47.96,0.35578739643096924
0.0,-5.510904788970947,47.97,0.36027973890304565
0.0,-5.503139019012451,47.98,0.36460280418395996
0.0,-5.495490550994873,47.99,0.3687591552734375
0.0,-5.487958908081055,48.0,0.3727513253688812
0.0,-5.4805426597595215,48.01,0.3765818476676941
0.0,-5.4784016609191895,48.02,0.37489455938339233
0.0,-5.476321220397949,48.03,0.3731619417667389
0.0,-5.472616672515869,48.04,0.37313389778137207
0.0,-5.468988418579102,48.05,0.3730267584323883
0.0,-5.465435981750488,48.06,0.3728421926498413
0.0,-5.461958408355713,48.07,0.3725818395614624
0.0,-5.458554744720459,48.08,0.3722473084926605
0.0,-5.44664192199707,48.09,0.3807522654533386
0.0,-5.443472862243652,48.1,0.38008904457092285
0.0,-5.440375804901123,48.11,0.37935832142829895
0.0,-5.437349319458008,48.12,0.3785616159439087
0.0,-5.441236972808838,48.13,0.37059351801872253
0.0,-5.445122718811035,48.14,0.3627101182937622
0.0,-5.449005603790283,48.15,0.3549113869667053
0.0,-5.452885150909424,48.16,0.3471972346305847
0.0,-5.456760883331299,48.17,0.33956754207611084
0.0,-5.462369441986084,48.18,0.3302173614501953
0.0,-5.467954158782959,48.19,0.3209889233112335
0.0,-5.471776485443115,48.2,0.3136865794658661
0.0,-5.475592136383057,48.21,0.3064674139022827
0.0,-5.479399681091309,48.22,0.2993312478065491
0.0,-5.483199119567871,48.23,0.29227790236473083
0.0,-5.490410804748535,48.24,0.281753808259964
0.0,-5.513057708740234,48.25,0.25531119108200073
0.0,-5.520018100738525,48.26,0.24543240666389465
0.0,-5.523509979248047,48.27,0.23925767838954926
0.0,-5.5269904136657715,48.28,0.23315881192684174
0.0,-5.530458927154541,48.29,0.227135568857193
0.0,-5.525333881378174,48.3,0.23009920120239258
0.0,-5.520284652709961,48.31,0.2329527884721756
0.0,-5.5153117179870605,48.32,0.23569799959659576
0.0,-5.510413646697998,48.33,0.2383364588022232
0.0,-5.505590915679932,48.34,0.24086979031562805
0.0,-5.506002426147461,48.35,0.23794148862361908
0.0,-5.506433963775635,48.36,0.23502260446548462
0.0,-5.506885051727295,48.37,0.2321135550737381
0.0,-5.509093284606934,48.38,0.2274099737405777
0.0,-5.512986183166504,48.39,0.2210061252117157
0.0,-5.522021770477295,48.4,0.209328755736351
0.0,-5.5309858322143555,48.41,0.19784678518772125
0.0,-5.5398783683776855,48.42,0.18655863404273987
0.0,-5.543539047241211,48.43,0.18082067370414734
0.0,-5.545496463775635,48.44,0.17691050469875336
0.0,-5.549135684967041,48.45,0.17129455506801605
0.0,-5.551071643829346,48.46,0.1675059050321579
0.0,-5.553004741668701,48.47,0.16375939548015594
0.0,-5.554934978485107,48.48,0.16005495190620422
0.0,-5.551701545715332,48.49,0.16175034642219543
0.0,-5.553678035736084,48.5,0.1580185443162918
0.0,-5.562493801116943,48.51,0.14722353219985962
0.0,-5.571233749389648,48.52,0.13661901652812958
0.0,-5.579898357391357,48.53,0.12620335817337036
0.0,-5.585064888000488,48.54,0.11952795088291168
0.0,-5.590190410614014,48.55,0.11296425759792328
0.0,-5.591853618621826,48.56,0.11006443202495575
0.0,-5.59351110458374,48.57,0.1072007343173027
0.0,-5.595162391662598,48.58,0.104373037815094
0.0,-5.596807479858398,48.59,0.10158119350671768
0.0,-5.598445892333984,48.6,0.09882506728172302
0.0,-5.598339557647705,48.61,0.09790916740894318
0.0,-5.601666450500488,48.62,0.09343822300434113
0.0,-5.601546764373779,48.63,0.09259221702814102
0.0,-5.601437568664551,48.64,0.0917438417673111
0.0,-5.604761123657227,48.65,0.08734036982059479
0.0,-5.608058929443359,48.66,0.0830087810754776
0.0,-5.611331462860107,48.67,0.07874851673841476
0.0,-5.611157417297363,48.68,0.07811194658279419
0.0,-5.610992908477783,48.69,0.07747180014848709
0.0,-5.61768102645874,48.7,0.06972247362136841
0.0,-5.617464542388916,48.71,0.06922335177659988
0.0,-5.622416973114014,48.72,0.0633622258901596
0.0,-5.627325057983398,48.73,0.057608067989349365
0.0,-5.627028942108154,48.74,0.05731736868619919
0.0,-5.62332010269165,48.75,0.060573261231184006
0.0,-5.619655609130859,48.76,0.063749298453331
0.0,-5.616035461425781,48.77,0.06684643030166626
0.0,-5.610721111297607,48.78,0.0716702938079834
0.0,-5.60546875,48.79,0.07637969404459
0.0,-5.600278377532959,48.8,0.0809759721159935
0.0,-5.589990139007568,48.81,0.09081783890724182
0.0,-5.5849761962890625,48.82,0.0950806587934494
0.0,-5.574864387512207,48.83,0.10459287464618683
0.0,-5.5648674964904785,48.84,0.1138872280716896
0.0,-5.554985046386719,48.85,0.1229662150144577
0.0,-5.5452165603637695,48.86,0.1318323165178299
0.0,-5.535562038421631,48.87,0.14048802852630615
0.0,-5.526021480560303,48.88,0.14893582463264465
0.0,-5.516593933105469,48.89,0.15717817842960358
0.0,-5.521020412445068,48.9,0.1509503275156021
0.0,-5.511675834655762,48.91,0.1590854674577713
0.0,-5.514501094818115,48.92,0.15450045466423035
0.0,-5.510415554046631,48.93,0.15713848173618317
0.0,-5.5012288093566895,48.94,0.16504590213298798
0.0,-5.497312545776367,48.95,0.16739842295646667
0.0,-5.493453502655029,48.96,0.1696668416261673
0.0,-5.484492301940918,48.97,0.1772095263004303
0.0,-5.47564172744751,48.98,0.18455934524536133
0.0,-5.4669013023376465,48.99,0.1917186826467514
0.0,-5.4634294509887695,49.0,0.19333286583423615
0.0,-5.460013389587402,49.01,0.19487261772155762
0.0,-5.454914093017578,49.02,0.1981435865163803
0.0,-5.449888229370117,49.03,0.20130503177642822
0.0,-5.441512584686279,49.04,0.20791108906269073
0.0,-5.436666011810303,49.05,0.2107844203710556
0.0,-5.433629035949707,49.06,0.21174927055835724
0.0,-5.434066295623779,49.07,0.2090964913368225
0.0,-5.434520721435547,49.08,0.2064536213874817
0.0,-5.440150737762451,49.09,0.19846408069133759
0.0,-5.445743560791016,49.1,0.19059641659259796
0.0,-5.4547200202941895,49.11,0.1792973279953003
0.0,-5.465360641479492,49.12,0.16638784110546112
0.0,-5.475909233093262,49.13,0.15370821952819824
0.0,-5.4846272468566895,49.14,0.1430608481168747
0.0,-5.489848613739014,49.15,0.13615426421165466
0.0,-5.4984517097473145,49.16,0.12580816447734833
0.0,-5.500136375427246,49.17,0.12275275588035583
0.0,-5.4863386154174805,49.18,0.13580450415611267
0.0,-5.4881744384765625,49.19,0.13248847424983978
0.0,-5.490005016326904,49.2,0.12921234965324402
0.0,-5.48667049407959,49.21,0.13133281469345093
0.0,-5.483384132385254,49.22,0.1333816647529602
0.0,-5.48014497756958,49.23,0.13535994291305542
0.0,-5.473531246185303,49.24,0.14082111418247223
0.0,-5.465262413024902,49.25,0.14794422686100006
0.0,-5.457093715667725,49.26,0.15488934516906738
0.0,-5.4490251541137695,49.27,0.1616586446762085
0.0,-5.441056251525879,49.28,0.1682543009519577
0.0,-5.433186054229736,49.29,0.1746784746646881
0.0,-5.4254150390625,49.3,0.18093331158161163
0.0,-5.417742729187012,49.31,0.18702097237110138
0.0,-5.411905765533447,49.32,0.1911393702030182
0.0,-5.409570217132568,49.33,0.19157996773719788
0.0,-5.417596340179443,49.34,0.1812574416399002
0.0,-5.425559043884277,49.35,0.1711084246635437
0.0,-5.433457374572754,49.36,0.16113151609897614
0.0,-5.437869548797607,49.37,0.15487754344940186
0.0,-5.435355186462402,49.38,0.1558799147605896
0.0,-5.439779758453369,49.39,0.14966759085655212
0.0,-5.437277317047119,49.4,0.15071183443069458
0.0,-5.434815883636475,49.41,0.15170244872570038
0.0,-5.430657863616943,49.42,0.1544445902109146
0.0,-5.426558494567871,49.43,0.15709739923477173
0.0,-5.422516822814941,49.44,0.1596621572971344
0.0,-5.418533802032471,49.45,0.1621401309967041
0.0,-5.406027793884277,49.46,0.17344117164611816
0.0,-5.402248382568359,49.47,0.17556433379650116
0.0,-5.396842002868652,49.48,0.17935436964035034
0.0,-5.391510009765625,49.49,0.1830282211303711
0.0,-5.386251449584961,49.5,0.18658749759197235
0.0,-5.38106632232666,49.51,0.19003379344940186
0.0,-5.3759541511535645,49.52,0.19336871802806854
0.0,-5.38291597366333,49.53,0.18413326144218445
0.0,-5.389824867248535,49.54,0.1750483363866806
0.0,-5.39668083190918,49.55,0.16611281037330627
0.0,-5.4034833908081055,49.56,0.15732550621032715
0.0,-5.4102325439453125,49.57,0.1486852616071701
0.0,-5.418665409088135,49.58,0.13838671147823334
0.0,-5.42528772354126,49.59,0.13007450103759766
0.0,-5.431855201721191,49.6,0.1219053864479065
0.0,-5.434946537017822,49.61,0.11743015795946121
0.0,-5.4208574295043945,49.62,0.13083826005458832
0.0,-5.40692663192749,49.63,0.14394284784793854
0.0,-5.396574974060059,49.64,0.1531953066587448
0.0,-5.386345386505127,49.65,0.1622248888015747
0.0,-5.376237869262695,49.66,0.17103424668312073
0.0,-5.364513874053955,49.67,0.18143025040626526
0.0,-5.3546671867370605,49.68,0.18976964056491852
0.0,-5.344941139221191,49.69,0.19789712131023407
0.0,-5.338756561279297,49.7,0.20226341485977173
0.0,-5.341236591339111,49.71,0.19758883118629456
0.0,-5.3437113761901855,49.72,0.19296815991401672
0.0,-5.346180438995361,49.73,0.18840129673480988
0.0,-5.348643779754639,49.74,0.18388810753822327
0.0,-5.351100444793701,49.75,0.17942845821380615
0.0,-5.353550434112549,49.76,0.1750221848487854
0.0,-5.355993270874023,49.77,0.17066913843154907
0.0,-5.358428478240967,49.78,0.16636915504932404
0.0,-5.360855579376221,49.79,0.16212205588817596
0.0,-5.359853267669678,49.8,0.16147954761981964
0.0,-5.355456829071045,49.81,0.16436767578125
0.0,-5.354543685913086,49.82,0.16360950469970703
0.0,-5.358815670013428,49.83,0.15747611224651337
0.0,-5.364797115325928,49.84,0.14963114261627197
0.0,-5.37073278427124,49.85,0.1419154852628708
0.0,-5.376622200012207,49.86,0.13432814180850983
0.0,-5.38246488571167,49.87,0.1268680989742279
0.0,-5.3882598876953125,49.88,0.11953432112932205
0.0,-5.394008159637451,49.89,0.1123257726430893
0.0,-5.3997087478637695,49.9,0.10524142533540726
0.0,-5.400202751159668,49.91,0.10363595187664032
0.0,-5.398964881896973,49.92,0.10384546220302582
0.0,-5.394329071044922,49.93,0.1075802743434906
0.0,-5.3931732177734375,49.94,0.10766361653804779
0.0,-5.3903021812438965,49.95,0.10952626913785934
0.0,-5.385788440704346,49.96,0.11307501047849655
0.0,-5.3779120445251465,49.97,0.12007825076580048
0.0,-5.361494541168213,49.98,0.13587558269500732
0.0,-5.3487348556518555,49.99,0.14771127700805664
0.0,-5.332646369934082,50.0,0.16288010776042938
0.0,-5.320215225219727,50.01,0.17409448325634003
0.0,-5.307929992675781,50.02,0.18504121899604797
0.0,-5.29578971862793,50.03,0.19572347402572632
0.0,-5.278635501861572,50.04,0.21149992942810059
0.0,-5.263363361358643,50.05,0.22515937685966492
0.0,-5.25174617767334,50.06,0.2348821610212326
0.0,-5.241955757141113,50.07,0.24260738492012024
0.0,-5.232291221618652,50.08,0.2501220405101776
0.0,-5.229648113250732,50.09,0.2502695322036743
0.0,-5.227057456970215,50.1,0.2503605782985687
0.0,-5.224519729614258,50.11,0.25039634108543396
0.0,-5.222033500671387,50.12,0.25037795305252075
0.0,-5.219598293304443,50.13,0.25030651688575745
0.0,-5.217214107513428,50.14,0.2501831650733948
0.0,-5.214879989624023,50.15,0.2500089704990387
0.0,-5.212595462799072,50.16,0.24978500604629517
0.0,-5.210360527038574,50.17,0.24951235949993134
0.0,-5.208173751831055,50.18,0.24919208884239197
0.0,-5.206035137176514,50.19,0.24882523715496063
0.0,-5.203944206237793,50.2,0.2484128326177597
0.0,-5.198479175567627,50.21,0.2515072524547577
0.0,-5.196517467498779,50.22,0.25093308091163635
0.0,-5.194601535797119,50.23,0.25031718611717224
0.0,-5.192730903625488,50.24,0.24966053664684296
0.0,-5.1909050941467285,50.25,0.2489641308784485
0.0,-5.189123630523682,50.26,0.24822892248630524
0.0,-5.177068710327148,50.27,0.2581663429737091
0.0,-5.17548131942749,50.28,0.25713399052619934
0.0,-5.1756205558776855,50.29,0.2543204128742218
0.0,-5.180943012237549,50.3,0.24615517258644104
0.0,-5.1862359046936035,50.31,0.23810525238513947
0.0,-5.189815521240234,50.32,0.23191748559474945
0.0,-5.1933817863464355,50.33,0.22580741345882416
0.0,-5.198617935180664,50.34,0.2180272489786148
0.0,-5.203823089599609,50.35,0.21036048233509064
0.0,-5.208995819091797,50.36,0.20280639827251434
0.0,-5.214136600494385,50.37,0.195364311337471
0.0,-5.2175612449646,50.38,0.18978096544742584
0.0,-5.220970153808594,50.39,0.1842718869447708
0.0,-5.226046562194824,50.4,0.17708925902843475
0.0,-5.234563827514648,50.41,0.1664089411497116
0.0,-5.243010520935059,50.42,0.1559126228094101
0.0,-5.2496490478515625,50.43,0.14740252494812012
0.0,-5.252813816070557,50.44,0.1425870805978775
0.0,-5.2593817710876465,50.45,0.13428901135921478
0.0,-5.267633438110352,50.46,0.1243291050195694
0.0,-5.279233932495117,50.47,0.11099621653556824
0.0,-5.2873053550720215,50.48,0.10146482288837433
0.0,-5.293566703796387,50.49,0.09391140192747116
0.0,-5.296352863311768,50.5,0.09004432708024979
0.0,-5.287065505981445,50.51,0.09875110536813736
0.0,-5.289937973022461,50.52,0.09474432468414307
0.0,-5.297948837280273,50.53,0.0854448676109314
0.0,-5.305886268615723,50.54,0.07631830871105194
0.0,-5.31374979019165,50.55,0.06736303865909576
0.0,-5.30432653427124,50.56,0.07644564658403397
0.0,-5.295008182525635,50.57,0.08532527834177017
0.0,-5.303007125854492,50.58,0.07613611966371536
0.0,-5.310931205749512,50.59,0.06711956858634949
0.0,-5.318780899047852,50.6,0.05827400088310242
0.0,-5.326556205749512,50.61,0.04959779605269432
0.0,-5.325623512268066,50.62,0.05005143955349922
0.0,-5.324705123901367,50.63,0.05048508197069168
0.0,-5.320380687713623,50.64,0.05445004999637604
0.0,-5.31610631942749,50.65,0.058321915566921234
0.0,-5.315302848815918,50.66,0.05855077877640724
0.0,-5.311092853546143,50.67,0.06231343001127243
0.0,-5.310352802276611,50.68,0.062434494495391846
0.0,-5.309627056121826,50.69,0.06253974884748459
0.0,-5.308915138244629,50.7,0.06262949109077454
0.0,-5.313375473022461,50.71,0.05734939128160477
0.0,-5.324691295623779,50.72,0.04500739276409149
0.0,-5.335895538330078,50.73,0.032909441739320755
0.0,-5.346988201141357,50.74,0.02105310559272766
0.0,-5.352810382843018,50.75,0.01479045394808054
0.0,-5.363732814788818,50.76,0.0032988563179969788
0.0,-5.374543190002441,50.77,-0.007957273162901402
0.0,-5.385241985321045,50.78,-0.018980376422405243
0.0,-5.39924955368042,50.79,-0.033323757350444794
0.0,-5.41310977935791,50.8,-0.04736524447798729
0.0,-5.419981002807617,50.81,-0.05400635674595833
0.0,-5.42677640914917,50.82,-0.06049945950508118
0.0,-5.43349552154541,50.83,-0.06684620678424835
0.0,-5.440138816833496,50.84,-0.07304826378822327
0.0,-5.4449687004089355,50.85,-0.07730371505022049
0.0,-5.448003768920898,50.86,-0.07965167611837387
0.0,-5.4527363777160645,50.87,-0.08373793959617615
0.0,-5.457412242889404,50.88,-0.08772236853837967
0.0,-5.462031364440918,50.89,-0.09160619974136353
0.0,-5.464855670928955,50.9,-0.09358713030815125
0.0,-5.46937894821167,50.91,-0.09731091558933258
0.0,-5.473845958709717,50.92,-0.10093741863965988
0.0,-5.478256702423096,50.93,-0.10446785390377045
0.0,-5.482611179351807,50.94,-0.10790345072746277
0.0,-5.486909866333008,50.95,-0.11124542355537415
0.0,-5.491152763366699,50.96,-0.11449498683214188
0.0,-5.502181529998779,50.97,-0.12475475668907166
0.0,-5.504505634307861,50.98,-0.1258721798658371
0.0,-5.515371799468994,50.99,-0.1358446478843689
0.0,-5.517533302307129,51.0,-0.13667835295200348
0.0,-5.517975330352783,51.01,-0.13571859896183014
0.0,-5.532135486602783,51.02,-0.1490086317062378
0.0,-5.530661106109619,51.03,-0.14593122899532318
0.0,-5.525765895843506,51.04,-0.13933521509170532
0.0,-5.520906925201416,51.05,-0.13284504413604736
0.0,-5.51608419418335,51.06,-0.12645991146564484
0.0,-5.511297702789307,51.07,-0.12017901986837387
0.0,-5.506547927856445,51.08,-0.11400157958269119
0.0,-5.512151718139648,51.09,-0.11863502860069275
0.0,-5.517685890197754,51.1,-0.12314794957637787
0.0,-5.521413326263428,51.11,-0.12573841214179993
0.0,-5.525089263916016,51.12,-0.12824882566928864
0.0,-5.530451774597168,51.13,-0.13248372077941895
0.0,-5.534008026123047,51.14,-0.13479989767074585
0.0,-5.537513732910156,51.15,-0.13703972101211548
0.0,-5.540969371795654,51.16,-0.13920429348945618
0.0,-5.544374942779541,51.17,-0.1412946879863739
0.0,-5.547731399536133,51.18,-0.1433119922876358
0.0,-5.556196212768555,51.19,-0.15061119198799133
0.0,-5.569716930389404,51.2,-0.16308222711086273
0.0,-5.5830817222595215,51.21,-0.1752621978521347
0.0,-5.5911335945129395,51.22,-0.18180054426193237
0.0,-5.59908390045166,51.23,-0.18816573917865753
0.0,-5.606933116912842,51.24,-0.19436000287532806
0.0,-5.614681720733643,51.25,-0.20038551092147827
0.0,-5.6223297119140625,51.26,-0.20624446868896484
0.0,-5.624720096588135,51.27,-0.20658524334430695
0.0,-5.6253275871276855,51.28,-0.2050715982913971
0.0,-5.622487545013428,51.29,-0.19999481737613678
0.0,-5.619655609130859,51.3,-0.1949797123670578
0.0,-5.616833209991455,51.31,-0.19002608954906464
0.0,-5.614019870758057,51.32,-0.18513374030590057
0.0,-5.611217021942139,51.33,-0.1803024411201477
0.0,-5.608424186706543,51.34,-0.17553196847438812
0.0,-5.603904724121094,51.35,-0.16901876032352448
0.0,-5.595993995666504,51.36,-0.1590529978275299
0.0,-5.591568470001221,51.37,-0.15280844271183014
0.0,-5.587172985076904,51.38,-0.14665961265563965
0.0,-5.584544658660889,51.39,-0.14240917563438416
0.0,-5.5836663246154785,51.4,-0.14001908898353577
0.0,-5.58278226852417,51.41,-0.13764826953411102
0.0,-5.581893444061279,51.42,-0.1352968066930771
0.0,-5.580999374389648,51.43,-0.13296480476856232
0.0,-5.581784248352051,51.44,-0.13239936530590057
0.0,-5.582547664642334,51.45,-0.1318173110485077
0.0,-5.585026741027832,51.46,-0.13302238285541534
0.0,-5.587466716766357,51.47,-0.13417431712150574
0.0,-5.589868068695068,51.48,-0.13527396321296692
0.0,-5.592230796813965,51.49,-0.13632215559482574
0.0,-5.594555377960205,51.5,-0.13731972873210907
0.0,-5.596841812133789,51.51,-0.13826751708984375
0.0,-5.592195510864258,51.52,-0.13200955092906952
0.0,-5.587583065032959,51.53,-0.12585203349590302
0.0,-5.583004951477051,51.54,-0.11979421228170395
0.0,-5.578461647033691,51.55,-0.11383533477783203
0.0,-5.573953628540039,51.56,-0.10797463357448578
0.0,-5.5694804191589355,51.57,-0.10221134126186371
0.0,-5.568518161773682,51.58,-0.10015121102333069
0.0,-5.567554950714111,51.59,-0.09811205416917801
0.0,-5.566591739654541,51.6,-0.09609387069940567
0.0,-5.565628528594971,51.61,-0.09409666806459427
0.0,-5.5646653175354,51.62,-0.0921204462647438
0.0,-5.567122936248779,51.63,-0.09371528774499893
0.0,-5.569545745849609,51.64,-0.09525737911462784
0.0,-5.568513870239258,51.65,-0.09319737553596497
0.0,-5.5674824714660645,51.66,-0.09115982800722122
0.0,-5.564715385437012,51.67,-0.08734144270420074
0.0,-5.55681037902832,51.68,-0.07822965085506439
0.0,-5.554135799407959,51.69,-0.0746416375041008
0.0,-5.546323299407959,51.7,-0.06575822830200195
0.0,-5.538584232330322,51.71,-0.05704334005713463
0.0,-5.52923583984375,51.72,-0.046748511493206024
0.0,-5.5182414054870605,51.73,-0.03485210984945297
0.0,-5.507356643676758,51.74,-0.023192735388875008
0.0,-5.496581077575684,51.75,-0.011768006719648838
0.0,-5.485915184020996,51.76,-0.0005755331367254257
0.0,-5.478779315948486,51.77,0.006837083958089352
0.0,-5.471717357635498,51.78,0.014095929451286793
0.0,-5.473307132720947,51.79,0.012299460358917713
0.0,-5.474882125854492,51.8,0.010537284426391125
0.0,-5.485019683837891,51.81,-0.00009393785148859024
0.0,-5.495052814483643,51.82,-0.010506678372621536
0.0,-5.504981994628906,51.83,-0.020703217014670372
0.0,-5.509703636169434,51.84,-0.02538907900452614
0.0,-5.514374256134033,51.85,-0.029973242431879044
0.0,-5.518993854522705,51.86,-0.03445680812001228
0.0,-5.520088195800781,51.87,-0.03523470461368561
0.0,-5.519484519958496,51.88,-0.03424230217933655
0.0,-5.518883228302002,51.89,-0.03326299041509628
0.0,-5.516547679901123,51.9,-0.030493546277284622
0.0,-5.514232635498047,51.91,-0.027774514630436897
0.0,-5.508518218994141,51.92,-0.021555505692958832
0.0,-5.5028605461120605,51.93,-0.015459693036973476
0.0,-5.497259140014648,51.94,-0.009485846385359764
0.0,-5.4917144775390625,51.95,-0.0036327331326901913
0.0,-5.486226558685303,51.96,0.002100876998156309
0.0,-5.480795383453369,51.97,0.007716224994510412
0.0,-5.4754204750061035,51.98,0.013214542530477047
0.0,-5.471785545349121,51.99,0.01685023121535778
0.0,-5.466506481170654,52.0,0.02215445041656494
0.0,-5.4561262130737305,52.01,0.032697662711143494
0.0,-5.452696800231934,52.02,0.035917729139328
0.0,-5.449306488037109,52.03,0.03906397521495819
0.0,-5.449429512023926,52.04,0.03853113204240799
0.0,-5.454712390899658,52.05,0.03264828026294708
0.0,-5.454786777496338,52.06,0.03223207965493202
0.0,-5.451389312744141,52.07,0.035423643887043
0.0,-5.451504707336426,52.08,0.03493599593639374
0.0,-5.456779956817627,52.09,0.02909821830689907
0.0,-5.463686943054199,52.1,0.02162749320268631
0.0,-5.47052526473999,52.11,0.014305656775832176
0.0,-5.480714797973633,52.12,0.003581549972295761
0.0,-5.487380027770996,52.13,-0.0033733006566762924
0.0,-5.493976593017578,52.14,-0.010184522718191147
0.0,-5.500504493713379,52.15,-0.016853611916303635
0.0,-5.50696325302124,52.16,-0.023382075130939484
0.0,-5.513352870941162,52.17,-0.029771406203508377
0.0,-5.519673824310303,52.18,-0.036023110151290894
0.0,-5.524243354797363,52.19,-0.04039201885461807
0.0,-5.525287628173828,52.2,-0.04105665534734726
0.0,-5.522896766662598,52.21,-0.03814920410513878
0.0,-5.52052640914917,52.22,-0.03529335930943489
0.0,-5.521596908569336,52.23,-0.03603833541274071
0.0,-5.522653102874756,52.24,-0.03676031902432442
0.0,-5.5236945152282715,52.25,-0.03745962679386139
0.0,-5.519564151763916,52.26,-0.03278402239084244
0.0,-5.515472888946533,52.27,-0.028197498992085457
0.0,-5.508000373840332,52.28,-0.020149676129221916
0.0,-5.49891996383667,52.29,-0.010516297072172165
0.0,-5.486457347869873,52.3,0.002527269534766674
0.0,-5.474123001098633,52.31,0.015302280895411968
0.0,-5.453339576721191,52.32,0.03671342879533768
0.0,-5.432773590087891,52.33,0.057676803320646286
0.0,-5.412424564361572,52.34,0.07819713652133942
0.0,-5.3905558586120605,52.35,0.10008211433887482
0.0,-5.362082004547119,52.36,0.12859493494033813
0.0,-5.34075403213501,52.37,0.1493956297636032
0.0,-5.338551998138428,52.38,0.1501305252313614
0.0,-5.336388111114502,52.39,0.15081831812858582
0.0,-5.334261894226074,52.4,0.15145981311798096
0.0,-5.340804576873779,52.41,0.14309777319431305
0.0,-5.343820571899414,52.42,0.1384827345609665
0.0,-5.341662406921387,52.43,0.13928532600402832
0.0,-5.344697952270508,52.44,0.13468940556049347
0.0,-5.347715854644775,52.45,0.1301591992378235
0.0,-5.3507161140441895,52.46,0.12569431960582733
0.0,-5.35369873046875,52.47,0.12129437923431396
0.0,-5.356663227081299,52.48,0.11695897579193115
0.0,-5.359609127044678,52.49,0.11268772184848785
0.0,-5.362536430358887,52.5,0.10848020017147064
0.0,-5.367181777954102,52.51,0.10253319144248962
0.0,-5.371789932250977,52.52,0.09668651223182678
0.0,-5.3763604164123535,52.53,0.09093934297561646
0.0,-5.380893707275391,52.54,0.08529086410999298
0.0,-5.3853888511657715,52.55,0.0797402560710907
0.0,-5.3864264488220215,52.56,0.07783599197864532
0.0,-5.387461185455322,52.57,0.07595425844192505
0.0,-5.388493061065674,52.58,0.0740949884057045
0.0,-5.389522075653076,52.59,0.0722581222653389
0.0,-5.388811111450195,52.6,0.07224644720554352
0.0,-5.3898515701293945,52.61,0.07041677087545395
0.0,-5.389151573181152,52.62,0.07041250914335251
0.0,-5.388465881347656,52.63,0.07039332389831543
0.0,-5.387794494628906,52.64,0.07035952806472778
0.0,-5.387136936187744,52.65,0.07031141966581345
0.0,-5.386493682861328,52.66,0.07024930417537689
0.0,-5.3858642578125,52.67,0.07017349451780319
0.0,-5.385248184204102,52.68,0.07008427381515503
0.0,-5.384645938873291,52.69,0.06998194009065628
0.0,-5.382319927215576,52.7,0.07166951149702072
0.0,-5.380025386810303,52.71,0.07330713421106339
0.0,-5.37434196472168,52.72,0.07844464480876923
0.0,-5.368724822998047,52.73,0.08345986902713776
0.0,-5.3614912033081055,52.74,0.09010068327188492
0.0,-5.350866794586182,52.75,0.10019133239984512
0.0,-5.343836307525635,52.76,0.10644780844449997
0.0,-5.336889266967773,52.77,0.11255304515361786
0.0,-5.336864948272705,52.78,0.11141063272953033
0.0,-5.336852073669434,52.79,0.11026795208454132
0.0,-5.336850643157959,52.8,0.10912524163722992
0.0,-5.336860179901123,52.81,0.10798273980617523
0.0,-5.33861780166626,52.82,0.10503792762756348
0.0,-5.340368270874023,52.83,0.10213122516870499
0.0,-5.342111110687256,52.84,0.09926246851682663
0.0,-5.343846321105957,52.85,0.09643148630857468
0.0,-5.345573902130127,52.86,0.093638114631176
0.0,-5.347292900085449,52.87,0.09088217467069626
0.0,-5.349003791809082,52.88,0.08816347271203995
0.0,-5.350706100463867,52.89,0.08548183739185333
0.0,-5.3540825843811035,52.9,0.08109070360660553
0.0,-5.355749607086182,52.91,0.07851886004209518
0.0,-5.359090328216553,52.92,0.07423675805330276
0.0,-5.362404823303223,52.93,0.07002680003643036
0.0,-5.360535144805908,52.94,0.07124009728431702
0.0,-5.358692169189453,52.95,0.07241327315568924
0.0,-5.356875419616699,52.96,0.07354690134525299
0.0,-5.355085372924805,52.97,0.07464156299829483
0.0,-5.351638317108154,52.98,0.07744424045085907
0.0,-5.3482346534729,52.99,0.0801728218793869
0.0,-5.344874382019043,53.0,0.08282825350761414
0.0,-5.33981990814209,53.01,0.08721398562192917
0.0,-5.3365631103515625,53.02,0.0896885022521019
0.0,-5.333349227905273,53.03,0.09209305793046951
0.0,-5.328441143035889,53.04,0.09623108059167862
0.0,-5.3253302574157715,53.05,0.0984610766172409
0.0,-5.322261333465576,53.06,0.10062427073717117
0.0,-5.317497253417969,53.07,0.10452406108379364
0.0,-5.312792778015137,53.08,0.10832144320011139
0.0,-5.311567306518555,53.09,0.10846886783838272
0.0,-5.315522193908691,53.1,0.10323865711688995
0.0,-5.3194475173950195,53.11,0.09809388965368271
0.0,-5.323342323303223,53.12,0.09303390979766846
0.0,-5.328943729400635,53.13,0.0862555056810379
0.0,-5.332759380340576,53.14,0.08140052109956741
0.0,-5.340018272399902,53.15,0.07302285730838776
0.0,-5.34721040725708,53.16,0.06480174511671066
0.0,-5.354334831237793,53.17,0.056735727936029434
0.0,-5.361392021179199,53.18,0.04882332682609558
0.0,-5.368381500244141,53.19,0.041063081473112106
0.0,-5.375303745269775,53.2,0.03345351293683052
0.0,-5.383840560913086,53.21,0.024246912449598312
0.0,-5.390610218048096,53.22,0.016970526427030563
0.0,-5.398994445800781,53.23,0.008093791082501411
0.0,-5.407293319702148,53.24,-0.0006022965535521507
0.0,-5.415506839752197,53.25,-0.009119588881731033
0.0,-5.428791522979736,53.26,-0.022811152040958405
0.0,-5.441937446594238,53.27,-0.03621656447649002
0.0,-5.444631576538086,53.28,-0.03863649442791939
0.0,-5.447293758392334,53.29,-0.04099847748875618
0.0,-5.446505069732666,53.3,-0.03975444287061691
0.0,-5.445720195770264,53.31,-0.038527488708496094
0.0,-5.441519737243652,53.32,-0.033768799155950546
0.0,-5.437358856201172,53.33,-0.029100680723786354
0.0,-5.433237552642822,53.34,-0.024522269144654274
0.0,-5.429156303405762,53.35,-0.020032700151205063
0.0,-5.426797866821289,53.36,-0.017377354204654694
0.0,-5.426198482513428,53.37,-0.016575301066040993
0.0,-5.423867225646973,53.38,-0.013983752578496933
0.0,-5.421557903289795,53.39,-0.011442464776337147
0.0,-5.427901744842529,53.4,-0.017906907945871353
0.0,-5.439280986785889,53.41,-0.029529452323913574
0.0,-5.452277183532715,53.42,-0.0427093505859375
0.0,-5.46513557434082,53.43,-0.055609360337257385
0.0,-5.477855682373047,53.44,-0.06823249161243439
0.0,-5.488701343536377,53.45,-0.07877933979034424
0.0,-5.494325160980225,53.46,-0.08379805088043213
0.0,-5.5049848556518555,53.47,-0.09399046003818512
0.0,-5.5172624588012695,53.48,-0.10575583577156067
0.0,-5.529403209686279,53.49,-0.11725695431232452
0.0,-5.541407108306885,53.5,-0.12849679589271545
0.0,-5.5498552322387695,53.51,-0.13592982292175293
0.0,-5.561622142791748,53.52,-0.14672966301441193
0.0,-5.5732526779174805,53.53,-0.15727634727954865
0.0,-5.584747791290283,53.54,-0.16757282614707947
0.0,-5.596107482910156,53.55,-0.17762205004692078
0.0,-5.603912830352783,53.56,-0.18387851119041443
0.0,-5.601305961608887,53.57,-0.179265558719635
0.0,-5.598707675933838,53.58,-0.17470917105674744
0.0,-5.596118450164795,53.59,-0.170209139585495
0.0,-5.588381767272949,53.6,-0.16041450202465057
0.0,-5.580708026885986,53.61,-0.150786891579628
0.0,-5.5730977058410645,53.62,-0.1413249373435974
0.0,-5.565551280975342,53.63,-0.13202723860740662
0.0,-5.558068752288818,53.64,-0.12289240211248398
0.0,-5.554069519042969,53.65,-0.11746741086244583
0.0,-5.551836013793945,53.66,-0.11393116414546967
0.0,-5.549613952636719,53.67,-0.11044328659772873
0.0,-5.547403335571289,53.68,-0.10700352489948273
0.0,-5.555517196655273,53.69,-0.1143130213022232
0.0,-5.563536167144775,53.7,-0.12144798785448074
0.0,-5.571460247039795,53.71,-0.1284104883670807
0.0,-5.57928991317749,53.72,-0.1352025866508484
0.0,-5.587025165557861,53.73,-0.141826331615448
0.0,-5.592929363250732,53.74,-0.1464814692735672
0.0,-5.593601703643799,53.75,-0.1456591635942459
0.0,-5.5994086265563965,53.76,-0.15017327666282654
0.0,-5.605140209197998,53.77,-0.15456265211105347
0.0,-5.607377529144287,53.78,-0.15528063476085663
0.0,-5.6095757484436035,53.79,-0.15595076978206635
0.0,-5.611735820770264,53.8,-0.15657389163970947
0.0,-5.613857746124268,53.81,-0.15715084969997406
0.0,-5.612522125244141,53.82,-0.15413421392440796
0.0,-5.6128668785095215,53.83,-0.15289267897605896
0.0,-5.61492919921875,53.84,-0.15344631671905518
0.0,-5.616954803466797,53.85,-0.1539558619260788
0.0,-5.618943691253662,53.86,-0.1544221192598343
0.0,-5.61915922164917,53.87,-0.15304365754127502
0.0,-5.610781669616699,53.88,-0.1427621990442276
0.0,-5.609368324279785,53.89,-0.13981424272060394
0.0,-5.607954978942871,53.9,-0.1368970423936844
0.0,-5.606542110443115,53.91,-0.13401059806346893
0.0,-5.603393077850342,53.92,-0.1293525993824005
0.0,-5.596843719482422,53.93,-0.12121447920799255
0.0,-5.590349197387695,53.94,-0.11321771144866943
0.0,-5.583909511566162,53.95,-0.10536109656095505
0.0,-5.580945014953613,53.96,-0.10119163990020752
0.0,-5.579737186431885,53.97,-0.09888854622840881
0.0,-5.5767951011657715,53.98,-0.09480942040681839
0.0,-5.575610160827637,53.99,-0.0925961509346962
0.0,-5.579584121704102,54.0,-0.09575889259576797
0.0,-5.583507537841797,54.01,-0.098836250603199
0.0,-5.587380409240723,54.02,-0.10182932019233704
0.0,-5.591203212738037,54.03,-0.10473919659852982
0.0,-5.59497594833374,54.04,-0.1075669676065445
0.0,-5.598698616027832,54.05,-0.11031372100114822
0.0,-5.598897933959961,54.06,-0.10937622934579849
0.0,-5.602558135986328,54.07,-0.1120389923453331
0.0,-5.602695465087891,54.08,-0.11101886630058289
0.0,-5.602819919586182,54.09,-0.10999603569507599
0.0,-5.602931976318359,54.1,-0.1089707687497139
0.0,-5.606504917144775,54.11,-0.11154761165380478
0.0,-5.610029697418213,54.12,-0.11404775083065033
0.0,-5.61350679397583,54.13,-0.11647222191095352
0.0,-5.616936206817627,54.14,-0.11882206052541733
0.0,-5.6203179359436035,54.15,-0.12109830230474472
0.0,-5.628754615783691,54.16,-0.12859579920768738
0.0,-5.637091636657715,54.17,-0.13591186702251434
0.0,-5.645328521728516,54.18,-0.14304867386817932
0.0,-5.65346622467041,54.19,-0.15000838041305542
0.0,-5.656403064727783,54.2,-0.15149937570095062
0.0,-5.659294128417969,54.21,-0.1529274582862854
0.0,-5.662139892578125,54.22,-0.15429361164569855
0.0,-5.65978479385376,54.23,-0.15024881064891815
0.0,-5.647126197814941,54.24,-0.13555501401424408
0.0,-5.634583950042725,54.25,-0.12113417685031891
0.0,-5.622157573699951,54.26,-0.10698376595973969
0.0,-5.608111381530762,54.27,-0.09129908680915833
0.0,-5.595937252044678,54.28,-0.0777192935347557
0.0,-5.585616588592529,54.29,-0.06620395928621292
0.0,-5.575395107269287,54.3,-0.05491107329726219
0.0,-5.565273284912109,54.31,-0.04383845999836922
0.0,-5.555250644683838,54.32,-0.03298396244645119
0.0,-5.5470099449157715,54.33,-0.024091193452477455
0.0,-5.538851261138916,54.34,-0.015375974588096142
0.0,-5.53077507019043,54.35,-0.00683651864528656
0.0,-5.522780895233154,54.36,0.0015289746224880219
0.0,-5.520025253295898,54.37,0.0043724593706429005
0.0,-5.517298221588135,54.38,0.0071565983816981316
0.0,-5.5146002769470215,54.39,0.009882022626698017
0.0,-5.503355979919434,54.4,0.021446943283081055
0.0,-5.505959987640381,54.41,0.018522296100854874
0.0,-5.499964237213135,54.42,0.02455148473381996
0.0,-5.502607822418213,54.43,0.021553903818130493
0.0,-5.4966511726379395,54.44,0.027510974556207657
0.0,-5.49933385848999,54.45,0.024442167952656746
0.0,-5.501991271972656,54.46,0.021431192755699158
0.0,-5.496048450469971,54.47,0.02737511321902275
0.0,-5.498744487762451,54.48,0.024293512105941772
0.0,-5.503152370452881,54.49,0.019468052312731743
0.0,-5.514355182647705,54.5,0.007642166689038277
0.0,-5.525444030761719,54.51,-0.003942419774830341
0.0,-5.5381550788879395,54.52,-0.017090244218707085
0.0,-5.55073356628418,54.53,-0.029964348301291466
0.0,-5.554604530334473,54.54,-0.033670224249362946
0.0,-5.558432579040527,54.55,-0.03729280084371567
0.0,-5.5622172355651855,54.56,-0.040833018720149994
0.0,-5.56422233581543,54.57,-0.04248986393213272
0.0,-5.566202640533447,54.58,-0.04410361871123314
0.0,-5.568158149719238,54.59,-0.045674823224544525
0.0,-5.570088863372803,54.6,-0.04720401391386986
0.0,-5.5651021003723145,54.61,-0.04154015704989433
0.0,-5.56016206741333,54.62,-0.035983797162771225
0.0,-5.555269718170166,54.63,-0.030533907935023308
0.0,-5.550424098968506,54.64,-0.025189463049173355
0.0,-5.549098968505859,54.65,-0.023553354665637016
0.0,-5.54778528213501,54.66,-0.021945836022496223
0.0,-5.543009281158447,54.67,-0.016762755811214447
0.0,-5.538280963897705,54.68,-0.01168256625533104
0.0,-5.537073135375977,54.69,-0.010308131575584412
0.0,-5.535876750946045,54.7,-0.008959733881056309
0.0,-5.53469181060791,54.71,-0.007637119852006435
0.0,-5.535200595855713,54.72,-0.008085682988166809
0.0,-5.535703659057617,54.73,-0.008523300290107727
0.0,-5.536200523376465,54.74,-0.00895010493695736
0.0,-5.536691188812256,54.75,-0.009366228245198727
0.0,-5.53717565536499,54.76,-0.00977181363850832
0.0,-5.535971641540527,54.77,-0.008421364240348339
0.0,-5.529623508453369,54.78,-0.001747344620525837
0.0,-5.523340702056885,54.79,0.004789956845343113
0.0,-5.517122745513916,54.8,0.011191962286829948
0.0,-5.510969638824463,54.81,0.01746007427573204
0.0,-5.504881381988525,54.82,0.023595714941620827
0.0,-5.4988579750061035,54.83,0.029600288718938828
0.0,-5.492899417877197,54.84,0.03547520935535431
0.0,-5.487006187438965,54.85,0.04122188687324524
0.0,-5.477758884429932,54.86,0.050389088690280914
0.0,-5.468611240386963,54.87,0.05935724824666977
0.0,-5.459563732147217,54.88,0.0681285411119461
0.0,-5.447142601013184,54.89,0.08030887693166733
0.0,-5.4348578453063965,54.9,0.09222190082073212
0.0,-5.422708511352539,54.91,0.10387057065963745
0.0,-5.414167881011963,54.92,0.1116541177034378
0.0,-5.405726432800293,54.93,0.1192539855837822
0.0,-5.400803089141846,54.94,0.12312505394220352
0.0,-5.39762544631958,54.95,0.12514474987983704
0.0,-5.3962297439575195,54.96,0.125294491648674
0.0,-5.394861221313477,54.97,0.12541446089744568
0.0,-5.395256519317627,54.98,0.12370336800813675
0.0,-5.393923759460449,54.99,0.12380293756723404
0.0,-5.392617225646973,55.0,0.12387408316135406
0.0,-5.391336917877197,55.01,0.12391737103462219
0.0,-5.391819000244141,55.02,0.12213151156902313
0.0,-5.392308712005615,55.03,0.12035631388425827
0.0,-5.389332294464111,55.04,0.1221955418586731
0.0,-5.382979869842529,55.05,0.12751822173595428
0.0,-5.380125045776367,55.06,0.12915712594985962
0.0,-5.373893737792969,55.07,0.13428209722042084
0.0,-5.364321231842041,55.08,0.14282044768333435
0.0,-5.354861736297607,55.09,0.15115296840667725
0.0,-5.343778133392334,55.1,0.16108395159244537
0.0,-5.329406261444092,55.11,0.1743239313364029
0.0,-5.3186187744140625,55.12,0.18370750546455383
0.0,-5.3079609870910645,55.13,0.19285918772220612
0.0,-5.2974324226379395,55.14,0.20178179442882538
0.0,-5.283613681793213,55.15,0.21402540802955627
0.0,-5.273377895355225,55.16,0.22242465615272522
0.0,-5.266743183135986,55.17,0.22700046002864838
0.0,-5.260200023651123,55.18,0.2314338982105255
0.0,-5.260585308074951,55.19,0.2286326289176941
0.0,-5.260990142822266,55.2,0.22584016621112823
0.0,-5.256258964538574,55.21,0.22840578854084015
0.0,-5.2515997886657715,55.22,0.2308700531721115
0.0,-5.247012138366699,55.23,0.2332344949245453
0.0,-5.249387741088867,55.24,0.22835008800029755
0.0,-5.248289108276367,55.25,0.2271208018064499
0.0,-5.247225284576416,55.26,0.2258683741092682
0.0,-5.246195316314697,55.27,0.22459354996681213
0.0,-5.245199203491211,55.28,0.22329704463481903
0.0,-5.247709274291992,55.29,0.21837617456912994
0.0,-5.250216007232666,55.3,0.21350984275341034
0.0,-5.252718448638916,55.31,0.20869797468185425
0.0,-5.2552170753479,55.32,0.2039404660463333
0.0,-5.257710933685303,55.33,0.19923722743988037
0.0,-5.260199546813965,55.34,0.19458813965320587
0.0,-5.2626824378967285,55.35,0.18999306857585907
0.0,-5.265159606933594,55.36,0.1854519098997116
0.0,-5.267630577087402,55.37,0.18096449971199036
0.0,-5.270094394683838,55.38,0.17653070390224457
0.0,-5.2725510597229,55.39,0.1721503585577011
0.0,-5.2766828536987305,55.4,0.16607792675495148
0.0,-5.282525539398193,55.41,0.158293217420578
0.0,-5.2934794425964355,55.42,0.14528605341911316
0.0,-5.304336071014404,55.43,0.1325151026248932
0.0,-5.309939384460449,55.44,0.12532681226730347
0.0,-5.315498352050781,55.45,0.11825946718454361
0.0,-5.321012020111084,55.46,0.11131209135055542
0.0,-5.33163595199585,55.47,0.0991351380944252
0.0,-5.342161178588867,55.48,0.08718716353178024
0.0,-5.3474321365356445,55.49,0.08081457018852234
0.0,-5.3509202003479,55.5,0.07635723799467087
0.0,-5.3543806076049805,55.51,0.07197519391775131
0.0,-5.357812881469727,55.52,0.06766782701015472
0.0,-5.3612165451049805,55.53,0.06343451142311096
0.0,-5.3645920753479,55.54,0.05927463248372078
0.0,-5.364520072937012,55.55,0.05873454734683037
0.0,-5.364454746246338,55.56,0.058193039149045944
0.0,-5.364396095275879,55.57,0.05765026435256004
0.0,-5.364343643188477,55.58,0.05710635334253311
0.0,-5.364297866821289,55.59,0.056561436504125595
0.0,-5.364258289337158,55.6,0.05601566657423973
0.0,-5.364224910736084,55.61,0.05546916648745537
0.0,-5.364197731018066,55.62,0.05492207780480385
0.0,-5.364176273345947,55.63,0.05437452346086502
0.0,-5.367579460144043,55.64,0.05027972534298897
0.0,-5.37095308303833,55.65,0.04625831916928291
0.0,-5.37429666519165,55.66,0.042309656739234924
0.0,-5.370772838592529,55.67,0.045526862144470215
0.0,-5.363870620727539,55.68,0.052215009927749634
0.0,-5.3570451736450195,55.69,0.058754656463861465
0.0,-5.353714466094971,55.7,0.06160076707601547
0.0,-5.347005367279053,55.71,0.06792199611663818
0.0,-5.348946571350098,55.72,0.06520379334688187
0.0,-5.350874423980713,55.73,0.06252753734588623
0.0,-5.361362457275391,55.74,0.05099792033433914
0.0,-5.366592884063721,55.75,0.045042477548122406
0.0,-5.371774196624756,55.76,0.03919975832104683
0.0,-5.376906394958496,55.77,0.03346869349479675
0.0,-5.383725643157959,55.78,0.026046723127365112
0.0,-5.388741493225098,55.79,0.020573124289512634
0.0,-5.393707752227783,55.8,0.015207573771476746
0.0,-5.398624420166016,55.81,0.009948981925845146
0.0,-5.3897624015808105,55.82,0.01903938502073288
0.0,-5.380993843078613,55.83,0.027939025312662125
0.0,-5.372317790985107,55.84,0.036649927496910095
0.0,-5.365470886230469,55.85,0.04337264224886894
0.0,-5.358698844909668,55.86,0.049948032945394516
0.0,-5.352002143859863,55.87,0.05637773498892784
0.0,-5.350480556488037,55.88,0.05737151950597763
0.0,-5.354135513305664,55.89,0.05298449844121933
0.0,-5.357758522033691,55.9,0.04867629334330559
0.0,-5.363085746765137,55.91,0.04264476150274277
0.0,-5.368362903594971,55.92,0.03672803193330765
0.0,-5.371852874755859,55.93,0.032726436853408813
0.0,-5.37531042098999,55.94,0.028800059109926224
0.0,-5.378735542297363,55.95,0.024948185309767723
0.0,-5.38212776184082,55.96,0.0211701150983572
0.0,-5.3854875564575195,55.97,0.017465127632021904
0.0,-5.388814449310303,55.98,0.013832520693540573
0.0,-5.3904266357421875,55.99,0.012016739696264267
0.0,-5.392023086547852,56.0,0.010235695168375969
0.0,-5.395286560058594,56.01,0.0067438846454024315
0.0,-5.4019904136657715,56.02,-0.0002804286777973175
0.0,-5.40862512588501,56.03,-0.007160408888012171
0.0,-5.415190696716309,56.04,-0.01389756053686142
0.0,-5.421687602996826,56.05,-0.020493388175964355
0.0,-5.4229607582092285,56.06,-0.021601472049951553
0.0,-5.422482013702393,56.07,-0.020880738273262978
0.0,-5.422006130218506,56.08,-0.020170358940958977
0.0,-5.421533107757568,56.09,-0.019470270723104477
0.0,-5.421062469482422,56.1,-0.018780414015054703
0.0,-5.417176723480225,56.11,-0.014554161578416824
0.0,-5.416747570037842,56.12,-0.013958165422081947
0.0,-5.41290283203125,56.13,-0.009824883192777634
0.0,-5.409096717834473,56.14,-0.00577440345659852
0.0,-5.40532922744751,56.15,-0.0018058829009532928
0.0,-5.401599884033203,56.16,0.0020815222524106503
0.0,-5.397909164428711,56.17,0.005888635292649269
0.0,-5.394257068634033,56.18,0.009616309776902199
0.0,-5.390643119812012,56.19,0.013265369459986687
0.0,-5.387068271636963,56.2,0.016836656257510185
0.0,-5.38353157043457,56.21,0.020331015810370445
0.0,-5.381715774536133,56.22,0.02200411446392536
0.0,-5.378238677978516,56.23,0.02538333274424076
0.0,-5.376482009887695,56.24,0.02694258838891983
0.0,-5.374745845794678,56.25,0.02846408262848854
0.0,-5.373030662536621,56.26,0.029948260635137558
0.0,-5.371335983276367,56.27,0.03139558061957359
0.0,-5.369662284851074,56.28,0.03280648961663246
0.0,-5.368008613586426,56.29,0.03418143466114998
0.0,-5.36637544631958,56.3,0.035520851612091064
0.0,-5.364762783050537,56.31,0.03682519122958183
0.0,-5.364907264709473,56.32,0.03629361465573311
0.0,-5.365053653717041,56.33,0.03576522693037987
0.0,-5.3652024269104,56.34,0.03524007275700569
0.0,-5.370508193969727,56.35,0.029370533302426338
0.0,-5.370607376098633,56.36,0.028962941840291023
0.0,-5.375863552093506,56.37,0.023209910839796066
0.0,-5.369076251983643,56.38,0.030010294169187546
0.0,-5.374353885650635,56.39,0.024224447086453438
0.0,-5.379579544067383,56.4,0.018552271649241447
0.0,-5.372761249542236,56.41,0.025432772934436798
0.0,-5.366015911102295,56.42,0.03216654434800148
0.0,-5.3593430519104,56.43,0.03875516355037689
0.0,-5.352742671966553,56.44,0.04520021378993988
0.0,-5.353051662445068,56.45,0.04441079497337341
0.0,-5.353362083435059,56.46,0.043628133833408356
0.0,-5.358828544616699,56.47,0.03750471770763397
0.0,-5.3590874671936035,56.48,0.0368465892970562
0.0,-5.350774765014648,56.49,0.04508775472640991
0.0,-5.351125240325928,56.5,0.04425644502043724
0.0,-5.356631755828857,56.51,0.038085296750068665
0.0,-5.362085342407227,56.52,0.03203277662396431
0.0,-5.367486000061035,56.53,0.0260977353900671
0.0,-5.374570369720459,56.54,0.018477821722626686
0.0,-5.379847526550293,56.55,0.012811653316020966
0.0,-5.379917144775391,56.56,0.012606555595993996
0.0,-5.379987716674805,56.57,0.012402991764247417
0.0,-5.385213375091553,56.58,0.006853562314063311
0.0,-5.390385627746582,56.59,0.0014166422188282013
0.0,-5.390350341796875,56.6,0.001438461127690971
0.0,-5.39547061920166,56.61,-0.0038878489285707474
0.0,-5.400537967681885,56.62,-0.009103937074542046
0.0,-5.400397300720215,56.63,-0.008863605558872223
0.0,-5.400257110595703,56.64,-0.008626321330666542
0.0,-5.40011739730835,56.65,-0.008392075076699257
0.0,-5.3999786376953125,56.66,-0.008160855621099472
0.0,-5.393003463745117,56.67,-0.0008404906839132309
0.0,-5.382627487182617,56.68,0.009932102635502815
0.0,-5.372358798980713,56.69,0.020481348037719727
0.0,-5.362197399139404,56.7,0.030809573829174042
0.0,-5.350461483001709,56.71,0.04266403242945671
0.0,-5.3405327796936035,56.72,0.05252103880047798
0.0,-5.330711364746094,56.73,0.06216443330049515
0.0,-5.329570293426514,56.74,0.06270326673984528
0.0,-5.331920146942139,56.75,0.059615351259708405
0.0,-5.335934162139893,56.76,0.054833266884088516
0.0,-5.339912414550781,56.77,0.0501377135515213
0.0,-5.343854904174805,56.78,0.04552792012691498
0.0,-5.347761631011963,56.79,0.041003093123435974
0.0,-5.351632118225098,56.8,0.03656245768070221
0.0,-5.3623576164245605,56.81,0.02505704015493393
0.0,-5.376394271850586,56.82,0.010236602276563644
0.0,-5.390287399291992,56.83,-0.004281655885279179
0.0,-5.404037952423096,56.84,-0.01850084215402603
0.0,-5.414226531982422,56.85,-0.028878120705485344
0.0,-5.419153213500977,56.86,-0.03368910774588585
0.0,-5.42918062210083,56.87,-0.0437411293387413
0.0,-5.43910026550293,56.88,-0.05357740446925163
0.0,-5.443758010864258,56.89,-0.05785325914621353