Ax,Ay,Az,Gx,Gy,Gz,id,ts
0.6227050781250001,-9.666298828125,1.063388671875,0.2801120448179272,-1.2605042016806722,-0.2801120448179272,IMU0,-0.755
0.536484375,-9.608818359375,1.07296875,0.21008403361344538,-1.3305322128851542,-0.2801120448179272,IMU0,-0.745
0.6035449218750001,-9.666298828125,1.0538085937500001,0.1400560224089636,-1.2605042016806722,-0.2801120448179272,IMU0,-0.735
0.5460644531250001,-9.627978515625001,1.0921289062500001,0.1400560224089636,-1.1904761904761905,-0.2801120448179272,IMU0,-0.725
0.5460644531250001,-9.627978515625001,1.044228515625,0.0700280112044818,-1.1204481792717087,-0.2801120448179272,IMU0,-0.715
0.613125,-9.647138671875,1.0346484375,0.0700280112044818,-0.9103641456582633,-0.2801120448179272,IMU0,-0.705
0.5077441406250001,-9.63755859375,1.1112890625,0.1400560224089636,-0.9103641456582633,-0.2801120448179272,IMU0,-0.695
0.689765625,-9.647138671875,1.101708984375,0.1400560224089636,-1.1904761904761905,-0.350140056022409,IMU0,-0.685
0.46942382812500005,-9.627978515625001,1.063388671875,0.1400560224089636,-1.7507002801120448,-0.2801120448179272,IMU0,-0.675
0.689765625,-9.627978515625001,1.1112890625,0.2801120448179272,-2.100840336134454,-0.2801120448179272,IMU0,-0.665
0.613125,-9.733359375000001,0.9963281250000001,0.1400560224089636,-1.7507002801120448,-0.2801120448179272,IMU0,-0.655
0.44068359375000005,-9.551337890625001,1.1687695312500002,0.350140056022409,-2.030812324929972,-0.2801120448179272,IMU0,-0.645
1.044228515625,-9.378896484375,0.9580078125000001,0.0,-1.9607843137254903,-0.350140056022409,IMU0,-0.635
0.9675878906250001,-9.9249609375,1.0154882812500001,0.1400560224089636,-0.700280112044818,-0.2801120448179272,IMU0,-0.625
0.5077441406250001,-9.311835937500001,1.025068359375,0.0,-0.42016806722689076,-0.2801120448179272,IMU0,-0.615
0.55564453125,-9.685458984375,1.149609375,0.8403361344537815,0.0700280112044818,-0.21008403361344538,IMU0,-0.605
0.775986328125,-9.81,0.9388476562500001,0.0,-0.350140056022409,-0.21008403361344538,IMU0,-0.595
0.38320312500000003,-9.589658203125001,1.178349609375,1.2605042016806722,-2.801120448179272,-0.2801120448179272,IMU0,-0.585
0.833466796875,-9.484277343750001,0.9963281250000001,0.9803921568627452,-2.5910364145658265,-0.2801120448179272,IMU0,-0.575
0.5652246093750001,-9.695039062500001,1.2549902343750001,-0.8403361344537815,-1.1204481792717087,-0.21008403361344538,IMU0,-0.565
0.7664062500000001,-9.819580078125,0.9675878906250001,-0.700280112044818,-0.6302521008403361,-0.2801120448179272,IMU0,-0.555
0.38320312500000003,-9.522597656250001,1.082548828125,0.42016806722689076,-0.8403361344537815,-0.1400560224089636,IMU0,-0.545
0.814306640625,-9.4651171875,0.9675878906250001,0.350140056022409,0.1400560224089636,-0.350140056022409,IMU0,-0.535
0.6035449218750001,-9.704619140625,1.22625,-0.1400560224089636,0.5602240896358543,-0.21008403361344538,IMU0,-0.525
0.44068359375000005,-9.7716796875,1.274150390625,-0.6302521008403361,0.0,-0.1400560224089636,IMU0,-0.515
0.9675878906250001,-9.522597656250001,0.9675878906250001,-0.350140056022409,-0.6302521008403361,-0.350140056022409,IMU0,-0.505
0.18202148437500001,-9.560917968750001,1.2166699218750001,0.2801120448179272,-1.050420168067227,-0.1400560224089636,IMU0,-0.495
0.8430468750000001,-9.695039062500001,0.9963281250000001,0.4901960784313726,-0.9103641456582633,-0.350140056022409,IMU0,-0.485
0.24908203125000003,-9.67587890625,1.178349609375,1.1204481792717087,-2.030812324929972,-0.21008403361344538,IMU0,-0.475
0.63228515625,-9.474697265625,0.7855664062500001,0.0700280112044818,-1.050420168067227,-0.2801120448179272,IMU0,-0.465
0.7280859375000001,-9.819580078125,1.22625,-0.0700280112044818,-1.6106442577030813,-0.2801120448179272,IMU0,-0.455
0.38320312500000003,-9.59923828125,0.871787109375,-0.350140056022409,-2.3109243697478994,-0.21008403361344538,IMU0,-0.445
0.852626953125,-9.532177734375,1.0921289062500001,-0.21008403361344538,-1.9607843137254903,-0.2801120448179272,IMU0,-0.435
0.39278320312500004,-9.656718750000001,1.025068359375,-0.2801120448179272,0.0700280112044818,-0.21008403361344538,IMU0,-0.425
0.910107421875,-9.695039062500001,1.101708984375,0.1400560224089636,-0.21008403361344538,-0.350140056022409,IMU0,-0.415
0.316142578125,-9.7716796875,0.8047265625000001,1.1204481792717087,-0.700280112044818,-0.2801120448179272,IMU0,-0.405
0.613125,-9.244775390625001,1.101708984375,-0.0700280112044818,0.350140056022409,-0.2801120448179272,IMU0,-0.395
0.6227050781250001,-9.704619140625,1.1304492187500002,0.2801120448179272,-0.4901960784313726,-0.2801120448179272,IMU0,-0.385
0.5077441406250001,-9.972861328125001,1.063388671875,-0.2801120448179272,-0.700280112044818,-0.21008403361344538,IMU0,-0.375
0.775986328125,-9.4651171875,1.2454101562500002,-0.1400560224089636,-1.400560224089636,-0.21008403361344538,IMU0,-0.365
0.55564453125,-9.388476562500001,0.890947265625,1.050420168067227,-2.5910364145658265,-0.2801120448179272,IMU0,-0.355
0.833466796875,-9.896220703125001,1.1112890625,0.6302521008403361,-2.801120448179272,-0.42016806722689076,IMU0,-0.345
0.24908203125000003,-9.781259765625,1.063388671875,0.7703081232492998,-2.030812324929972,-0.2801120448179272,IMU0,-0.335
1.178349609375,-9.5034375,1.3316308593750001,0.7703081232492998,-1.3305322128851542,-0.350140056022409,IMU0,-0.325
0.42152343750000004,-9.4651171875,0.9580078125000001,0.6302521008403361,-1.1204481792717087,-0.21008403361344538,IMU0,-0.315
0.7472460937500001,-9.781259765625,1.43701171875,0.0700280112044818,-0.350140056022409,-0.350140056022409,IMU0,-0.305
0.6035449218750001,-10.011181640625,0.814306640625,0.0,-0.9803921568627452,-0.21008403361344538,IMU0,-0.295
0.55564453125,-9.311835937500001,1.2454101562500002,0.0,-0.700280112044818,-0.2801120448179272,IMU0,-0.285
0.699345703125,-9.551337890625001,1.025068359375,0.350140056022409,-0.42016806722689076,-0.2801120448179272,IMU0,-0.275
0.51732421875,-10.0782421875,1.0538085937500001,-1.1904761904761905,-0.2801120448179272,-0.1400560224089636,IMU0,-0.265
0.5748046875,-10.566826171875,0.7664062500000001,0.5602240896358543,-2.5210084033613445,-0.2801120448179272,IMU0,-0.255
0.5748046875,-10.921289062500001,1.3412109375,-0.0700280112044818,-1.1904761904761905,-0.21008403361344538,IMU0,-0.245
0.6227050781250001,-12.128378906250001,0.9771679687500001,0.4901960784313726,-0.350140056022409,-0.2801120448179272,IMU0,-0.235
0.5843847656250001,-13.277988281250002,0.5748046875,0.0,-0.7703081232492998,-0.1400560224089636,IMU0,-0.225
0.7855664062500001,-14.025234375,1.7339941406250001,-0.2801120448179272,-1.8907563025210086,-0.2801120448179272,IMU0,-0.215
0.775986328125,-14.111455078125001,0.871787109375,0.21008403361344538,-1.050420168067227,-0.2801120448179272,IMU0,-0.205
0.59396484375,-14.2168359375,0.9388476562500001,1.4705882352941178,-0.9103641456582633,-0.21008403361344538,IMU0,-0.195
0.5460644531250001,-14.50423828125,1.3699511718750002,1.1904761904761905,-1.1204481792717087,-0.2801120448179272,IMU0,-0.185
0.890947265625,-15.04072265625,0.9675878906250001,-0.1400560224089636,-0.8403361344537815,-0.21008403361344538,IMU0,-0.175
0.5077441406250001,-15.69216796875,1.159189453125,-0.4901960784313726,0.350140056022409,-0.0700280112044818,IMU0,-0.165
0.6514453125,-16.726816406250002,1.3412109375,0.1400560224089636,-0.8403361344537815,-0.1400560224089636,IMU0,-0.155
0.7472460937500001,-18.68115234375,0.910107421875,-1.1204481792717087,-2.2408963585434174,-0.2801120448179272,IMU0,-0.145
0.890947265625,-21.47853515625,1.005908203125,-0.1400560224089636,0.7703081232492998,-0.1400560224089636,IMU0,-0.135
1.101708984375,-26.651777343750002,1.51365234375,-1.050420168067227,3.5014005602240896,-0.21008403361344538,IMU0,-0.125
0.44068359375000005,-35.542089843750006,1.465751953125,1.8207282913165266,-2.2408963585434174,-0.1400560224089636,IMU0,-0.115
0.5460644531250001,-43.28279296875,1.07296875,0.9103641456582633,-4.201680672268908,-0.2801120448179272,IMU0,-0.105
1.235830078125,-51.48333984375,1.389111328125,-0.0700280112044818,-2.5910364145658265,0.0700280112044818,IMU0,-0.095
0.795146484375,-56.417080078125004,1.39869140625,-0.2801120448179272,-3.2913165266106446,0.0700280112044818,IMU0,-0.085
1.063388671875,-59.66472656250001,0.9580078125000001,1.4705882352941178,-4.551820728291316,0.0,IMU0,-0.075
1.302890625,-62.433369140625004,1.0346484375,0.2801120448179272,-0.9803921568627452,0.2801120448179272,IMU0,-0.065
0.51732421875,-65.019990234375,0.910107421875,-1.6106442577030813,1.3305322128851542,0.5602240896358543,IMU0,-0.055
1.235830078125,-67.0988671875,0.9196875000000001,-0.6302521008403361,-0.4901960784313726,0.350140056022409,IMU0,-0.045
0.43110351562500004,-69.216064453125,0.15328125,-0.1400560224089636,-2.170868347338936,0.2801120448179272,IMU0,-0.035
0.19160156250000002,-71.74520507812501,0.46942382812500005,0.700280112044818,-4.761904761904762,-0.0700280112044818,IMU0,-0.025
0.680185546875,-74.772509765625,0.8430468750000001,0.0700280112044818,-7.563025210084034,-0.0700280112044818,IMU0,-0.015
0.45984375000000005,-77.723173828125,0.0,1.050420168067227,-12.88515406162465,-0.1400560224089636,IMU0,-0.005
1.0154882812500001,-79.88827148437501,0.6227050781250001,0.4901960784313726,-15.756302521008404,-0.350140056022409,IMU0,0.005
0.19160156250000002,-81.2390625,-0.01916015625,0.5602240896358543,-15.056022408963585,-0.350140056022409,IMU0,0.015
0.3065625,-82.35035156250001,-0.5843847656250001,-0.4901960784313726,-8.753501400560225,-0.9103641456582633,IMU0,0.025
1.1304492187500002,-83.11675781250001,0.12454101562500001,-0.21008403361344538,-1.8907563025210086,-0.0700280112044818,IMU0,0.035
0.7472460937500001,-83.55744140625,0.67060546875,0.6302521008403361,3.011204481792717,0.21008403361344538,IMU0,0.045
1.389111328125,-84.659150390625,1.120869140625,0.0,3.5714285714285716,0.2801120448179272,IMU0,0.055
1.0538085937500001,-85.43513671875,1.753154296875,0.700280112044818,1.1204481792717087,0.21008403361344538,IMU0,0.065
-0.162861328125,-86.95836914062501,0.5269042968750001,0.700280112044818,-4.201680672268908,0.1400560224089636,IMU0,0.075
0.10538085937500001,-87.839736328125,0.8813671875000001,1.3305322128851542,-5.112044817927171,0.350140056022409,IMU0,0.085
0.354462890625,-87.360732421875,0.2682421875,0.21008403361344538,-2.100840336134454,1.050420168067227,IMU0,0.095
0.37362304687500003,-88.586982421875,-1.4561718750000001,-2.450980392156863,5.8123249299719895,1.050420168067227,IMU0,0.105
3.8703515625000002,-88.20377929687501,5.99712890625,-1.6106442577030813,7.773109243697479,-0.21008403361344538,IMU0,0.115
0.43110351562500004,-87.27451171875,1.120869140625,-0.9103641456582633,-11.554621848739496,-1.8907563025210086,IMU0,0.125
-5.968388671875,-90.35929687500001,-11.304492187500001,-2.2408963585434174,-3.5014005602240896,-1.5406162464985995,IMU0,0.135
4.914580078125001,-94.39250976562501,6.830595703125001,3.5714285714285716,24.859943977591037,-5.882352941176471,IMU0,0.145
1.62861328125,-94.87151367187501,5.182822265625,0.4901960784313726,32.142857142857146,-2.9411764705882355,IMU0,0.155
-0.354462890625,-96.64382812500001,-3.573369140625,2.5910364145658265,26.5406162464986,-3.5714285714285716,IMU0,0.165
0.296982421875,-96.85458984375,-2.519560546875,1.6106442577030813,19.11764705882353,-4.341736694677872,IMU0,0.175
1.427431640625,-98.25328125,4.435576171875001,3.2913165266106446,14.42577030812325,-5.322128851540617,IMU0,0.185
-2.232158203125,-97.716796875,1.6860937500000002,3.9215686274509807,26.12044817927171,-4.761904761904762,IMU0,0.195
-1.868115234375,-99.46037109375001,-2.9123437500000002,4.341736694677872,65.54621848739497,-3.151260504201681,IMU0,0.205
2.0980371093750003,-100.29383789062501,0.718505859375,4.761904761904762,69.11764705882354,-3.2913165266106446,IMU0,0.215
0.63228515625,-101.232685546875,0.9675878906250001,4.411764705882353,61.5546218487395,-3.361344537815126,IMU0,0.225
-1.0346484375,-101.769169921875,-2.059716796875,3.081232492997199,60.714285714285715,-3.081232492997199,IMU0,0.235
0.9388476562500001,-102.4301953125,-0.45984375000000005,2.5210084033613445,59.59383753501401,-3.2913165266106446,IMU0,0.245
0.775986328125,-102.93793945312501,0.40236328125000004,1.680672268907563,58.61344537815126,-3.2212885154061626,IMU0,0.255
-0.6227050781250001,-103.47442382812501,-1.62861328125,0.700280112044818,57.913165266106446,-3.081232492997199,IMU0,0.265
0.55564453125,-104.07796875000001,-0.63228515625,-0.0700280112044818,56.86274509803922,-3.2212885154061626,IMU0,0.275
0.680185546875,-104.68151367187501,0.162861328125,-0.700280112044818,55.88235294117647,-3.2212885154061626,IMU0,0.285
-0.42152343750000004,-105.198837890625,-1.2837304687500002,-1.5406162464985995,55.392156862745104,-3.081232492997199,IMU0,0.295
0.5460644531250001,-105.63952148437501,-0.737666015625,-2.73109243697479,54.761904761904766,-3.2212885154061626,IMU0,0.305
0.5652246093750001,-106.12810546875001,-0.277822265625,-3.641456582633053,53.641456582633054,-3.2913165266106446,IMU0,0.315
-0.24908203125000003,-106.59752929687501,-1.1687695312500002,-4.901960784313726,52.66106442577031,-3.361344537815126,IMU0,0.325
0.613125,-107.038212890625,-0.871787109375,-6.162464985994398,51.33053221288515,-3.641456582633053,IMU0,0.335
0.36404296875000003,-107.62259765625001,-0.5077441406250001,-7.703081232492997,49.92997198879552,-3.781512605042017,IMU0,0.345
-0.0383203125,-107.986640625,-0.9388476562500001,-8.753501400560225,48.879551820728295,-3.9215686274509807,IMU0,0.355
0.6610253906250001,-108.20698242187501,-0.9580078125000001,-10.084033613445378,47.54901960784314,-4.271708683473389,IMU0,0.365
0.32572265625,-108.54228515625,-0.6514453125,-11.064425770308123,45.79831932773109,-4.551820728291316,IMU0,0.375
0.23950195312500003,-108.99254882812501,-1.025068359375,-12.46498599439776,44.6078431372549,-4.901960784313726,IMU0,0.385
0.3448828125,-109.61525390625,-0.67060546875,-14.075630252100842,43.13725490196079,-5.182072829131653,IMU0,0.395
0.258662109375,-110.05593750000001,-0.9580078125000001,-16.666666666666668,39.845938375350144,-5.8123249299719895,IMU0,0.405
0.20118164062500002,-110.29543945312501,-0.8047265625000001,-17.92717086834734,37.95518207282913,-6.0924369747899165,IMU0,0.415
0.076640625,-110.448720703125,-0.335302734375,-19.257703081232496,36.484593837535016,-6.372549019607844,IMU0,0.425
0.18202148437500001,-110.7073828125,-0.8430468750000001,-20.72829131652661,35.294117647058826,-6.652661064425771,IMU0,0.435
0.067060546875,-111.09058593750001,-0.680185546875,-21.9187675070028,33.61344537815126,-6.862745098039216,IMU0,0.445
0.009580078125,-111.41630859375,-0.5269042968750001,-24.159663865546218,32.49299719887955,-7.142857142857143,IMU0,0.455
0.3065625,-111.598330078125,-0.7855664062500001,-25.0,30.3921568627451,-7.492997198879552,IMU0,0.465
0.0,-111.95279296875,-0.689765625,-26.750700280112046,29.131652661064425,-7.773109243697479,IMU0,0.475
-0.086220703125,-112.192294921875,-0.5269042968750001,-28.151260504201684,27.66106442577031,-8.053221288515406,IMU0,0.485
0.20118164062500002,-112.47011718750001,-0.5269042968750001,-30.182072829131656,26.820728291316527,-8.263305322128852,IMU0,0.495
-0.0383203125,-112.59465820312501,-0.5843847656250001,-31.722689075630253,25.70028011204482,-8.473389355742297,IMU0,0.505
-0.18202148437500001,-112.7766796875,-0.6035449218750001,-33.54341736694678,24.649859943977592,-8.823529411764707,IMU0,0.515
0.19160156250000002,-112.901220703125,-0.42152343750000004,-34.80392156862745,23.249299719887958,-9.243697478991598,IMU0,0.525
-0.258662109375,-113.21736328125,-0.17244140625,-36.41456582633053,22.198879551820728,-9.663865546218489,IMU0,0.535
-0.44068359375000005,-113.58140625,-0.32572265625,-37.81512605042017,21.9187675070028,-10.154061624649861,IMU0,0.545
-0.143701171875,-113.83048828125001,0.5077441406250001,-39.075630252100844,22.689075630252102,-10.504201680672269,IMU0,0.555
-1.2837304687500002,-113.94544921875001,1.044228515625,-40.33613445378151,23.80952380952381,-10.434173669467787,IMU0,0.565
-1.312470703125,-113.820908203125,0.18202148437500001,-41.45658263305322,25.07002801120448,-10.154061624649861,IMU0,0.575
-0.7664062500000001,-113.86880859375,0.5077441406250001,-42.64705882352941,27.030812324929972,-10.084033613445378,IMU0,0.585
-1.3412109375,-114.20411132812501,1.120869140625,-44.04761904761905,29.551820728291318,-9.803921568627452,IMU0,0.595
-1.2837304687500002,-114.01250976562501,0.67060546875,-44.81792717086835,32.28291316526611,-9.663865546218489,IMU0,0.605
-0.9867480468750001,-113.86880859375,0.852626953125,-45.728291316526615,35.22408963585434,-9.593837535014005,IMU0,0.615
-1.427431640625,-113.79216796875001,1.504072265625,-46.70868347338936,37.95518207282913,-9.593837535014005,IMU0,0.625
-1.62861328125,-113.84006835937501,0.8430468750000001,-47.19887955182073,40.33613445378151,-9.593837535014005,IMU0,0.635
-1.3412109375,-113.84964843750001,1.22625,-47.96918767507003,42.08683473389356,-9.73389355742297,IMU0,0.645
-1.82021484375,-113.67720703125,1.4944921875000001,-48.879551820728295,43.8375350140056,-9.803921568627452,IMU0,0.655
-2.3471191406250003,-113.380224609375,1.0154882812500001,-49.57983193277311,45.51820728291317,-10.084033613445378,IMU0,0.665
-1.59029296875,-113.3898046875,2.232158203125,-50.280112044817926,48.529411764705884,-10.364145658263306,IMU0,0.675
-1.0921289062500001,-113.21736328125,2.404599609375,-50.56022408963586,51.05042016806723,-10.714285714285715,IMU0,0.685
-2.05013671875,-112.977861328125,2.0213964843750003,-50.98039215686275,50.56022408963586,-10.854341736694678,IMU0,0.695
-2.8165429687500003,-113.21736328125,2.35669921875,-51.47058823529412,51.260504201680675,-10.92436974789916,IMU0,0.705
-2.040556640625,-112.91080078125,2.4908203125000004,-51.75070028011205,55.04201680672269,-10.784313725490197,IMU0,0.715
-2.47166015625,-112.81500000000001,2.7207421875,-52.17086834733894,60.7843137254902,-10.644257703081234,IMU0,0.725
-3.35302734375,-112.70003906250001,2.2513183593750004,-52.66106442577031,65.12605042016807,-10.504201680672269,IMU0,0.735
-1.829794921875,-112.52759765625001,3.420087890625,-52.52100840336135,68.90756302521008,-10.644257703081234,IMU0,0.745
-3.8511914062500003,-112.364736328125,2.921923828125,-53.29131652661064,69.46778711484595,-10.294117647058824,IMU0,0.755
-3.8416113281250004,-112.201875,3.0560449218750003,-53.71148459383754,69.39775910364146,-10.014005602240896,IMU0,0.765
-2.7303222656250004,-111.99111328125001,4.196074218750001,-54.061624649859944,68.83753501400561,-9.803921568627452,IMU0,0.775
-4.75171875,-111.97195312500001,4.129013671875001,-53.92156862745098,66.24649859943978,-9.243697478991598,IMU0,0.785
-4.378095703125,-111.042685546875,4.646337890625,-53.641456582633054,64.6358543417367,-8.543417366946779,IMU0,0.795
-4.00447265625,-110.88940429687501,4.96248046875,-53.57142857142858,64.35574229691878,-8.123249299719888,IMU0,0.805
-4.7804589843750005,-111.20554687500001,4.981640625000001,-52.73109243697479,63.72549019607843,-7.633053221288516,IMU0,0.815
-4.11943359375,-111.2438671875,5.470224609375,-52.3109243697479,61.34453781512605,-7.212885154061625,IMU0,0.825
-5.1061816406250005,-111.052265625,5.8917480468750005,-51.5406162464986,58.753501400560225,-6.862745098039216,IMU0,0.835
-5.2115625,-110.946884765625,5.7384667968750005,-51.05042016806723,58.333333333333336,-6.442577030812325,IMU0,0.845
-5.307363281250001,-111.08100585937501,6.284531250000001,-50.21008403361345,58.82352941176471,-5.9523809523809526,IMU0,0.855
-6.025869140625001,-110.97562500000001,7.050937500000001,-49.57983193277311,57.28291316526611,-5.2521008403361344,IMU0,0.865
-5.431904296875,-110.90856445312501,7.127578125,-48.319327731092436,59.2436974789916,-4.69187675070028,IMU0,0.875
-5.968388671875,-110.60200195312501,6.878496093750001,-47.128851540616246,62.81512605042017,-4.201680672268908,IMU0,0.885
-6.6964746093750005,-110.391240234375,7.060517578125,-46.148459383753504,67.43697478991596,-3.781512605042017,IMU0,0.895
-5.99712890625,-110.24753906250001,7.702382812500001,-44.537815126050425,72.82913165266106,-3.361344537815126,IMU0,0.905
-6.552773437500001,-110.06551757812501,7.8939843750000005,-43.34733893557423,81.44257703081233,-2.8711484593837535,IMU0,0.915
-7.30001953125,-110.19963867187501,7.529941406250001,-42.016806722689076,92.99719887955183,-2.380952380952381,IMU0,0.925
-7.137158203125001,-110.142158203125,7.9802050781250005,-40.68627450980392,101.47058823529412,-2.030812324929972,IMU0,0.935
-7.558681640625,-109.72063476562501,8.631650390625001,-38.79551820728292,112.25490196078432,-1.8907563025210086,IMU0,0.945
-8.171806640625,-109.58651367187501,8.210126953125,-36.904761904761905,125.63025210084034,-1.8207282913165266,IMU0,0.955
-8.555009765625,-109.51945312500001,8.478369140625,-35.0140056022409,142.50700280112045,-2.030812324929972,IMU0,0.965
-8.784931640625,-109.27037109375,8.8519921875,-33.26330532212885,161.27450980392157,-2.170868347338936,IMU0,0.975
-10.030341796875001,-108.92548828125001,8.660390625,-31.372549019607845,180.812324929972,-2.3109243697478994,IMU0,0.985
-9.992021484375,-110.12299804687501,9.436376953125,-28.011204481792717,202.3109243697479,-2.5910364145658265,IMU0,0.995
-11.611054687500001,-110.142158203125,8.689130859375,-26.050420168067227,226.1204481792717,-2.5210084033613445,IMU0,1.005
-11.639794921875001,-109.375751953125,8.784931640625,-24.789915966386555,252.94117647058826,-2.73109243697479,IMU0,1.015
-12.434941406250001,-108.63808593750001,8.746611328125,-22.478991596638657,276.7507002801121,-2.6610644257703084,IMU0,1.025
-12.885205078125,-108.072861328125,8.83283203125,-19.677871148459385,301.1904761904762,-2.5910364145658265,IMU0,1.035
-13.622871093750001,-107.78545898437501,7.788603515625001,-17.43697478991597,323.5294117647059,-2.3109243697478994,IMU0,1.045
-13.536650390625,-107.689658203125,8.047265625,-15.476190476190476,339.91596638655466,-1.5406162464985995,IMU0,1.055
-14.025234375,-107.49805664062501,7.204218750000001,-14.145658263305323,346.07843137254906,-0.5602240896358543,IMU0,1.065
-14.312636718750001,-107.32561523437501,6.255791015625,-13.165266106442578,345.23809523809524,0.6302521008403361,IMU0,1.075
-14.034814453125001,-107.32561523437501,6.092929687500001,-12.88515406162465,338.1652661064426,1.7507002801120448,IMU0,1.085
-13.833632812500001,-107.296875,5.700146484375001,-12.955182072829132,324.3697478991597,3.081232492997199,IMU0,1.095
-14.140195312500001,-107.114853515625,4.090693359375,-14.775910364145659,306.0924369747899,4.201680672268908,IMU0,1.105
-14.475498046875002,-106.95199218750001,3.8703515625000002,-15.616246498599441,286.9047619047619,5.46218487394958,IMU0,1.115
-14.839541015625,-106.616689453125,2.8069628906250004,-17.43697478991597,268.76750700280115,6.512605042016807,IMU0,1.125
-14.015654296875,-106.64542968750001,1.85853515625,-19.39775910364146,253.99159663865547,7.563025210084034,IMU0,1.135
-14.916181640625002,-106.60710937500001,2.16509765625,-21.988795518207283,241.5966386554622,8.893557422969188,IMU0,1.145
-14.647939453125002,-106.40592773437501,0.613125,-24.859943977591037,237.46498599439778,10.084033613445378,IMU0,1.155
-14.81080078125,-106.30054687500001,-0.41194335937500004,-28.291316526610647,238.8655462184874,10.994397759103641,IMU0,1.165
-14.791640625000001,-106.29096679687501,1.101708984375,-31.302521008403364,240.406162464986,11.624649859943979,IMU0,1.175
-14.762900390625001,-106.070625,0.162861328125,-35.22408963585434,243.76750700280112,11.904761904761905,IMU0,1.185
-14.226416015625,-105.78322265625,-0.6035449218750001,-39.14565826330532,253.71148459383755,12.254901960784315,IMU0,1.195
-15.155683593750002,-105.86944335937501,0.45984375000000005,-42.7170868347339,264.07563025210084,12.114845938375352,IMU0,1.205
-14.274316406250001,-105.831123046875,-0.43110351562500004,-46.70868347338936,274.15966386554624,11.834733893557424,IMU0,1.215
-14.188095703125,-105.831123046875,-0.43110351562500004,-50.490196078431374,279.9719887955182,10.784313725490197,IMU0,1.225
-14.264736328125,-105.620361328125,0.63228515625,-53.43137254901961,279.13165266106444,9.38375350140056,IMU0,1.235
-14.2934765625,-105.52456054687501,-0.9005273437500001,-57.28291316526611,280.18207282913164,8.123249299719888,IMU0,1.245
-14.226416015625,-105.40959960937501,-1.3412109375,-60.504201680672274,281.30252100840335,6.932773109243698,IMU0,1.255
-14.063554687500002,-105.59162109375,0.0383203125,-64.77591036414566,280.812324929972,5.322128851540617,IMU0,1.265
-13.632451171875001,-105.1892578125,-0.45026367187500005,-68.34733893557423,275.7002801120448,3.641456582633053,IMU0,1.275
-14.130615234375002,-104.8826953125,-0.37362304687500003,-71.42857142857143,269.18767507002804,1.8207282913165266,IMU0,1.285
-14.331796875,-104.719833984375,-0.22034179687500002,-74.50980392156863,265.1260504201681,0.1400560224089636,IMU0,1.295
-14.379697265625001,-104.56655273437501,0.17244140625,-78.0812324929972,263.9355742296919,-1.4705882352941178,IMU0,1.305
-13.929433593750002,-104.6527734375,0.59396484375,-79.55182072829132,258.68347338935575,-3.5714285714285716,IMU0,1.315
-14.350957031250001,-104.461171875,1.197509765625,-81.65266106442577,254.90196078431373,-5.6722689075630255,IMU0,1.325
-15.586787109375,-104.30789062500001,0.335302734375,-83.54341736694678,250.14005602240897,-7.773109243697479,IMU0,1.335
-15.366445312500002,-104.38453125000001,1.8393750000000002,-84.94397759103641,247.89915966386556,-9.663865546218489,IMU0,1.345
-15.69216796875,-104.17376953125,1.4178515625,-85.92436974789916,247.7591036414566,-11.414565826330533,IMU0,1.355
-16.123271484375,-103.9246875,2.002236328125,-87.60504201680672,247.82913165266106,-13.445378151260504,IMU0,1.365
-16.947158203125,-103.857626953125,3.3338671875,-88.8655462184874,246.56862745098042,-15.266106442577032,IMU0,1.375
-18.39375,-103.627705078125,1.9639160156250002,-89.6358543417367,251.33053221288517,-16.876750700280112,IMU0,1.385
-18.470390625,-103.66602539062501,3.2859667968750004,-89.77591036414566,261.7647058823529,-18.557422969187677,IMU0,1.395
-19.303857421875,-103.388203125,3.8320312500000004,-89.49579831932773,271.5686274509804,-20.098039215686274,IMU0,1.405
-20.549267578125,-103.12954101562501,2.9794042968750003,-89.6358543417367,279.4117647058824,-21.84873949579832,IMU0,1.415
-22.3790625,-102.90919921875,3.8320312500000004,-89.49579831932773,286.34453781512605,-23.73949579831933,IMU0,1.425
-22.982607421875002,-103.01458007812501,4.46431640625,-87.88515406162465,307.56302521008405,-26.680672268907564,IMU0,1.435
-24.256757812500002,-102.85171875,4.2535546875,-87.25490196078432,310.92436974789916,-28.43137254901961,IMU0,1.445
-25.521328125,-102.76549804687501,4.033212890625,-86.06442577030813,311.9047619047619,-30.11204481792717,IMU0,1.455
-26.220673828125,-102.478095703125,5.470224609375,-85.15406162464987,308.61344537815125,-31.51260504201681,IMU0,1.465
-28.002568359375,-102.41103515625001,4.090693359375,-84.80392156862746,303.2212885154062,-32.28291316526611,IMU0,1.475
-29.085117187500003,-102.39187500000001,3.8511914062500003,-83.33333333333334,295.86834733893556,-33.403361344537814,IMU0,1.485
-30.091025390625003,-102.803818359375,4.186494140625,-84.2436974789916,283.33333333333337,-34.38375350140056,IMU0,1.495
-31.05861328125,-102.71759765625,4.5601171875,-83.8935574229692,266.9467787114846,-35.294117647058826,IMU0,1.505
-32.1890625,-102.803818359375,4.5984375,-81.65266106442577,245.0980392156863,-35.7843137254902,IMU0,1.515
-33.444052734375,-103.05290039062501,4.4834765625,-81.23249299719889,225.4201680672269,-35.64425770308124,IMU0,1.525
-33.89431640625,-102.56431640625,5.441484375,-82.21288515406162,206.30252100840337,-35.294117647058826,IMU0,1.535
-35.704951171875,-102.25775390625,4.57927734375,-81.9327731092437,186.9747899159664,-34.523809523809526,IMU0,1.545
-36.6725390625,-102.05657226562501,6.389912109375,-81.72268907563026,167.57703081232495,-33.19327731092437,IMU0,1.555
-38.550234375,-101.63504882812501,5.26904296875,-82.07282913165267,155.0420168067227,-31.51260504201681,IMU0,1.565
-40.485410156250005,-101.548828125,6.7826953125000005,-81.37254901960785,144.2577030812325,-29.69187675070028,IMU0,1.575
-42.228984375,-101.232685546875,7.75986328125,-81.79271708683474,146.9887955182073,-27.24089635854342,IMU0,1.585
-43.771376953125,-101.37638671875001,9.484277343750001,-81.51260504201682,154.62184873949582,-26.47058823529412,IMU0,1.595
-45.6778125,-101.290166015625,10.09740234375,-83.26330532212886,174.7198879551821,-24.92997198879552,IMU0,1.605
-45.428730468750004,-101.22310546875,9.733359375000001,-83.26330532212886,197.2689075630252,-22.61904761904762,IMU0,1.615
-46.923222656250005,-101.347646484375,10.174042968750001,-82.28291316526611,209.6638655462185,-21.288515406162468,IMU0,1.625
-48.32191406250001,-101.1273046875,10.490185546875,-81.86274509803921,236.624649859944,-19.537815126050422,IMU0,1.635
-50.190029296875004,-101.06982421875,10.09740234375,-82.14285714285715,266.38655462184875,-17.50700280112045,IMU0,1.645
-50.458271484375004,-100.97402343750001,9.474697265625,-82.14285714285715,303.01120448179273,-15.826330532212886,IMU0,1.655
-51.377958984375006,-100.83990234375001,8.056845703125001,-82.56302521008404,322.05882352941177,-14.985994397759104,IMU0,1.665
-52.498828125,-100.91654296875001,9.06275390625,-82.77310924369748,334.4537815126051,-15.056022408963585,IMU0,1.675
-52.585048828125004,-100.66746093750001,6.552773437500001,-84.87394957983193,359.73389355742296,-13.725490196078432,IMU0,1.685
-52.623369140625,-100.76326171875,5.3456835937500005,-86.90476190476191,370.7983193277311,-13.58543417366947,IMU0,1.695
-52.0006640625,-100.887802734375,4.550537109375,-88.93557422969188,359.593837535014,-14.705882352941178,IMU0,1.705
-50.122968750000005,-100.55250000000001,3.9086718750000005,-90.61624649859944,327.7310924369748,-15.826330532212886,IMU0,1.715
-51.387539062500004,-100.29383789062501,2.634521484375,-94.46778711484595,264.0056022408964,-17.99719887955182,IMU0,1.725
-49.50984375,-99.987275390625,3.23806640625,-98.109243697479,195.51820728291318,-20.098039215686274,IMU0,1.735
-52.144365234375,-99.69987304687501,5.642666015625,-100.98039215686275,118.4873949579832,-20.868347338935575,IMU0,1.745
-50.352890625,-99.47953125000001,7.137158203125001,-103.85154061624651,60.36414565826331,-21.008403361344538,IMU0,1.755
-56.177578125000004,-98.952626953125,7.6257421875,-108.96358543417368,25.28011204481793,-18.977591036414566,IMU0,1.765
-57.394248046875006,-98.837666015625,9.388476562500001,-110.36414565826331,38.93557422969188,-16.526610644257705,IMU0,1.775
-61.226279296875006,-98.971787109375,14.86828125,-112.04481792717087,89.70588235294117,-12.605042016806724,IMU0,1.785
-63.52549804687501,-98.76102539062501,16.908837890625,-114.42577030812325,170.72829131652662,-8.823529411764707,IMU0,1.795
-64.62720703125001,-98.780185546875,14.647939453125002,-111.5546218487395,270.5182072829132,-6.442577030812325,IMU0,1.805
-66.84020507812501,-99.010107421875,15.663427734375,-111.1344537815126,377.8711484593838,-5.392156862745098,IMU0,1.815
-67.817373046875,-98.73228515625,14.542558593750002,-112.53501400560225,481.44257703081234,-6.722689075630252,IMU0,1.825
-69.580107421875,-98.76102539062501,10.97876953125,-108.8935574229692,563.8655462184875,-10.294117647058824,IMU0,1.835
-68.57419921875001,-98.51194335937501,5.8246875000000005,-108.8935574229692,627.9411764705883,-15.546218487394958,IMU0,1.845
-68.27721679687501,-98.32992187500001,6.351591796875001,-106.72268907563026,666.5266106442577,-21.77871148459384,IMU0,1.855
-65.73849609375,-98.21496093750001,-4.205654296875,-109.52380952380953,655.1120448179272,-28.641456582633054,IMU0,1.865
-68.1718359375,-98.128740234375,-4.684658203125,-107.77310924369749,583.0532212885155,-37.18487394957983,IMU0,1.875
-70.384833984375,-97.7551171875,-6.102509765625,-114.2156862745098,519.8879551820728,-43.69747899159664,IMU0,1.885
-74.791669921875,-97.78385742187501,-9.81,-117.22689075630252,451.7507002801121,-48.459383753501406,IMU0,1.895
-78.07763671875,-97.50603515625001,-11.888876953125001,-122.96918767507003,417.08683473389357,-49.719887955182074,IMU0,1.905
-78.432099609375,-97.39107421875,-10.969189453125,-128.4313725490196,397.4089635854342,-51.19047619047619,IMU0,1.915
-75.328154296875,-97.400654296875,-15.605947265625002,-135.92436974789916,379.20168067226894,-51.75070028011205,IMU0,1.925
-79.696669921875,-97.26653320312501,-10.202783203125001,-142.08683473389357,345.1680672268908,-54.13165266106443,IMU0,1.935
-82.86767578125,-96.53844726562501,-9.67587890625,-153.4313725490196,331.9327731092437,-55.182072829131656,IMU0,1.945
-77.54115234375,-96.54802734375001,-10.28900390625,-160.0140056022409,316.8067226890756,-56.65266106442577,IMU0,1.955
-78.240498046875,-96.11692382812501,-15.500566406250002,-170.7983193277311,266.6666666666667,-58.543417366946784,IMU0,1.965
-81.468984375,-95.9540625,-4.435576171875001,-173.80952380952382,230.95238095238096,-60.15406162464986,IMU0,1.975
-78.911103515625,-95.09185546875001,-7.2616992187500005,-184.03361344537817,244.39775910364148,-57.913165266106446,IMU0,1.985
-78.4416796875,-94.88109375,-6.428232421875,-188.0952380952381,249.15966386554624,-57.42296918767507,IMU0,1.995
-80.19483398437501,-94.67033203125001,2.375859375,-189.07563025210084,263.2352941176471,-57.49299719887956,IMU0,2.005
-79.8212109375,-94.19132812500001,-2.059716796875,-194.6778711484594,280.6022408963586,-58.753501400560225,IMU0,2.015
-80.95166015625,-94.47873046875,-2.366279296875,-197.40896358543418,280.18207282913164,-62.74509803921569,IMU0,2.025
-81.670166015625,-93.59736328125001,6.99345703125,-194.2577030812325,244.60784313725492,-67.85714285714286,IMU0,2.035
-85.914140625,-93.48240234375001,7.577841796875001,-194.46778711484595,185.92436974789916,-71.1484593837535,IMU0,2.045
-91.02032226562501,-93.6931640625,5.853427734375001,-192.57703081232495,128.99159663865547,-72.75910364145659,IMU0,2.055
-97.285693359375,-93.271640625,12.952265625,-186.69467787114846,60.99439775910364,-73.24929971988796,IMU0,2.065
-101.45302734375001,-93.18541992187501,15.883769531250001,-180.46218487394958,22.338935574229694,-71.21848739495799,IMU0,2.075
-112.2401953125,-92.76389648437501,14.916181640625002,-173.4593837535014,55.252100840336134,-68.27731092436976,IMU0,2.085
-120.57486328125,-92.9267578125,20.108583984375002,-160.43417366946778,185.22408963585434,-70.51820728291317,IMU0,2.095
-127.65454101562501,-92.52439453125001,12.93310546875,-144.53781512605042,400.35014005602244,-77.10084033613445,IMU0,2.105
-125.546923828125,-92.86927734375,5.5564453125,-122.3389355742297,611.5546218487395,-88.72549019607844,IMU0,2.115
-134.53303710937502,-93.82728515625,24.419619140625002,-110.15406162464987,699.3697478991597,-102.17086834733894,IMU0,2.125
-148.941474609375,-93.032138671875,30.043125000000003,-111.69467787114847,629.6918767507003,-118.9075630252101,IMU0,2.135
-155.35054687500002,-94.344609375,33.252451171875,-117.57703081232494,487.2549019607843,-130.74229691876752,IMU0,2.145
-159.73822265625,-92.60103515625,15.46224609375,-145.3781512605042,354.2717086834734,-144.11764705882354,IMU0,2.155
-166.693359375,-91.74840820312501,17.771044921875003,-178.0812324929972,69.18767507002802,-161.76470588235296,IMU0,2.165
-167.54598632812503,-91.901689453125,34.670302734375,-201.68067226890759,-184.80392156862746,-176.47058823529412,IMU0,2.175
-187.472548828125,-90.48383789062501,60.881396484375,-239.63585434173672,-290.406162464986,-179.62184873949582,IMU0,2.185
-191.92728515625,-88.08881835937501,57.461308593750005,-275.7002801120448,-170.58823529411765,-174.78991596638656,IMU0,2.195
-194.28398437500002,-88.826484375,43.1869921875,-279.90196078431376,180.95238095238096,-172.82913165266106,IMU0,2.205
-233.591044921875,-90.08147460937501,29.027636718750003,-255.32212885154064,539.2156862745098,-189.14565826330534,IMU0,2.215
-228.21662109375,-86.805087890625,49.3948828125,-246.1484593837535,818.7675070028012,-227.52100840336135,IMU0,2.225
-232.66177734375,-90.052734375,35.206787109375,-210.92436974789916,887.5350140056023,-269.2577030812325,IMU0,2.235
-278.0905078125,-86.16322265625,25.952431640625,-235.0840336134454,741.2464985994399,-318.76750700280115,IMU0,2.245
-288.983056640625,-87.475693359375,16.439414062500003,-184.17366946778714,526.3305322128851,-372.4089635854342,IMU0,2.255
-264.22813476562504,-84.33342773437501,-4.349355468750001,-204.83193277310926,302.94117647058823,-419.11764705882354,IMU0,2.265
-282.20036132812504,-86.39314453125,-14.887441406250002,-222.40896358543418,-12.044817927170868,-455.1820728291317,IMU0,2.275
-245.65236328125002,-82.551533203125,36.7491796875,-247.54901960784315,-353.5714285714286,-475.4901960784314,IMU0,2.285
-183.72673828125002,-83.44248046875,100.03517578125,-271.00840336134456,-624.4397759103641,-462.3249299719888,IMU0,2.295
-240.881484375,-83.643662109375,119.9808984375,-354.76190476190476,-774.0196078431372,-425.4901960784314,IMU0,2.305
-267.78234375,-80.73131835937501,115.38246093750001,-422.7591036414566,-722.4789915966387,-375.0700280112045,IMU0,2.315
-209.95699218750002,-86.268603515625,48.07283203125,-464.4957983193278,-440.6162464985995,-314.14565826330534,IMU0,2.325
-185.86309570312503,-86.211123046875,63.535078125000005,-438.8655462184874,-28.50140056022409,-299.92997198879556,IMU0,2.335
-211.901748046875,-86.28776367187501,64.08114257812501,-314.2857142857143,425.0,-281.2324929971989,IMU0,2.345
-215.82958007812502,-76.08498046875,68.64125976562501,-123.17927170868347,724.1596638655462,-346.9187675070028,IMU0,2.355
-200.02245117187502,-79.45716796875,68.19099609375,-254.90196078431373,665.9663865546219,-358.8235294117647,IMU0,2.365
-181.647861328125,-83.02095703125,26.833798828125,-310.7843137254902,66.5266106442577,-235.71428571428572,IMU0,2.375
-189.01494140625002,-86.83382812500001,22.733525390625,-193.27731092436974,-28.8515406162465,-284.73389355742296,IMU0,2.385
-192.69369140625003,-83.37541992187501,37.91794921875,-214.91596638655463,-132.14285714285714,-297.54901960784315,IMU0,2.395
-159.824443359375,-80.060712890625,35.915712890625,-331.2324929971989,-276.1904761904762,-439.9859943977591,IMU0,2.405
-143.73949218750002,-78.84404296875,49.193701171875006,-365.0560224089636,-726.3305322128851,-379.6218487394958,IMU0,2.415
-128.708349609375,-77.033408203125,99.872314453125,-427.10084033613447,-1110.7843137254902,-288.02521008403363,IMU0,2.425
-127.18511718750001,-70.518955078125,108.896748046875,-473.80952380952385,-1375.280112044818,-175.14005602240897,IMU0,2.435
-103.46484375,-67.587451171875,88.836064453125,-497.2689075630252,-1294.5378151260504,-43.8375350140056,IMU0,2.445
-85.1860546875,-72.0038671875,90.76166015625,-479.5518207282913,-592.0868347338936,173.24929971988797,IMU0,2.455
-76.42986328125001,-70.509375,96.43306640625,-463.09523809523813,-246.91876750700283,226.9607843137255,IMU0,2.465
-92.3136328125,-70.18365234375,89.449189453125,-461.2745098039216,85.29411764705883,258.4033613445378,IMU0,2.475
-99.067587890625,-71.247041015625,74.55216796875,-474.7198879551821,412.2549019607843,262.18487394957987,IMU0,2.485
-100.39921875,-70.72971679687501,68.64125976562501,-504.4817927170869,717.7170868347339,235.50420168067228,IMU0,2.495
-101.884130859375,-71.15124023437501,56.302119140625,-531.9327731092437,894.8879551820729,180.3221288515406,IMU0,2.505
-94.239228515625,-68.602939453125,32.294443359375,-562.0448179271709,762.3949579831933,109.80392156862746,IMU0,2.515
-94.17216796875,-65.50857421875,11.199111328125001,-581.5826330532213,447.05882352941177,61.97478991596639,IMU0,2.525
-99.067587890625,-62.82615234375,5.815107421875,-580.7422969187676,158.61344537815125,40.056022408963585,IMU0,2.535
-97.07493164062501,-59.62640625,-3.247646484375,-583.5434173669468,-41.52661064425771,40.89635854341737,IMU0,2.545
-97.103671875,-55.5261328125,-4.042792968750001,-593.1372549019608,-223.24929971988797,56.51260504201681,IMU0,2.555
-102.93793945312501,-51.665361328125,7.3191796875,-587.5350140056023,-409.0336134453782,86.9747899159664,IMU0,2.565
-109.2512109375,-47.53634765625,24.170537109375,-580.3921568627451,-608.1232492997199,133.54341736694678,IMU0,2.575
-108.04412109375001,-41.951162109375005,39.172939453125004,-559.3837535014006,-835.5042016806723,193.0672268907563,IMU0,2.585
-105.01681640625,-38.598134765625005,69.810029296875,-515.8963585434174,-1073.3193277310925,269.467787114846,IMU0,2.595
-103.25408203125001,-33.846416015625,76.640625,-462.3949579831933,-1210.8543417366948,354.20168067226894,IMU0,2.605
-102.248173828125,-33.185390625000004,65.058310546875,-387.3949579831933,-1131.1624649859943,431.51260504201684,IMU0,2.615
-99.508271484375,-37.5155859375,58.64923828125001,-311.624649859944,-910.8543417366947,491.38655462184875,IMU0,2.625
-73.699541015625,-39.6615234375,83.30835937500001,-242.0168067226891,-679.6918767507003,519.327731092437,IMU0,2.635
-59.521025390625006,-39.383701171875,84.28552734375,-187.67507002801122,-457.98319327731093,538.0952380952381,IMU0,2.645
-51.33005859375,-38.885537109375,79.68708984375,-168.20728291316527,-269.11764705882354,555.5322128851541,IMU0,2.655
-61.15921875,-39.948925781250004,69.8579296875,-154.55182072829132,-130.88235294117646,559.453781512605,IMU0,2.665
-59.022861328125,-41.52005859375,67.15634765625,-151.54061624649862,-22.689075630252102,557.3529411764706,IMU0,2.675
-50.209189453125006,-42.851689453125005,69.273544921875,-159.10364145658264,77.80112044817928,554.4817927170868,IMU0,2.685
-45.35208984375,-42.47806640625,59.022861328125,-176.75070028011206,173.3893557422969,548.9495798319329,IMU0,2.695
-53.66759765625,-43.292373046875,60.4311328125,-200.70028011204482,265.7563025210084,541.8767507002801,IMU0,2.705
-48.264433593750006,-44.020458984375004,55.449492187500006,-232.0028011204482,361.2745098039216,528.781512605042,IMU0,2.715
-53.61969726562501,-44.202480468750004,49.078740234375005,-268.76750700280115,456.8627450980392,510.5742296918768,IMU0,2.725
-52.134785156250004,-44.89224609375,57.48046875000001,-307.703081232493,556.232492997199,483.82352941176475,IMU0,2.735
-57.700810546875005,-44.844345703125,48.436875,-356.2324929971989,670.6582633053222,450.0,IMU0,2.745
-54.692666015625,-45.802353515625,53.389775390625005,-403.5014005602241,779.2717086834734,402.03081232492997,IMU0,2.755
-65.82471679687501,-45.447890625,51.512080078125,-449.15966386554624,915.3361344537816,340.96638655462186,IMU0,2.765
-73.871982421875,-45.706552734375,45.754453125000005,-495.23809523809524,1088.9355742296918,263.515406162465,IMU0,2.775
-74.0731640625,-44.0300390625,53.341875,-527.9411764705883,1297.829131652661,163.37535014005604,IMU0,2.785
-75.845478515625,-39.536982421875,64.58888671875,-547.5490196078432,1515.0560224089636,39.35574229691877,IMU0,2.795
-75.979599609375,-34.210458984375,39.929765625,-531.5126050420168,1663.795518207283,-99.85994397759104,IMU0,2.805
-75.673037109375,-31.125673828125002,3.247646484375,-471.5686274509804,1631.9327731092437,-236.624649859944,IMU0,2.815
-67.7119921875,-29.650341796875,-25.84705078125,-383.61344537815125,1481.372549019608,-346.6386554621849,IMU0,2.825
-60.546093750000004,-26.977500000000003,-26.086552734375,-285.99439775910366,1367.0868347338935,-422.47899159663865,IMU0,2.835
-60.843076171875005,-22.455703125000003,-32.706386718750004,-183.68347338935575,1364.2156862745098,-470.7282913165266,IMU0,2.845
-38.655615234375006,-18.41291015625,-44.54736328125,-89.84593837535014,1433.0532212885155,-496.07843137254906,IMU0,2.855
-24.362138671875,-14.619199218750001,-41.021894531250005,41.10644257703081,1486.0644257703082,-495.93837535014006,IMU0,2.865
-1.22625,-13.565390625000001,-36.595898437500004,183.33333333333334,1463.9355742296918,-470.6582633053221,IMU0,2.875
5.805527343750001,-15.548466796875001,-38.8184765625,286.624649859944,1320.6582633053222,-422.05882352941177,IMU0,2.885
22.110820312500003,-16.391513671875,-42.343945312500004,355.672268907563,1150.4901960784314,-352.3809523809524,IMU0,2.895
40.5045703125,-17.244140625,-36.557578125,405.1820728291317,1028.3613445378153,-286.06442577030816,IMU0,2.905
66.61028320312501,-19.75412109375,-20.127744140625,432.2829131652661,991.8767507002801,-210.57422969187675,IMU0,2.915
66.744404296875,-23.059248046875002,-19.524199218750002,454.27170868347343,994.9579831932773,-133.75350140056022,IMU0,2.925
59.15698242187501,-22.321582031250003,-16.247812500000002,460.7142857142857,1050.140056022409,-45.44817927170869,IMU0,2.935
52.968251953125005,-21.076171875,-3.4392480468750004,462.8851540616247,1144.2577030812326,42.7170868347339,IMU0,2.945
60.929296875000006,-21.124072265625003,31.144833984375,448.5994397759104,1238.4453781512605,132.703081232493,IMU0,2.955
58.76419921875,-24.371718750000003,44.595263671875,407.703081232493,1244.467787114846,225.8403361344538,IMU0,2.965
51.559980468750005,-26.718837890625,51.339638671875,354.90196078431376,1145.4481792717088,296.35854341736695,IMU0,2.975
48.235693359375006,-28.289970703125,50.6211328125,294.11764705882354,1048.6694677871149,349.4397759103642,IMU0,2.985
33.597333984375005,-29.0084765625,56.436240234375006,230.25210084033614,999.4397759103642,389.3557422969188,IMU0,2.995
18.250048828125003,-30.21556640625,56.187158203125,163.30532212885154,976.5406162464986,419.81792717086836,IMU0,3.005
12.080478515625002,-29.6216015625,55.8326953125,95.30812324929973,994.047619047619,439.4257703081233,IMU0,3.015
-6.22705078125,-29.525800781250002,57.633750000000006,22.058823529411764,1070.7282913165266,453.9915966386555,IMU0,3.025
-29.746142578125003,-29.937744140625004,55.612353515625,-59.45378151260505,1203.1512605042017,456.7927170868347,IMU0,3.035
-16.908837890625,-29.956904296875003,55.123769531250005,-146.42857142857144,1297.549019607843,434.0336134453782,IMU0,3.045
-18.317109375,-27.303222656250004,50.611552734375,-223.17927170868347,1256.232492997199,393.8375350140056,IMU0,3.055
-33.242871093750004,-26.4793359375,44.049199218750005,-289.07563025210084,1212.044817927171,347.47899159663865,IMU0,3.065
-43.311533203125,-26.555976562500003,42.449326171875,-339.5658263305322,1204.6218487394958,298.31932773109247,IMU0,3.075
-54.941748046875006,-25.483007812500002,37.30482421875,-378.9915966386555,1261.8347338935575,219.187675070028,IMU0,3.085
-61.379560546875005,-23.940615234375002,37.027001953125,-408.33333333333337,1377.450980392157,129.55182072829132,IMU0,3.095
-56.656582031250004,-20.482207031250002,51.416279296875004,-418.5574229691877,1521.0784313725492,33.61344537815126,IMU0,3.105
-48.638056640625,-17.311201171875002,33.81767578125,-411.2745098039216,1566.5966386554624,-73.38935574229693,IMU0,3.115
-40.590791015625,-14.006074218750001,-0.6418652343750001,-378.4313725490196,1492.2969187675071,-170.8683473389356,IMU0,3.125
-30.627509765625003,-11.505673828125001,-28.337871093750003,-318.2773109243698,1428.5714285714287,-248.38935574229694,IMU0,3.135
-30.723310546875002,-9.474697265625,-27.715166015625,-240.406162464986,1413.3053221288517,-311.5546218487395,IMU0,3.145
-33.58775390625,-7.1754785156250005,-21.718037109375,-151.6106442577031,1482.0028011204483,-352.52100840336135,IMU0,3.155
-15.107783203125,-2.9123437500000002,-18.0488671875,-46.70868347338936,1576.8207282913165,-381.5826330532213,IMU0,3.165
0.354462890625,-1.8106347656250001,-15.73048828125,62.18487394957983,1570.7983193277312,-386.41456582633054,IMU0,3.175
12.1475390625,-0.9867480468750001,-16.180751953125,163.37535014005604,1483.4733893557423,-365.33613445378154,IMU0,3.185
22.235361328125002,-0.12454101562500001,-2.222578125,245.30812324929974,1433.8935574229693,-317.57703081232495,IMU0,3.195
30.790371093750004,-0.11496093750000001,17.119599609375,309.87394957983196,1460.2240896358544,-243.69747899159665,IMU0,3.205
30.627509765625003,-1.9926562500000002,23.729853515625003,360.0140056022409,1556.7927170868347,-155.3921568627451,IMU0,3.215
29.094697265625,-2.864443359375,41.94158203125,385.7142857142857,1628.011204481793,-48.24929971988796,IMU0,3.225
20.309765625,-5.278623046875,49.107480468750005,388.02521008403363,1602.310924369748,61.06442577030813,IMU0,3.235
10.700947265625,-8.6220703125,58.72587890625,363.1652661064426,1566.5966386554624,158.19327731092437,IMU0,3.245
-5.2498828125,-11.563154296875,59.080341796875004,309.3137254901961,1557.422969187675,244.46778711484595,IMU0,3.255
-14.034814453125001,-12.492421875000002,55.16208984375,237.95518207282913,1603.501400560224,320.7282913165266,IMU0,3.265
-18.489550781250003,-14.025234375,51.090556640625,146.07843137254903,1686.6946778711485,379.5518207282913,IMU0,3.275
-21.411474609375002,-13.900693359375001,49.50984375,42.296918767507,1707.282913165266,414.84593837535016,IMU0,3.285
-35.168466796875,-14.877861328125,44.077939453125005,-64.28571428571429,1696.1484593837536,420.0280112044818,IMU0,3.295
-46.386738281250004,-15.797548828125,45.476630859375,-169.88795518207283,1713.795518207283,391.52661064425774,IMU0,3.305
-52.891611328125,-13.804892578125001,33.28119140625,-263.515406162465,1771.0784313725492,327.59103641456585,IMU0,3.315
-55.861435546875,-12.607382812500001,37.831728515625,-330.672268907563,1832.2128851540617,234.38375350140058,IMU0,3.325
-49.481103515625,-9.819580078125,26.766738281250003,-371.9887955182073,1840.1960784313726,120.0280112044818,IMU0,3.335
-55.286630859375,-7.10841796875,14.312636718750001,-377.8011204481793,1761.4845938375352,2.8711484593837535,IMU0,3.345
-59.118662109375,-2.5770410156250003,3.2763867187500004,-348.59943977591035,1716.2464985994397,-104.55182072829132,IMU0,3.355
-57.365507812500006,1.8106347656250001,-6.313271484375001,-285.1540616246499,1722.6190476190477,-200.14005602240897,IMU0,3.365
-46.597500000000004,6.734794921875,-15.759228515625,-193.1372549019608,1754.1316526610644,-280.18207282913164,IMU0,3.375
-31.528037109375003,10.05908203125,-20.223544921875,-81.72268907563026,1734.6638655462186,-332.3529411764706,IMU0,3.385
-22.398222656250002,11.726015625,-29.976064453125,36.694677871148464,1650.6302521008404,-349.7198879551821,IMU0,3.395
-9.120234375,12.981005859375001,-34.727783203125,147.7591036414566,1561.0644257703082,-338.09523809523813,IMU0,3.405
7.702382812500001,14.897021484375001,-29.67908203125,244.7478991596639,1510.8543417366948,-294.9579831932773,IMU0,3.415
19.629580078125002,14.50423828125,-21.986279296875,328.1512605042017,1510.2240896358544,-224.2997198879552,IMU0,3.425
29.27671875,13.191767578125,-5.901328125,388.8655462184874,1529.2717086834734,-129.76190476190476,IMU0,3.435
28.970156250000002,9.072333984375,17.119599609375,417.50700280112045,1527.9411764705883,-19.18767507002801,IMU0,3.445
33.539853515625005,5.604345703125,33.616494140625,408.4033613445378,1500.3501400560224,93.20728291316527,IMU0,3.455
33.309931640625,1.7723144531250001,33.81767578125,373.1792717086835,1472.7591036414567,198.109243697479,IMU0,3.465
24.419619140625002,-0.680185546875,40.849453125000004,237.7450980392157,1487.2549019607843,384.94397759103646,IMU0,3.475
6.437812500000001,-2.232158203125,45.055107421875,136.41456582633054,1534.873949579832,448.249299719888,IMU0,3.485
1.89685546875,-2.366279296875,47.852490234375004,18.557422969187677,1578.5714285714287,483.61344537815125,IMU0,3.495
-18.14466796875,-4.052373046875,53.313134765625,-104.97198879551821,1591.7366946778711,480.672268907563,IMU0,3.505
-31.068193359375,-5.5564453125,49.117060546875,-223.66946778711485,1585.014005602241,442.92717086834733,IMU0,3.515
-41.529638671875006,-23.940615234375002,37.7071875,-318.4873949579832,1590.826330532213,370.5882352941177,IMU0,3.525
-49.222441406250006,-1.9639160156250002,34.622402343750004,-391.03641456582636,1607.282913165266,268.2072829131653,IMU0,3.535
-54.84594726562501,16.324453125,25.253085937500003,-423.10924369747903,1647.5490196078433,146.5686274509804,IMU0,3.545
-51.167197265625006,-0.086220703125,18.700312500000003,-435.7142857142857,1690.6162464985996,18.76750700280112,IMU0,3.555
-42.727148437500006,3.08478515625,10.40396484375,-403.5714285714286,1684.733893557423,-107.28291316526611,IMU0,3.565
-39.307060546875,6.888076171875,-4.4834765625,-340.8263305322129,1639.9159663865546,-216.1764705882353,IMU0,3.575
-32.59142578125,9.455537109375001,-13.191767578125,-251.33053221288517,1598.5294117647059,-300.7002801120448,IMU0,3.585
-30.63708984375,12.846884765625001,-16.650175781250002,-145.09803921568627,1582.422969187675,-357.91316526610643,IMU0,3.595
-18.863173828125003,15.17484375,-17.330361328125,-29.901960784313726,1599.5798319327732,-382.63305322128855,IMU0,3.605
-4.569697265625,16.276552734375002,-16.70765625,88.0952380952381,1618.5574229691877,-376.890756302521,IMU0,3.615
0.143701171875,16.123271484375,-14.140195312500001,198.8795518207283,1598.3193277310925,-336.1344537815126,IMU0,3.625
6.8497558593750005,15.538886718750001,-14.341376953125001,289.4957983193277,1549.3697478991596,-268.2773109243698,IMU0,3.635
17.45490234375,14.283896484375001,-8.574169921875,355.4621848739496,1518.8375350140057,-183.19327731092437,IMU0,3.645
19.67748046875,12.866044921875002,1.312470703125,397.19887955182077,1519.1176470588236,-84.31372549019608,IMU0,3.655
21.037851562500002,10.3848046875,12.607382812500001,409.3137254901961,1553.5714285714287,25.35014005602241,IMU0,3.665
21.296513671875,8.842412109375001,24.08431640625,391.2464985994398,1597.7591036414567,138.8655462184874,IMU0,3.675
20.760029296875,3.8320312500000004,30.359267578125003,342.64705882352945,1602.3809523809525,244.11764705882354,IMU0,3.685
17.598603515625,2.8261230468750003,36.653378906250005,267.3669467787115,1577.871148459384,330.0420168067227,IMU0,3.695
9.934541015625001,-0.890947265625,40.0447265625,175.56022408963585,1567.9271708683475,391.5966386554622,IMU0,3.705
5.700146484375001,-2.404599609375,41.088955078125004,70.37815126050421,1578.9915966386554,427.8711484593838,IMU0,3.715
-9.829160156250001,-4.2535546875,45.993955078125005,-42.226890756302524,1616.7366946778711,435.6442577030813,IMU0,3.725
-15.644267578125001,-8.535849609375001,45.23712890625,-153.57142857142858,1673.249299719888,412.95518207282913,IMU0,3.735
-27.034980468750003,-7.702382812500001,43.464814453125,-253.22128851540617,1680.2521008403362,357.4229691876751,IMU0,3.745
-32.64890625,-6.102509765625,41.797880859375006,-328.9915966386555,1665.2661064425772,273.5294117647059,IMU0,3.755
-40.322548828125,-4.684658203125,39.402861328125006,-376.6806722689076,1684.3837535014006,171.6386554621849,IMU0,3.765
-44.039619140625,-1.5615527343750002,24.457939453125,-394.25770308123253,1734.873949579832,59.173669467787114,IMU0,3.775
-39.000498046875,2.3279589843750004,14.513818359375001,-377.4509803921569,1771.358543417367,-58.05322128851541,IMU0,3.785
-37.582646484375005,7.204218750000001,13.258828125,-326.1904761904762,1764.8459383753502,-167.0168067226891,IMU0,3.795
-30.531708984375,7.5682617187500005,1.66693359375,-246.6386554621849,1741.8067226890757,-252.3109243697479,IMU0,3.805
-34.35416015625,10.681787109375001,-1.7723144531250001,-147.40896358543418,1731.0224089635856,-310.99439775910366,IMU0,3.815
-22.791005859375,13.076806640625001,-2.941083984375,-35.64425770308124,1745.5182072829132,-340.0560224089636,IMU0,3.825
-10.135722656250001,16.238232421875,1.9543359375000002,78.92156862745098,1778.2212885154063,-335.4341736694678,IMU0,3.835
-1.149609375,18.317109375,2.6441015625000004,185.57422969187675,1782.9131652661065,-294.6078431372549,IMU0,3.845
5.23072265625,17.1675,0.296982421875,272.8291316526611,1750.700280112045,-223.38935574229694,IMU0,3.855
7.826923828125,14.887441406250002,12.578642578125,333.1932773109244,1733.6134453781513,-131.5826330532213,IMU0,3.865
7.846083984375,13.584550781250002,24.304658203125,363.09523809523813,1757.282913165266,-24.439775910364148,IMU0,3.875
10.09740234375,11.658955078125,25.454267578125002,358.9635854341737,1796.0084033613446,89.98599439775911,IMU0,3.885
4.042792968750001,7.999365234375,37.812568359375,322.61904761904765,1799.1596638655462,198.17927170868347,IMU0,3.895
2.08845703125,4.1002734375,39.4316015625,255.46218487394958,1792.5070028011205,289.7058823529412,IMU0,3.905
1.07296875,1.120869140625,38.5885546875,164.84593837535016,1793.7675070028013,356.02240896358546,IMU0,3.915
-15.376025390625001,-0.948427734375,45.917314453125,54.6218487394958,1816.3165266106444,391.6666666666667,IMU0,3.925
-20.587587890625002,-2.35669921875,40.437509765625,-59.03361344537815,1862.5350140056023,398.249299719888,IMU0,3.935
-30.091025390625003,-3.2284863281250002,41.922421875000005,-168.1372549019608,1864.4957983193278,365.7563025210084,IMU0,3.945
-33.827255859375,-1.9255957031250002,36.19353515625,-257.7731092436975,1867.0168067226891,301.1904761904762,IMU0,3.955
-34.39248046875,0.086220703125,26.61345703125,-321.42857142857144,1878.3613445378153,210.0840336134454,IMU0,3.965
-36.921621093750005,2.069296875,15.34728515625,-352.8011204481793,1891.4565826330534,102.10084033613445,IMU0,3.975
-34.39248046875,5.07744140625,15.395185546875002,-348.59943977591035,1877.5210084033615,-12.184873949579833,IMU0,3.985
-26.4793359375,8.085585937500001,2.4333398437500002,-306.7927170868347,1850.700280112045,-115.96638655462185,IMU0,3.995
-32.026201171875,10.662626953125,5.1732421875000005,-237.11484593837537,1823.9495798319329,-201.89075630252103,IMU0,4.005
-16.07537109375,13.85279296875,0.890947265625,-145.51820728291318,1831.232492997199,-260.29411764705884,IMU0,4.015
-0.70892578125,14.849121093750002,4.4068359375,-40.33613445378151,1839.2857142857144,-289.0056022408964,IMU0,4.025
2.01181640625,14.590458984375001,5.297783203125,63.72549019607843,1824.0896358543419,-280.3921568627451,IMU0,4.035
7.079677734375,13.536650390625,5.4031640625,157.98319327731093,1800.9803921568628,-241.38655462184875,IMU0,4.045
8.3155078125,13.843212890625,16.68849609375,232.98319327731093,1793.6974789915967,-175.63025210084035,IMU0,4.055
8.497529296875001,11.256591796875,24.630380859375002,284.4537815126051,1814.7058823529412,-88.79551820728291,IMU0,4.065
8.229287109375,8.938212890625001,31.40349609375,304.83193277310926,1835.5042016806724,11.554621848739496,IMU0,4.075
4.31103515625,3.6308496093750002,42.564287109375,292.50700280112045,1832.0728291316527,111.5546218487395,IMU0,4.085
1.78189453125,2.232158203125,41.778720703125,247.19887955182074,1831.3025210084033,203.64145658263305,IMU0,4.095
-2.0980371093750003,-0.354462890625,36.538417968750004,178.57142857142858,1842.2268907563025,276.890756302521,IMU0,4.105
-19.390078125000002,-4.8666796875000005,44.920986328125004,87.60504201680672,1869.607843137255,324.5798319327731,IMU0,4.115
-26.948759765625002,-6.399492187500001,44.834765625,-12.114845938375352,1900.140056022409,343.62745098039215,IMU0,4.125
-29.803623046875003,-8.056845703125001,41.78830078125,-111.06442577030813,1896.5686274509806,325.8403361344538,IMU0,4.135
-38.090390625000005,-7.721542968750001,37.477265625,-196.9187675070028,1890.1960784313726,274.85994397759106,IMU0,4.145
-30.416748046875004,-6.389912109375,25.473427734375,-258.33333333333337,1903.3613445378153,201.1904761904762,IMU0,4.155
-32.9937890625,-3.9182519531250004,20.424726562500002,-292.7871148459384,1916.7366946778711,108.12324929971989,IMU0,4.165
-28.64443359375,-1.4178515625,14.542558593750002,-293.69747899159665,1906.0224089635856,11.624649859943979,IMU0,4.175
-23.2604296875,1.302890625,8.296347656250001,-262.60504201680675,1871.5686274509806,-78.78151260504202,IMU0,4.185
-22.867646484375,4.44515625,6.514453125,-205.11204481792717,1851.2605042016808,-153.78151260504202,IMU0,4.195
-12.693603515625,7.635322265625001,6.207890625,-128.0812324929972,1848.5294117647059,-206.9327731092437,IMU0,4.205
-5.07744140625,9.29267578125,5.776787109375,-40.54621848739496,1856.372549019608,-231.44257703081234,IMU0,4.215
-0.48858398437500006,10.001601562500001,8.047265625,49.089635854341736,1828.9915966386554,-227.52100840336135,IMU0,4.225
5.853427734375001,10.356064453125,11.55357421875,129.34173669467788,1798.389355742297,-195.58823529411765,IMU0,4.235
6.811435546875001,9.972861328125001,17.18666015625,192.0168067226891,1787.5350140056023,-139.56582633053222,IMU0,4.245
6.03544921875,8.650810546875,24.917783203125,233.61344537815128,1793.6974789915967,-66.66666666666667,IMU0,4.255
6.409072265625,6.361171875,32.24654296875,248.9495798319328,1809.593837535014,16.456582633053223,IMU0,4.265
4.08111328125,3.7074902343750002,34.670302734375,237.53501400560225,1799.8599439775912,99.50980392156863,IMU0,4.275
0.910107421875,1.2837304687500002,42.86126953125,198.3893557422969,1788.5854341736695,173.73949579831933,IMU0,4.285
-3.65958984375,-0.6227050781250001,36.433037109375,139.2156862745098,1803.2212885154063,234.31372549019608,IMU0,4.295
-15.04072265625,-1.619033203125,35.944453125,68.0672268907563,1814.0056022408965,272.47899159663865,IMU0,4.305
-19.9648828125,-3.7074902343750002,39.709423828125004,-13.305322128851541,1836.6946778711485,287.7450980392157,IMU0,4.315
-28.711494140625003,-4.033212890625,41.778720703125,-94.18767507002802,1831.9327731092437,272.89915966386553,IMU0,4.325
-27.245742187500003,-3.400927734375,34.210458984375,-162.39495798319328,1825.9803921568628,233.1232492997199,IMU0,4.335
-29.171337890625,-2.040556640625,27.964248046875003,-213.02521008403363,1815.8963585434174,171.9187675070028,IMU0,4.345
-31.3843359375,-0.718505859375,18.700312500000003,-239.49579831932775,1805.3221288515408,100.21008403361346,IMU0,4.355
-25.492587890625003,1.504072265625,9.551337890625001,-240.3361344537815,1782.9131652661065,23.03921568627451,IMU0,4.365
-22.771845703125003,3.7074902343750002,-1.2454101562500002,-212.2549019607843,1716.3165266106444,-50.420168067226896,IMU0,4.375
-18.7386328125,5.489384765625,-5.374423828125001,-164.2156862745098,1630.5322128851542,-107.42296918767508,IMU0,4.385
-13.182187500000001,6.868916015625,-0.948427734375,-106.02240896358543,1554.6218487394958,-146.42857142857144,IMU0,4.395
-5.125341796875,8.64123046875,-2.7494824218750002,-45.23809523809524,1500.7703081232494,-166.1764705882353,IMU0,4.405
7.137158203125001,7.961044921875001,1.8776953125000002,12.46498599439776,1454.4817927170868,-161.76470588235296,IMU0,4.415
2.692001953125,7.683222656250001,-2.9889843750000002,64.14565826330532,1402.0308123249301,-148.73949579831933,IMU0,4.425
19.236796875,6.983876953125001,2.8261230468750003,106.58263305322129,1335.9243697478992,-118.55742296918768,IMU0,4.435
12.157119140625001,5.795947265625,6.84017578125,136.83473389355743,1283.6134453781513,-81.37254901960785,IMU0,4.445
15.222744140625,4.675078125000001,3.7649707031250004,153.22128851540617,1249.5098039215686,-37.81512605042017,IMU0,4.455
7.357500000000001,3.956572265625,8.353828125,161.2044817927171,1228.641456582633,2.5910364145658265,IMU0,4.465
12.252919921875002,3.3338671875,12.645703125,158.82352941176472,1222.0588235294117,45.30812324929972,IMU0,4.475
18.10634765625,2.0980371093750003,20.6546484375,146.70868347338936,1212.324929971989,86.48459383753502,IMU0,4.485
5.8917480468750005,-0.162861328125,20.616328125000003,118.55742296918768,1195.6582633053222,124.57983193277312,IMU0,4.495
14.762900390625001,-0.48858398437500006,29.315039062500002,44.957983193277315,1152.871148459384,174.01960784313727,IMU0,4.505
1.005908203125,-0.59396484375,31.40349609375,1.1904761904761905,1137.2549019607843,183.4733893557423,IMU0,4.515
-7.10841796875,-1.159189453125,21.986279296875,-40.476190476190474,1128.781512605042,182.84313725490196,IMU0,4.525
1.1879296875,-1.37953125,24.228017578125,-78.22128851540617,1120.0980392156864,169.39775910364148,IMU0,4.535
-8.382568359375,-0.9388476562500001,30.29220703125,-114.56582633053222,1122.7591036414567,151.75070028011206,IMU0,4.545
-6.6964746093750005,-1.0154882812500001,22.254521484375,-143.76750700280112,1121.5686274509803,126.68067226890757,IMU0,4.555
-14.9066015625,-0.067060546875,27.523564453125,-169.11764705882354,1088.375350140056,91.45658263305323,IMU0,4.565
-18.441650390625,0.6227050781250001,22.934707031250003,-184.45378151260505,1051.6106442577031,50.280112044817926,IMU0,4.575
-17.081279296875,1.1112890625,17.397421875000003,-190.75630252100842,1008.3333333333334,8.263305322128852,IMU0,4.585
-21.708457031250003,1.5328125000000001,15.816708984375001,-185.7843137254902,959.8039215686275,-37.39495798319328,IMU0,4.595
-23.499931640625,2.16509765625,12.58822265625,-173.66946778711485,916.1064425770309,-80.46218487394958,IMU0,4.605
-24.06515625,2.289638671875,5.958808593750001,-152.52100840336135,869.3977591036415,-122.3389355742297,IMU0,4.615
-26.795478515625003,2.6728417968750002,4.0236328125,-124.78991596638656,813.0952380952382,-163.23529411764707,IMU0,4.625
-22.791005859375,3.113525390625,-0.39278320312500004,-93.27731092436976,752.6610644257703,-195.7983193277311,IMU0,4.635
-20.09900390625,3.4584082031250003,-0.335302734375,-58.543417366946784,683.9635854341738,-223.59943977591038,IMU0,4.645
-16.1328515625,3.4392480468750004,-4.358935546875,-23.03921568627451,611.7647058823529,-244.04761904761907,IMU0,4.655
-15.11736328125,3.1997460937500004,-6.083349609375,10.994397759103641,524.2997198879552,-259.80392156862746,IMU0,4.665
-12.904365234375001,2.8931835937500003,-5.8246875000000005,42.92717086834734,440.7563025210084,-270.30812324929974,IMU0,4.675
-10.202783203125001,2.77822265625,-8.3155078125,71.5686274509804,363.4453781512605,-277.59103641456585,IMU0,4.685
-8.123906250000001,2.5099804687500002,-6.830595703125001,96.70868347338936,285.29411764705884,-282.3529411764706,IMU0,4.695
-6.99345703125,1.6477734375000002,-8.401728515625,117.64705882352942,216.24649859943978,-285.7843137254902,IMU0,4.705
-6.830595703125001,0.8238867187500001,-9.053173828125,135.08403361344537,145.93837535014006,-289.4257703081233,IMU0,4.715
-6.198310546875001,0.047900390625000004,-7.8077636718750005,149.6498599439776,78.64145658263305,-293.9075630252101,IMU0,4.725
-5.0966015625,-0.162861328125,-7.683222656250001,160.64425770308125,15.336134453781513,-299.15966386554624,IMU0,4.735
-4.1002734375,-0.70892578125,-6.18873046875,167.64705882352942,-44.04761904761905,-305.1120448179272,IMU0,4.745
-4.981640625000001,-1.2454101562500002,-5.748046875,170.93837535014006,-87.11484593837535,-311.9747899159664,IMU0,4.755
-5.470224609375,-2.069296875,-5.57560546875,171.5686274509804,-119.53781512605043,-319.5378151260504,IMU0,4.765
-4.895419921875001,-3.094365234375,-5.05828125,169.88795518207283,-145.51820728291318,-328.01120448179273,IMU0,4.775
-4.186494140625,-4.014052734375,-5.010380859375,166.1764705882353,-167.43697478991598,-336.5546218487395,IMU0,4.785
-2.442919921875,-4.972060546875,-3.2763867187500004,160.3641456582633,-183.8935574229692,-344.3977591036415,IMU0,4.795
-2.8740234375,-5.9779687500000005,-3.324287109375,153.29131652661064,-195.8683473389356,-351.9607843137255,IMU0,4.805
-1.101708984375,-6.907236328125,-1.9255957031250002,144.11764705882354,-207.63305322128852,-358.2633053221289,IMU0,4.815
1.6381933593750002,-7.3287597656250005,-2.040556640625,134.1736694677871,-221.218487394958,-363.5854341736695,IMU0,4.825
3.65958984375,-7.462880859375001,0.9580078125000001,121.91876750700281,-239.14565826330534,-367.15686274509807,IMU0,4.835
3.0560449218750003,-7.252119140625,3.42966796875,106.09243697478992,-258.61344537815125,-371.00840336134456,IMU0,4.845
22.877226562500002,-8.190966796875001,6.888076171875,84.80392156862746,-271.218487394958,-357.56302521008405,IMU0,4.855
21.104912109375,-10.279423828125001,-1.178349609375,70.65826330532214,-292.08683473389357,-349.3697478991597,IMU0,4.865
16.305292968750003,-10.202783203125001,0.9675878906250001,50.21008403361345,-322.61904761904765,-338.79551820728295,IMU0,4.875
22.3790625,-10.59556640625,7.0221972656250005,30.602240896358545,-351.2605042016807,-323.249299719888,IMU0,4.885
22.800585937500003,-10.825488281250001,-0.5269042968750001,10.714285714285715,-380.0420168067227,-306.0924369747899,IMU0,4.895
23.279589843750003,-11.333232421875001,-0.890947265625,-7.42296918767507,-399.08963585434174,-284.24369747899163,IMU0,4.905
26.450595703125003,-11.01708984375,-1.6094531250000002,-23.03921568627451,-403.9915966386555,-259.4537815126051,IMU0,4.915
28.088789062500002,-10.950029296875,-5.374423828125001,-35.22408963585434,-394.74789915966386,-231.09243697478993,IMU0,4.925
26.632617187500003,-10.528505859375,-9.71419921875,-44.397759103641455,-369.6778711484594,-203.0812324929972,IMU0,4.935
24.342978515625003,-9.4651171875,-7.357500000000001,-48.109243697478995,-334.0336134453782,-174.78991596638656,IMU0,4.945
21.018691406250003,-7.6544824218750005,-8.123906250000001,-48.879551820728295,-293.06722689075633,-148.17927170868347,IMU0,4.955
18.479970703125,-6.514453125,-9.953701171875,-47.82913165266107,-247.89915966386556,-124.43977591036415,IMU0,4.965
18.163828125000002,-5.8246875000000005,-8.478369140625,-44.537815126050425,-201.40056022408965,-103.0812324929972,IMU0,4.975
16.410673828125002,-5.374423828125001,-8.871152343750001,-40.056022408963585,-157.703081232493,-83.82352941176471,IMU0,4.985
18.508710937500002,-5.4989648437500005,-9.513017578125,-35.0140056022409,-110.85434173669468,-64.6358543417367,IMU0,4.995
20.415146484375,-6.083349609375,-10.174042968750001,-28.43137254901961,-60.504201680672274,-44.957983193277315,IMU0,5.005
24.093896484375,-6.868916015625,-11.409873046875001,-20.308123249299722,-7.212885154061625,-22.54901960784314,IMU0,5.015
28.280390625000003,-6.5431933593750005,-12.521162109375,-10.714285714285715,34.38375350140056,1.6106442577030813,IMU0,5.025
19.112255859375,-5.38400390625,-8.420888671875,-1.9607843137254903,59.03361344537815,23.179271708683473,IMU0,5.035
14.715000000000002,-4.531376953125,-4.3876757812500005,4.201680672268908,76.47058823529412,42.15686274509804,IMU0,5.045
16.381933593750002,-4.4834765625,-5.518125,8.053221288515406,85.57422969187675,57.352941176470594,IMU0,5.055
14.858701171875001,-4.9337402343750005,-3.7074902343750002,11.27450980392157,88.16526610644259,70.93837535014006,IMU0,5.065
17.943486328125,-5.144501953125,-5.029541015625,14.005602240896359,88.23529411764706,85.50420168067227,IMU0,5.075
13.728251953125001,-5.010380859375,-3.3817675781250003,16.526610644257705,80.95238095238095,98.59943977591037,IMU0,5.085
14.456337890625,-4.88583984375,-2.77822265625,18.347338935574232,72.6890756302521,111.83473389355743,IMU0,5.095
13.919853515625,-4.818779296875,-3.4871484375,19.817927170868348,61.20448179271709,123.59943977591037,IMU0,5.105
12.051738281250001,-4.44515625,-2.0980371093750003,21.35854341736695,49.089635854341736,134.87394957983193,IMU0,5.115
10.748847656250001,-4.08111328125,-2.289638671875,22.689075630252102,37.81512605042017,144.88795518207283,IMU0,5.125
10.59556640625,-4.08111328125,-2.1459375,23.87955182072829,27.24089635854342,153.99159663865547,IMU0,5.135
10.5380859375,-3.7745507812500003,-1.676513671875,24.92997198879552,15.266106442577032,162.67507002801122,IMU0,5.145
8.9286328125,-3.4679882812500002,-1.4082714843750002,26.260504201680675,1.9607843137254903,170.58823529411765,IMU0,5.155
7.7790234375,-3.3913476562500002,-1.274150390625,27.801120448179272,-10.504201680672269,177.59103641456582,IMU0,5.165
8.076005859375,-3.343447265625,-1.580712890625,29.481792717086837,-21.288515406162468,184.17366946778714,IMU0,5.175
7.003037109375001,-3.1518457031250002,-1.235830078125,31.65266106442577,-31.65266106442577,189.9859943977591,IMU0,5.185
5.776787109375,-3.1518457031250002,-1.044228515625,33.96358543417367,-40.96638655462185,195.16806722689077,IMU0,5.195
5.508544921875,-3.16142578125,-0.8238867187500001,36.34453781512605,-49.299719887955185,199.6498599439776,IMU0,5.205
4.7133984375,-3.1422656250000003,-0.8238867187500001,39.00560224089636,-57.212885154061624,203.5014005602241,IMU0,5.215
3.822451171875,-3.171005859375,-0.41194335937500004,41.806722689075634,-64.77591036414566,206.5826330532213,IMU0,5.225
3.2189062500000003,-3.420087890625,-0.23950195312500003,44.747899159663866,-71.35854341736695,209.10364145658264,IMU0,5.235
2.5866210937500003,-3.496728515625,-0.335302734375,47.54901960784314,-76.33053221288516,211.06442577030813,IMU0,5.245
1.944755859375,-3.6116894531250003,-0.316142578125,50.56022408963586,-79.27170868347339,212.39495798319328,IMU0,5.255
1.657353515625,-3.7170703125,0.067060546875,53.8515406162465,-81.23249299719889,213.23529411764707,IMU0,5.265
0.8430468750000001,-3.726650390625,0.22034179687500002,56.792717086834735,-82.77310924369748,213.65546218487395,IMU0,5.275
0.2682421875,-3.6979101562500003,0.49816406250000006,59.66386554621849,-84.10364145658264,213.58543417366948,IMU0,5.285
-0.22992187500000003,-3.6691699218750005,0.699345703125,62.18487394957983,-85.57422969187675,212.88515406162466,IMU0,5.295
-0.6418652343750001,-3.4679882812500002,0.7472460937500001,64.91596638655463,-87.04481792717087,211.624649859944,IMU0,5.305
-0.8622070312500001,-3.42966796875,1.0154882812500001,67.3669467787115,-88.65546218487395,210.0140056022409,IMU0,5.315
-1.43701171875,-3.4105078125,1.2645703125,69.74789915966387,-90.68627450980392,208.0532212885154,IMU0,5.325
-2.70158203125,-3.4584082031250003,1.676513671875,71.84873949579833,-93.27731092436976,205.11204481792717,IMU0,5.335
-3.554208984375,-3.477568359375,2.136357421875,73.66946778711485,-96.35854341736695,201.47058823529412,IMU0,5.345
-4.071533203125,-3.65958984375,2.538720703125,75.21008403361346,-100.56022408963585,196.9887955182073,IMU0,5.355
-4.3876757812500005,-3.7937109375,2.7303222656250004,76.82072829131653,-106.09243697478992,191.80672268907563,IMU0,5.365
-4.895419921875001,-3.9182519531250004,2.9027636718750003,78.29131652661064,-112.88515406162466,186.1344537815126,IMU0,5.375
-5.182822265625,-3.9374121093750003,3.1422656250000003,79.69187675070029,-120.44817927170868,179.76190476190476,IMU0,5.385
-5.451064453125,-3.7074902343750002,3.4488281250000004,80.88235294117648,-127.73109243697479,173.03921568627453,IMU0,5.395
-5.872587890625001,-3.477568359375,3.50630859375,81.9327731092437,-133.75350140056022,165.89635854341736,IMU0,5.405
-6.715634765625,-3.2189062500000003,3.9182519531250004,82.703081232493,-138.37535014005604,158.26330532212887,IMU0,5.415
-7.529941406250001,-3.2955468750000003,4.167333984375,82.98319327731093,-140.8263305322129,149.92997198879553,IMU0,5.425
-6.7826953125000005,-3.31470703125,4.378095703125,83.05322128851542,-140.54621848739495,141.9467787114846,IMU0,5.435
-6.524033203125001,-3.2284863281250002,4.368515625000001,82.63305322128852,-138.02521008403363,134.2436974789916,IMU0,5.445
-6.811435546875001,-3.08478515625,4.512216796875,81.65266106442577,-133.19327731092437,126.61064425770309,IMU0,5.455
-6.638994140625001,-2.9794042968750003,4.4547363281250005,80.32212885154063,-125.28011204481793,119.32773109243698,IMU0,5.465
-6.6964746093750005,-2.8261230468750003,4.282294921875001,78.5014005602241,-115.12605042016807,112.39495798319328,IMU0,5.475
-6.399492187500001,-2.6441015625000004,4.473896484375,76.33053221288516,-103.01120448179272,105.812324929972,IMU0,5.485
-6.265371093750001,-2.4525,4.42599609375,73.73949579831933,-89.6358543417367,99.64985994397759,IMU0,5.495
-6.121669921875,-2.3375390625000003,4.339775390625,70.65826330532214,-75.56022408963585,93.83753501400561,IMU0,5.505
-5.968388671875,-2.2704785156250002,4.23439453125,67.43697478991596,-60.85434173669468,88.44537815126051,IMU0,5.515
-5.834267578125,-2.117197265625,4.0619531250000005,60.08403361344538,-29.901960784313726,78.43137254901961,IMU0,5.525
-5.88216796875,-2.05013671875,4.033212890625,56.09243697478992,-14.705882352941178,73.80952380952381,IMU0,5.535
-5.604345703125,-1.9926562500000002,3.8320312500000004,52.17086834733894,0.2801120448179272,69.46778711484595,IMU0,5.545
-5.326523437500001,-1.85853515625,3.7649707031250004,48.03921568627451,14.075630252100842,65.33613445378151,IMU0,5.555
-5.11576171875,-1.714833984375,3.5637890625,43.90756302521009,26.330532212885156,61.41456582633054,IMU0,5.565
-4.761298828125001,-1.55197265625,3.4679882812500002,39.845938375350144,36.83473389355743,57.703081232493,IMU0,5.575
-4.57927734375,-1.4561718750000001,3.3626074218750004,36.06442577030813,45.79831932773109,54.13165266106443,IMU0,5.585
-4.15775390625,-1.3412109375,2.9889843750000002,32.28291316526611,53.50140056022409,50.840336134453786,IMU0,5.595
-3.96615234375,-1.197509765625,2.835703125,28.8515406162465,59.943977591036415,47.75910364145658,IMU0,5.605
-3.7170703125,-1.063388671875,2.4908203125000004,25.7703081232493,65.12605042016807,44.747899159663866,IMU0,5.615
-3.5350488281250003,-1.025068359375,2.4141796875000003,22.829131652661065,69.04761904761905,41.9467787114846,IMU0,5.625
-3.23806640625,-0.929267578125,2.117197265625,20.238095238095237,72.19887955182074,39.285714285714285,IMU0,5.635
-3.1039453125,-0.8430468750000001,1.9734960937500001,17.857142857142858,74.29971988795519,36.62464985994398,IMU0,5.645
-3.017724609375,-0.8047265625000001,1.9543359375000002,15.336134453781513,75.84033613445378,34.2436974789916,IMU0,5.655
-2.768642578125,-0.7855664062500001,1.676513671875,13.165266106442578,76.75070028011204,31.792717086834735,IMU0,5.665
-2.538720703125,-0.67060546875,1.6094531250000002,11.134453781512606,77.03081232492998,29.481792717086837,IMU0,5.675
-2.385439453125,-0.613125,1.427431640625,9.313725490196079,76.9607843137255,27.380952380952383,IMU0,5.685
-2.16509765625,-0.536484375,1.3220507812500002,7.633053221288516,76.47058823529412,25.35014005602241,IMU0,5.695
-2.05013671875,-0.5077441406250001,1.2645703125,6.162464985994398,75.56022408963585,23.459383753501402,IMU0,5.705
-1.8872753906250002,-0.46942382812500005,1.1687695312500002,4.621848739495799,74.29971988795519,21.568627450980394,IMU0,5.715
-1.8106347656250001,-0.42152343750000004,1.140029296875,3.361344537815126,72.61904761904762,19.817927170868348,IMU0,5.725
-1.7244140625000002,-0.40236328125000004,1.0154882812500001,2.3109243697478994,70.72829131652661,18.067226890756302,IMU0,5.735
-1.70525390625,-0.38320312500000003,1.005908203125,1.1204481792717087,68.4873949579832,16.38655462184874,IMU0,5.745
-1.580712890625,-0.335302734375,0.9196875000000001,-0.2801120448179272,66.38655462184875,14.84593837535014,IMU0,5.755
-1.5328125000000001,-0.316142578125,0.910107421875,-0.9103641456582633,63.58543417366947,13.095238095238097,IMU0,5.765
-1.4561718750000001,-0.3065625,0.8238867187500001,-1.8207282913165266,60.64425770308124,11.554621848739496,IMU0,5.775
-1.3220507812500002,-0.258662109375,0.699345703125,-2.5210084033613445,57.563025210084035,10.014005602240896,IMU0,5.785
-1.2933105468750001,-0.28740234375,0.689765625,-3.2212885154061626,54.20168067226891,8.543417366946779,IMU0,5.795
-1.235830078125,-0.22992187500000003,0.6227050781250001,-3.8515406162464987,50.63025210084034,7.142857142857143,IMU0,5.805
-1.1304492187500002,-0.22992187500000003,0.49816406250000006,-4.481792717086835,46.98879551820728,5.742296918767507,IMU0,5.815
-1.044228515625,-0.21076171875000002,0.47900390625000006,-4.761904761904762,43.0672268907563,4.411764705882353,IMU0,5.825
-0.9963281250000001,-0.15328125,0.41194335937500004,-5.182072829131653,39.14565826330532,3.2212885154061626,IMU0,5.835
-0.8047265625000001,-0.13412109375,0.39278320312500004,-5.5322128851540615,35.364145658263304,2.030812324929972,IMU0,5.845
-0.795146484375,-0.11496093750000001,0.354462890625,-5.8123249299719895,31.58263305322129,0.9103641456582633,IMU0,5.855
-0.737666015625,-0.11496093750000001,0.316142578125,-6.022408963585434,27.941176470588236,-0.0700280112044818,IMU0,5.865
-0.6418652343750001,-0.11496093750000001,0.2682421875,-6.23249299719888,24.369747899159666,-1.1204481792717087,IMU0,5.875
-0.680185546875,-0.067060546875,0.28740234375,-6.442577030812325,21.008403361344538,-1.9607843137254903,IMU0,5.885
-0.5748046875,-0.057480468750000006,0.23950195312500003,-6.722689075630252,17.717086834733895,-2.801120448179272,IMU0,5.895
-0.49816406250000006,-0.067060546875,0.22992187500000003,-6.792717086834735,14.635854341736696,-3.5714285714285716,IMU0,5.905
-0.5077441406250001,-0.0383203125,0.19160156250000002,-6.792717086834735,11.624649859943979,-4.341736694677872,IMU0,5.915
-0.44068359375000005,-0.0383203125,0.19160156250000002,-6.862745098039216,8.893557422969188,-4.971988795518207,IMU0,5.925
-0.41194335937500004,-0.028740234375000003,0.162861328125,-7.072829131652662,6.23249299719888,-5.602240896358544,IMU0,5.935
-0.40236328125000004,-0.01916015625,0.15328125,-7.212885154061625,3.5014005602240896,-6.23249299719888,IMU0,5.945
-0.3448828125,0.0,0.15328125,-7.072829131652662,0.9103641456582633,-6.792717086834735,IMU0,5.955
-0.3065625,0.009580078125,0.15328125,-7.282913165266106,-1.3305322128851542,-7.282913165266106,IMU0,5.965
-0.22034179687500002,0.028740234375000003,0.12454101562500001,-7.352941176470589,-3.2212885154061626,-7.703081232492997,IMU0,5.975
-0.15328125,0.028740234375000003,0.10538085937500001,-7.42296918767507,-4.901960784313726,-8.053221288515406,IMU0,5.985
-0.162861328125,-0.009580078125,0.086220703125,-7.42296918767507,-6.302521008403362,-8.333333333333334,IMU0,5.995
-0.17244140625,0.009580078125,0.086220703125,-7.282913165266106,-7.843137254901961,-8.61344537815126,IMU0,6.005
-0.19160156250000002,0.028740234375000003,0.10538085937500001,-7.352941176470589,-9.38375350140056,-8.893557422969188,IMU0,6.015
-0.22034179687500002,0.0,0.10538085937500001,-7.42296918767507,-11.064425770308123,-9.173669467787116,IMU0,6.025
-0.23950195312500003,0.028740234375000003,0.10538085937500001,-7.492997198879552,-12.88515406162465,-9.523809523809524,IMU0,6.035
-0.13412109375,0.01916015625,0.09580078125000001,-7.563025210084034,-14.495798319327731,-9.803921568627452,IMU0,6.045
-0.21076171875000002,0.028740234375000003,0.086220703125,-7.563025210084034,-16.176470588235293,-10.154061624649861,IMU0,6.055
-0.11496093750000001,0.0383203125,0.067060546875,-7.563025210084034,-17.50700280112045,-10.364145658263306,IMU0,6.065
-0.18202148437500001,0.009580078125,0.076640625,-7.633053221288516,-18.837535014005603,-10.644257703081234,IMU0,6.075
-0.15328125,0.0383203125,0.086220703125,-7.703081232492997,-20.238095238095237,-10.92436974789916,IMU0,6.085
-0.15328125,0.0383203125,0.09580078125000001,-7.703081232492997,-21.84873949579832,-11.204481792717088,IMU0,6.095
-0.20118164062500002,0.01916015625,0.09580078125000001,-7.703081232492997,-23.38935574229692,-11.554621848739496,IMU0,6.105
-0.22034179687500002,0.0,0.09580078125000001,-7.843137254901961,-25.35014005602241,-11.834733893557424,IMU0,6.115
-0.143701171875,0.01916015625,0.057480468750000006,-7.913165266106443,-27.17086834733894,-12.184873949579833,IMU0,6.125
-0.28740234375,0.0,0.086220703125,-8.053221288515406,-29.131652661064425,-12.53501400560224,IMU0,6.135
-0.12454101562500001,0.028740234375000003,0.047900390625000004,-8.123249299719888,-31.1624649859944,-12.815126050420169,IMU0,6.145
-0.0383203125,0.076640625,0.057480468750000006,-7.983193277310924,-32.913165266106446,-13.095238095238097,IMU0,6.155
-0.17244140625,0.028740234375000003,0.067060546875,-8.053221288515406,-34.38375350140056,-13.305322128851541,IMU0,6.165
-0.10538085937500001,0.028740234375000003,0.057480468750000006,-8.123249299719888,-35.85434173669468,-13.445378151260504,IMU0,6.175
-0.076640625,0.047900390625000004,0.009580078125,-8.19327731092437,-37.324929971988794,-13.65546218487395,IMU0,6.185
-0.11496093750000001,0.057480468750000006,0.028740234375000003,-8.053221288515406,-38.655462184873954,-13.865546218487395,IMU0,6.195
-0.0383203125,0.028740234375000003,0.028740234375000003,-8.19327731092437,-39.845938375350144,-13.935574229691877,IMU0,6.205
-0.067060546875,0.0383203125,0.0383203125,-8.333333333333334,-41.036414565826334,-14.075630252100842,IMU0,6.215
-0.21076171875000002,0.057480468750000006,0.057480468750000006,-8.333333333333334,-42.50700280112045,-14.215686274509805,IMU0,6.225
-0.162861328125,0.01916015625,0.01916015625,-8.473389355742297,-44.46778711484594,-14.42577030812325,IMU0,6.235
-0.11496093750000001,0.0,0.0,-8.61344537815126,-46.498599439775916,-14.705882352941178,IMU0,6.245
-0.43110351562500004,-0.01916015625,0.086220703125,-8.543417366946779,-48.94957983193277,-15.056022408963585,IMU0,6.255
-0.12454101562500001,-0.028740234375000003,0.009580078125,-8.543417366946779,-51.680672268907564,-15.406162464985995,IMU0,6.265
-0.22992187500000003,-0.01916015625,0.047900390625000004,-8.683473389355743,-54.27170868347339,-15.756302521008404,IMU0,6.275
-0.24908203125000003,-0.009580078125,0.047900390625000004,-8.753501400560225,-56.58263305322129,-16.106442577030812,IMU0,6.285
-0.15328125,-0.01916015625,0.009580078125,-8.893557422969188,-58.82352941176471,-16.456582633053223,IMU0,6.295
-0.162861328125,0.0,0.028740234375000003,-9.033613445378151,-60.714285714285715,-16.73669467787115,IMU0,6.305
-0.18202148437500001,0.0383203125,0.0,-8.96358543417367,-62.464985994397765,-16.946778711484594,IMU0,6.315
-0.09580078125000001,0.0383203125,0.0,-9.173669467787116,-63.72549019607843,-17.15686274509804,IMU0,6.325
-0.10538085937500001,0.067060546875,-0.028740234375000003,-9.313725490196079,-64.77591036414566,-17.296918767507005,IMU0,6.335
-0.0383203125,0.067060546875,-0.01916015625,-9.38375350140056,-65.47619047619048,-17.366946778711487,IMU0,6.345
-0.047900390625000004,0.086220703125,-0.01916015625,-9.73389355742297,-66.03641456582633,-17.366946778711487,IMU0,6.355
-0.076640625,0.067060546875,-0.028740234375000003,-9.663865546218489,-66.73669467787116,-17.366946778711487,IMU0,6.365
-0.076640625,0.086220703125,-0.028740234375000003,-9.73389355742297,-67.29691876750701,-17.366946778711487,IMU0,6.375
-0.076640625,0.057480468750000006,-0.047900390625000004,-9.873949579831933,-67.85714285714286,-17.296918767507005,IMU0,6.385
-0.086220703125,0.067060546875,-0.047900390625000004,-9.873949579831933,-68.4873949579832,-17.296918767507005,IMU0,6.395
-0.10538085937500001,0.076640625,-0.028740234375000003,-9.943977591036415,-69.04761904761905,-17.366946778711487,IMU0,6.405
-0.057480468750000006,0.057480468750000006,-0.076640625,-10.014005602240896,-69.67787114845939,-17.296918767507005,IMU0,6.415
-0.09580078125000001,0.067060546875,-0.047900390625000004,-10.154061624649861,-70.0280112044818,-17.296918767507005,IMU0,6.425
-0.057480468750000006,0.057480468750000006,-0.09580078125000001,-10.434173669467787,-70.51820728291317,-17.22689075630252,IMU0,6.435
-0.057480468750000006,0.09580078125000001,-0.086220703125,-10.57422969187675,-71.1484593837535,-17.22689075630252,IMU0,6.445
-0.086220703125,0.057480468750000006,-0.057480468750000006,-10.644257703081234,-71.70868347338936,-17.15686274509804,IMU0,6.455
-0.057480468750000006,0.076640625,-0.067060546875,-10.854341736694678,-72.26890756302521,-17.15686274509804,IMU0,6.465
-0.09580078125000001,0.067060546875,-0.076640625,-10.714285714285715,-73.109243697479,-17.15686274509804,IMU0,6.475
-0.067060546875,0.057480468750000006,-0.09580078125000001,-10.854341736694678,-73.80952380952381,-17.22689075630252,IMU0,6.485
-0.09580078125000001,0.028740234375000003,-0.086220703125,-10.92436974789916,-74.50980392156863,-17.15686274509804,IMU0,6.495
-0.12454101562500001,0.057480468750000006,-0.086220703125,-11.204481792717088,-75.28011204481793,-17.15686274509804,IMU0,6.505
-0.162861328125,0.028740234375000003,-0.076640625,-11.27450980392157,-76.05042016806723,-17.15686274509804,IMU0,6.515
-0.162861328125,0.01916015625,-0.086220703125,-11.554621848739496,-77.03081232492998,-17.22689075630252,IMU0,6.525
-0.18202148437500001,0.047900390625000004,-0.076640625,-11.554621848739496,-78.15126050420169,-17.296918767507005,IMU0,6.535
-0.17244140625,0.0383203125,-0.09580078125000001,-11.624649859943979,-80.53221288515407,-17.43697478991597,IMU0,6.545
-0.11496093750000001,0.009580078125,-0.086220703125,-11.974789915966387,-81.79271708683474,-17.43697478991597,IMU0,6.555
-0.20118164062500002,-0.01916015625,-0.11496093750000001,-12.114845938375352,-83.12324929971989,-17.57703081232493,IMU0,6.565
-0.162861328125,0.0,-0.11496093750000001,-12.254901960784315,-84.38375350140056,-17.57703081232493,IMU0,6.575
-0.17244140625,0.0,-0.13412109375,-12.394957983193278,-85.64425770308124,-17.647058823529413,IMU0,6.585
-0.19160156250000002,0.0,-0.13412109375,-12.394957983193278,-86.9747899159664,-17.717086834733895,IMU0,6.595
-0.12454101562500001,0.0383203125,-0.15328125,-12.605042016806724,-88.16526610644259,-17.787114845938376,IMU0,6.605
-0.20118164062500002,0.047900390625000004,-0.15328125,-13.025210084033613,-88.93557422969188,-17.787114845938376,IMU0,6.615
-0.21076171875000002,0.057480468750000006,-0.17244140625,-13.095238095238097,-89.77591036414566,-17.787114845938376,IMU0,6.625
-0.21076171875000002,0.028740234375000003,-0.15328125,-13.165266106442578,-90.75630252100841,-17.787114845938376,IMU0,6.635
-0.20118164062500002,0.057480468750000006,-0.162861328125,-13.375350140056023,-91.66666666666667,-17.717086834733895,IMU0,6.645
-0.13412109375,0.067060546875,-0.15328125,-13.515406162464986,-92.57703081232494,-17.647058823529413,IMU0,6.655
-0.13412109375,0.057480468750000006,-0.162861328125,-13.795518207282914,-93.34733893557423,-17.57703081232493,IMU0,6.665
-0.162861328125,0.057480468750000006,-0.19160156250000002,-13.935574229691877,-94.04761904761905,-17.366946778711487,IMU0,6.675
-0.22992187500000003,0.047900390625000004,-0.17244140625,-14.005602240896359,-94.67787114845939,-17.366946778711487,IMU0,6.685
-0.22034179687500002,0.076640625,-0.19160156250000002,-14.285714285714286,-94.81792717086836,-17.22689075630252,IMU0,6.695
-0.18202148437500001,0.09580078125000001,-0.18202148437500001,-14.285714285714286,-95.0280112044818,-17.15686274509804,IMU0,6.705
-0.21076171875000002,0.057480468750000006,-0.18202148437500001,-14.495798319327731,-95.23809523809524,-17.016806722689076,IMU0,6.715
-0.18202148437500001,0.086220703125,-0.22034179687500002,-14.705882352941178,-95.44817927170868,-16.876750700280112,IMU0,6.725
-0.162861328125,0.09580078125000001,-0.21076171875000002,-14.775910364145659,-95.65826330532214,-16.73669467787115,IMU0,6.735
-0.13412109375,0.076640625,-0.22992187500000003,-15.126050420168069,-95.93837535014006,-16.526610644257705,IMU0,6.745
-0.15328125,0.10538085937500001,-0.22034179687500002,-15.266106442577032,-96.21848739495799,-16.31652661064426,IMU0,6.755
-0.21076171875000002,0.10538085937500001,-0.20118164062500002,-15.336134453781513,-96.77871148459384,-16.176470588235293,IMU0,6.765
-0.24908203125000003,0.057480468750000006,-0.18202148437500001,-15.476190476190476,-97.05882352941177,-16.03641456582633,IMU0,6.775
-0.354462890625,0.076640625,-0.19160156250000002,-15.686274509803923,-97.3389355742297,-15.966386554621849,IMU0,6.785
-0.41194335937500004,0.086220703125,-0.143701171875,-15.826330532212886,-97.40896358543418,-15.896358543417367,IMU0,6.795
-0.40236328125000004,0.086220703125,-0.162861328125,-16.106442577030812,-97.26890756302521,-15.826330532212886,IMU0,6.805
-0.45984375000000005,0.076640625,-0.12454101562500001,-16.176470588235293,-97.12885154061625,-15.686274509803923,IMU0,6.815
-0.39278320312500004,0.067060546875,-0.143701171875,-16.38655462184874,-97.05882352941177,-15.616246498599441,IMU0,6.825
-0.42152343750000004,0.09580078125000001,-0.15328125,-16.596638655462186,-97.26890756302521,-15.546218487394958,IMU0,6.835
-0.42152343750000004,0.076640625,-0.19160156250000002,-16.80672268907563,-97.19887955182074,-15.406162464985995,IMU0,6.845
-0.46942382812500005,0.11496093750000001,-0.20118164062500002,-17.15686274509804,-97.19887955182074,-15.266106442577032,IMU0,6.855
-0.46942382812500005,0.086220703125,-0.19160156250000002,-17.296918767507005,-96.63865546218487,-15.19607843137255,IMU0,6.865
-0.5077441406250001,0.09580078125000001,-0.143701171875,-17.717086834733895,-95.93837535014006,-15.126050420168069,IMU0,6.875
-0.536484375,0.076640625,-0.11496093750000001,-17.99719887955182,-95.16806722689076,-14.985994397759104,IMU0,6.885
-0.5269042968750001,0.09580078125000001,-0.13412109375,-18.067226890756302,-94.67787114845939,-14.84593837535014,IMU0,6.895
-0.51732421875,0.10538085937500001,-0.09580078125000001,-18.487394957983195,-94.11764705882354,-14.775910364145659,IMU0,6.905
-0.47900390625000006,0.09580078125000001,-0.21076171875000002,-18.627450980392158,-93.41736694677871,-14.565826330532213,IMU0,6.915
-0.46942382812500005,0.10538085937500001,-0.13412109375,-18.907563025210084,-92.3669467787115,-14.42577030812325,IMU0,6.925
-0.49816406250000006,0.086220703125,-0.20118164062500002,-19.18767507002801,-91.24649859943978,-14.215686274509805,IMU0,6.935
-0.5269042968750001,0.10538085937500001,-0.11496093750000001,-19.537815126050422,-90.12605042016807,-14.005602240896359,IMU0,6.945
-0.5748046875,0.067060546875,-0.09580078125000001,-19.677871148459385,-89.28571428571429,-13.935574229691877,IMU0,6.955
-0.680185546875,0.067060546875,-0.028740234375000003,-20.028011204481793,-88.37535014005603,-13.865546218487395,IMU0,6.965
-0.6514453125,0.076640625,0.009580078125,-20.308123249299722,-87.3249299719888,-13.65546218487395,IMU0,6.975
-0.718505859375,0.10538085937500001,0.01916015625,-20.65826330532213,-86.27450980392157,-13.515406162464986,IMU0,6.985
-0.6514453125,0.12454101562500001,-0.01916015625,-20.938375350140056,-85.57422969187675,-13.445378151260504,IMU0,6.995
-0.59396484375,0.12454101562500001,-0.057480468750000006,-21.1484593837535,-84.94397759103641,-13.305322128851541,IMU0,7.005
-0.63228515625,0.11496093750000001,-0.067060546875,-21.35854341736695,-84.03361344537815,-13.23529411764706,IMU0,7.015
-0.55564453125,0.13412109375,-0.09580078125000001,-21.638655462184875,-83.19327731092437,-13.095238095238097,IMU0,7.025
-0.6610253906250001,0.11496093750000001,-0.028740234375000003,-21.988795518207283,-82.91316526610645,-12.955182072829132,IMU0,7.035
-0.6610253906250001,0.12454101562500001,-0.0383203125,-22.268907563025213,-82.49299719887955,-12.815126050420169,IMU0,7.045
-0.689765625,0.12454101562500001,0.009580078125,-22.478991596638657,-82.49299719887955,-12.88515406162465,IMU0,7.055
-0.6227050781250001,0.143701171875,-0.10538085937500001,-22.899159663865547,-82.21288515406162,-12.815126050420169,IMU0,7.065
-0.70892578125,0.12454101562500001,0.057480468750000006,-23.179271708683473,-82.00280112044818,-12.675070028011206,IMU0,7.075
-0.67060546875,0.13412109375,-0.0383203125,-23.38935574229692,-81.79271708683474,-12.53501400560224,IMU0,7.085
-0.5748046875,0.143701171875,-0.009580078125,-23.73949579831933,-82.00280112044818,-12.46498599439776,IMU0,7.095
-0.871787109375,0.162861328125,0.11496093750000001,-24.019607843137255,-82.21288515406162,-12.254901960784315,IMU0,7.105
-0.7280859375000001,0.162861328125,0.067060546875,-24.50980392156863,-82.00280112044818,-12.114845938375352,IMU0,7.115
-0.871787109375,0.12454101562500001,0.15328125,-24.789915966386555,-82.21288515406162,-12.114845938375352,IMU0,7.125
-0.9196875000000001,0.11496093750000001,0.15328125,-24.859943977591037,-81.86274509803921,-11.904761904761905,IMU0,7.135
-0.795146484375,0.10538085937500001,0.13412109375,-25.210084033613448,-81.09243697478992,-11.69467787114846,IMU0,7.145
-0.9963281250000001,0.11496093750000001,0.277822265625,-25.70028011204482,-80.53221288515407,-11.624649859943979,IMU0,7.155
-0.795146484375,0.09580078125000001,0.19160156250000002,-26.12044817927171,-79.90196078431373,-11.484593837535014,IMU0,7.165
-0.910107421875,0.10538085937500001,0.22034179687500002,-26.47058823529412,-79.48179271708683,-11.414565826330533,IMU0,7.175
-0.833466796875,0.143701171875,0.19160156250000002,-26.820728291316527,-78.8515406162465,-11.204481792717088,IMU0,7.185
-0.7855664062500001,0.13412109375,0.086220703125,-27.100840336134453,-78.36134453781513,-10.994397759103641,IMU0,7.195
-0.9963281250000001,0.11496093750000001,0.42152343750000004,-27.521008403361346,-77.80112044817928,-10.714285714285715,IMU0,7.205
-0.7664062500000001,0.10538085937500001,0.11496093750000001,-27.801120448179272,-77.24089635854342,-10.434173669467787,IMU0,7.215
-1.274150390625,0.143701171875,0.6610253906250001,-28.0812324929972,-76.9607843137255,-10.294117647058824,IMU0,7.225
-0.871787109375,0.10538085937500001,0.3065625,-28.571428571428573,-75.70028011204482,-9.943977591036415,IMU0,7.235
-1.2070898437500002,0.15328125,0.59396484375,-29.20168067226891,-74.57983193277312,-9.873949579831933,IMU0,7.245
-0.8238867187500001,0.19160156250000002,0.11496093750000001,-29.481792717086837,-73.8795518207283,-9.593837535014005,IMU0,7.255
-1.120869140625,0.13412109375,0.40236328125000004,-29.831932773109244,-73.73949579831933,-9.523809523809524,IMU0,7.265
-1.120869140625,0.162861328125,0.51732421875,-30.252100840336137,-72.47899159663866,-9.243697478991598,IMU0,7.275
-1.044228515625,0.143701171875,0.3065625,-30.672268907563026,-71.42857142857143,-9.103641456582633,IMU0,7.285
-1.465751953125,0.15328125,0.9580078125000001,-31.302521008403364,-69.39775910364146,-8.96358543417367,IMU0,7.295
-1.1687695312500002,0.10538085937500001,0.5748046875,-31.862745098039216,-66.66666666666667,-8.823529411764707,IMU0,7.305
-1.59029296875,0.15328125,1.1304492187500002,-32.77310924369748,-64.14565826330532,-8.823529411764707,IMU0,7.315
-1.350791015625,0.11496093750000001,0.8238867187500001,-33.68347338935575,-60.7843137254902,-8.823529411764707,IMU0,7.325
-1.6381933593750002,0.13412109375,0.9963281250000001,-34.59383753501401,-56.09243697478992,-8.893557422969188,IMU0,7.335
-1.8393750000000002,0.13412109375,1.235830078125,-35.57422969187675,-49.719887955182074,-9.033613445378151,IMU0,7.345
-1.8489550781250002,0.22034179687500002,1.4465917968750002,-36.97478991596639,-41.806722689075634,-9.173669467787116,IMU0,7.355
-1.944755859375,0.258662109375,1.2837304687500002,-38.72549019607843,-33.403361344537814,-9.38375350140056,IMU0,7.365
-2.289638671875,0.32572265625,1.8010546875000002,-40.406162464986,-23.73949579831933,-9.73389355742297,IMU0,7.375
-2.6441015625000004,0.38320312500000003,2.3279589843750004,-42.436974789915965,-11.904761904761905,-10.364145658263306,IMU0,7.385
-3.2189062500000003,0.49816406250000006,3.0560449218750003,-45.23809523809524,2.801120448179272,-11.204481792717088,IMU0,7.395
-3.6691699218750005,0.775986328125,3.496728515625,-48.38935574229692,20.798319327731093,-12.605042016806724,IMU0,7.405
-4.3876757812500005,1.044228515625,4.0236328125,-52.38095238095239,41.52661064425771,-14.565826330532213,IMU0,7.415
-5.201982421875,1.3220507812500002,4.397255859375,-56.72268907563026,63.235294117647065,-17.366946778711487,IMU0,7.425
-5.2498828125,1.55197265625,5.19240234375,-61.484593837535016,86.34453781512606,-20.798319327731093,IMU0,7.435
-4.952900390625,1.7244140625000002,3.9182519531250004,-65.96638655462185,107.98319327731093,-24.859943977591037,IMU0,7.445
-3.9086718750000005,1.753154296875,3.324287109375,-69.53781512605042,124.50980392156863,-28.92156862745098,IMU0,7.455
-2.93150390625,1.6381933593750002,2.366279296875,-71.70868347338936,135.43417366946778,-32.84313725490196,IMU0,7.465
-3.171005859375,1.6381933593750002,1.89685546875,-73.31932773109244,141.87675070028013,-36.5546218487395,IMU0,7.475
-3.1039453125,1.70525390625,2.70158203125,-74.36974789915966,146.5686274509804,-40.33613445378151,IMU0,7.485
-3.190166015625,1.8872753906250002,2.002236328125,-75.35014005602241,149.85994397759103,-44.25770308123249,IMU0,7.495
-3.6691699218750005,2.05013671875,2.6632617187500003,-76.12044817927172,150.56022408963585,-48.59943977591037,IMU0,7.505
-3.4488281250000004,2.1842578125000003,2.222578125,-76.82072829131653,150.14005602240897,-53.0812324929972,IMU0,7.515
-3.73623046875,2.212998046875,2.20341796875,-77.6610644257703,148.4593837535014,-57.913165266106446,IMU0,7.525
-3.190166015625,2.155517578125,2.040556640625,-77.73109243697479,144.60784313725492,-62.53501400560224,IMU0,7.535
-3.6404296875,2.1842578125000003,2.4141796875000003,-78.01120448179272,139.2857142857143,-67.22689075630252,IMU0,7.545
-4.08111328125,2.289638671875,2.462080078125,-78.22128851540617,133.26330532212884,-71.9187675070028,IMU0,7.555
-4.895419921875001,2.481240234375,2.8931835937500003,-78.43137254901961,108.40336134453781,-76.82072829131653,IMU0,7.565
-5.182822265625,2.596201171875,2.462080078125,-79.76190476190476,108.61344537815127,-87.74509803921569,IMU0,7.575
-5.8246875000000005,2.615361328125,3.094365234375,-80.74229691876751,97.54901960784314,-94.04761904761905,IMU0,7.585
-5.987548828125,2.7207421875,3.477568359375,-81.9327731092437,85.29411764705883,-100.49019607843138,IMU0,7.595
-6.514453125,2.77822265625,3.2093261718750004,-83.33333333333334,70.37815126050421,-107.21288515406162,IMU0,7.605
-6.485712890625001,2.77822265625,3.3913476562500002,-85.08403361344538,54.061624649859944,-113.93557422969188,IMU0,7.615
-4.5601171875,2.682421875,2.2608984375000003,-86.62464985994399,39.35574229691877,-119.74789915966387,IMU0,7.625
-4.397255859375,2.54830078125,1.753154296875,-87.74509803921569,24.50980392156863,-124.57983193277312,IMU0,7.635
-3.3721875000000003,2.462080078125,1.2070898437500002,-88.23529411764706,12.254901960784315,-127.94117647058825,IMU0,7.645
-3.2763867187500004,2.442919921875,1.0538085937500001,-88.8655462184874,2.030812324929972,-130.53221288515408,IMU0,7.655
-3.4871484375,2.5004003906250003,1.197509765625,-89.56582633053222,-6.652661064425771,-132.63305322128852,IMU0,7.665
-3.9278320312500004,2.5866210937500003,1.36037109375,-90.406162464986,-15.616246498599441,-134.733893557423,IMU0,7.675
-5.03912109375,2.7590625,2.01181640625,-91.5266106442577,-26.820728291316527,-137.2549019607843,IMU0,7.685
-5.949228515625,2.921923828125,2.5099804687500002,-93.20728291316527,-40.68627450980392,-140.406162464986,IMU0,7.695
-6.744375000000001,3.075205078125,3.017724609375,-95.93837535014006,-55.602240896358545,-144.187675070028,IMU0,7.705
-6.811435546875001,3.2284863281250002,3.00814453125,-99.50980392156863,-71.70868347338936,-148.0392156862745,IMU0,7.715
-6.591093750000001,3.2572265625,2.835703125,-103.5014005602241,-88.58543417366947,-151.75070028011206,IMU0,7.725
-6.504873046875001,3.266806640625,2.615361328125,-107.63305322128852,-105.25210084033614,-154.76190476190476,IMU0,7.735
-6.006708984375001,3.247646484375,3.017724609375,-112.04481792717087,-120.72829131652662,-157.0028011204482,IMU0,7.745
-5.834267578125,3.247646484375,3.5350488281250003,-116.9467787114846,-133.82352941176472,-158.4033613445378,IMU0,7.755
-6.102509765625,3.2763867187500004,3.496728515625,-122.26890756302521,-145.16806722689077,-159.10364145658264,IMU0,7.765
-5.594765625,3.247646484375,3.6404296875,-127.80112044817928,-155.3921568627451,-159.2436974789916,IMU0,7.775
-6.504873046875001,3.31470703125,4.263134765625001,-133.8935574229692,-164.7058823529412,-159.17366946778714,IMU0,7.785
-6.1312500000000005,3.31470703125,4.358935546875,-140.12605042016807,-172.2689075630252,-158.61344537815125,IMU0,7.795
-6.84017578125,3.324287109375,5.144501953125,-146.77871148459386,-178.78151260504202,-158.19327731092437,IMU0,7.805
-6.753955078125,3.3721875000000003,4.646337890625,-153.71148459383755,-183.26330532212887,-157.07282913165267,IMU0,7.815
-7.079677734375,3.3338671875,5.297783203125,-161.27450980392157,-186.41456582633054,-156.02240896358543,IMU0,7.825
-7.692802734375,3.3338671875,5.939648437500001,-169.04761904761907,-184.6638655462185,-154.55182072829132,IMU0,7.835
-7.137158203125001,3.35302734375,6.15041015625,-176.9607843137255,-178.22128851540617,-152.94117647058823,IMU0,7.845
-7.750283203125001,3.343447265625,6.600673828125,-185.15406162464987,-169.187675070028,-151.33053221288517,IMU0,7.855
-7.75986328125,3.3338671875,6.361171875,-192.85714285714286,-157.07282913165267,-149.6498599439776,IMU0,7.865
-8.0089453125,3.3626074218750004,6.868916015625,-200.56022408963585,-142.7871148459384,-148.4593837535014,IMU0,7.875
-8.037685546875,3.4105078125,6.524033203125001,-208.0532212885154,-125.56022408963587,-147.3389355742297,IMU0,7.885
-7.731123046875,3.4392480468750004,6.821015625,-215.19607843137257,-107.84313725490196,-146.70868347338936,IMU0,7.895
-7.711962890625,3.5925292968750004,6.638994140625001,-221.49859943977592,-89.35574229691878,-146.49859943977592,IMU0,7.905
-7.395820312500001,3.6979101562500003,6.274951171875,-227.3109243697479,-70.86834733893558,-146.84873949579833,IMU0,7.915
-7.271279296875001,3.7170703125,6.49529296875,-232.56302521008405,-51.96078431372549,-147.61904761904762,IMU0,7.925
-6.907236328125,3.803291015625,5.776787109375,-237.18487394957984,-33.61344537815126,-148.8795518207283,IMU0,7.935
-7.204218750000001,3.803291015625,6.399492187500001,-241.24649859943978,-16.596638655462186,-151.05042016806723,IMU0,7.945
-7.424560546875001,3.6979101562500003,5.748046875,-244.95798319327733,1.5406162464985995,-153.64145658263305,IMU0,7.955
-7.5012011718750005,3.6404296875,6.399492187500001,-248.31932773109244,18.977591036414566,-157.42296918767508,IMU0,7.965
-7.922724609375001,3.496728515625,6.1695703125,-250.98039215686276,35.43417366946779,-161.9747899159664,IMU0,7.975
-7.683222656250001,3.35302734375,6.0162890625,-253.1512605042017,48.459383753501406,-167.57703081232495,IMU0,7.985
-7.64490234375,3.3338671875,6.179150390625001,-254.90196078431373,59.80392156862745,-173.8795518207283,IMU0,7.995
-7.922724609375001,3.171005859375,5.795947265625,-256.1624649859944,70.7983193277311,-180.60224089635855,IMU0,8.005
-7.395820312500001,2.9889843750000002,5.623505859375,-256.7927170868347,79.6218487394958,-188.02521008403363,IMU0,8.015
-7.635322265625001,2.8069628906250004,5.4127441406250005,-256.6526610644258,85.92436974789916,-195.93837535014006,IMU0,8.025
-7.462880859375001,2.5674609375000004,4.981640625000001,-256.2324929971989,89.91596638655463,-204.06162464985997,IMU0,8.035
-7.347919921875,2.24173828125,5.000800781250001,-255.60224089635855,91.66666666666667,-212.3249299719888,IMU0,8.045
-7.2616992187500005,1.7627343750000002,4.052373046875,-254.06162464985997,92.57703081232494,-220.65826330532215,IMU0,8.055
-7.3287597656250005,1.0921289062500001,3.822451171875,-252.03081232493,93.41736694677871,-228.921568627451,IMU0,8.065
-6.8497558593750005,0.335302734375,3.496728515625,-249.85994397759106,94.95798319327731,-237.04481792717087,IMU0,8.075
-6.878496093750001,-0.44068359375000005,2.6632617187500003,-246.9887955182073,97.89915966386555,-245.0280112044818,IMU0,8.085
-6.6964746093750005,-1.2070898437500002,1.6860937500000002,-243.20728291316527,101.33053221288516,-252.94117647058826,IMU0,8.095
-5.9779687500000005,-1.983076171875,0.8622070312500001,-238.58543417366948,105.0420168067227,-260.7843137254902,IMU0,8.105
-5.38400390625,-2.6728417968750002,-0.086220703125,-232.91316526610646,108.96358543417368,-268.3473389355742,IMU0,8.115
-4.3014550781250005,-3.2955468750000003,-1.427431640625,-226.1904761904762,112.18487394957984,-275.21008403361344,IMU0,8.125
-3.036884765625,-4.2152343750000005,-2.442919921875,-218.27731092436977,112.88515406162466,-281.30252100840335,IMU0,8.135
-2.54830078125,-5.221142578125001,-3.73623046875,-209.31372549019608,110.4341736694678,-286.5546218487395,IMU0,8.145
-0.22992187500000003,-6.428232421875,-4.0619531250000005,-199.43977591036415,104.27170868347339,-290.6862745098039,IMU0,8.155
0.8047265625000001,-7.424560546875001,-5.26904296875,-189.42577030812325,92.3669467787115,-293.4873949579832,IMU0,8.165
4.23439453125,-7.347919921875,-12.4541015625,-177.10084033613447,71.9187675070028,-293.9075630252101,IMU0,8.175
7.510781250000001,-8.909472656250001,-14.782060546875002,-161.624649859944,38.30532212885154,-291.45658263305324,IMU0,8.185
16.927998046875,-9.388476562500001,-5.8917480468750005,-149.7198879551821,1.3305322128851542,-283.5434173669468,IMU0,8.195
12.981005859375001,-10.174042968750001,-10.748847656250001,-139.91596638655463,-39.21568627450981,-273.1792717086835,IMU0,8.205
8.83283203125,-10.423125,-15.270644531250001,-130.95238095238096,-81.02240896358543,-261.2044817927171,IMU0,8.215
15.337705078125001,-10.413544921875001,-11.103310546875,-122.19887955182074,-125.84033613445379,-248.73949579831933,IMU0,8.225
16.07537109375,-10.05908203125,-13.613291015625,-114.77591036414566,-176.54061624649862,-234.52380952380955,IMU0,8.235
13.23966796875,-9.819580078125,-14.657519531250001,-108.19327731092437,-226.1204481792717,-218.62745098039215,IMU0,8.245
13.488750000000001,-9.302255859375,-11.103310546875,-103.29131652661064,-270.7983193277311,-202.52100840336135,IMU0,8.255
12.51158203125,-8.79451171875,-13.574970703125,-98.94957983193278,-311.9047619047619,-186.41456582633054,IMU0,8.265
10.02076171875,-8.171806640625,-10.825488281250001,-95.58823529411765,-345.7983193277311,-170.65826330532212,IMU0,8.275
10.471025390625,-7.8939843750000005,-11.9942578125,-92.43697478991596,-371.07843137254906,-154.83193277310926,IMU0,8.285
7.338339843750001,-7.750283203125001,-10.969189453125,-89.42577030812325,-387.95518207282913,-140.12605042016807,IMU0,8.295
7.041357421875,-7.558681640625,-12.693603515625,-85.4341736694678,-391.7366946778712,-125.49019607843138,IMU0,8.305
6.581513671875,-7.510781250000001,-13.33546875,-80.18207282913166,-386.8347338935574,-112.25490196078432,IMU0,8.315
4.7804589843750005,-7.462880859375001,-13.000166015625,-73.52941176470588,-371.49859943977594,-99.57983193277312,IMU0,8.325
4.243974609375,-7.290439453125001,-15.146103515625,-65.406162464986,-346.49859943977594,-88.30532212885154,IMU0,8.335
2.0309765625000002,-6.84017578125,-14.264736328125,-56.09243697478992,-314.07563025210084,-78.92156862745098,IMU0,8.345
0.852626953125,-6.418652343750001,-14.19767578125,-46.28851540616247,-279.20168067226894,-71.5686274509804,IMU0,8.355
1.427431640625,-5.99712890625,-13.182187500000001,-36.41456582633053,-243.34733893557424,-65.82633053221289,IMU0,8.365
0.852626953125,-5.748046875,-12.703183593750001,-26.680672268907564,-207.84313725490196,-61.134453781512605,IMU0,8.375
0.0383203125,-5.489384765625,-12.808564453125001,-16.946778711484594,-171.35854341736695,-57.28291316526611,IMU0,8.385
-0.047900390625000004,-5.288203125000001,-12.128378906250001,-7.142857142857143,-135.92436974789916,-54.48179271708684,IMU0,8.395
0.19160156250000002,-5.11576171875,-11.783496093750001,2.5210084033613445,-102.45098039215686,-52.17086834733894,IMU0,8.405
-0.067060546875,-4.952900390625,-10.911708984375,11.974789915966387,-70.23809523809524,-50.21008403361345,IMU0,8.415
-0.01916015625,-4.8666796875000005,-11.179951171875,21.288515406162468,-39.14565826330532,-48.38935574229692,IMU0,8.425
0.11496093750000001,-4.77087890625,-9.953701171875,30.46218487394958,-10.364145658263306,-46.77871148459384,IMU0,8.435
0.335302734375,-4.57927734375,-9.656718750000001,39.285714285714285,15.19607843137255,-44.957983193277315,IMU0,8.445
0.59396484375,-4.358935546875,-9.034013671875,47.61904761904762,36.06442577030813,-42.997198879551824,IMU0,8.455
0.910107421875,-4.196074218750001,-8.14306640625,55.88235294117647,52.94117647058824,-40.96638655462185,IMU0,8.465
1.2837304687500002,-4.071533203125,-7.683222656250001,63.72549019607843,65.33613445378151,-38.655462184873954,IMU0,8.475
1.7339941406250001,-3.9278320312500004,-6.99345703125,71.00840336134453,72.96918767507003,-36.06442577030813,IMU0,8.485
1.85853515625,-3.9182519531250004,-6.399492187500001,77.80112044817928,76.75070028011204,-33.26330532212885,IMU0,8.495
2.481240234375,-4.033212890625,-6.083349609375,84.17366946778712,76.61064425770309,-30.11204481792717,IMU0,8.505
2.9602441406250004,-4.358935546875,-5.805527343750001,90.33613445378151,72.12885154061625,-26.96078431372549,IMU0,8.515
3.3626074218750004,-4.7804589843750005,-5.968388671875,96.42857142857143,63.79551820728292,-23.529411764705884,IMU0,8.525
3.726650390625,-5.0199609375000005,-5.604345703125,102.31092436974791,51.33053221288515,-20.168067226890756,IMU0,8.535
3.96615234375,-5.05828125,-4.952900390625,107.84313725490196,35.15406162464986,-16.80672268907563,IMU0,8.545
4.033212890625,-5.07744140625,-4.00447265625,112.95518207282913,16.246498599439775,-13.725490196078432,IMU0,8.555
4.243974609375,-5.134921875000001,-3.477568359375,117.15686274509804,-4.061624649859944,-10.994397759103641,IMU0,8.565
4.320615234375,-5.355263671875,-2.9794042968750003,120.86834733893558,-24.089635854341736,-8.543417366946779,IMU0,8.575
4.655917968750001,-5.700146484375001,-2.60578125,124.08963585434174,-43.0672268907563,-6.302521008403362,IMU0,8.585
4.684658203125,-6.246210937500001,-2.1938378906250002,129.83193277310926,-82.98319327731093,-3.011204481792717,IMU0,8.595
4.588857421875001,-6.198310546875001,-1.6094531250000002,132.56302521008405,-102.87114845938376,-1.9607843137254903,IMU0,8.605
4.1481738281250005,-5.987548828125,-1.101708984375,134.733893557423,-122.12885154061625,-1.6106442577030813,IMU0,8.615
3.6404296875,-5.9779687500000005,-0.814306640625,136.48459383753502,-139.2857142857143,-1.8207282913165266,IMU0,8.625
3.573369140625,-6.447392578125,-0.7472460937500001,138.0952380952381,-154.83193277310926,-2.6610644257703084,IMU0,8.635
3.8320312500000004,-7.271279296875001,-0.814306640625,139.6358543417367,-169.81792717086836,-3.9215686274509807,IMU0,8.645
3.6787500000000004,-8.171806640625,-0.8813671875000001,141.38655462184875,-184.52380952380952,-5.602240896358544,IMU0,8.655
3.9469921875000002,-9.072333984375,-0.8238867187500001,142.85714285714286,-197.89915966386556,-7.42296918767507,IMU0,8.665
3.6212695312500003,-9.886640625,-0.6035449218750001,144.39775910364148,-210.50420168067228,-9.663865546218489,IMU0,8.675
3.554208984375,-10.739267578125,-0.45984375000000005,145.72829131652662,-221.77871148459386,-12.254901960784315,IMU0,8.685
3.4871484375,-11.534414062500002,-0.48858398437500006,146.84873949579833,-231.79271708683476,-15.19607843137255,IMU0,8.695
3.2189062500000003,-12.185859375000001,-0.0383203125,147.68907563025212,-240.8263305322129,-18.627450980392158,IMU0,8.705
3.324287109375,-12.770244140625001,0.37362304687500003,148.24929971988797,-249.6498599439776,-22.268907563025213,IMU0,8.715
3.2189062500000003,-13.105546875000002,0.9005273437500001,148.0392156862745,-258.1932773109244,-26.190476190476193,IMU0,8.725
3.6787500000000004,-13.220507812500001,2.24173828125,146.84873949579833,-266.45658263305324,-30.252100840336137,IMU0,8.735
4.512216796875,-13.000166015625,4.77087890625,144.53781512605042,-274.3697478991597,-34.103641456582636,IMU0,8.745
2.7303222656250004,-12.655283203125,4.6942382812500005,140.8263305322129,-281.30252100840335,-37.885154061624654,IMU0,8.755
3.7649707031250004,-12.482841796875,5.36484375,135.7843137254902,-285.92436974789916,-41.45658263305322,IMU0,8.765
4.684658203125,-12.406201171875,6.121669921875,130.11204481792717,-289.3557422969188,-44.67787114845939,IMU0,8.775
4.655917968750001,-12.492421875000002,6.983876953125001,123.52941176470588,-291.8767507002801,-46.98879551820728,IMU0,8.785
6.236630859375,-12.72234375,7.7790234375,116.10644257703082,-293.62745098039215,-48.24929971988796,IMU0,8.795
6.38033203125,-13.048066406250001,8.219707031250001,108.05322128851542,-295.86834733893556,-48.73949579831933,IMU0,8.805
7.204218750000001,-13.0672265625,8.5454296875,99.57983193277312,-297.12885154061627,-47.89915966386555,IMU0,8.815
8.267607421875,-12.85646484375,8.6220703125,90.68627450980392,-297.7591036414566,-46.148459383753504,IMU0,8.825
8.344248046875,-12.626542968750002,8.708291015625,82.00280112044818,-297.7591036414566,-43.34733893557423,IMU0,8.835
8.555009765625,-12.58822265625,8.737031250000001,73.24929971988796,-295.93837535014006,-39.56582633053222,IMU0,8.845
9.244775390625001,-12.339140625,8.6220703125,64.49579831932773,-292.92717086834733,-35.0140056022409,IMU0,8.855
9.417216796875001,-12.022998046875001,8.018525390625001,56.44257703081233,-289.14565826330534,-29.6218487394958,IMU0,8.865
9.436376953125,-11.773916015625002,7.874824218750001,48.80952380952381,-285.0840336134454,-23.599439775910366,IMU0,8.875
9.44595703125,-11.601474609375002,7.357500000000001,41.87675070028011,-280.3921568627451,-17.15686274509804,IMU0,8.885
9.40763671875,-11.314072265625,6.926396484375,35.57422969187675,-274.15966386554624,-10.434173669467787,IMU0,8.895
8.775351562500001,-10.911708984375,6.389912109375,30.182072829131656,-266.8067226890756,-3.5714285714285716,IMU0,8.905
8.564589843750001,-10.480605468750001,5.939648437500001,25.07002801120448,-258.5434173669468,3.2913165266106446,IMU0,8.915
8.037685546875,-10.087822265625,5.5851855468750005,20.798319327731093,-250.0,9.943977591036415,IMU0,8.925
7.8077636718750005,-9.8483203125,5.087021484375001,16.876750700280112,-240.3361344537815,16.526610644257705,IMU0,8.935
7.9802050781250005,-9.790839843750001,5.182822265625,13.515406162464986,-230.0420168067227,23.249299719887958,IMU0,8.945
8.06642578125,-9.857900390625,5.03912109375,9.803921568627452,-218.62745098039215,30.11204481792717,IMU0,8.955
8.267607421875,-9.90580078125,5.05828125,7.002801120448179,-205.95238095238096,37.39495798319328,IMU0,8.965
8.286767578125001,-9.695039062500001,5.03912109375,4.131652661064426,-191.73669467787116,44.88795518207283,IMU0,8.975
8.047265625,-9.44595703125,4.569697265625,1.400560224089636,-175.8403361344538,52.73109243697479,IMU0,8.985
8.296347656250001,-9.33099609375,4.378095703125,-1.2605042016806722,-158.61344537815125,60.714285714285715,IMU0,8.995
8.076005859375,-9.350156250000001,4.090693359375,-3.641456582633053,-140.26610644257704,68.69747899159664,IMU0,9.005
8.842412109375001,-9.513017578125,4.282294921875001,-5.9523809523809526,-121.5686274509804,77.10084033613445,IMU0,9.015
8.9286328125,-9.4651171875,4.196074218750001,-8.473389355742297,-107.77310924369749,85.36414565826331,IMU0,9.025
8.71787109375,-9.273515625,3.6308496093750002,-10.714285714285715,-95.51820728291317,93.83753501400561,IMU0,9.035
7.865244140625,-8.919052734375,4.0619531250000005,-12.815126050420169,-84.31372549019608,101.89075630252101,IMU0,9.045
7.280859375,-8.440048828125,3.2955468750000003,-14.84593837535014,-74.08963585434174,109.38375350140056,IMU0,9.055
6.9359765625000005,-8.286767578125001,3.650009765625,-16.876750700280112,-65.82633053221289,116.31652661064426,IMU0,9.065
6.80185546875,-8.344248046875,3.4871484375,-18.69747899159664,-59.03361344537815,122.82913165266108,IMU0,9.075
6.926396484375,-8.67955078125,3.803291015625,-20.72829131652661,-55.11204481792717,129.06162464985994,IMU0,9.085
6.49529296875,-8.83283203125,4.243974609375,-22.969187675070028,-57.07282913165266,134.94397759103643,IMU0,9.095
6.1695703125,-8.98611328125,3.73623046875,-24.92997198879552,-61.41456582633054,140.406162464986,IMU0,9.105
5.623505859375,-9.06275390625,4.358935546875,-26.750700280112046,-66.38655462184875,145.58823529411765,IMU0,9.115
4.905,-9.10107421875,3.9374121093750003,-28.36134453781513,-71.70868347338936,150.3501400560224,IMU0,9.125
4.3876757812500005,-9.1585546875,4.109853515625001,-30.04201680672269,-76.9607843137255,154.55182072829132,IMU0,9.135
3.6691699218750005,-9.359736328125,3.803291015625,-31.372549019607845,-81.1624649859944,158.33333333333334,IMU0,9.145
3.00814453125,-9.474697265625,4.243974609375,-32.49299719887955,-84.593837535014,161.55462184873952,IMU0,9.155
2.35669921875,-9.695039062500001,4.109853515625001,-33.82352941176471,-87.11484593837535,164.2857142857143,IMU0,9.165
1.7627343750000002,-9.94412109375,4.033212890625,-35.0140056022409,-89.49579831932773,166.52661064425772,IMU0,9.175
1.005908203125,-9.963281250000001,4.3301953125,-36.134453781512605,-91.38655462184875,168.1372549019608,IMU0,9.185
0.296982421875,-9.896220703125001,4.3014550781250005,-37.324929971988794,-92.71708683473389,169.32773109243698,IMU0,9.195
-0.0383203125,-9.7716796875,4.167333984375,-38.37535014005602,-93.76750700280112,170.0280112044818,IMU0,9.205
-0.6227050781250001,-9.857900390625,4.071533203125,-39.35574229691877,-94.67787114845939,170.23809523809524,IMU0,9.215
-1.3412109375,-10.25068359375,4.08111328125,-40.33613445378151,-95.37815126050421,170.0280112044818,IMU0,9.225
-2.232158203125,-10.59556640625,4.08111328125,-41.31652661064426,-96.42857142857143,169.187675070028,IMU0,9.235
-2.6536816406250003,-10.806328125,3.9948925781250004,-42.296918767507,-97.40896358543418,167.7871148459384,IMU0,9.245
-2.9027636718750003,-10.787167968750001,3.975732421875,-43.34733893557423,-99.57983193277312,166.03641456582633,IMU0,9.255
-3.4392480468750004,-10.700947265625,3.7745507812500003,-43.8375350140056,-103.99159663865547,163.72549019607843,IMU0,9.265
-4.0619531250000005,-10.566826171875,3.745810546875,-44.11764705882353,-110.36414565826331,160.92436974789916,IMU0,9.275
-4.186494140625,-10.356064453125,3.343447265625,-43.90756302521009,-119.39775910364146,157.63305322128852,IMU0,9.285
-4.512216796875,-10.241103515625001,3.3338671875,-43.34733893557423,-131.51260504201682,153.99159663865547,IMU0,9.295
-4.799619140625,-10.442285156250001,3.4679882812500002,-42.50700280112045,-145.7983193277311,150.14005602240897,IMU0,9.305
-5.154082031250001,-10.653046875000001,3.4584082031250003,-41.1764705882353,-161.55462184873952,145.93837535014006,IMU0,9.315
-5.910908203125,-10.547666015625001,3.6116894531250003,-39.70588235294118,-177.10084033613447,141.38655462184875,IMU0,9.325
-6.964716796875001,-10.308164062500001,3.5254687500000004,-37.885154061624654,-191.87675070028013,136.34453781512605,IMU0,9.335
-8.564589843750001,-10.317744140625,3.8511914062500003,-36.20448179271709,-206.44257703081234,130.3221288515406,IMU0,9.345
-7.941884765625001,-10.317744140625,4.0619531250000005,-34.45378151260504,-219.39775910364148,124.15966386554622,IMU0,9.355
-7.635322265625001,-10.298583984375,4.224814453125,-32.563025210084035,-230.3921568627451,117.99719887955183,IMU0,9.365
-8.353828125,-10.4614453125,4.3876757812500005,-31.302521008403364,-239.2857142857143,111.83473389355743,IMU0,9.375
-8.919052734375,-10.490185546875,4.837939453125,-30.252100840336137,-246.84873949579833,105.46218487394958,IMU0,9.385
-9.13939453125,-10.336904296875002,5.05828125,-29.69187675070028,-252.45098039215688,98.8795518207283,IMU0,9.395
-9.053173828125,-10.049501953125,5.134921875000001,-29.551820728291318,-254.76190476190476,92.43697478991596,IMU0,9.405
-8.669970703125001,-9.7716796875,5.278623046875,-29.761904761904763,-253.4313725490196,86.34453781512606,IMU0,9.415
-8.593330078125,-9.63755859375,5.125341796875,-30.602240896358545,-249.36974789915968,80.53221288515407,IMU0,9.425
-8.497529296875001,-9.6183984375,5.36484375,-31.862745098039216,-243.83753501400562,75.0,IMU0,9.435
-8.689130859375,-9.723779296875001,5.288203125000001,-33.403361344537814,-236.34453781512607,69.6078431372549,IMU0,9.445
-8.775351562500001,-9.9249609375,5.460644531250001,-35.364145658263304,-227.8011204481793,64.35574229691878,IMU0,9.455
-8.9286328125,-9.742939453125,5.910908203125,-37.81512605042017,-218.4173669467787,58.89355742296919,IMU0,9.465
-8.459208984375001,-9.426796875,5.0199609375000005,-40.616246498599445,-208.26330532212887,53.8515406162465,IMU0,9.475
-8.114326171875,-9.10107421875,4.972060546875,-43.34733893557423,-200.0,48.879551820728295,IMU0,9.485
-7.846083984375,-8.775351562500001,4.703818359375,-46.07843137254902,-192.08683473389357,44.25770308123249,IMU0,9.495
-7.702382812500001,-8.593330078125,4.4547363281250005,-48.73949579831933,-185.92436974789916,39.77591036414566,IMU0,9.505
-7.635322265625001,-8.574169921875,4.914580078125001,-51.5406162464986,-180.18207282913167,35.50420168067227,IMU0,9.515
-7.462880859375001,-8.67955078125,4.44515625,-54.411764705882355,-174.6498599439776,31.302521008403364,IMU0,9.525
-7.539521484375,-8.83283203125,4.75171875,-57.28291316526611,-170.58823529411765,27.100840336134453,IMU0,9.535
-7.395820312500001,-8.899892578125,4.205654296875,-60.294117647058826,-167.7871148459384,23.03921568627451,IMU0,9.545
-7.424560546875001,-9.014853515625001,4.368515625000001,-63.16526610644258,-167.15686274509804,18.837535014005603,IMU0,9.555
-7.213798828125,-8.966953125,4.31103515625,-65.89635854341736,-167.296918767507,14.915966386554622,IMU0,9.565
-7.060517578125,-8.842412109375001,4.109853515625001,-68.69747899159664,-168.8375350140056,10.994397759103641,IMU0,9.575
-6.773115234375,-8.737031250000001,4.196074218750001,-71.35854341736695,-170.72829131652662,7.352941176470589,IMU0,9.585
-6.571933593750001,-8.535849609375001,4.0236328125,-74.15966386554622,-173.109243697479,3.991596638655462,IMU0,9.595
-6.1695703125,-8.382568359375,3.7841308593750003,-76.9607843137255,-176.40056022408965,0.9803921568627452,IMU0,9.605
-5.84384765625,-8.229287109375,3.6404296875,-81.72268907563026,-186.27450980392157,-4.201680672268908,IMU0,9.615
-5.566025390625001,-8.2771875,3.477568359375,-84.03361344537815,-191.73669467787116,-6.442577030812325,IMU0,9.625
-5.604345703125,-8.430468750000001,3.4871484375,-86.27450980392157,-197.7591036414566,-8.333333333333334,IMU0,9.635
-5.316943359375,-8.612490234375,3.50630859375,-88.58543417366947,-204.6918767507003,-9.943977591036415,IMU0,9.645
-5.307363281250001,-8.67955078125,3.2955468750000003,-90.61624649859944,-213.16526610644257,-11.344537815126051,IMU0,9.655
-5.2498828125,-8.698710937500001,3.036884765625,-92.64705882352942,-223.4593837535014,-12.46498599439776,IMU0,9.665
-4.96248046875,-8.48794921875,2.77822265625,-94.32773109243698,-234.733893557423,-13.375350140056023,IMU0,9.675
-4.837939453125,-8.363408203125001,2.7207421875,-95.93837535014006,-245.51820728291318,-13.725490196078432,IMU0,9.685
-4.88583984375,-8.344248046875,2.5099804687500002,-97.47899159663866,-256.30252100840335,-13.865546218487395,IMU0,9.695
-4.742138671875001,-8.430468750000001,2.8165429687500003,-98.8795518207283,-266.8067226890756,-13.58543417366947,IMU0,9.705
-4.837939453125,-8.382568359375,2.4237597656250003,-100.0,-276.33053221288515,-13.095238095238097,IMU0,9.715
-4.742138671875001,-8.363408203125001,2.2704785156250002,-100.77030812324931,-286.2745098039216,-12.324929971988796,IMU0,9.725
-4.5601171875,-8.18138671875,2.1459375,-101.47058823529412,-296.5686274509804,-11.344537815126051,IMU0,9.735
-4.531376953125,-7.999365234375,1.7244140625000002,-102.03081232492998,-306.7927170868347,-10.014005602240896,IMU0,9.745
-4.42599609375,-7.922724609375001,1.85853515625,-102.38095238095238,-316.38655462184875,-8.473389355742297,IMU0,9.755
-4.521796875000001,-7.941884765625001,1.5998730468750002,-102.24089635854342,-325.0700280112045,-6.652661064425771,IMU0,9.765
-4.473896484375,-8.018525390625001,1.47533203125,-101.9607843137255,-334.4537815126051,-4.761904761904762,IMU0,9.775
-4.61759765625,-8.152646484375001,1.5232324218750002,-101.33053221288516,-344.327731092437,-2.801120448179272,IMU0,9.785
-4.6942382812500005,-8.133486328125,1.3412109375,-100.63025210084034,-354.5518207282913,-0.7703081232492998,IMU0,9.795
-4.5601171875,-7.999365234375,1.4178515625,-99.57983193277312,-365.1260504201681,1.3305322128851542,IMU0,9.805
-4.646337890625,-7.855664062500001,1.51365234375,-98.31932773109244,-375.6302521008404,3.5014005602240896,IMU0,9.815
-4.675078125000001,-7.817343750000001,1.4849121093750002,-97.05882352941177,-386.2745098039216,5.6722689075630255,IMU0,9.825
-4.876259765625,-7.731123046875,1.6956738281250001,-95.37815126050421,-397.19887955182077,7.843137254901961,IMU0,9.835
-4.88583984375,-7.79818359375,1.7723144531250001,-93.4873949579832,-408.05322128851543,10.014005602240896,IMU0,9.845
-5.07744140625,-7.903564453125001,1.9543359375000002,-91.87675070028011,-419.0476190476191,12.044817927170868,IMU0,9.855
-5.1732421875000005,-7.855664062500001,2.01181640625,-90.19607843137256,-429.83193277310926,14.005602240896359,IMU0,9.865
-5.26904296875,-7.769443359375001,2.12677734375,-88.23529411764706,-440.40616246498604,15.896358543417367,IMU0,9.875
-5.393583984375001,-7.5682617187500005,2.3471191406250003,-86.1344537815126,-450.4901960784314,17.787114845938376,IMU0,9.885
-5.26904296875,-7.338339843750001,2.4525,-83.96358543417368,-459.80392156862746,19.677871148459385,IMU0,9.895
-5.441484375,-7.204218750000001,2.7207421875,-81.86274509803921,-468.06722689075633,21.498599439775912,IMU0,9.905
-5.431904296875,-7.252119140625,2.787802734375,-79.6218487394958,-475.21008403361344,23.459383753501402,IMU0,9.915
-5.67140625,-7.3287597656250005,3.075205078125,-77.45098039215686,-481.1624649859944,25.140056022408963,IMU0,9.925
-5.719306640625001,-7.367080078125,3.2189062500000003,-75.56022408963585,-484.80392156862746,26.680672268907564,IMU0,9.935
-5.7097265625,-7.252119140625,3.343447265625,-73.52941176470588,-486.41456582633054,28.221288515406165,IMU0,9.945
-5.57560546875,-7.098837890625,3.6404296875,-71.77871148459384,-485.5742296918768,29.69187675070028,IMU0,9.955
-5.527705078125001,-6.945556640625001,3.6691699218750005,-69.95798319327731,-483.12324929971993,31.092436974789916,IMU0,9.965
-5.336103515625,-6.830595703125001,3.8320312500000004,-68.41736694677871,-478.78151260504205,32.563025210084035,IMU0,9.975
-5.2115625,-6.773115234375,3.96615234375,-67.08683473389355,-471.9187675070028,34.03361344537815,IMU0,9.985
-5.2498828125,-6.80185546875,3.975732421875,-65.89635854341736,-463.65546218487395,35.43417366946779,IMU0,9.995
-5.0199609375000005,-6.945556640625001,4.1002734375,-64.9859943977591,-455.5322128851541,36.694677871148464,IMU0,10.005
-5.029541015625,-7.0892578125000005,4.4547363281250005,-64.07563025210084,-445.93837535014006,37.81512605042017,IMU0,10.015
-5.05828125,-7.156318359375001,4.282294921875001,-63.655462184873954,-434.3137254901961,39.00560224089636,IMU0,10.025
-4.75171875,-7.117998046875001,4.4068359375,-63.30532212885154,-421.1484593837535,40.19607843137255,IMU0,10.035
-4.512216796875,-7.003037109375001,4.320615234375,-62.95518207282913,-407.21288515406167,41.31652661064426,IMU0,10.045
-4.368515625000001,-6.926396484375,4.129013671875001,-63.095238095238095,-392.99719887955183,42.64705882352941,IMU0,10.055
-4.1002734375,-6.84017578125,4.320615234375,-63.235294117647065,-378.01120448179273,43.90756302521009,IMU0,10.065
-3.8703515625000002,-6.744375000000001,4.033212890625,-63.445378151260506,-362.2549019607843,45.168067226890756,IMU0,10.075
-3.7937109375,-6.725214843750001,3.9182519531250004,-63.72549019607843,-346.1484593837535,46.568627450980394,IMU0,10.085
-3.4105078125,-6.667734375,3.879931640625,-64.14565826330532,-330.25210084033614,47.89915966386555,IMU0,10.095
-3.343447265625,-6.638994140625001,3.88951171875,-64.42577030812325,-314.4957983193277,49.2296918767507,IMU0,10.105
-3.1997460937500004,-6.562353515625,3.65958984375,-65.05602240896359,-298.66946778711485,50.63025210084034,IMU0,10.115
-2.9602441406250004,-6.619833984375,3.4679882812500002,-65.61624649859944,-283.68347338935575,51.96078431372549,IMU0,10.125
-2.9602441406250004,-6.68689453125,3.6116894531250003,-66.1764705882353,-268.8375350140056,53.221288515406165,IMU0,10.135
-2.845283203125,-6.868916015625,3.343447265625,-66.87675070028011,-254.13165266106444,54.411764705882355,IMU0,10.145
-2.864443359375,-7.0126171875,3.4488281250000004,-67.92717086834735,-239.84593837535016,55.46218487394958,IMU0,10.155
-2.7399023437500003,-7.194638671875,3.2093261718750004,-68.55742296918768,-226.26050420168067,56.44257703081233,IMU0,10.165
-2.7973828125,-7.30001953125,3.1997460937500004,-69.53781512605042,-213.8655462184874,57.212885154061624,IMU0,10.175
-2.7399023437500003,-7.386240234375,2.998564453125,-70.51820728291317,-203.0812324929972,57.84313725490196,IMU0,10.185
-2.6441015625000004,-7.5682617187500005,2.8931835937500003,-71.49859943977592,-193.83753501400562,58.26330532212885,IMU0,10.195
-2.7399023437500003,-7.7407031250000005,2.7973828125,-72.3389355742297,-185.99439775910366,58.543417366946784,IMU0,10.205
-2.7303222656250004,-7.874824218750001,2.62494140625,-73.109243697479,-179.97198879551823,58.68347338935575,IMU0,10.215
-2.7303222656250004,-7.91314453125,2.529140625,-73.66946778711485,-176.40056022408965,58.68347338935575,IMU0,10.225
-2.7494824218750002,-7.961044921875001,2.24173828125,-74.2296918767507,-174.36974789915968,58.40336134453782,IMU0,10.235
-2.8165429687500003,-7.961044921875001,2.136357421875,-74.64985994397759,-174.01960784313727,58.19327731092437,IMU0,10.245
-2.768642578125,-8.06642578125,1.85853515625,-74.71988795518207,-175.21008403361344,57.913165266106446,IMU0,10.255
-2.9123437500000002,-8.14306640625,1.791474609375,-74.64985994397759,-177.45098039215688,57.42296918767507,IMU0,10.265
-2.9602441406250004,-8.18138671875,1.4849121093750002,-74.36974789915966,-180.67226890756302,57.00280112044818,IMU0,10.275
-3.0273046875,-8.286767578125001,1.39869140625,-73.80952380952381,-184.38375350140058,56.58263305322129,IMU0,10.285
-3.171005859375,-8.44962890625,1.101708984375,-73.03921568627452,-188.8655462184874,55.88235294117647,IMU0,10.295
-3.3817675781250003,-8.71787109375,1.0346484375,-72.12885154061625,-194.04761904761907,55.182072829131656,IMU0,10.305
-3.477568359375,-8.94779296875,0.8238867187500001,-71.00840336134453,-200.49019607843138,54.411764705882355,IMU0,10.315
-3.745810546875,-9.034013671875,0.699345703125,-69.67787114845939,-208.33333333333334,53.36134453781513,IMU0,10.325
-3.9853125000000005,-9.081914062500001,0.5843847656250001,-68.0672268907563,-216.87675070028013,52.24089635854342,IMU0,10.335
-4.00447265625,-8.98611328125,0.43110351562500004,-66.45658263305323,-225.0,51.12044817927171,IMU0,10.345
-4.3876757812500005,-8.83283203125,0.41194335937500004,-64.28571428571429,-234.03361344537817,49.78991596638656,IMU0,10.355
-4.263134765625001,-8.698710937500001,0.22992187500000003,-62.11484593837535,-243.76750700280112,48.319327731092436,IMU0,10.365
-4.186494140625,-8.71787109375,0.10538085937500001,-59.80392156862745,-254.2717086834734,46.918767507002805,IMU0,10.375
-4.6271777343750005,-8.880732421875,0.162861328125,-57.28291316526611,-265.406162464986,45.44817927170869,IMU0,10.385
-5.010380859375,-9.043593750000001,0.22992187500000003,-54.761904761904766,-276.890756302521,43.767507002801125,IMU0,10.395
-5.36484375,-9.10107421875,0.43110351562500004,-52.24089635854342,-288.72549019607845,41.806722689075634,IMU0,10.405
-5.38400390625,-9.120234375,0.45026367187500005,-49.719887955182074,-300.7703081232493,39.70588235294118,IMU0,10.415
-5.7097265625,-9.129814453125,0.6418652343750001,-47.26890756302521,-313.09523809523813,37.39495798319328,IMU0,10.425
-5.7097265625,-9.10107421875,0.55564453125,-44.88795518207283,-325.4901960784314,35.0140056022409,IMU0,10.435
-5.805527343750001,-9.043593750000001,0.6514453125,-42.436974789915965,-338.09523809523813,32.63305322128852,IMU0,10.445
-6.083349609375,-9.06275390625,0.9005273437500001,-39.98599439775911,-350.7703081232493,30.11204481792717,IMU0,10.455
-6.179150390625001,-9.081914062500001,1.1112890625,-37.81512605042017,-363.1652661064426,27.450980392156865,IMU0,10.465
-6.399492187500001,-9.043593750000001,1.62861328125,-35.64425770308124,-375.0700280112045,24.649859943977592,IMU0,10.475
-6.49529296875,-9.043593750000001,1.5998730468750002,-33.89355742296919,-385.8543417366947,21.84873949579832,IMU0,10.485
-6.571933593750001,-8.98611328125,1.9639160156250002,-32.35294117647059,-396.07843137254906,18.977591036414566,IMU0,10.495
-6.504873046875001,-8.976533203125001,2.0980371093750003,-31.1624649859944,-405.39215686274514,16.176470588235293,IMU0,10.505
-6.811435546875001,-8.98611328125,2.5004003906250003,-30.182072829131656,-413.65546218487395,13.23529411764706,IMU0,10.515
-6.658154296875001,-8.94779296875,2.682421875,-29.69187675070028,-420.30812324929974,10.434173669467787,IMU0,10.525
-6.734794921875,-8.98611328125,2.7399023437500003,-29.551820728291318,-425.7703081232493,7.633053221288516,IMU0,10.535
-6.830595703125001,-9.053173828125,3.1422656250000003,-29.761904761904763,-430.1120448179272,4.971988795518207,IMU0,10.545
-6.744375000000001,-9.216035156250001,3.23806640625,-30.182072829131656,-432.98319327731093,2.450980392156863,IMU0,10.555
-6.897656250000001,-9.359736328125,3.58294921875,-30.602240896358545,-435.4341736694678,-0.0700280112044818,IMU0,10.565
-6.677314453125001,-9.398056640625,3.9278320312500004,-31.862745098039216,-436.2044817927171,-2.3109243697478994,IMU0,10.575
-6.619833984375,-9.44595703125,4.014052734375,-33.4733893557423,-435.36414565826334,-4.341736694677872,IMU0,10.585
-6.552773437500001,-9.40763671875,4.167333984375,-35.364145658263304,-432.703081232493,-6.022408963585434,IMU0,10.595
-6.03544921875,-9.33099609375,4.3014550781250005,-37.324929971988794,-429.90196078431376,-7.492997198879552,IMU0,10.605
-6.0162890625,-9.36931640625,4.876259765625,-39.56582633053222,-426.05042016806726,-8.543417366946779,IMU0,10.615
-5.776787109375,-9.398056640625,4.818779296875,-42.226890756302524,-420.5182072829132,-9.173669467787116,IMU0,10.625
-6.159990234375001,-9.656718750000001,4.972060546875,-47.89915966386555,-406.9327731092437,-10.154061624649861,IMU0,10.635
-5.451064453125,-9.790839843750001,4.75171875,-50.70028011204482,-399.85994397759106,-10.294117647058824,IMU0,10.645
-5.958808593750001,-9.656718750000001,4.857099609375,-53.8515406162465,-394.0476190476191,-10.504201680672269,IMU0,10.655
-4.7133984375,-9.484277343750001,4.3301953125,-56.30252100840337,-388.8655462184874,-10.154061624649861,IMU0,10.665
-4.818779296875,-9.656718750000001,5.182822265625,-59.103641456582636,-383.2633053221289,-9.663865546218489,IMU0,10.675
-5.182822265625,-10.174042968750001,4.703818359375,-61.904761904761905,-375.98039215686276,-8.753501400560225,IMU0,10.685
-5.815107421875,-10.787167968750001,5.4989648437500005,-64.70588235294117,-368.4873949579832,-8.263305322128852,IMU0,10.695
-4.5409570312500005,-12.20501953125,5.5564453125,-68.0672268907563,-357.21288515406167,-7.492997198879552,IMU0,10.705
-7.970625000000001,-17.100439453125002,5.029541015625,-71.77871148459384,-347.12885154061627,-7.773109243697479,IMU0,10.715
-9.838740234375,-19.792441406250003,9.072333984375,-76.75070028011204,-330.18207282913164,-9.033613445378151,IMU0,10.725
-8.018525390625001,-22.043759765625,7.750283203125001,-83.26330532212886,-301.9607843137255,-10.014005602240896,IMU0,10.735
-10.32732421875,-23.1837890625,9.005273437500001,-90.75630252100841,-275.4901960784314,-12.955182072829132,IMU0,10.745
-11.55357421875,-23.959775390625,7.721542968750001,-97.89915966386555,-256.44257703081234,-16.38655462184874,IMU0,10.755
-10.32732421875,-22.22578125,8.9286328125,-105.74229691876751,-236.83473389355743,-20.238095238095237,IMU0,10.765
-6.600673828125,-19.131416015625,7.194638671875,-112.6750700280112,-210.3641456582633,-22.128851540616246,IMU0,10.775
-6.64857421875,-16.631015625,4.684658203125,-119.04761904761905,-190.8263305322129,-23.80952380952381,IMU0,10.785
-3.9278320312500004,-18.25962890625,5.67140625,-124.29971988795519,-176.75070028011206,-24.299719887955185,IMU0,10.795
-6.6964746093750005,-16.104111328125,2.39501953125,-127.87114845938376,-173.3893557422969,-25.07002801120448,IMU0,10.805
-1.2070898437500002,-12.942685546875001,3.266806640625,-130.88235294117646,-168.8375350140056,-24.229691876750703,IMU0,10.815
-3.7841308593750003,-11.620634765625,2.4525,-133.1232492997199,-165.75630252100842,-23.669467787114847,IMU0,10.825
-2.29921875,-12.952265625,1.657353515625,-134.94397759103643,-163.79551820728292,-21.9187675070028,IMU0,10.835
-2.7207421875,-14.9066015625,2.05013671875,-136.34453781512605,-166.66666666666669,-20.868347338935575,IMU0,10.845
-1.714833984375,-14.446757812500001,0.047900390625000004,-136.9047619047619,-170.65826330532212,-18.907563025210084,IMU0,10.855
-0.44068359375000005,-14.619199218750001,0.13412109375,-136.9747899159664,-176.33053221288517,-16.666666666666668,IMU0,10.865
-2.9506640625,-14.552138671875001,1.0346484375,-136.76470588235296,-182.07282913165267,-14.495798319327731,IMU0,10.875
-1.753154296875,-15.069462890625001,-0.9771679687500001,-136.2044817927171,-187.95518207282913,-11.974789915966387,IMU0,10.885
-2.31837890625,-16.659755859375,0.17244140625,-135.50420168067228,-199.08963585434174,-10.504201680672269,IMU0,10.895
-3.822451171875,-17.41658203125,-1.3699511718750002,-133.96358543417367,-211.9747899159664,-9.033613445378151,IMU0,10.905
-3.73623046875,-18.767373046875,-1.7627343750000002,-132.0028011204482,-228.01120448179273,-8.123249299719888,IMU0,10.915
-3.9086718750000005,-19.926562500000003,-1.85853515625,-129.2717086834734,-246.218487394958,-7.492997198879552,IMU0,10.925
-4.3301953125,-19.974462890625002,-1.6956738281250001,-126.40056022408965,-264.14565826330534,-6.792717086834735,IMU0,10.935
-5.048701171875,-18.7386328125,-1.4561718750000001,-123.94957983193278,-281.9327731092437,-6.162464985994398,IMU0,10.945
-4.57927734375,-17.6656640625,-2.462080078125,-120.86834733893558,-302.2408963585434,-5.5322128851540615,IMU0,10.955
-5.6522460937500005,-16.851357421875,-2.12677734375,-117.29691876750701,-325.7703081232493,-5.322128851540617,IMU0,10.965
-5.930068359375,-16.784296875000003,-2.1459375,-113.58543417366947,-350.4201680672269,-4.971988795518207,IMU0,10.975
-6.389912109375,-17.119599609375,-3.324287109375,-109.38375350140056,-378.4313725490196,-4.971988795518207,IMU0,10.985
-7.041357421875,-16.563955078125,-2.4333398437500002,-104.55182072829132,-406.51260504201684,-5.112044817927171,IMU0,10.995
-6.15041015625,-14.820380859375001,-1.70525390625,-100.21008403361346,-431.3025210084034,-4.971988795518207,IMU0,11.005
-6.198310546875001,-12.9905859375,-1.82021484375,-96.35854341736695,-453.5714285714286,-4.271708683473389,IMU0,11.015
-5.633085937500001,-11.735595703125,-1.2933105468750001,-92.57703081232494,-474.78991596638656,-3.011204481792717,IMU0,11.025
-6.054609375,-11.534414062500002,-1.312470703125,-88.65546218487395,-494.18767507002804,-1.6106442577030813,IMU0,11.035
-6.6102539062500005,-11.726015625,-1.2454101562500002,-84.66386554621849,-512.6050420168067,-0.21008403361344538,IMU0,11.045
-6.744375000000001,-11.946357421875001,-0.8047265625000001,-80.67226890756302,-528.2212885154062,0.9803921568627452,IMU0,11.055
-7.232958984375,-12.6840234375,-1.005908203125,-76.82072829131653,-541.5966386554622,1.8907563025210086,IMU0,11.065
-7.9802050781250005,-12.751083984375,-0.12454101562500001,-73.03921568627452,-550.6302521008404,2.5910364145658265,IMU0,11.075
-7.60658203125,-12.41578125,-0.15328125,-69.74789915966387,-554.6918767507003,3.081232492997199,IMU0,11.085
-7.769443359375001,-12.080478515625002,-0.028740234375000003,-66.80672268907563,-556.9327731092437,3.431372549019608,IMU0,11.095
-7.424560546875001,-11.831396484375,0.45026367187500005,-63.93557422969188,-556.9327731092437,3.8515406162464987,IMU0,11.105
-7.721542968750001,-11.505673828125001,0.2682421875,-61.20448179271709,-555.4621848739496,4.131652661064426,IMU0,11.115
-7.232958984375,-11.199111328125001,0.9963281250000001,-58.96358543417367,-553.2913165266107,4.341736694677872,IMU0,11.125
-7.1658984375,-10.930869140625001,1.0538085937500001,-56.86274509803922,-550.4201680672269,4.481792717086835,IMU0,11.135
-7.357500000000001,-10.835068359375,1.55197265625,-55.392156862745104,-547.1288515406163,4.551820728291316,IMU0,11.145
-7.49162109375,-11.103310546875,1.9639160156250002,-53.641456582633054,-545.1680672268908,4.341736694677872,IMU0,11.155
-7.874824218750001,-11.524833984375,1.9255957031250002,-52.73109243697479,-542.7170868347339,3.9215686274509807,IMU0,11.165
-7.376660156250001,-12.176279296875,2.1938378906250002,-52.10084033613445,-539.5658263305322,3.5714285714285716,IMU0,11.175
-8.392148437500001,-12.751083984375,3.31470703125,-51.96078431372549,-534.6638655462185,2.9411764705882355,IMU0,11.185
-7.999365234375,-13.325888671875001,2.941083984375,-52.24089635854342,-527.8011204481793,2.5910364145658265,IMU0,11.195
-8.018525390625001,-14.140195312500001,3.5446289062500003,-52.94117647058824,-521.358543417367,2.030812324929972,IMU0,11.205
-8.3155078125,-14.542558593750002,4.071533203125,-54.061624649859944,-512.2549019607843,1.8207282913165266,IMU0,11.215
-7.750283203125001,-14.619199218750001,4.186494140625,-55.952380952380956,-498.3893557422969,1.680672268907563,IMU0,11.225
-7.922724609375001,-14.38927734375,4.129013671875001,-57.983193277310924,-482.56302521008405,1.8207282913165266,IMU0,11.235
-6.361171875,-14.178515625000001,3.190166015625,-59.943977591036415,-468.76750700280115,2.450980392156863,IMU0,11.245
-7.137158203125001,-14.15935546875,4.090693359375,-61.484593837535016,-460.92436974789916,2.9411764705882355,IMU0,11.255
-7.0126171875,-14.08271484375,3.6691699218750005,-62.74509803921569,-453.921568627451,3.711484593837535,IMU0,11.265
-6.581513671875,-13.77615234375,3.9469921875000002,-64.2156862745098,-447.05882352941177,4.341736694677872,IMU0,11.275
-6.53361328125,-13.16302734375,3.6787500000000004,-65.54621848739497,-439.5658263305322,5.2521008403361344,IMU0,11.285
-5.489384765625,-12.798984375000002,2.835703125,-66.5266106442577,-433.8935574229692,6.582633053221289,IMU0,11.295
-5.795947265625,-12.492421875000002,3.58294921875,-67.22689075630252,-429.5518207282913,7.983193277310924,IMU0,11.305
-5.288203125000001,-12.540322265625,2.222578125,-67.43697478991596,-425.35014005602244,9.73389355742297,IMU0,11.315
-5.307363281250001,-11.93677734375,3.0273046875,-67.50700280112045,-422.47899159663865,11.344537815126051,IMU0,11.325
-4.550537109375,-11.007509765625,2.4237597656250003,-67.29691876750701,-418.9775910364146,13.375350140056023,IMU0,11.335
-4.052373046875,-11.132050781250001,3.171005859375,-66.80672268907563,-416.38655462184875,15.616246498599441,IMU0,11.345
-4.837939453125,-11.28533203125,3.496728515625,-66.38655462184875,-414.5658263305322,17.857142857142858,IMU0,11.355
-4.368515625000001,-11.735595703125,2.615361328125,-65.89635854341736,-414.21568627450984,19.88795518207283,IMU0,11.365
-5.11576171875,-11.476933593750001,3.650009765625,-65.12605042016807,-415.89635854341736,21.42857142857143,IMU0,11.375
-4.6271777343750005,-11.601474609375002,2.05013671875,-63.79551820728292,-416.9467787114846,23.10924369747899,IMU0,11.385
-4.5984375,-11.66853515625,3.81287109375,-62.53501400560224,-416.8067226890756,24.50980392156863,IMU0,11.395
-5.1732421875000005,-11.658955078125,2.375859375,-61.134453781512605,-415.6162464985995,26.050420168067227,IMU0,11.405
-4.550537109375,-11.984677734375001,3.036884765625,-59.66386554621849,-415.8263305322129,27.24089635854342,IMU0,11.415
-5.786367187500001,-11.927197265625,3.6308496093750002,-58.12324929971989,-416.1764705882353,28.011204481792717,IMU0,11.425
-5.0966015625,-11.63021484375,3.0560449218750003,-56.65266106442577,-417.7170868347339,28.571428571428573,IMU0,11.435
-5.010380859375,-11.658955078125,4.00447265625,-55.252100840336134,-420.7983193277311,28.8515406162465,IMU0,11.445
-5.11576171875,-11.24701171875,3.4679882812500002,-53.71148459383754,-422.3389355742297,29.131652661064425,IMU0,11.455
-5.38400390625,-11.064990234375001,3.9469921875000002,-52.38095238095239,-424.5098039215686,29.131652661064425,IMU0,11.465
-5.767207031250001,-11.160791015625001,3.4105078125,-50.910364145658264,-427.3109243697479,28.8515406162465,IMU0,11.475
-5.920488281250001,-10.988349609375001,3.803291015625,-49.43977591036415,-430.672268907563,28.151260504201684,IMU0,11.485
-5.920488281250001,-10.605146484375,3.8607714843750003,-48.03921568627451,-432.7731092436975,27.3109243697479,IMU0,11.495
-5.355263671875,-10.681787109375001,3.6979101562500003,-46.918767507002805,-433.5434173669468,26.610644257703083,IMU0,11.505
-5.84384765625,-10.585986328125001,4.368515625000001,-46.00840336134454,-432.98319327731093,25.7703081232493,IMU0,11.515
-5.67140625,-10.547666015625001,3.9182519531250004,-45.09803921568628,-430.0420168067227,25.0,IMU0,11.525
-5.441484375,-10.509345703125001,4.61759765625,-44.957983193277315,-424.92997198879556,24.229691876750703,IMU0,11.535
-5.451064453125,-10.442285156250001,4.27271484375,-44.957983193277315,-417.57703081232495,23.529411764705884,IMU0,11.545
-5.623505859375,-10.480605468750001,4.742138671875001,-45.30812324929972,-408.05322128851543,22.829131652661065,IMU0,11.555
-5.36484375,-10.4614453125,4.502636718750001,-45.938375350140056,-396.6386554621849,22.268907563025213,IMU0,11.565
-5.5564453125,-10.1548828125,4.5409570312500005,-47.05882352941177,-384.17366946778714,21.568627450980394,IMU0,11.575
-4.952900390625,-9.742939453125,4.358935546875,-48.03921568627451,-370.0280112044818,21.07843137254902,IMU0,11.585
-4.703818359375,-9.254355468750001,4.196074218750001,-49.089635854341736,-354.83193277310926,20.798319327731093,IMU0,11.595
-4.320615234375,-8.880732421875,4.08111328125,-50.420168067226896,-338.58543417366946,20.72829131652661,IMU0,11.605
-4.282294921875001,-8.58375,4.1769140625,-51.96078431372549,-321.7787114845938,20.72829131652661,IMU0,11.615
-3.9278320312500004,-8.5454296875,3.7745507812500003,-53.43137254901961,-304.4117647058824,20.868347338935575,IMU0,11.625
-3.9853125000000005,-8.67955078125,4.0619531250000005,-55.11204481792717,-286.48459383753504,20.798319327731093,IMU0,11.635
-3.9374121093750003,-8.689130859375,3.8320312500000004,-57.142857142857146,-267.2268907563025,20.868347338935575,IMU0,11.645
-3.6404296875,-8.58375,3.50630859375,-59.38375350140056,-247.7591036414566,20.798319327731093,IMU0,11.655
-3.324287109375,-8.98611328125,3.899091796875,-63.30532212885154,-215.47619047619048,20.448179271708685,IMU0,11.665
-3.50630859375,-9.120234375,3.803291015625,-65.61624649859944,-199.78991596638656,20.098039215686274,IMU0,11.675
-2.9794042968750003,-8.9286328125,3.42966796875,-68.0672268907563,-184.45378151260505,19.747899159663866,IMU0,11.685
-3.0656250000000003,-8.727451171875,3.1997460937500004,-70.16806722689076,-170.65826330532212,19.257703081232496,IMU0,11.695
-2.8069628906250004,-8.526269531250001,3.075205078125,-72.26890756302521,-158.1232492997199,18.907563025210084,IMU0,11.705
-2.519560546875,-8.2771875,2.921923828125,-74.15966386554622,-147.3389355742297,18.487394957983195,IMU0,11.715
-2.47166015625,-8.258027343750001,2.7494824218750002,-76.33053221288516,-137.95518207282913,17.99719887955182,IMU0,11.725
-2.366279296875,-8.248447265625,2.682421875,-77.94117647058823,-129.90196078431373,17.50700280112045,IMU0,11.735
-2.2513183593750004,-8.363408203125001,2.366279296875,-79.6218487394958,-123.31932773109244,17.016806722689076,IMU0,11.745
-2.059716796875,-8.296347656250001,2.31837890625,-80.95238095238095,-119.04761904761905,16.31652661064426,IMU0,11.755
-1.9926562500000002,-8.33466796875,1.9926562500000002,-82.3529411764706,-116.59663865546219,15.616246498599441,IMU0,11.765
-1.9543359375000002,-8.555009765625,1.7244140625000002,-83.61344537815127,-115.96638655462185,14.915966386554622,IMU0,11.775
-2.24173828125,-6.964716796875001,1.6477734375000002,-84.38375350140056,-117.08683473389357,14.145658263305323,IMU0,11.785
0.10538085937500001,-6.3036914062500005,0.46942382812500005,-84.73389355742297,-118.97759103641457,14.145658263305323,IMU0,11.795
-1.504072265625,-7.031777343750001,1.70525390625,-85.0140056022409,-124.08963585434174,13.725490196078432,IMU0,11.805
-1.6381933593750002,-9.005273437500001,0.718505859375,-84.87394957983193,-129.06162464985994,13.865546218487395,IMU0,11.815
-1.149609375,-11.045830078125,1.2166699218750001,-84.87394957983193,-135.8543417366947,13.445378151260504,IMU0,11.825
-3.0560449218750003,-11.294912109375002,0.7664062500000001,-84.73389355742297,-143.69747899159665,12.955182072829132,IMU0,11.835
-0.5460644531250001,-10.777587890625,0.258662109375,-84.2436974789916,-151.82072829131653,12.675070028011206,IMU0,11.845
-2.529140625,-9.532177734375,0.18202148437500001,-83.4733893557423,-162.04481792717087,12.114845938375352,IMU0,11.855
-0.277822265625,-8.660390625,-0.17244140625,-82.3529411764706,-171.1484593837535,12.605042016806724,IMU0,11.865
-1.51365234375,-8.689130859375,-0.028740234375000003,-81.09243697478992,-182.07282913165267,12.745098039215687,IMU0,11.875
-1.5328125000000001,-9.484277343750001,-0.5652246093750001,-79.69187675070029,-193.34733893557424,13.375350140056023,IMU0,11.885
-0.7472460937500001,-10.049501953125,-0.5748046875,-77.94117647058823,-205.53221288515408,13.725490196078432,IMU0,11.895
-2.366279296875,-9.532177734375,-1.1687695312500002,-75.84033613445378,-219.11764705882354,14.075630252100842,IMU0,11.905
-0.45984375000000005,-8.880732421875,-0.929267578125,-73.66946778711485,-232.70308123249302,14.84593837535014,IMU0,11.915
-1.7723144531250001,-8.497529296875001,-0.737666015625,-71.35854341736695,-246.70868347338936,15.336134453781513,IMU0,11.925
-1.3220507812500002,-8.516689453125,-1.2549902343750001,-68.83753501400561,-260.5042016806723,16.246498599439775,IMU0,11.935
-1.1879296875,-8.842412109375001,-0.680185546875,-66.10644257703082,-275.6302521008403,16.876750700280112,IMU0,11.945
-2.481240234375,-8.976533203125001,-1.1879296875,-63.445378151260506,-291.1064425770308,17.50700280112045,IMU0,11.955
-1.0921289062500001,-8.909472656250001,-1.51365234375,-60.504201680672274,-307.3529411764706,18.137254901960784,IMU0,11.965
-2.7303222656250004,-8.71787109375,-0.910107421875,-57.00280112044818,-324.5098039215686,18.27731092436975,IMU0,11.975
-1.70525390625,-8.79451171875,-1.465751953125,-53.57142857142858,-339.91596638655466,18.907563025210084,IMU0,11.985
-2.5099804687500002,-8.823251953125,-1.0538085937500001,-50.21008403361345,-356.02240896358546,18.977591036414566,IMU0,11.995
-2.9794042968750003,-8.83283203125,-1.47533203125,-46.498599439775916,-371.9887955182073,19.18767507002801,IMU0,12.005
-2.4908203125000004,-8.775351562500001,-1.1879296875,-42.7170868347339,-388.4453781512605,18.837535014005603,IMU0,12.015
-3.23806640625,-9.263935546875,-0.9675878906250001,-38.72549019607843,-404.4817927170869,18.347338935574232,IMU0,12.025
-3.5254687500000004,-9.5034375,-1.37953125,-34.80392156862745,-419.3977591036415,17.57703081232493,IMU0,12.035
-3.6116894531250003,-9.484277343750001,-0.8622070312500001,-31.022408963585434,-433.12324929971993,16.38655462184874,IMU0,12.045
-4.368515625000001,-9.388476562500001,-0.8047265625000001,-27.030812324929972,-444.0476190476191,14.915966386554622,IMU0,12.055
-4.828359375000001,-9.474697265625,-0.9005273437500001,-23.529411764705884,-452.3809523809524,13.095238095238097,IMU0,12.065
-5.69056640625,-9.244775390625001,-0.48858398437500006,-20.238095238095237,-458.2633053221289,10.57422969187675,IMU0,12.075
-5.182822265625,-9.02443359375,-0.335302734375,-17.366946778711487,-460.5742296918768,7.913165266106443,IMU0,12.085
-5.642666015625,-8.909472656250001,-0.057480468750000006,-14.985994397759104,-460.29411764705884,5.112044817927171,IMU0,12.095
-5.393583984375001,-9.072333984375,-0.3065625,-13.025210084033613,-459.10364145658264,2.2408963585434174,IMU0,12.105
-5.642666015625,-9.273515625,0.3448828125,-11.27450980392157,-458.05322128851543,-0.7703081232492998,IMU0,12.115
-6.121669921875,-9.398056640625,-0.028740234375000003,-9.873949579831933,-455.672268907563,-3.991596638655462,IMU0,12.125
-6.179150390625001,-9.436376953125,0.852626953125,-9.243697478991598,-452.03081232492997,-7.352941176470589,IMU0,12.135
-6.466552734375,-9.321416015625001,0.49816406250000006,-9.173669467787116,-446.35854341736695,-10.854341736694678,IMU0,12.145
-6.255791015625,-9.225615234375,1.37953125,-9.593837535014005,-442.15686274509807,-14.42577030812325,IMU0,12.155
-6.3228515625,-9.091494140625,1.427431640625,-10.57422969187675,-436.34453781512605,-17.717086834733895,IMU0,12.165
-6.1695703125,-8.79451171875,1.312470703125,-11.904761904761905,-429.6218487394958,-20.798319327731093,IMU0,12.175
-5.700146484375001,-8.938212890625001,2.1459375,-13.725490196078432,-424.3697478991597,-23.599439775910366,IMU0,12.185
-6.418652343750001,-8.8903125,1.9543359375000002,-15.966386554621849,-416.8067226890756,-26.260504201680675,IMU0,12.195
-5.642666015625,-8.555009765625,1.7244140625000002,-18.557422969187677,-408.9635854341737,-28.571428571428573,IMU0,12.205
-5.489384765625,-8.3155078125,2.4525,-21.35854341736695,-401.9607843137255,-30.742296918767508,IMU0,12.215
-5.776787109375,-8.267607421875,2.040556640625,-24.299719887955185,-394.25770308123253,-32.49299719887955,IMU0,12.225
-5.2594628906250005,-8.2388671875,2.5770410156250003,-27.801120448179272,-385.5042016806723,-33.89355742296919,IMU0,12.235
-5.508544921875,-8.200546875,2.7973828125,-31.302521008403364,-374.85994397759106,-35.08403361344538,IMU0,12.245
-5.489384765625,-7.961044921875001,2.404599609375,-35.08403361344538,-363.5854341736695,-35.92436974789916,IMU0,12.255
-4.799619140625,-7.711962890625,2.7973828125,-38.93557422969188,-351.47058823529414,-36.484593837535016,IMU0,12.265
-4.895419921875001,-7.510781250000001,2.4525,-42.787114845938376,-338.30532212885157,-36.5546218487395,IMU0,12.275
-4.655917968750001,-7.376660156250001,2.2608984375000003,-46.42857142857143,-325.7002801120448,-36.34453781512605,IMU0,12.285
-4.014052734375,-7.462880859375001,2.4237597656250003,-49.85994397759104,-312.8851540616247,-35.85434173669468,IMU0,12.295
-4.655917968750001,-7.731123046875,2.404599609375,-53.36134453781513,-300.7002801120448,-35.294117647058826,IMU0,12.305
-4.368515625000001,-7.865244140625,2.3471191406250003,-56.792717086834735,-288.375350140056,-34.66386554621849,IMU0,12.315
-4.071533203125,-8.056845703125001,2.692001953125,-60.15406162464986,-275.91036414565826,-34.03361344537815,IMU0,12.325
-4.358935546875,-8.286767578125001,2.5866210937500003,-63.58543417366947,-262.95518207282913,-33.19327731092437,IMU0,12.335
-3.8320312500000004,-8.41130859375,2.5674609375000004,-66.9467787114846,-249.78991596638656,-32.35294117647059,IMU0,12.345
-4.033212890625,-8.48794921875,2.615361328125,-70.0280112044818,-237.39495798319328,-31.51260504201681,IMU0,12.355
-3.8416113281250004,-8.5454296875,2.0213964843750003,-73.109243697479,-225.91036414565826,-30.602240896358545,IMU0,12.365
-3.3338671875,-8.813671875,2.1842578125000003,-75.84033613445378,-216.24649859943978,-29.761904761904763,IMU0,12.375
-3.899091796875,-9.06275390625,1.983076171875,-78.29131652661064,-207.98319327731093,-28.92156862745098,IMU0,12.385
-3.2284863281250002,-9.311835937500001,1.714833984375,-80.53221288515407,-201.47058823529412,-28.0812324929972,IMU0,12.395
-3.58294921875,-9.350156250000001,1.8106347656250001,-82.56302521008404,-197.2689075630252,-27.521008403361346,IMU0,12.405
-3.2572265625,-9.29267578125,1.59029296875,-84.45378151260505,-194.187675070028,-26.750700280112046,IMU0,12.415
-2.921923828125,-9.254355468750001,1.6477734375000002,-85.99439775910365,-193.4873949579832,-26.12044817927171,IMU0,12.425
-3.31470703125,-9.36931640625,1.5998730468750002,-87.46498599439776,-194.11764705882354,-25.35014005602241,IMU0,12.435
-2.6632617187500003,-9.522597656250001,1.3220507812500002,-88.8655462184874,-196.42857142857144,-24.50980392156863,IMU0,12.445
-3.036884765625,-9.733359375000001,1.4178515625,-89.84593837535014,-200.98039215686276,-23.73949579831933,IMU0,12.455
-2.85486328125,-9.9249609375,1.0154882812500001,-90.96638655462185,-207.0028011204482,-22.829131652661065,IMU0,12.465
-2.6441015625000004,-10.068662109375001,1.005908203125,-91.66666666666667,-214.49579831932775,-21.9187675070028,IMU0,12.475
-3.247646484375,-9.972861328125001,0.8622070312500001,-92.22689075630252,-223.24929971988797,-20.798319327731093,IMU0,12.485
-2.375859375,-10.02076171875,0.910107421875,-92.71708683473389,-231.02240896358543,-19.46778711484594,IMU0,12.495
-3.324287109375,-10.260263671875,0.680185546875,-93.13725490196079,-238.58543417366948,-18.137254901960784,IMU0,12.505
-2.6632617187500003,-10.394384765625,0.7664062500000001,-93.13725490196079,-246.6386554621849,-16.596638655462186,IMU0,12.515
-2.845283203125,-10.279423828125001,0.5843847656250001,-93.13725490196079,-256.37254901960785,-15.056022408963585,IMU0,12.525
-2.8069628906250004,-9.886640625,0.6418652343750001,-93.13725490196079,-266.38655462184875,-13.165266106442578,IMU0,12.535
-2.4525,-9.7716796875,0.5077441406250001,-92.78711484593838,-275.4201680672269,-11.204481792717088,IMU0,12.545
-3.23806640625,-9.90580078125,0.277822265625,-92.22689075630252,-285.5742296918768,-9.103641456582633,IMU0,12.555
-2.2704785156250002,-9.733359375000001,0.22034179687500002,-91.38655462184875,-297.2689075630252,-6.862745098039216,IMU0,12.565
-3.2189062500000003,-9.5034375,0.37362304687500003,-90.26610644257704,-309.73389355742296,-4.761904761904762,IMU0,12.575
-2.5866210937500003,-9.455537109375001,0.09580078125000001,-89.00560224089637,-320.93837535014006,-2.2408963585434174,IMU0,12.585
-3.00814453125,-9.589658203125001,0.258662109375,-87.53501400560225,-333.33333333333337,0.0,IMU0,12.595
-3.50630859375,-9.627978515625001,0.17244140625,-85.50420168067227,-346.7787114845938,2.3109243697478994,IMU0,12.605
-2.6441015625000004,-9.589658203125001,0.18202148437500001,-83.4733893557423,-361.06442577030816,4.621848739495799,IMU0,12.615
-4.00447265625,-9.522597656250001,0.43110351562500004,-81.23249299719889,-376.40056022408965,6.652661064425771,IMU0,12.625
-2.85486328125,-9.666298828125,0.3448828125,-78.71148459383754,-390.33613445378154,9.033613445378151,IMU0,12.635
-4.205654296875,-9.6183984375,0.5748046875,-76.19047619047619,-404.3417366946779,10.92436974789916,IMU0,12.645
-3.9948925781250004,-9.59923828125,0.45026367187500005,-73.66946778711485,-417.01680672268907,12.955182072829132,IMU0,12.655
-3.956572265625,-9.608818359375,0.680185546875,-70.65826330532214,-429.20168067226894,14.565826330532213,IMU0,12.665
-4.11943359375,-9.580078125,1.1304492187500002,-67.57703081232494,-438.65546218487395,16.246498599439775,IMU0,12.675
-5.393583984375001,-9.551337890625001,1.657353515625,-61.83473389355743,-452.7310924369748,18.69747899159664,IMU0,12.685
-4.981640625000001,-9.608818359375,0.814306640625,-59.03361344537815,-455.39215686274514,19.817927170868348,IMU0,12.695
-5.374423828125001,-9.71419921875,1.6860937500000002,-56.23249299719888,-456.44257703081234,20.308123249299722,IMU0,12.705
-5.604345703125,-9.71419921875,1.5232324218750002,-53.78151260504202,-454.4817927170869,20.72829131652661,IMU0,12.715
-4.895419921875001,-9.762099609375001,1.350791015625,-51.260504201680675,-452.17086834733897,20.938375350140056,IMU0,12.725
-6.07376953125,-9.992021484375,2.31837890625,-49.01960784313726,-449.6498599439776,20.798319327731093,IMU0,12.735
-5.240302734375001,-10.174042968750001,1.427431640625,-46.98879551820728,-444.11764705882354,20.65826330532213,IMU0,12.745
-5.7384667968750005,-10.212363281250001,2.5770410156250003,-45.378151260504204,-437.53501400560225,20.098039215686274,IMU0,12.755
-5.527705078125001,-10.241103515625001,1.6094531250000002,-43.62745098039216,-431.7226890756303,19.537815126050422,IMU0,12.765
-5.393583984375001,-10.317744140625,2.6441015625000004,-42.436974789915965,-427.4509803921569,18.627450980392158,IMU0,12.775
-5.642666015625,-10.135722656250001,2.54830078125,-41.45658263305322,-420.30812324929974,17.857142857142858,IMU0,12.785
-4.972060546875,-9.800419921875001,2.222578125,-40.68627450980392,-411.9747899159664,17.086834733893557,IMU0,12.795
-5.07744140625,-9.733359375000001,2.8069628906250004,-40.26610644257703,-405.5322128851541,16.31652661064426,IMU0,12.805
-4.6942382812500005,-9.94412109375,2.28005859375,-39.77591036414566,-398.5294117647059,15.686274509803923,IMU0,12.815
-5.2115625,-10.001601562500001,2.692001953125,-39.49579831932773,-392.296918767507,14.775910364145659,IMU0,12.825
-4.014052734375,-6.389912109375,2.6728417968750002,-39.21568627450981,-385.36414565826334,14.355742296918768,IMU0,12.835
-0.890947265625,-6.792275390625001,0.689765625,-38.58543417366947,-380.18207282913164,14.84593837535014,IMU0,12.845
-5.72888671875,-11.400292968750001,4.397255859375,-38.30532212885154,-376.1204481792717,14.565826330532213,IMU0,12.855
-7.079677734375,-13.210927734375002,2.442919921875,-38.655462184873954,-365.89635854341736,13.865546218487395,IMU0,12.865
-3.7937109375,-12.080478515625002,2.9889843750000002,-39.77591036414566,-354.6918767507003,12.394957983193278,IMU0,12.875
-5.2115625,-10.32732421875,3.1326855468750003,-40.54621848739496,-345.30812324929974,11.064425770308123,IMU0,12.885
-2.615361328125,-9.608818359375,-0.70892578125,-40.26610644257703,-342.3669467787115,10.854341736694678,IMU0,12.895
-4.799619140625,-9.359736328125,6.68689453125,-41.10644257703081,-333.61344537815125,9.873949579831933,IMU0,12.905
-3.2763867187500004,-10.068662109375001,-0.41194335937500004,-41.9467787114846,-317.7871148459384,10.504201680672269,IMU0,12.915
-4.349355468750001,-10.71052734375,3.400927734375,-42.85714285714286,-310.5742296918768,9.453781512605042,IMU0,12.925
-3.3913476562500002,-10.653046875000001,2.538720703125,-43.417366946778714,-300.21008403361344,9.523809523809524,IMU0,12.935
-3.6787500000000004,-10.71052734375,0.6514453125,-44.04761904761905,-293.5574229691877,8.823529411764707,IMU0,12.945
-4.15775390625,-11.294912109375002,3.8320312500000004,-44.88795518207283,-287.6750700280112,8.333333333333334,IMU0,12.955
-3.5158886718750004,-11.735595703125,0.756826171875,-45.65826330532213,-279.06162464985994,7.773109243697479,IMU0,12.965
-4.090693359375,-12.28166015625,3.7937109375,-46.77871148459384,-272.47899159663865,6.792717086834735,IMU0,12.975
-4.090693359375,-12.272080078125,-0.9675878906250001,-46.84873949579832,-272.47899159663865,5.8123249299719895,IMU0,12.985
-3.3338671875,-11.917617187500001,3.9086718750000005,-47.82913165266107,-271.9187675070028,4.69187675070028,IMU0,12.995
-3.0560449218750003,-11.86013671875,1.5711328125000001,-48.59943977591037,-264.84593837535016,4.411764705882353,IMU0,13.005
-4.282294921875001,-12.022998046875001,0.38320312500000003,-49.15966386554622,-264.14565826330534,3.5014005602240896,IMU0,13.015
-2.6441015625000004,-12.28166015625,2.921923828125,-49.649859943977596,-265.96638655462186,2.801120448179272,IMU0,13.025
-3.899091796875,-12.463681640625001,0.12454101562500001,-49.92997198879552,-269.18767507002804,1.8907563025210086,IMU0,13.035
-3.9086718750000005,-12.185859375000001,2.117197265625,-50.21008403361345,-275.140056022409,0.9803921568627452,IMU0,13.045
-2.1459375,-11.352392578125,0.9196875000000001,-50.14005602240896,-279.90196078431376,0.21008403361344538,IMU0,13.055
-4.11943359375,-11.03625,1.427431640625,-50.420168067226896,-285.92436974789916,-0.4901960784313726,IMU0,13.065
-3.23806640625,-11.3811328125,0.48858398437500006,-50.21008403361345,-293.69747899159665,-1.050420168067227,IMU0,13.075
-2.2608984375000003,-11.678115234375001,1.59029296875,-50.280112044817926,-299.5798319327731,-1.4705882352941178,IMU0,13.085
-3.879931640625,-11.639794921875001,1.120869140625,-50.070028011204485,-304.9719887955182,-1.7507002801120448,IMU0,13.095
-2.7303222656250004,-11.352392578125,0.6035449218750001,-50.070028011204485,-311.41456582633054,-1.8907563025210086,IMU0,13.105
-3.3626074218750004,-11.112890625,1.2549902343750001,-49.649859943977596,-320.23809523809524,-2.450980392156863,IMU0,13.115
-3.1997460937500004,-11.0745703125,0.48858398437500006,-49.15966386554622,-328.2913165266107,-2.5210084033613445,IMU0,13.125
-3.2189062500000003,-10.86380859375,1.22625,-48.80952380952381,-337.3949579831933,-2.9411764705882355,IMU0,13.135
-3.08478515625,-10.700947265625,0.67060546875,-48.459383753501406,-346.07843137254906,-3.081232492997199,IMU0,13.145
-3.190166015625,-10.796748046875,1.197509765625,-48.03921568627451,-355.25210084033614,-3.151260504201681,IMU0,13.155
-4.2535546875,-11.0745703125,1.1112890625,-47.47899159663866,-364.4257703081233,-3.5014005602240896,IMU0,13.165
-2.289638671875,-11.093730468750001,0.45026367187500005,-46.918767507002805,-374.15966386554624,-3.5014005602240896,IMU0,13.175
-4.167333984375,-10.997929687500001,1.5615527343750002,-46.28851540616247,-385.22408963585434,-3.8515406162464987,IMU0,13.185
-3.35302734375,-10.796748046875,0.680185546875,-45.86834733893558,-393.2072829131653,-3.5714285714285716,IMU0,13.195
-3.73623046875,-10.624306640625,1.3699511718750002,-45.30812324929972,-402.2408963585434,-3.8515406162464987,IMU0,13.205
-3.9086718750000005,-10.585986328125001,1.140029296875,-44.81792717086835,-409.80392156862746,-3.711484593837535,IMU0,13.215
-3.726650390625,-10.490185546875,1.3220507812500002,-44.537815126050425,-416.5966386554622,-3.781512605042017,IMU0,13.225
-4.129013671875001,-10.193203125,1.5711328125000001,-44.11764705882353,-422.3389355742297,-3.711484593837535,IMU0,13.235
-3.3338671875,-9.800419921875001,0.948427734375,-43.977591036414566,-427.10084033613447,-3.431372549019608,IMU0,13.245
-4.521796875000001,-9.580078125,2.557880859375,-43.767507002801125,-429.27170868347343,-3.2913165266106446,IMU0,13.255
-3.324287109375,-9.647138671875,0.680185546875,-43.62745098039216,-428.71148459383755,-2.5210084033613445,IMU0,13.265
-4.11943359375,-9.522597656250001,1.9351757812500001,-43.69747899159664,-431.09243697478996,-2.380952380952381,IMU0,13.275
-3.6787500000000004,-9.254355468750001,1.6477734375000002,-43.55742296918768,-430.39215686274514,-1.5406162464985995,IMU0,13.285
-3.8607714843750003,-9.034013671875,1.5232324218750002,-43.62745098039216,-428.08123249299723,-1.050420168067227,IMU0,13.295
-4.13859375,-8.919052734375,2.16509765625,-43.69747899159664,-423.8795518207283,-0.2801120448179272,IMU0,13.305
-3.6021093750000004,-8.83283203125,1.22625,-43.90756302521009,-418.4173669467787,0.4901960784313726,IMU0,13.315
-3.9853125000000005,-8.660390625,2.5770410156250003,-44.32773109243698,-412.04481792717087,1.2605042016806722,IMU0,13.325
-3.477568359375,-8.516689453125,0.9963281250000001,-44.46778711484594,-405.812324929972,2.170868347338936,IMU0,13.335
-3.6021093750000004,-8.497529296875001,2.2608984375000003,-44.537815126050425,-402.4509803921569,2.8711484593837535,IMU0,13.345
-3.4105078125,-8.67955078125,2.040556640625,-44.537815126050425,-397.6890756302521,3.781512605042017,IMU0,13.355
-3.6212695312500003,-8.813671875,1.78189453125,-44.88795518207283,-392.57703081232495,4.69187675070028,IMU0,13.365
-3.5446289062500003,-8.775351562500001,1.9351757812500001,-45.09803921568628,-388.8655462184874,5.5322128851540615,IMU0,13.375
-3.3338671875,-8.660390625,1.714833984375,-45.09803921568628,-384.87394957983196,6.442577030812325,IMU0,13.385
-3.4105078125,-8.564589843750001,2.1076171875000003,-45.30812324929972,-379.6218487394958,7.352941176470589,IMU0,13.395
-3.31470703125,-8.574169921875,1.70525390625,-45.44817927170869,-373.66946778711485,8.473389355742297,IMU0,13.405
-3.3817675781250003,-8.602910156250001,2.059716796875,-45.44817927170869,-367.64705882352945,9.453781512605042,IMU0,13.415
-3.0656250000000003,-8.6220703125,1.791474609375,-45.728291316526615,-360.99439775910366,10.434173669467787,IMU0,13.425
-3.3626074218750004,-8.564589843750001,1.868115234375,-45.86834733893558,-354.9719887955182,11.414565826330533,IMU0,13.435
-3.2284863281250002,-8.478369140625,1.6477734375000002,-45.65826330532213,-349.85994397759106,12.394957983193278,IMU0,13.445
-2.8836035156250004,-8.3155078125,1.8393750000000002,-45.86834733893558,-344.327731092437,13.305322128851541,IMU0,13.455
-2.9123437500000002,-8.18138671875,1.676513671875,-45.728291316526615,-338.8655462184874,14.355742296918768,IMU0,13.465
-2.921923828125,-8.056845703125001,1.5711328125000001,-45.44817927170869,-335.22408963585434,15.266106442577032,IMU0,13.475
-2.9889843750000002,-8.018525390625001,1.70525390625,-45.09803921568628,-332.3529411764706,16.106442577030812,IMU0,13.485
-2.70158203125,-7.989785156250001,1.4944921875000001,-44.747899159663866,-329.20168067226894,17.016806722689076,IMU0,13.495
-2.9027636718750003,-7.95146484375,1.868115234375,-44.397759103641455,-325.8403361344538,17.857142857142858,IMU0,13.505
-2.9698242187500004,-8.018525390625001,1.47533203125,-43.977591036414566,-322.47899159663865,18.69747899159664,IMU0,13.515
-2.77822265625,-7.9323046875,1.82021484375,-43.55742296918768,-318.9775910364146,19.537815126050422,IMU0,13.525
-2.787802734375,-7.8939843750000005,1.4178515625,-43.207282913165265,-315.4761904761905,20.308123249299722,IMU0,13.535
-3.1997460937500004,-8.076005859375,1.78189453125,-42.787114845938376,-312.60504201680675,20.938375350140056,IMU0,13.545
-2.9506640625,-8.33466796875,1.37953125,-42.226890756302524,-310.1540616246499,21.42857142857143,IMU0,13.555
-2.9027636718750003,-8.420888671875,1.82021484375,-41.45658263305322,-308.05322128851543,21.84873949579832,IMU0,13.565
-3.08478515625,-8.258027343750001,1.47533203125,-40.96638655462185,-305.812324929972,22.268907563025213,IMU0,13.575
-2.9794042968750003,-8.171806640625,1.6956738281250001,-40.406162464986,-303.8515406162465,22.478991596638657,IMU0,13.585
-3.1231054687500004,-8.286767578125001,1.5711328125000001,-39.91596638655462,-302.2408963585434,22.689075630252102,IMU0,13.595
-2.8261230468750003,-8.3155078125,1.619033203125,-39.35574229691877,-300.5602240896359,22.899159663865547,IMU0,13.605
-3.2284863281250002,-8.41130859375,1.82021484375,-38.79551820728292,-298.8095238095238,22.969187675070028,IMU0,13.615
-2.9698242187500004,-8.574169921875,1.714833984375,-38.23529411764706,-296.42857142857144,23.179271708683473,IMU0,13.625
-3.08478515625,-8.507109375,1.70525390625,-37.95518207282913,-294.74789915966386,23.10924369747899,IMU0,13.635
-3.0464648437500004,-8.382568359375,1.70525390625,-37.46498599439776,-293.06722689075633,23.179271708683473,IMU0,13.645
-3.171005859375,-8.41130859375,1.66693359375,-37.04481792717087,-291.38655462184875,23.03921568627451,IMU0,13.655
-2.9889843750000002,-8.420888671875,1.5328125000000001,-36.484593837535016,-290.1260504201681,22.899159663865547,IMU0,13.665
-3.075205078125,-8.401728515625,1.542392578125,-35.7843137254902,-289.2857142857143,22.689075630252102,IMU0,13.675
-3.2093261718750004,-8.440048828125,1.59029296875,-35.08403361344538,-288.515406162465,22.54901960784314,IMU0,13.685
-3.0560449218750003,-8.353828125,1.5998730468750002,-34.59383753501401,-287.6750700280112,22.198879551820728,IMU0,13.695
-2.9602441406250004,-8.200546875,1.6477734375000002,-33.403361344537814,-286.7647058823529,21.568627450980394,IMU0,13.705
-3.1997460937500004,-8.267607421875,1.9160156250000002,-32.913165266106446,-286.2044817927171,21.218487394957982,IMU0,13.715
-2.9794042968750003,-8.200546875,1.6956738281250001,-32.35294117647059,-285.4341736694678,20.868347338935575,IMU0,13.725
-3.1326855468750003,-8.1622265625,1.8106347656250001,-31.932773109243698,-285.0140056022409,20.378151260504204,IMU0,13.735
-3.1422656250000003,-8.200546875,1.944755859375,-31.58263305322129,-283.75350140056025,19.95798319327731,IMU0,13.745
-3.343447265625,-8.229287109375,1.6956738281250001,-31.1624649859944,-282.4229691876751,19.39775910364146,IMU0,13.755
-3.0656250000000003,-8.248447265625,1.82021484375,-30.672268907563026,-281.7226890756303,18.69747899159664,IMU0,13.765
-3.4679882812500002,-8.2388671875,1.8106347656250001,-30.32212885154062,-281.30252100840335,17.92717086834734,IMU0,13.775
-3.1997460937500004,-8.305927734375,2.0213964843750003,-29.971988795518207,-280.3921568627451,17.296918767507005,IMU0,13.785
-3.42966796875,-8.363408203125001,1.9734960937500001,-29.971988795518207,-279.13165266106444,16.456582633053223,IMU0,13.795
-3.247646484375,-8.41130859375,1.9639160156250002,-29.761904761904763,-278.2212885154062,15.686274509803923,IMU0,13.805
-3.4584082031250003,-8.478369140625,2.1459375,-29.69187675070028,-277.3809523809524,14.775910364145659,IMU0,13.815
-3.3721875000000003,-8.564589843750001,2.069296875,-29.6218487394958,-275.5602240896359,13.935574229691877,IMU0,13.825
-3.50630859375,-8.574169921875,2.059716796875,-29.6218487394958,-274.08963585434174,13.025210084033613,IMU0,13.835
-3.5446289062500003,-8.71787109375,2.24173828125,-29.901960784313726,-272.19887955182077,12.114845938375352,IMU0,13.845
-3.6116894531250003,-8.871152343750001,2.375859375,-30.11204481792717,-269.6078431372549,11.064425770308123,IMU0,13.855
-3.6308496093750002,-9.091494140625,2.3279589843750004,-30.46218487394958,-266.6666666666667,10.014005602240896,IMU0,13.865
-3.65958984375,-9.225615234375,2.375859375,-30.952380952380953,-263.72549019607845,8.96358543417367,IMU0,13.875
-3.7074902343750002,-9.225615234375,2.442919921875,-31.58263305322129,-260.29411764705884,7.843137254901961,IMU0,13.885
-3.58294921875,-9.196875,2.3279589843750004,-32.142857142857146,-256.2324929971989,6.792717086834735,IMU0,13.895
-3.65958984375,-9.091494140625,2.289638671875,-33.12324929971989,-252.38095238095238,5.742296918767507,IMU0,13.905
-3.5446289062500003,-9.034013671875,2.1746777343750003,-33.68347338935575,-249.01960784313727,4.621848739495799,IMU0,13.915
-3.5637890625,-9.081914062500001,2.2704785156250002,-34.45378151260504,-245.3781512605042,3.5714285714285716,IMU0,13.925
-3.6021093750000004,-9.053173828125,2.1459375,-35.15406162464986,-241.5966386554622,2.5910364145658265,IMU0,13.935
-3.4488281250000004,-9.196875,2.28005859375,-36.06442577030813,-237.88515406162466,1.680672268907563,IMU0,13.945
-3.5446289062500003,-9.321416015625001,2.366279296875,-37.04481792717087,-232.91316526610646,0.7703081232492998,IMU0,13.955
-3.42966796875,-9.44595703125,2.28005859375,-38.30532212885154,-227.38095238095238,-0.1400560224089636,IMU0,13.965
-3.4105078125,-9.474697265625,2.29921875,-39.49579831932773,-222.2689075630252,-1.1204481792717087,IMU0,13.975
-3.2859667968750004,-9.493857421875001,2.3279589843750004,-40.616246498599445,-216.80672268907563,-1.8907563025210086,IMU0,13.985
-3.1518457031250002,-9.4651171875,2.1842578125000003,-41.73669467787115,-211.34453781512607,-2.73109243697479,IMU0,13.995
-3.1805859375,-9.426796875,2.117197265625,-42.997198879551824,-206.51260504201682,-3.5714285714285716,IMU0,14.005
-3.075205078125,-9.484277343750001,1.944755859375,-44.187675070028014,-202.8011204481793,-4.341736694677872,IMU0,14.015
-3.0273046875,-9.627978515625001,2.040556640625,-45.09803921568628,-199.85994397759106,-5.112044817927171,IMU0,14.025
-3.113525390625,-9.647138671875,1.78189453125,-46.148459383753504,-197.54901960784315,-5.9523809523809526,IMU0,14.035
-2.941083984375,-9.474697265625,1.85853515625,-47.19887955182073,-195.8683473389356,-6.722689075630252,IMU0,14.045
-2.8165429687500003,-9.196875,1.753154296875,-48.17927170868347,-194.39775910364148,-7.352941176470589,IMU0,14.055
-2.60578125,-8.995693359375,1.5998730468750002,-49.089635854341736,-193.4173669467787,-7.843137254901961,IMU0,14.065
-2.62494140625,-8.8903125,1.59029296875,-50.0,-193.34733893557424,-8.403361344537815,IMU0,14.075
-2.4908203125000004,-9.014853515625001,1.504072265625,-50.70028011204482,-193.76750700280112,-8.823529411764707,IMU0,14.085
-2.4525,-9.034013671875,1.4849121093750002,-51.40056022408964,-194.6778711484594,-9.173669467787116,IMU0,14.095
-2.31837890625,-8.899892578125,1.3220507812500002,-52.17086834733894,-196.42857142857144,-9.523809523809524,IMU0,14.105
-2.289638671875,-8.8519921875,1.2933105468750001,-52.73109243697479,-199.29971988795518,-9.803921568627452,IMU0,14.115
-2.155517578125,-8.83283203125,1.235830078125,-53.36134453781513,-202.8011204481793,-10.014005602240896,IMU0,14.125
-2.1938378906250002,-8.79451171875,1.149609375,-53.71148459383754,-207.21288515406164,-10.154061624649861,IMU0,14.135
-2.08845703125,-8.813671875,1.197509765625,-54.061624649859944,-211.83473389355743,-10.154061624649861,IMU0,14.145
-2.0213964843750003,-8.804091796875001,1.1112890625,-54.55182072829132,-216.5966386554622,-10.154061624649861,IMU0,14.155
-2.0213964843750003,-8.871152343750001,1.1304492187500002,-54.761904761904766,-221.42857142857144,-9.943977591036415,IMU0,14.165
-2.05013671875,-9.053173828125,1.0921289062500001,-55.11204481792717,-226.47058823529412,-9.73389355742297,IMU0,14.175
-2.0213964843750003,-9.283095703125001,1.044228515625,-55.392156862745104,-231.86274509803923,-9.523809523809524,IMU0,14.185
-2.002236328125,-9.59923828125,1.0538085937500001,-55.602240896358545,-237.46498599439778,-9.173669467787116,IMU0,14.195
-2.078876953125,-9.790839843750001,0.9196875000000001,-55.81232492997199,-243.76750700280112,-8.823529411764707,IMU0,14.205
-2.078876953125,-10.001601562500001,0.9867480468750001,-55.88235294117647,-250.49019607843138,-8.473389355742297,IMU0,14.215
-2.069296875,-10.221943359375,0.910107421875,-55.88235294117647,-256.2324929971989,-7.983193277310924,IMU0,14.225
-2.31837890625,-10.499765625,0.7280859375000001,-55.81232492997199,-261.9047619047619,-7.633053221288516,IMU0,14.235
-2.1076171875000003,-10.614726562500001,0.9388476562500001,-55.67226890756303,-267.64705882352945,-7.212885154061625,IMU0,14.245
-2.222578125,-10.653046875000001,0.613125,-55.53221288515407,-273.73949579831935,-6.722689075630252,IMU0,14.255
-2.1076171875000003,-10.67220703125,0.910107421875,-55.46218487394958,-280.18207282913164,-6.162464985994398,IMU0,14.265
-2.232158203125,-10.653046875000001,0.6514453125,-55.182072829131656,-286.9047619047619,-5.602240896358544,IMU0,14.275
-2.1842578125000003,-10.662626953125,0.8430468750000001,-54.90196078431373,-294.11764705882354,-5.042016806722689,IMU0,14.285
-2.232158203125,-10.71052734375,0.756826171875,-54.55182072829132,-301.47058823529414,-4.481792717086835,IMU0,14.295
-2.4333398437500002,-10.758427734375001,0.680185546875,-54.20168067226891,-309.3837535014006,-3.9215686274509807,IMU0,14.305
-2.117197265625,-10.748847656250001,0.9867480468750001,-53.641456582633054,-317.3669467787115,-3.2913165266106446,IMU0,14.315
-2.60578125,-10.71052734375,0.63228515625,-53.0812324929972,-325.98039215686276,-2.73109243697479,IMU0,14.325
-2.3375390625000003,-10.681787109375001,1.0154882812500001,-52.450980392156865,-334.5238095238095,-2.100840336134454,IMU0,14.335
-2.4141796875000003,-10.585986328125001,0.814306640625,-52.030812324929975,-342.7871148459384,-1.400560224089636,IMU0,14.345
-2.54830078125,-10.28900390625,1.0538085937500001,-51.33053221288515,-350.5602240896359,-0.700280112044818,IMU0,14.355
-2.222578125,-10.05908203125,0.9580078125000001,-50.56022408963586,-357.91316526610643,0.1400560224089636,IMU0,14.365
-2.6441015625000004,-10.011181640625,1.0538085937500001,-49.92997198879552,-365.26610644257704,0.9103641456582633,IMU0,14.375
-2.3375390625000003,-10.0782421875,1.082548828125,-49.15966386554622,-371.9887955182073,1.8907563025210086,IMU0,14.385
-2.864443359375,-10.212363281250001,1.140029296875,-48.38935574229692,-378.2913165266107,2.73109243697479,IMU0,14.395
-2.4908203125000004,-10.174042968750001,1.197509765625,-47.47899159663866,-384.24369747899163,3.5014005602240896,IMU0,14.405
-2.85486328125,-10.0782421875,1.1879296875,-46.42857142857143,-389.91596638655466,4.341736694677872,IMU0,14.415
-2.8261230468750003,-10.039921875000001,1.312470703125,-45.58823529411765,-394.88795518207286,5.182072829131653,IMU0,14.425
-2.768642578125,-10.02076171875,1.302890625,-44.957983193277315,-399.0196078431373,5.9523809523809526,IMU0,14.435
-3.00814453125,-10.068662109375001,1.389111328125,-43.90756302521009,-402.3109243697479,6.792717086834735,IMU0,14.445
-2.70158203125,-10.05908203125,1.312470703125,-42.997198879551824,-404.6918767507003,7.703081232492997,IMU0,14.455
-3.171005859375,-9.98244140625,1.5615527343750002,-42.15686274509804,-406.51260504201684,8.473389355742297,IMU0,14.465
-2.835703125,-9.972861328125001,1.3220507812500002,-41.31652661064426,-407.49299719887955,9.313725490196079,IMU0,14.475
-3.1518457031250002,-9.8483203125,1.62861328125,-40.406162464986,-407.63305322128855,9.943977591036415,IMU0,14.485
-3.017724609375,-9.75251953125,1.4849121093750002,-39.635854341736696,-406.51260504201684,10.714285714285715,IMU0,14.495
-3.00814453125,-9.819580078125,1.4944921875000001,-38.79551820728292,-405.6022408963586,11.414565826330533,IMU0,14.505
-3.1997460937500004,-10.02076171875,1.8106347656250001,-37.95518207282913,-404.4817927170869,12.044817927170868,IMU0,14.515
-3.00814453125,-10.039921875000001,1.504072265625,-37.324929971988794,-402.94117647058823,12.605042016806724,IMU0,14.525
-3.0560449218750003,-9.857900390625,1.8489550781250002,-36.62464985994398,-401.54061624649864,13.095238095238097,IMU0,14.535
-2.8069628906250004,-9.647138671875,1.43701171875,-35.99439775910364,-399.85994397759106,13.65546218487395,IMU0,14.545
-3.0464648437500004,-9.627978515625001,1.8776953125000002,-35.22408963585434,-397.96918767507003,14.215686274509805,IMU0,14.555
-2.8836035156250004,-9.647138671875,1.5232324218750002,-34.38375350140056,-394.81792717086836,14.915966386554622,IMU0,14.565
-2.9889843750000002,-9.656718750000001,1.7244140625000002,-33.82352941176471,-391.6666666666667,15.406162464985995,IMU0,14.575
-2.93150390625,-9.666298828125,1.6860937500000002,-33.05322128851541,-387.95518207282913,15.966386554621849,IMU0,14.585
-2.9123437500000002,-9.656718750000001,1.6094531250000002,-32.35294117647059,-383.8935574229692,16.456582633053223,IMU0,14.595
-3.0273046875,-9.63755859375,1.657353515625,-31.722689075630253,-380.25210084033614,16.876750700280112,IMU0,14.605
-2.711162109375,-9.59923828125,1.4561718750000001,-30.88235294117647,-376.47058823529414,17.296918767507005,IMU0,14.615
-2.998564453125,-9.6183984375,1.7627343750000002,-29.901960784313726,-372.54901960784315,17.57703081232493,IMU0,14.625
-2.6536816406250003,-9.733359375000001,1.312470703125,-29.20168067226891,-368.2072829131653,17.92717086834734,IMU0,14.635
-2.8069628906250004,-9.867480468750001,1.6477734375000002,-28.571428571428573,-364.3557422969188,18.27731092436975,IMU0,14.645
-2.7494824218750002,-9.915380859375,1.3412109375,-27.66106442577031,-360.4341736694678,18.557422969187677,IMU0,14.655
-2.7590625,-10.02076171875,1.619033203125,-26.820728291316527,-357.3529411764706,18.69747899159664,IMU0,14.665
-2.9123437500000002,-10.039921875000001,1.55197265625,-26.260504201680675,-353.64145658263305,18.837535014005603,IMU0,14.675
-2.7590625,-10.126142578125,1.47533203125,-25.490196078431374,-350.5602240896359,18.907563025210084,IMU0,14.685
-2.9027636718750003,-10.145302734375,1.70525390625,-24.859943977591037,-347.2689075630252,18.907563025210084,IMU0,14.695
-2.8836035156250004,-10.25068359375,1.3220507812500002,-24.159663865546218,-344.04761904761904,18.837535014005603,IMU0,14.705
-2.8069628906250004,-10.25068359375,1.714833984375,-23.38935574229692,-341.2464985994398,18.69747899159664,IMU0,14.715
-2.711162109375,-9.98244140625,1.59029296875,-22.829131652661065,-338.1652661064426,18.557422969187677,IMU0,14.725
-2.8261230468750003,-9.98244140625,1.4082714843750002,-21.35854341736695,-333.12324929971993,18.067226890756302,IMU0,14.735
-2.7973828125,-9.98244140625,1.4561718750000001,-20.65826330532213,-331.44257703081234,17.787114845938376,IMU0,14.745
-2.8165429687500003,-9.8483203125,1.55197265625,-20.168067226890756,-329.5518207282913,17.43697478991597,IMU0,14.755
-2.77822265625,-9.6183984375,1.4082714843750002,-19.46778711484594,-327.66106442577035,17.016806722689076,IMU0,14.765
-2.7590625,-9.522597656250001,1.619033203125,-18.837535014005603,-325.6302521008403,16.666666666666668,IMU0,14.775
-2.8836035156250004,-9.513017578125,1.4944921875000001,-18.207282913165265,-323.3893557422969,16.246498599439775,IMU0,14.785
-2.835703125,-9.5034375,1.6477734375000002,-17.717086834733895,-321.218487394958,15.616246498599441,IMU0,14.795
-2.864443359375,-9.40763671875,1.5232324218750002,-17.22689075630252,-318.9075630252101,15.056022408963585,IMU0,14.805
-2.845283203125,-9.283095703125001,1.62861328125,-16.80672268907563,-316.1764705882353,14.495798319327731,IMU0,14.815
-2.864443359375,-9.263935546875,1.542392578125,-16.666666666666668,-313.4453781512605,13.865546218487395,IMU0,14.825
-2.9698242187500004,-9.359736328125,1.619033203125,-16.596638655462186,-310.85434173669466,13.165266106442578,IMU0,14.835
-2.9698242187500004,-9.5034375,1.5711328125000001,-16.03641456582633,-308.61344537815125,12.324929971988796,IMU0,14.845
-3.0656250000000003,-9.608818359375,1.6381933593750002,-15.686274509803923,-306.1624649859944,11.414565826330533,IMU0,14.855
-3.00814453125,-9.589658203125001,1.6381933593750002,-15.686274509803923,-303.2913165266107,10.504201680672269,IMU0,14.865
-3.1231054687500004,-9.580078125,1.6477734375000002,-15.686274509803923,-300.0,9.593837535014005,IMU0,14.875
-3.036884765625,-9.570498046875,1.753154296875,-15.756302521008404,-296.35854341736695,8.683473389355743,IMU0,14.885
-3.190166015625,-9.71419921875,1.829794921875,-15.896358543417367,-292.436974789916,7.703081232492997,IMU0,14.895
-3.0656250000000003,-9.81,1.89685546875,-16.31652661064426,-287.8151260504202,6.792717086834735,IMU0,14.905
-3.075205078125,-9.838740234375,1.9639160156250002,-16.666666666666668,-282.843137254902,5.742296918767507,IMU0,14.915
-3.190166015625,-9.90580078125,1.9639160156250002,-17.366946778711487,-277.59103641456585,4.69187675070028,IMU0,14.925
-3.1805859375,-10.039921875000001,1.9734960937500001,-17.857142857142858,-272.47899159663865,3.711484593837535,IMU0,14.935
-3.247646484375,-9.972861328125001,2.0309765625000002,-18.137254901960784,-267.3669467787115,2.5910364145658265,IMU0,14.945
-3.017724609375,-9.90580078125,1.9351757812500001,-19.047619047619047,-261.2745098039216,1.6106442577030813,IMU0,14.955
-3.171005859375,-9.829160156250001,1.9734960937500001,-19.88795518207283,-255.25210084033614,0.5602240896358543,IMU0,14.965
-3.08478515625,-9.81,1.9543359375000002,-20.72829131652661,-249.01960784313727,-0.350140056022409,IMU0,14.975
-3.094365234375,-9.71419921875,1.9351757812500001,-21.708683473389357,-242.7170868347339,-1.2605042016806722,IMU0,14.985
-3.0656250000000003,-9.589658203125001,1.9255957031250002,-22.61904761904762,-235.99439775910366,-2.100840336134454,IMU0,14.995
-2.93150390625,-9.522597656250001,1.82021484375,-23.599439775910366,-229.2016806722689,-2.9411764705882355,IMU0,15.005
-2.8931835937500003,-9.580078125,1.8872753906250002,-24.649859943977592,-222.47899159663868,-3.711484593837535,IMU0,15.015
-2.864443359375,-9.647138671875,1.868115234375,-25.630252100840337,-215.61624649859945,-4.411764705882353,IMU0,15.025
-2.845283203125,-9.608818359375,1.89685546875,-26.89075630252101,-208.8935574229692,-5.182072829131653,IMU0,15.035
-2.6441015625000004,-9.474697265625,1.8106347656250001,-27.871148459383754,-202.45098039215688,-5.9523809523809526,IMU0,15.045
-2.62494140625,-9.29267578125,1.7723144531250001,-28.92156862745098,-196.6386554621849,-6.722689075630252,IMU0,15.055
-2.519560546875,-9.2351953125,1.6860937500000002,-30.04201680672269,-191.52661064425772,-7.42296918767507,IMU0,15.065
-2.615361328125,-9.2351953125,1.619033203125,-31.092436974789916,-186.9747899159664,-8.123249299719888,IMU0,15.075
-2.5770410156250003,-9.216035156250001,1.59029296875,-32.07282913165266,-182.56302521008405,-8.893557422969188,IMU0,15.085
-2.538720703125,-9.2351953125,1.5615527343750002,-33.05322128851541,-178.57142857142858,-9.663865546218489,IMU0,15.095
-2.54830078125,-9.283095703125001,1.427431640625,-34.03361344537815,-174.85994397759106,-10.434173669467787,IMU0,15.105
-2.481240234375,-9.5034375,1.427431640625,-34.87394957983194,-172.05882352941177,-11.204481792717088,IMU0,15.115
-2.6632617187500003,-9.685458984375,1.4178515625,-35.85434173669468,-169.60784313725492,-12.044817927170868,IMU0,15.125
-2.4908203125000004,-9.742939453125,1.350791015625,-36.694677871148464,-167.7170868347339,-12.88515406162465,IMU0,15.135
-2.47166015625,-9.742939453125,1.3699511718750002,-37.74509803921569,-166.45658263305322,-13.725490196078432,IMU0,15.145
-2.375859375,-9.81,1.2549902343750001,-38.79551820728292,-165.89635854341736,-14.565826330532213,IMU0,15.155
-2.35669921875,-9.90580078125,1.2645703125,-39.49579831932773,-166.31652661064427,-15.406162464985995,IMU0,15.165
-2.35669921875,-10.02076171875,1.1879296875,-40.12605042016807,-167.15686274509804,-16.176470588235293,IMU0,15.175
-2.2513183593750004,-10.135722656250001,1.120869140625,-40.826330532212886,-168.62745098039215,-16.946778711484594,IMU0,15.185
-2.2513183593750004,-10.1548828125,1.1304492187500002,-41.66666666666667,-170.58823529411765,-17.647058823529413,IMU0,15.195
-2.1076171875000003,-10.126142578125,0.9675878906250001,-42.36694677871149,-173.24929971988797,-18.347338935574232,IMU0,15.205
-2.002236328125,-10.1548828125,1.005908203125,-42.997198879551824,-176.47058823529412,-18.977591036414566,IMU0,15.215
-2.0213964843750003,-10.183623046875,0.9005273437500001,-43.62745098039216,-180.3921568627451,-19.39775910364146,IMU0,15.225
-1.829794921875,-10.202783203125001,0.8813671875000001,-44.187675070028014,-185.15406162464987,-19.817927170868348,IMU0,15.235
-1.8393750000000002,-10.174042968750001,0.8047265625000001,-44.747899159663866,-190.3361344537815,-20.238095238095237,IMU0,15.245
-1.714833984375,-10.164462890625,0.680185546875,-45.02801120448179,-196.28851540616247,-20.448179271708685,IMU0,15.255
-1.6956738281250001,-10.193203125,0.6610253906250001,-45.44817927170869,-202.45098039215688,-20.518207282913167,IMU0,15.265
-1.7244140625000002,-10.221943359375,0.7472460937500001,-45.938375350140056,-207.56302521008405,-20.448179271708685,IMU0,15.275
-1.66693359375,-10.2315234375,0.41194335937500004,-46.28851540616247,-212.39495798319328,-20.308123249299722,IMU0,15.285
-1.5328125000000001,-10.164462890625,0.55564453125,-46.568627450980394,-217.64705882352942,-20.098039215686274,IMU0,15.295
-1.5232324218750002,-10.126142578125,0.316142578125,-46.77871148459384,-223.4593837535014,-19.817927170868348,IMU0,15.305
-1.427431640625,-10.030341796875001,0.40236328125000004,-46.918767507002805,-229.62184873949582,-19.39775910364146,IMU0,15.315
-1.350791015625,-9.915380859375,0.354462890625,-47.05882352941177,-235.50420168067228,-18.837535014005603,IMU0,15.325
-1.36037109375,-9.71419921875,0.258662109375,-47.26890756302521,-241.45658263305324,-18.27731092436975,IMU0,15.335
-1.22625,-9.560917968750001,0.3448828125,-47.19887955182073,-247.61904761904762,-17.50700280112045,IMU0,15.345
-1.22625,-9.513017578125,0.076640625,-47.338935574229694,-254.13165266106444,-16.666666666666668,IMU0,15.355
-1.120869140625,-9.532177734375,0.3065625,-47.05882352941177,-261.2044817927171,-15.826330532212886,IMU0,15.365
-1.0154882812500001,-9.44595703125,0.18202148437500001,-46.77871148459384,-267.7170868347339,-14.775910364145659,IMU0,15.375
-1.235830078125,-9.493857421875001,0.067060546875,-46.568627450980394,-274.71988795518206,-13.795518207282914,IMU0,15.385
-1.0346484375,-9.388476562500001,0.17244140625,-46.148459383753504,-282.00280112044817,-12.745098039215687,IMU0,15.395
-1.178349609375,-9.378896484375,-0.047900390625000004,-45.65826330532213,-289.84593837535016,-11.69467787114846,IMU0,15.405
-1.0921289062500001,-9.436376953125,0.21076171875000002,-45.09803921568628,-297.61904761904765,-10.57422969187675,IMU0,15.415
-1.140029296875,-9.436376953125,-0.047900390625000004,-44.46778711484594,-305.32212885154064,-9.38375350140056,IMU0,15.425
-1.2070898437500002,-9.426796875,0.086220703125,-43.767507002801125,-313.375350140056,-8.333333333333334,IMU0,15.435
-1.1304492187500002,-9.4651171875,0.0,-42.85714285714286,-321.2885154061625,-7.142857142857143,IMU0,15.445
-1.39869140625,-9.398056640625,0.047900390625000004,-42.15686274509804,-329.3417366946779,-5.9523809523809526,IMU0,15.455
-1.1112890625,-9.36931640625,0.12454101562500001,-41.1764705882353,-337.3249299719888,-4.761904761904762,IMU0,15.465
-1.37953125,-9.493857421875001,0.057480468750000006,-39.98599439775911,-345.37815126050424,-3.641456582633053,IMU0,15.475
-1.5328125000000001,-9.704619140625,0.067060546875,-38.72549019607843,-353.3613445378151,-2.5910364145658265,IMU0,15.485
-1.6094531250000002,-9.877060546875,0.047900390625000004,-37.46498599439776,-361.624649859944,-1.680672268907563,IMU0,15.495
-1.9543359375000002,-9.896220703125001,0.057480468750000006,-36.06442577030813,-369.88795518207286,-0.9103641456582633,IMU0,15.505
-1.8010546875000002,-9.915380859375,0.11496093750000001,-34.66386554621849,-377.3809523809524,-0.21008403361344538,IMU0,15.515
-2.1459375,-9.934541015625001,0.13412109375,-33.26330532212885,-384.5238095238095,0.42016806722689076,IMU0,15.525
-2.078876953125,-10.011181640625,0.18202148437500001,-31.792717086834735,-390.96638655462186,0.9803921568627452,IMU0,15.535
-2.3375390625000003,-10.106982421875001,0.22992187500000003,-30.32212885154062,-396.9887955182073,1.2605042016806722,IMU0,15.545
-2.442919921875,-10.087822265625,0.258662109375,-28.92156862745098,-402.3809523809524,1.5406162464985995,IMU0,15.555
-2.3279589843750004,-9.877060546875,0.28740234375,-27.450980392156865,-406.9327731092437,1.680672268907563,IMU0,15.565
-2.6441015625000004,-9.647138671875,0.42152343750000004,-25.910364145658264,-411.1344537815126,1.680672268907563,IMU0,15.575
-2.634521484375,-9.551337890625001,0.41194335937500004,-24.649859943977592,-414.2857142857143,1.7507002801120448,IMU0,15.585
-2.787802734375,-9.580078125,0.5460644531250001,-23.38935574229692,-417.296918767507,1.5406162464985995,IMU0,15.595
-2.9506640625,-9.580078125,0.70892578125,-22.338935574229694,-419.3977591036415,1.3305322128851542,IMU0,15.605
-2.9506640625,-9.426796875,0.6418652343750001,-21.218487394957982,-420.4481792717087,0.9803921568627452,IMU0,15.615
-3.036884765625,-9.254355468750001,0.948427734375,-20.308123249299722,-420.7282913165266,0.4901960784313726,IMU0,15.625
-2.9602441406250004,-9.254355468750001,0.5460644531250001,-19.327731092436977,-421.1484593837535,-0.0700280112044818,IMU0,15.635
-3.094365234375,-9.225615234375,1.302890625,-18.627450980392158,-422.54901960784315,-0.7703081232492998,IMU0,15.645
-3.0656250000000003,-9.168134765625,1.025068359375,-17.787114845938376,-422.19887955182077,-1.3305322128851542,IMU0,15.655
-3.1326855468750003,-9.225615234375,1.149609375,-17.92717086834734,-420.4481792717087,-1.9607843137254903,IMU0,15.665
-3.08478515625,-9.29267578125,1.22625,-17.43697478991597,-418.4173669467787,-2.5210084033613445,IMU0,15.675
-3.190166015625,-9.388476562500001,1.0538085937500001,-17.086834733893557,-417.7871148459384,-3.2212885154061626,IMU0,15.685
-3.16142578125,-9.532177734375,1.7627343750000002,-16.946778711484594,-417.436974789916,-3.9215686274509807,IMU0,15.695
-3.1039453125,-9.44595703125,1.312470703125,-17.086834733893557,-415.26610644257704,-4.481792717086835,IMU0,15.705
-3.08478515625,-9.273515625,1.714833984375,-17.366946778711487,-413.79551820728295,-5.112044817927171,IMU0,15.715
-2.8931835937500003,-9.206455078125,1.7339941406250001,-17.787114845938376,-412.11484593837537,-5.602240896358544,IMU0,15.725
-3.2189062500000003,-9.33099609375,1.62861328125,-18.207282913165265,-410.7843137254902,-5.9523809523809526,IMU0,15.735
-3.0560449218750003,-9.417216796875001,1.983076171875,-18.627450980392158,-408.8235294117647,-6.302521008403362,IMU0,15.745
-2.9698242187500004,-9.436376953125,1.9255957031250002,-20.308123249299722,-400.28011204481794,-6.652661064425771,IMU0,15.755
-2.711162109375,-9.474697265625,2.08845703125,-20.868347338935575,-396.6386554621849,-6.722689075630252,IMU0,15.765
-3.324287109375,-9.570498046875,1.944755859375,-21.84873949579832,-392.99719887955183,-6.722689075630252,IMU0,15.775
-2.538720703125,-9.44595703125,2.069296875,-22.829131652661065,-388.4453781512605,-6.512605042016807,IMU0,15.785
-2.85486328125,-9.378896484375,2.1938378906250002,-23.87955182072829,-383.75350140056025,-6.302521008403362,IMU0,15.795
-2.7303222656250004,-9.426796875,1.944755859375,-24.859943977591037,-378.9915966386555,-5.882352941176471,IMU0,15.805
-2.47166015625,-9.551337890625001,2.3279589843750004,-25.980392156862745,-373.8795518207283,-5.46218487394958,IMU0,15.815
-2.8931835937500003,-9.666298828125,2.232158203125,-27.17086834733894,-367.92717086834733,-4.901960784313726,IMU0,15.825
-2.4237597656250003,-9.627978515625001,2.2513183593750004,-28.36134453781513,-361.34453781512605,-4.201680672268908,IMU0,15.835
-2.481240234375,-9.685458984375,2.308798828125,-29.551820728291318,-355.25210084033614,-3.5014005602240896,IMU0,15.845
-2.4237597656250003,-9.63755859375,2.1938378906250002,-30.742296918767508,-349.08963585434174,-2.5210084033613445,IMU0,15.855
-2.2704785156250002,-9.5417578125,2.289638671875,-31.65266106442577,-343.2773109243698,-1.7507002801120448,IMU0,15.865
-2.375859375,-9.484277343750001,2.28005859375,-32.77310924369748,-336.9747899159664,-0.7703081232492998,IMU0,15.875
-2.1938378906250002,-9.33099609375,2.117197265625,-33.753501400560225,-330.18207282913164,0.2801120448179272,IMU0,15.885
-2.08845703125,-9.40763671875,2.0980371093750003,-34.59383753501401,-323.4593837535014,1.400560224089636,IMU0,15.895
-2.01181640625,-9.436376953125,2.08845703125,-35.43417366946779,-316.1764705882353,2.5910364145658265,IMU0,15.905
-2.069296875,-9.350156250000001,1.944755859375,-36.20448179271709,-309.10364145658264,3.8515406162464987,IMU0,15.915
-1.868115234375,-9.206455078125,2.002236328125,-36.97478991596639,-301.8207282913165,5.182072829131653,IMU0,15.925
-1.906435546875,-9.034013671875,1.9160156250000002,-37.60504201680673,-294.6078431372549,6.442577030812325,IMU0,15.935
-1.85853515625,-9.053173828125,1.791474609375,-37.885154061624654,-288.375350140056,7.703081232492997,IMU0,15.945
-1.676513671875,-9.177714843750001,1.868115234375,-38.51540616246499,-282.07282913165267,8.96358543417367,IMU0,15.955
-1.8010546875000002,-9.206455078125,1.714833984375,-38.72549019607843,-276.6106442577031,10.154061624649861,IMU0,15.965
-1.6956738281250001,-9.263935546875,1.829794921875,-38.93557422969188,-271.49859943977594,11.27450980392157,IMU0,15.975
-1.7244140625000002,-9.321416015625001,1.829794921875,-39.075630252100844,-266.38655462184875,12.324929971988796,IMU0,15.985
-1.7627343750000002,-9.44595703125,1.70525390625,-39.285714285714285,-261.624649859944,13.375350140056023,IMU0,15.995
-1.62861328125,-9.59923828125,1.714833984375,-39.42577030812325,-257.2829131652661,14.355742296918768,IMU0,16.005
-1.829794921875,-9.71419921875,1.62861328125,-39.35574229691877,-253.921568627451,15.266106442577032,IMU0,16.015
-1.5711328125000001,-9.877060546875,1.6956738281250001,-39.285714285714285,-250.91036414565826,16.106442577030812,IMU0,16.025
-1.7723144531250001,-10.09740234375,1.62861328125,-39.21568627450981,-248.38935574229694,16.876750700280112,IMU0,16.035
-1.791474609375,-10.25068359375,1.66693359375,-39.00560224089636,-246.77871148459386,17.50700280112045,IMU0,16.045
-1.6956738281250001,-10.28900390625,1.5998730468750002,-38.865546218487395,-245.65826330532215,18.137254901960784,IMU0,16.055
-1.89685546875,-10.3848046875,1.580712890625,-38.445378151260506,-246.1484593837535,18.627450980392158,IMU0,16.065
-1.714833984375,-10.614726562500001,1.6094531250000002,-38.095238095238095,-247.12885154061627,19.047619047619047,IMU0,16.075
-1.9255957031250002,-10.7680078125,1.6094531250000002,-37.675070028011206,-248.52941176470588,19.46778711484594,IMU0,16.085
-1.8106347656250001,-10.796748046875,1.5328125000000001,-37.18487394957983,-250.28011204481794,19.747899159663866,IMU0,16.095
-1.8393750000000002,-10.739267578125,1.37953125,-36.5546218487395,-252.59103641456585,20.028011204481793,IMU0,16.105
-1.906435546875,-10.566826171875,1.427431640625,-36.06442577030813,-254.90196078431373,20.308123249299722,IMU0,16.115
-1.791474609375,-10.480605468750001,1.3412109375,-35.364145658263304,-257.00280112044817,20.518207282913167,IMU0,16.125
-2.1076171875000003,-10.509345703125001,1.3699511718750002,-34.733893557422974,-259.593837535014,20.65826330532213,IMU0,16.135
-1.9351757812500001,-10.518925781250001,1.350791015625,-33.61344537815126,-262.6750700280112,20.72829131652661,IMU0,16.145
-2.078876953125,-10.4614453125,1.3412109375,-33.12324929971989,-265.8263305322129,20.798319327731093,IMU0,16.155
-2.078876953125,-10.394384765625,1.3220507812500002,-31.792717086834735,-269.5378151260504,20.65826330532213,IMU0,16.165
-1.9926562500000002,-10.25068359375,1.36037109375,-31.022408963585434,-273.03921568627453,20.58823529411765,IMU0,16.175
-2.155517578125,-10.09740234375,1.3412109375,-30.04201680672269,-276.890756302521,20.378151260504204,IMU0,16.185
-2.002236328125,-10.030341796875001,1.3412109375,-29.20168067226891,-280.812324929972,20.238095238095237,IMU0,16.195
-2.1746777343750003,-9.992021484375,1.36037109375,-28.0812324929972,-284.6638655462185,19.95798319327731,IMU0,16.205
-2.059716796875,-9.915380859375,1.350791015625,-27.030812324929972,-288.2352941176471,19.747899159663866,IMU0,16.215
-2.232158203125,-9.867480468750001,1.39869140625,-26.050420168067227,-292.15686274509807,19.39775910364146,IMU0,16.225
-2.2608984375000003,-9.7716796875,1.4082714843750002,-25.140056022408963,-295.6582633053221,18.977591036414566,IMU0,16.235
-2.1746777343750003,-9.67587890625,1.5232324218750002,-23.949579831932773,-299.0196078431373,18.557422969187677,IMU0,16.245
-2.3375390625000003,-9.580078125,1.47533203125,-23.10924369747899,-301.47058823529414,17.99719887955182,IMU0,16.255
-2.1076171875000003,-9.560917968750001,1.5615527343750002,-22.128851540616246,-303.4313725490196,17.57703081232493,IMU0,16.265
-2.3471191406250003,-9.656718750000001,1.59029296875,-21.42857142857143,-305.1120448179272,17.086834733893557,IMU0,16.275
-2.366279296875,-9.819580078125,1.5711328125000001,-20.65826330532213,-306.3025210084034,16.596638655462186,IMU0,16.285
-2.24173828125,-9.819580078125,1.676513671875,-19.95798319327731,-306.9327731092437,16.03641456582633,IMU0,16.295
-2.31837890625,-9.9249609375,1.59029296875,-19.327731092436977,-306.9327731092437,15.476190476190476,IMU0,16.305
-2.375859375,-10.183623046875,1.676513671875,-18.69747899159664,-306.6526610644258,14.915966386554622,IMU0,16.315
-2.4525,-10.442285156250001,1.753154296875,-18.27731092436975,-305.88235294117646,14.285714285714286,IMU0,16.325
-2.538720703125,-10.605146484375,1.7723144531250001,-17.99719887955182,-304.3417366946779,13.58543417366947,IMU0,16.335
-2.481240234375,-10.720107421875001,1.829794921875,-17.717086834733895,-302.03081232492997,12.88515406162465,IMU0,16.345
-2.519560546875,-10.748847656250001,1.7627343750000002,-17.647058823529413,-299.2997198879552,12.114845938375352,IMU0,16.355
-2.35669921875,-10.720107421875001,1.8106347656250001,-17.366946778711487,-296.35854341736695,11.484593837535014,IMU0,16.365
-2.462080078125,-10.796748046875,1.7339941406250001,-17.43697478991597,-293.06722689075633,10.784313725490197,IMU0,16.375
-2.4333398437500002,-10.959609375000001,1.74357421875,-17.43697478991597,-289.84593837535016,10.084033613445378,IMU0,16.385
-2.39501953125,-11.064990234375001,1.7244140625000002,-17.43697478991597,-286.6946778711485,9.38375350140056,IMU0,16.395
-2.4237597656250003,-11.045830078125,1.6860937500000002,-17.647058823529413,-283.68347338935575,8.61344537815126,IMU0,16.405
-2.3375390625000003,-10.90212890625,1.6956738281250001,-17.857142857142858,-280.7422969187675,7.843137254901961,IMU0,16.415
-2.3471191406250003,-10.700947265625,1.6477734375000002,-17.99719887955182,-277.45098039215685,7.142857142857143,IMU0,16.425
-2.289638671875,-10.700947265625,1.657353515625,-18.27731092436975,-273.9495798319328,6.582633053221289,IMU0,16.435
-2.2608984375000003,-10.758427734375001,1.5998730468750002,-18.487394957983195,-270.4481792717087,5.882352941176471,IMU0,16.445
-2.2608984375000003,-10.815908203125002,1.6094531250000002,-18.69747899159664,-267.15686274509807,5.182072829131653,IMU0,16.455
-2.1459375,-10.643466796875,1.504072265625,-19.11764705882353,-264.07563025210084,4.551820728291316,IMU0,16.465
-2.0980371093750003,-10.28900390625,1.465751953125,-19.607843137254903,-261.34453781512605,3.991596638655462,IMU0,16.475
-1.9639160156250002,-10.001601562500001,1.350791015625,-19.817927170868348,-259.10364145658264,3.361344537815126,IMU0,16.485
-1.9734960937500001,-9.896220703125001,1.3412109375,-20.098039215686274,-257.2829131652661,2.801120448179272,IMU0,16.495
-1.9255957031250002,-9.819580078125,1.3220507812500002,-20.378151260504204,-255.95238095238096,2.2408963585434174,IMU0,16.505
-1.8872753906250002,-9.647138671875,1.302890625,-20.798319327731093,-254.6918767507003,1.680672268907563,IMU0,16.515
-1.791474609375,-9.474697265625,1.312470703125,-21.008403361344538,-253.29131652661064,1.2605042016806722,IMU0,16.525
-1.753154296875,-9.417216796875001,1.2454101562500002,-21.288515406162468,-251.75070028011206,0.8403361344537815,IMU0,16.535
-1.714833984375,-9.359736328125,1.2454101562500002,-21.708683473389357,-250.49019607843138,0.42016806722689076,IMU0,16.545
-1.6477734375000002,-9.2351953125,1.0921289062500001,-21.84873949579832,-249.6498599439776,0.0700280112044818,IMU0,16.555
-1.59029296875,-9.13939453125,1.159189453125,-22.198879551820728,-248.8795518207283,-0.21008403361344538,IMU0,16.565
-1.55197265625,-9.129814453125,1.063388671875,-22.54901960784314,-247.96918767507003,-0.4901960784313726,IMU0,16.575
-1.5328125000000001,-9.216035156250001,1.082548828125,-22.829131652661065,-247.61904761904762,-0.7703081232492998,IMU0,16.585
-1.542392578125,-9.350156250000001,1.082548828125,-23.03921568627451,-247.68907563025212,-0.9803921568627452,IMU0,16.595
-1.5328125000000001,-9.522597656250001,0.9963281250000001,-23.31932773109244,-248.17927170868347,-1.3305322128851542,IMU0,16.605
-1.504072265625,-9.6183984375,1.0538085937500001,-23.669467787114847,-248.9495798319328,-1.5406162464985995,IMU0,16.615
-1.43701171875,-9.5034375,0.9388476562500001,-23.669467787114847,-249.78991596638656,-1.680672268907563,IMU0,16.625
-1.39869140625,-9.36931640625,0.9771679687500001,-23.87955182072829,-250.77030812324932,-1.8207282913165266,IMU0,16.635
-1.4082714843750002,-9.283095703125001,0.929267578125,-24.089635854341736,-251.82072829131653,-1.9607843137254903,IMU0,16.645
-1.3699511718750002,-9.40763671875,0.871787109375,-24.229691876750703,-253.29131652661064,-2.030812324929972,IMU0,16.655
-1.39869140625,-9.5417578125,0.8813671875000001,-24.369747899159666,-255.60224089635855,-2.170868347338936,IMU0,16.665
-1.389111328125,-9.580078125,0.871787109375,-24.369747899159666,-258.2633053221289,-2.2408963585434174,IMU0,16.675
-1.427431640625,-9.59923828125,0.8622070312500001,-24.229691876750703,-261.34453781512605,-2.450980392156863,IMU0,16.685
-1.37953125,-9.647138671875,0.8622070312500001,-24.229691876750703,-264.7058823529412,-2.5210084033613445,IMU0,16.695
-1.4849121093750002,-9.857900390625,0.7855664062500001,-24.229691876750703,-268.4173669467787,-2.6610644257703084,IMU0,16.705
-1.43701171875,-9.934541015625001,0.871787109375,-23.949579831932773,-272.4089635854342,-2.8711484593837535,IMU0,16.715
-1.4561718750000001,-9.90580078125,0.7472460937500001,-23.949579831932773,-276.1204481792717,-2.9411764705882355,IMU0,16.725
-1.4849121093750002,-9.838740234375,0.7664062500000001,-23.949579831932773,-280.18207282913164,-3.081232492997199,IMU0,16.735
-1.4082714843750002,-9.857900390625,0.8430468750000001,-23.73949579831933,-284.3837535014006,-3.2212885154061626,IMU0,16.745
-1.6094531250000002,-10.02076171875,0.775986328125,-23.599439775910366,-288.8655462184874,-3.2913165266106446,IMU0,16.755
-1.6094531250000002,-10.202783203125001,0.8622070312500001,-23.459383753501402,-293.4173669467787,-3.431372549019608,IMU0,16.765
-1.753154296875,-10.356064453125,0.9388476562500001,-23.38935574229692,-302.3109243697479,-3.8515406162464987,IMU0,16.775
-1.74357421875,-10.308164062500001,0.948427734375,-23.31932773109244,-306.3025210084034,-3.991596638655462,IMU0,16.785
-1.8393750000000002,-10.336904296875002,0.9771679687500001,-23.38935574229692,-310.22408963585434,-4.271708683473389,IMU0,16.795
-1.78189453125,-10.480605468750001,1.063388671875,-23.38935574229692,-313.4453781512605,-4.411764705882353,IMU0,16.805
-1.9543359375000002,-10.63388671875,1.044228515625,-23.459383753501402,-315.96638655462186,-4.481792717086835,IMU0,16.815
-1.983076171875,-10.777587890625,1.07296875,-23.80952380952381,-318.2773109243698,-4.551820728291316,IMU0,16.825
-1.9160156250000002,-10.739267578125,1.1687695312500002,-24.019607843137255,-319.74789915966386,-4.621848739495799,IMU0,16.835
-2.01181640625,-10.63388671875,1.101708984375,-24.369747899159666,-320.30812324929974,-4.551820728291316,IMU0,16.845
-1.9351757812500001,-10.480605468750001,1.235830078125,-25.0,-319.9579831932773,-4.481792717086835,IMU0,16.855
-1.9926562500000002,-10.40396484375,1.2166699218750001,-25.28011204481793,-319.04761904761904,-4.341736694677872,IMU0,16.865
-1.829794921875,-10.40396484375,1.2454101562500002,-25.630252100840337,-317.08683473389357,-4.131652661064426,IMU0,16.875
-1.868115234375,-10.308164062500001,1.1304492187500002,-26.12044817927171,-315.33613445378154,-3.8515406162464987,IMU0,16.885
-1.82021484375,-10.164462890625,1.22625,-26.47058823529412,-313.515406162465,-3.5014005602240896,IMU0,16.895
-1.6860937500000002,-9.934541015625001,1.178349609375,-27.030812324929972,-311.2044817927171,-2.9411764705882355,IMU0,16.905
-1.676513671875,-9.877060546875,1.07296875,-27.24089635854342,-309.4537815126051,-2.450980392156863,IMU0,16.915
-1.542392578125,-9.838740234375,1.22625,-27.450980392156865,-307.98319327731093,-1.8207282913165266,IMU0,16.925
-1.5232324218750002,-9.733359375000001,1.025068359375,-27.66106442577031,-306.7226890756303,-1.2605042016806722,IMU0,16.935
-1.4465917968750002,-9.723779296875001,1.1112890625,-28.0812324929972,-305.4621848739496,-0.5602240896358543,IMU0,16.945
-1.4082714843750002,-9.819580078125,1.082548828125,-28.291316526610647,-304.3417366946779,0.2801120448179272,IMU0,16.955
-1.4465917968750002,-10.02076171875,1.044228515625,-28.43137254901961,-303.4313725490196,1.050420168067227,IMU0,16.965
-1.2549902343750001,-9.90580078125,1.0346484375,-28.36134453781513,-302.66106442577035,1.8907563025210086,IMU0,16.975
-1.3699511718750002,-9.781259765625,0.9005273437500001,-28.221288515406165,-302.2408963585434,2.801120448179272,IMU0,16.985
-1.159189453125,-9.781259765625,0.9675878906250001,-28.011204481792717,-302.3109243697479,3.711484593837535,IMU0,16.995
-1.197509765625,-9.915380859375,0.8238867187500001,-27.66106442577031,-302.66106442577035,4.621848739495799,IMU0,17.005
-1.2645703125,-10.001601562500001,0.852626953125,-27.380952380952383,-303.64145658263305,5.5322128851540615,IMU0,17.015
-1.1304492187500002,-9.94412109375,0.7855664062500001,-26.750700280112046,-304.83193277310926,6.442577030812325,IMU0,17.025
-1.197509765625,-10.068662109375001,0.775986328125,-26.12044817927171,-306.37254901960785,7.352941176470589,IMU0,17.035
-1.2166699218750001,-10.260263671875,0.699345703125,-25.420168067226893,-307.98319327731093,8.263305322128852,IMU0,17.045
-1.2454101562500002,-10.480605468750001,0.6514453125,-24.719887955182074,-309.9439775910364,9.103641456582633,IMU0,17.055
-1.3220507812500002,-10.547666015625001,0.6610253906250001,-23.87955182072829,-312.3949579831933,9.873949579831933,IMU0,17.065
-1.2645703125,-10.547666015625001,0.6227050781250001,-22.899159663865547,-314.9859943977591,10.504201680672269,IMU0,17.075
-1.4178515625,-10.442285156250001,0.6514453125,-21.9187675070028,-317.8571428571429,11.134453781512606,IMU0,17.085
-1.4178515625,-10.3848046875,0.59396484375,-20.72829131652661,-320.7983193277311,11.69467787114846,IMU0,17.095
-1.4465917968750002,-10.490185546875,0.6514453125,-19.607843137254903,-323.9495798319328,12.184873949579833,IMU0,17.105
-1.580712890625,-10.605146484375,0.6227050781250001,-18.417366946778714,-327.17086834733897,12.605042016806724,IMU0,17.115
-1.5328125000000001,-10.576406250000002,0.6610253906250001,-17.15686274509804,-330.88235294117646,12.815126050420169,IMU0,17.125
-1.657353515625,-10.490185546875,0.718505859375,-15.756302521008404,-334.6638655462185,13.025210084033613,IMU0,17.135
-1.6860937500000002,-10.442285156250001,0.70892578125,-14.42577030812325,-338.1652661064426,13.095238095238097,IMU0,17.145
-1.791474609375,-10.40396484375,0.814306640625,-13.165266106442578,-341.8067226890756,13.025210084033613,IMU0,17.155
-1.8489550781250002,-10.3848046875,0.775986328125,-11.69467787114846,-345.6582633053221,12.88515406162465,IMU0,17.165
-1.868115234375,-10.241103515625001,0.8813671875000001,-10.294117647058824,-349.5098039215686,12.53501400560224,IMU0,17.175
-1.89685546875,-10.1548828125,0.8622070312500001,-9.033613445378151,-352.94117647058823,12.184873949579833,IMU0,17.185
-2.0309765625000002,-10.106982421875001,0.9867480468750001,-7.703081232492997,-356.0924369747899,11.69467787114846,IMU0,17.195
-2.059716796875,-10.049501953125,1.025068359375,-6.582633053221289,-358.8235294117647,11.134453781512606,IMU0,17.205
-2.20341796875,-9.867480468750001,1.120869140625,-5.322128851540617,-361.41456582633054,10.364145658263306,IMU0,17.215
-2.1459375,-9.6183984375,1.1687695312500002,-4.201680672268908,-363.30532212885157,9.593837535014005,IMU0,17.225
-2.31837890625,-9.627978515625001,1.274150390625,-3.361344537815126,-364.21568627450984,8.683473389355743,IMU0,17.235
-2.3471191406250003,-9.90580078125,1.350791015625,-2.5910364145658265,-364.4257703081233,7.703081232492997,IMU0,17.245
-2.47166015625,-10.011181640625,1.427431640625,-1.8907563025210086,-364.07563025210084,6.652661064425771,IMU0,17.255
-2.519560546875,-10.02076171875,1.427431640625,-1.1904761904761905,-363.72549019607845,5.46218487394958,IMU0,17.265
-2.60578125,-10.202783203125001,1.62861328125,-0.8403361344537815,-363.2352941176471,4.201680672268908,IMU0,17.275
-2.70158203125,-10.32732421875,1.7627343750000002,-0.6302521008403361,-361.8347338935574,2.8711484593837535,IMU0,17.285
-2.6728417968750002,-10.28900390625,1.868115234375,-0.5602240896358543,-358.9635854341737,1.5406162464985995,IMU0,17.295
-2.7207421875,-10.394384765625,1.944755859375,-0.7703081232492998,-355.39215686274514,0.21008403361344538,IMU0,17.305
-2.7590625,-10.55724609375,1.9734960937500001,-0.8403361344537815,-351.9607843137255,-1.1204481792717087,IMU0,17.315
-2.634521484375,-10.63388671875,2.232158203125,-1.1904761904761905,-348.31932773109247,-2.450980392156863,IMU0,17.325
-2.7207421875,-10.547666015625001,2.136357421875,-2.030812324929972,-343.9775910364146,-3.781512605042017,IMU0,17.335
-2.538720703125,-10.55724609375,2.308798828125,-2.6610644257703084,-339.7058823529412,-5.112044817927171,IMU0,17.345
-2.634521484375,-10.777587890625,2.29921875,-3.5714285714285716,-335.22408963585434,-6.23249299719888,IMU0,17.355
-2.6728417968750002,-11.01708984375,2.2608984375000003,-4.831932773109244,-330.32212885154064,-7.352941176470589,IMU0,17.365
-2.5866210937500003,-11.170371093750001,2.5004003906250003,-6.022408963585434,-325.0700280112045,-8.403361344537815,IMU0,17.375
-2.519560546875,-11.093730468750001,2.3375390625000003,-7.282913165266106,-318.4873949579832,-9.243697478991598,IMU0,17.385
-2.404599609375,-10.997929687500001,2.4333398437500002,-8.753501400560225,-311.41456582633054,-10.014005602240896,IMU0,17.395
-2.2704785156250002,-10.825488281250001,2.375859375,-10.294117647058824,-303.9915966386555,-10.504201680672269,IMU0,17.405
-2.212998046875,-10.653046875000001,2.24173828125,-11.624649859943979,-296.7086834733894,-10.994397759103641,IMU0,17.415
-1.9543359375000002,-10.585986328125001,2.3375390625000003,-13.305322128851541,-289.7058823529412,-11.344537815126051,IMU0,17.425
-2.05013671875,-10.576406250000002,2.232158203125,-14.705882352941178,-283.61344537815125,-11.69467787114846,IMU0,17.435
-1.6381933593750002,-10.356064453125,2.3471191406250003,-16.456582633053223,-276.9607843137255,-11.69467787114846,IMU0,17.445
-1.7339941406250001,-10.145302734375,2.08845703125,-17.92717086834734,-270.0280112044818,-11.69467787114846,IMU0,17.455
-1.676513671875,-9.972861328125001,2.1076171875000003,-19.46778711484594,-262.8151260504202,-11.554621848739496,IMU0,17.465
-1.43701171875,-9.838740234375,2.0309765625000002,-20.938375350140056,-255.60224089635855,-11.344537815126051,IMU0,17.475
-1.4944921875000001,-9.762099609375001,1.85853515625,-22.268907563025213,-248.24929971988797,-10.994397759103641,IMU0,17.485
-1.2933105468750001,-9.685458984375,1.944755859375,-23.529411764705884,-241.1764705882353,-10.57422969187675,IMU0,17.495
-1.4082714843750002,-9.5417578125,1.676513671875,-24.859943977591037,-234.80392156862746,-10.224089635854343,IMU0,17.505
-1.2454101562500002,-9.398056640625,1.829794921875,-26.050420168067227,-229.62184873949582,-9.803921568627452,IMU0,17.515
-1.1687695312500002,-9.340576171875,1.6381933593750002,-27.24089635854342,-224.7198879551821,-9.38375350140056,IMU0,17.525
-1.149609375,-9.388476562500001,1.6956738281250001,-28.291316526610647,-219.88795518207283,-8.893557422969188,IMU0,17.535
-0.9963281250000001,-9.36931640625,1.5711328125000001,-29.20168067226891,-215.19607843137257,-8.263305322128852,IMU0,17.545
-0.9963281250000001,-9.350156250000001,1.51365234375,-30.182072829131656,-210.64425770308125,-7.633053221288516,IMU0,17.555
-0.9388476562500001,-9.378896484375,1.5232324218750002,-30.952380952380953,-206.1624649859944,-6.932773109243698,IMU0,17.565
-0.890947265625,-9.455537109375001,1.427431640625,-32.00280112044818,-201.68067226890759,-6.302521008403362,IMU0,17.575
-0.7855664062500001,-9.532177734375,1.3412109375,-32.84313725490196,-197.68907563025212,-5.602240896358544,IMU0,17.585
-0.70892578125,-9.59923828125,1.302890625,-33.61344537815126,-194.11764705882354,-4.901960784313726,IMU0,17.595
-0.737666015625,-9.67587890625,1.22625,-34.173669467787114,-191.03641456582633,-4.201680672268908,IMU0,17.605
-0.689765625,-9.63755859375,1.2070898437500002,-34.733893557422974,-188.79551820728292,-3.5714285714285716,IMU0,17.615
-0.5460644531250001,-9.819580078125,1.1687695312500002,-35.294117647058826,-186.69467787114846,-2.8711484593837535,IMU0,17.625
-0.6227050781250001,-9.963281250000001,1.07296875,-35.85434173669468,-184.733893557423,-2.2408963585434174,IMU0,17.635
-0.5077441406250001,-10.039921875000001,1.0154882812500001,-36.27450980392157,-183.26330532212887,-1.5406162464985995,IMU0,17.645
-0.5077441406250001,-10.02076171875,0.910107421875,-36.5546218487395,-182.14285714285714,-0.7703081232492998,IMU0,17.655
-0.37362304687500003,-9.877060546875,0.948427734375,-36.694677871148464,-181.1624649859944,0.0,IMU0,17.665
-0.43110351562500004,-9.781259765625,0.8622070312500001,-36.904761904761905,-180.3221288515406,0.700280112044818,IMU0,17.675
-0.47900390625000006,-9.685458984375,0.775986328125,-36.904761904761905,-179.6918767507003,1.5406162464985995,IMU0,17.685
-0.43110351562500004,-9.551337890625001,0.7855664062500001,-36.97478991596639,-179.34173669467788,2.170868347338936,IMU0,17.695
-0.47900390625000006,-9.44595703125,0.737666015625,-37.04481792717087,-179.2016806722689,3.011204481792717,IMU0,17.705
-0.49816406250000006,-9.388476562500001,0.689765625,-36.97478991596639,-179.34173669467788,3.641456582633053,IMU0,17.715
-0.44068359375000005,-9.340576171875,0.6610253906250001,-36.83473389355743,-179.6918767507003,4.341736694677872,IMU0,17.725
-0.46942382812500005,-9.33099609375,0.6035449218750001,-36.5546218487395,-180.53221288515408,4.971988795518207,IMU0,17.735
-0.46942382812500005,-9.2351953125,0.5652246093750001,-36.41456582633053,-181.51260504201682,5.5322128851540615,IMU0,17.745
-0.44068359375000005,-9.110654296875001,0.46942382812500005,-36.20448179271709,-182.70308123249302,6.162464985994398,IMU0,17.755
-0.45026367187500005,-8.98611328125,0.41194335937500004,-35.99439775910364,-184.03361344537817,6.862745098039216,IMU0,17.765
-0.45026367187500005,-9.014853515625001,0.354462890625,-35.364145658263304,-185.8543417366947,7.492997198879552,IMU0,17.775
-0.43110351562500004,-9.053173828125,0.32572265625,-34.80392156862745,-187.95518207282913,8.053221288515406,IMU0,17.785
-0.51732421875,-8.8903125,0.277822265625,-34.31372549019608,-190.3361344537815,8.61344537815126,IMU0,17.795
-0.51732421875,-8.79451171875,0.258662109375,-32.983193277310924,-195.8683473389356,9.663865546218489,IMU0,17.805
-0.536484375,-8.727451171875,0.21076171875000002,-32.35294117647059,-199.01960784313727,10.084033613445378,IMU0,17.815
-0.5748046875,-8.555009765625,0.19160156250000002,-31.51260504201681,-202.45098039215688,10.57422969187675,IMU0,17.825
-0.6227050781250001,-8.535849609375001,0.162861328125,-30.81232492997199,-206.02240896358543,10.994397759103641,IMU0,17.835
-0.699345703125,-8.612490234375,0.15328125,-29.831932773109244,-209.94397759103643,11.27450980392157,IMU0,17.845
-0.680185546875,-8.660390625,0.162861328125,-29.131652661064425,-214.00560224089637,11.624649859943979,IMU0,17.855
-0.737666015625,-8.67955078125,0.15328125,-28.291316526610647,-218.1372549019608,11.834733893557424,IMU0,17.865
-0.7472460937500001,-8.71787109375,0.10538085937500001,-27.24089635854342,-222.40896358543418,12.114845938375352,IMU0,17.875
-0.8430468750000001,-8.765771484375001,0.09580078125000001,-26.190476190476193,-226.75070028011206,12.324929971988796,IMU0,17.885
-0.852626953125,-8.823251953125,0.11496093750000001,-25.210084033613448,-231.09243697478993,12.46498599439776,IMU0,17.895
-0.9388476562500001,-8.861572265625,0.11496093750000001,-24.229691876750703,-235.4341736694678,12.53501400560224,IMU0,17.905
-0.9963281250000001,-8.919052734375,0.13412109375,-23.179271708683473,-239.91596638655463,12.605042016806724,IMU0,17.915
-1.025068359375,-8.94779296875,0.13412109375,-22.198879551820728,-244.18767507002804,12.53501400560224,IMU0,17.925
-1.082548828125,-8.957373046875,0.18202148437500001,-21.1484593837535,-248.38935574229694,12.46498599439776,IMU0,17.935
-1.1112890625,-8.976533203125001,0.17244140625,-20.238095238095237,-252.45098039215688,12.324929971988796,IMU0,17.945
-1.235830078125,-9.02443359375,0.20118164062500002,-19.39775910364146,-256.02240896358546,12.254901960784315,IMU0,17.955
-1.197509765625,-9.005273437500001,0.22034179687500002,-18.487394957983195,-259.4537815126051,12.114845938375352,IMU0,17.965
-1.2933105468750001,-9.005273437500001,0.22992187500000003,-17.43697478991597,-262.95518207282913,11.764705882352942,IMU0,17.975
-1.2549902343750001,-9.014853515625001,0.22034179687500002,-16.456582633053223,-265.96638655462186,11.484593837535014,IMU0,17.985
-1.3220507812500002,-8.957373046875,0.22034179687500002,-15.546218487394958,-269.11764705882354,11.134453781512606,IMU0,17.995
-1.3412109375,-8.804091796875001,0.296982421875,-14.495798319327731,-272.12885154061627,10.784313725490197,IMU0,18.005
-1.3316308593750001,-8.71787109375,0.28740234375,-13.795518207282914,-274.78991596638656,10.434173669467787,IMU0,18.015
-1.39869140625,-8.727451171875,0.41194335937500004,-13.095238095238097,-276.9607843137255,10.014005602240896,IMU0,18.025
-1.39869140625,-8.746611328125,0.3448828125,-12.114845938375352,-278.9915966386555,9.593837535014005,IMU0,18.035
-1.47533203125,-8.71787109375,0.43110351562500004,-11.484593837535014,-280.7422969187675,9.103641456582633,IMU0,18.045
-1.4944921875000001,-8.67955078125,0.42152343750000004,-10.784313725490197,-282.2128851540616,8.543417366946779,IMU0,18.055
-1.5615527343750002,-8.689130859375,0.46942382812500005,-10.084033613445378,-283.33333333333337,8.053221288515406,IMU0,18.065
-1.5615527343750002,-8.708291015625,0.55564453125,-9.73389355742297,-283.8935574229692,7.492997198879552,IMU0,18.075
-1.62861328125,-8.669970703125001,0.354462890625,-9.173669467787116,-284.73389355742296,6.932773109243698,IMU0,18.085
-1.5615527343750002,-8.650810546875,0.63228515625,-8.683473389355743,-286.06442577030816,6.302521008403362,IMU0,18.095
-1.62861328125,-8.650810546875,0.46942382812500005,-8.263305322128852,-287.04481792717087,5.6722689075630255,IMU0,18.105
-1.657353515625,-8.75619140625,0.5843847656250001,-7.773109243697479,-287.95518207282913,4.971988795518207,IMU0,18.115
-1.62861328125,-8.79451171875,0.63228515625,-7.352941176470589,-288.79551820728295,4.411764705882353,IMU0,18.125
-1.676513671875,-8.804091796875001,0.5748046875,-7.142857142857143,-289.3557422969188,3.781512605042017,IMU0,18.135
-1.62861328125,-8.765771484375001,0.7664062500000001,-6.722689075630252,-289.9859943977591,3.081232492997199,IMU0,18.145
-1.66693359375,-8.71787109375,0.59396484375,-6.652661064425771,-290.19607843137254,2.5210084033613445,IMU0,18.155
-1.5711328125000001,-8.727451171875,0.814306640625,-6.582633053221289,-290.26610644257704,2.030812324929972,IMU0,18.165
-1.70525390625,-8.813671875,0.680185546875,-6.372549019607844,-289.84593837535016,1.4705882352941178,IMU0,18.175
-1.6477734375000002,-8.8903125,0.852626953125,-6.302521008403362,-289.5658263305322,0.9803921568627452,IMU0,18.185
-1.8106347656250001,-8.842412109375001,0.7664062500000001,-6.23249299719888,-289.3557422969188,0.350140056022409,IMU0,18.195
-1.6860937500000002,-8.775351562500001,0.833466796875,-6.302521008403362,-289.0056022408964,-0.1400560224089636,IMU0,18.205
-1.74357421875,-8.79451171875,0.8430468750000001,-6.162464985994398,-288.72549019607845,-0.5602240896358543,IMU0,18.215
-1.7244140625000002,-8.765771484375001,0.795146484375,-6.23249299719888,-288.58543417366946,-1.050420168067227,IMU0,18.225
-1.619033203125,-8.784931640625,0.929267578125,-6.302521008403362,-288.375350140056,-1.5406162464985995,IMU0,18.235
-1.714833984375,-8.708291015625,0.890947265625,-6.512605042016807,-287.95518207282913,-1.9607843137254903,IMU0,18.245
-1.55197265625,-8.660390625,0.9388476562500001,-6.442577030812325,-287.6750700280112,-2.380952380952381,IMU0,18.255
-1.6477734375000002,-8.64123046875,0.948427734375,-6.722689075630252,-287.04481792717087,-2.6610644257703084,IMU0,18.265
-1.5615527343750002,-8.58375,1.0154882812500001,-7.142857142857143,-286.1344537815126,-2.9411764705882355,IMU0,18.275
-1.6094531250000002,-8.555009765625,1.0154882812500001,-7.492997198879552,-285.36414565826334,-3.2212885154061626,IMU0,18.285
-1.542392578125,-8.574169921875,1.063388671875,-7.773109243697479,-284.5238095238095,-3.431372549019608,IMU0,18.295
-1.5998730468750002,-8.574169921875,1.0921289062500001,-8.053221288515406,-283.61344537815125,-3.641456582633053,IMU0,18.305
-1.580712890625,-8.516689453125,1.082548828125,-8.403361344537815,-282.63305322128855,-3.8515406162464987,IMU0,18.315
-1.542392578125,-8.440048828125,1.0921289062500001,-8.823529411764707,-281.7927170868347,-3.991596638655462,IMU0,18.325
-1.5615527343750002,-8.392148437500001,1.0921289062500001,-9.173669467787116,-281.1624649859944,-4.061624649859944,IMU0,18.335
-1.47533203125,-8.41130859375,1.07296875,-9.593837535014005,-280.5322128851541,-4.131652661064426,IMU0,18.345
-1.4944921875000001,-8.420888671875,1.149609375,-9.873949579831933,-279.83193277310926,-4.201680672268908,IMU0,18.355
-1.47533203125,-8.37298828125,1.082548828125,-10.294117647058824,-278.921568627451,-4.271708683473389,IMU0,18.365
-1.465751953125,-8.41130859375,1.1112890625,-10.434173669467787,-278.08123249299723,-4.341736694677872,IMU0,18.375
-1.504072265625,-8.459208984375001,1.025068359375,-10.714285714285715,-277.03081232492997,-4.341736694677872,IMU0,18.385
-1.4944921875000001,-8.564589843750001,1.120869140625,-10.994397759103641,-275.98039215686276,-4.271708683473389,IMU0,18.395
-1.51365234375,-8.689130859375,1.120869140625,-11.27450980392157,-274.85994397759106,-4.271708683473389,IMU0,18.405
-1.51365234375,-8.784931640625,1.149609375,-11.624649859943979,-273.59943977591035,-4.201680672268908,IMU0,18.415
-1.47533203125,-8.909472656250001,1.22625,-11.904761904761905,-272.2689075630252,-4.201680672268908,IMU0,18.425
-1.4849121093750002,-8.98611328125,1.22625,-12.184873949579833,-270.86834733893556,-4.131652661064426,IMU0,18.435
-1.39869140625,-8.98611328125,1.302890625,-12.53501400560224,-269.467787114846,-4.061624649859944,IMU0,18.445
-1.4944921875000001,-9.02443359375,1.2454101562500002,-12.955182072829132,-268.1372549019608,-3.991596638655462,IMU0,18.455
-1.36037109375,-9.081914062500001,1.302890625,-12.955182072829132,-266.9467787114846,-3.8515406162464987,IMU0,18.465
-1.4082714843750002,-9.081914062500001,1.2933105468750001,-13.305322128851541,-265.6162464985994,-3.781512605042017,IMU0,18.475
-1.3220507812500002,-9.014853515625001,1.312470703125,-13.65546218487395,-264.2857142857143,-3.641456582633053,IMU0,18.485
-1.3412109375,-8.9286328125,1.3220507812500002,-13.865546218487395,-263.02521008403363,-3.5014005602240896,IMU0,18.495
-1.302890625,-8.899892578125,1.274150390625,-14.005602240896359,-261.8347338935574,-3.361344537815126,IMU0,18.505
-1.2549902343750001,-8.9286328125,1.274150390625,-14.285714285714286,-260.5042016806723,-3.2212885154061626,IMU0,18.515
-1.2837304687500002,-9.014853515625001,1.2645703125,-14.42577030812325,-259.3137254901961,-2.9411764705882355,IMU0,18.525
-1.2549902343750001,-9.072333984375,1.302890625,-14.565826330532213,-258.1932773109244,-2.801120448179272,IMU0,18.535
-1.2645703125,-9.110654296875001,1.274150390625,-14.705882352941178,-257.14285714285717,-2.5910364145658265,IMU0,18.545
-1.2070898437500002,-9.129814453125,1.312470703125,-14.84593837535014,-255.8823529411765,-2.3109243697478994,IMU0,18.555
-1.2070898437500002,-9.005273437500001,1.3316308593750001,-14.915966386554622,-255.11204481792717,-2.100840336134454,IMU0,18.565
-1.1304492187500002,-8.919052734375,1.302890625,-15.056022408963585,-254.48179271708685,-1.8907563025210086,IMU0,18.575
-1.1304492187500002,-8.842412109375001,1.2837304687500002,-15.266106442577032,-253.64145658263305,-1.680672268907563,IMU0,18.585
-1.1112890625,-8.871152343750001,1.302890625,-15.19607843137255,-252.87114845938376,-1.4705882352941178,IMU0,18.595
-1.101708984375,-8.899892578125,1.3412109375,-15.336134453781513,-251.9607843137255,-1.1904761904761905,IMU0,18.605
-1.07296875,-8.8903125,1.3220507812500002,-15.406162464985995,-250.98039215686276,-1.050420168067227,IMU0,18.615
-1.0538085937500001,-8.909472656250001,1.3699511718750002,-15.546218487394958,-249.85994397759106,-0.7703081232492998,IMU0,18.625
-1.101708984375,-8.899892578125,1.3220507812500002,-15.546218487394958,-248.52941176470588,-0.5602240896358543,IMU0,18.635
-1.0538085937500001,-8.9286328125,1.36037109375,-15.686274509803923,-247.12885154061627,-0.350140056022409,IMU0,18.645
-1.044228515625,-8.995693359375,1.2933105468750001,-15.896358543417367,-245.44817927170868,-0.0700280112044818,IMU0,18.655
-1.044228515625,-9.043593750000001,1.3412109375,-15.896358543417367,-243.76750700280112,0.0700280112044818,IMU0,18.665
-1.0154882812500001,-8.98611328125,1.2837304687500002,-15.686274509803923,-242.22689075630254,0.2801120448179272,IMU0,18.675
-1.0154882812500001,-8.919052734375,1.2837304687500002,-15.966386554621849,-240.54621848739498,0.4901960784313726,IMU0,18.685
-0.9867480468750001,-8.880732421875,1.2837304687500002,-16.03641456582633,-238.9355742296919,0.6302521008403361,IMU0,18.695
-0.9867480468750001,-8.94779296875,1.2837304687500002,-16.03641456582633,-237.25490196078434,0.9103641456582633,IMU0,18.705
-0.8813671875000001,-9.014853515625001,1.3412109375,-16.176470588235293,-235.3641456582633,1.1204481792717087,IMU0,18.715
-0.871787109375,-8.98611328125,1.2837304687500002,-16.31652661064426,-233.4733893557423,1.400560224089636,IMU0,18.725
-0.871787109375,-8.909472656250001,1.2933105468750001,-16.31652661064426,-231.51260504201682,1.680672268907563,IMU0,18.735
-0.8238867187500001,-8.861572265625,1.235830078125,-16.596638655462186,-229.2717086834734,1.9607843137254903,IMU0,18.745
-0.833466796875,-8.94779296875,1.2454101562500002,-16.666666666666668,-227.24089635854344,2.3109243697478994,IMU0,18.755
-0.7855664062500001,-9.014853515625001,1.2549902343750001,-16.73669467787115,-225.21008403361347,2.5910364145658265,IMU0,18.765
-0.756826171875,-8.966953125,1.235830078125,-16.80672268907563,-223.17927170868347,2.8711484593837535,IMU0,18.775
-0.689765625,-8.871152343750001,1.1687695312500002,-16.80672268907563,-221.07843137254903,3.151260504201681,IMU0,18.785
-0.6418652343750001,-8.98611328125,1.2070898437500002,-16.876750700280112,-219.187675070028,3.431372549019608,IMU0,18.795
-0.6514453125,-9.043593750000001,1.159189453125,-16.876750700280112,-217.22689075630254,3.781512605042017,IMU0,18.805
-0.6035449218750001,-9.081914062500001,1.149609375,-16.946778711484594,-215.19607843137257,4.061624649859944,IMU0,18.815
-0.5652246093750001,-9.225615234375,1.0921289062500001,-17.086834733893557,-211.1344537815126,4.621848739495799,IMU0,18.825
-0.5748046875,-9.254355468750001,1.149609375,-17.086834733893557,-209.31372549019608,4.901960784313726,IMU0,18.835
-0.48858398437500006,-9.244775390625001,1.082548828125,-16.946778711484594,-207.56302521008405,5.112044817927171,IMU0,18.845
-0.48858398437500006,-9.120234375,1.07296875,-16.876750700280112,-205.8823529411765,5.392156862745098,IMU0,18.855
-0.45026367187500005,-9.120234375,0.9867480468750001,-17.22689075630252,-204.06162464985997,5.742296918767507,IMU0,18.865
-0.40236328125000004,-9.177714843750001,1.0154882812500001,-17.22689075630252,-202.66106442577032,5.9523809523809526,IMU0,18.875
-0.39278320312500004,-9.168134765625,0.9388476562500001,-17.016806722689076,-201.26050420168067,6.162464985994398,IMU0,18.885
-0.39278320312500004,-9.110654296875001,0.9771679687500001,-17.016806722689076,-200.0700280112045,6.372549019607844,IMU0,18.895
-0.41194335937500004,-9.10107421875,0.9771679687500001,-16.946778711484594,-198.9495798319328,6.652661064425771,IMU0,18.905
-0.42152343750000004,-9.177714843750001,0.9580078125000001,-16.73669467787115,-197.96918767507003,6.932773109243698,IMU0,18.915
-0.37362304687500003,-9.120234375,0.871787109375,-16.73669467787115,-196.77871148459386,7.212885154061625,IMU0,18.925
-0.36404296875000003,-9.072333984375,0.852626953125,-16.596638655462186,-195.8683473389356,7.42296918767507,IMU0,18.935
-0.3448828125,-9.072333984375,0.8430468750000001,-16.456582633053223,-194.95798319327733,7.633053221288516,IMU0,18.945
-0.354462890625,-9.081914062500001,0.8238867187500001,-16.456582633053223,-193.69747899159665,7.913165266106443,IMU0,18.955
-0.316142578125,-9.072333984375,0.7855664062500001,-16.03641456582633,-193.0672268907563,8.053221288515406,IMU0,18.965
-0.296982421875,-9.053173828125,0.7280859375000001,-15.826330532212886,-192.43697478991598,8.333333333333334,IMU0,18.975
-0.316142578125,-9.014853515625001,0.699345703125,-15.546218487394958,-191.73669467787116,8.543417366946779,IMU0,18.985
-0.28740234375,-8.976533203125001,0.6610253906250001,-15.266106442577032,-191.10644257703083,8.753501400560225,IMU0,18.995
-0.23950195312500003,-8.995693359375,0.699345703125,-14.985994397759104,-190.47619047619048,9.033613445378151,IMU0,19.005
-0.2682421875,-9.072333984375,0.6610253906250001,-14.705882352941178,-189.84593837535016,9.173669467787116,IMU0,19.015
-0.2682421875,-9.129814453125,0.6418652343750001,-14.565826330532213,-189.07563025210084,9.38375350140056,IMU0,19.025
-0.258662109375,-9.10107421875,0.59396484375,-14.145658263305323,-188.72549019607845,9.663865546218489,IMU0,19.035
-0.22992187500000003,-8.98611328125,0.5652246093750001,-13.725490196078432,-188.30532212885154,9.873949579831933,IMU0,19.045
-0.277822265625,-8.938212890625001,0.5460644531250001,-13.305322128851541,-188.02521008403363,10.014005602240896,IMU0,19.055
-0.258662109375,-8.966953125,0.5269042968750001,-12.88515406162465,-187.7450980392157,10.154061624649861,IMU0,19.065
-0.24908203125000003,-8.9286328125,0.5077441406250001,-12.46498599439776,-187.2549019607843,10.364145658263306,IMU0,19.075
-0.24908203125000003,-8.919052734375,0.46942382812500005,-12.114845938375352,-186.90476190476193,10.504201680672269,IMU0,19.085
-0.2682421875,-8.976533203125001,0.47900390625000006,-11.764705882352942,-186.624649859944,10.644257703081234,IMU0,19.095
-0.258662109375,-9.110654296875001,0.40236328125000004,-11.344537815126051,-186.41456582633054,10.714285714285715,IMU0,19.105
-0.258662109375,-9.13939453125,0.39278320312500004,-10.854341736694678,-186.27450980392157,10.854341736694678,IMU0,19.115
-0.2682421875,-9.273515625,0.40236328125000004,-10.434173669467787,-185.8543417366947,10.92436974789916,IMU0,19.125
-0.277822265625,-9.398056640625,0.36404296875000003,-10.014005602240896,-185.64425770308125,10.994397759103641,IMU0,19.135
-0.28740234375,-9.436376953125,0.38320312500000003,-9.663865546218489,-185.50420168067228,11.064425770308123,IMU0,19.145
-0.277822265625,-9.359736328125,0.37362304687500003,-9.103641456582633,-185.57422969187675,11.064425770308123,IMU0,19.155
-0.24908203125000003,-9.263935546875,0.335302734375,-8.683473389355743,-185.43417366946778,11.134453781512606,IMU0,19.165
-0.3065625,-9.311835937500001,0.3448828125,-8.123249299719888,-185.7843137254902,11.064425770308123,IMU0,19.175
-0.354462890625,-9.36931640625,0.316142578125,-7.703081232492997,-186.06442577030813,11.064425770308123,IMU0,19.185
-0.36404296875000003,-9.398056640625,0.277822265625,-7.212885154061625,-186.34453781512605,10.994397759103641,IMU0,19.195
-0.354462890625,-9.225615234375,0.2682421875,-6.722689075630252,-186.90476190476193,10.854341736694678,IMU0,19.205
-0.40236328125000004,-9.148974609375001,0.2682421875,-6.302521008403362,-187.67507002801122,10.784313725490197,IMU0,19.215
-0.39278320312500004,-9.283095703125001,0.23950195312500003,-5.882352941176471,-188.23529411764707,10.714285714285715,IMU0,19.225
-0.43110351562500004,-9.513017578125,0.23950195312500003,-5.392156862745098,-188.9355742296919,10.57422969187675,IMU0,19.235
-0.43110351562500004,-9.40763671875,0.20118164062500002,-4.971988795518207,-189.7058823529412,10.434173669467787,IMU0,19.245
-0.43110351562500004,-9.2351953125,0.23950195312500003,-4.621848739495799,-190.75630252100842,10.224089635854343,IMU0,19.255
-0.43110351562500004,-9.13939453125,0.23950195312500003,-4.341736694677872,-191.5966386554622,10.014005602240896,IMU0,19.265
-0.46942382812500005,-9.196875,0.23950195312500003,-3.8515406162464987,-192.50700280112045,9.873949579831933,IMU0,19.275
-0.43110351562500004,-9.168134765625,0.21076171875000002,-3.361344537815126,-193.62745098039215,9.663865546218489,IMU0,19.285
-0.46942382812500005,-8.909472656250001,0.22034179687500002,-2.9411764705882355,-194.7478991596639,9.38375350140056,IMU0,19.295
-0.45984375000000005,-8.660390625,0.21076171875000002,-2.5210084033613445,-195.8683473389356,9.173669467787116,IMU0,19.305
-0.49816406250000006,-8.6220703125,0.20118164062500002,-2.100840336134454,-197.05882352941177,8.893557422969188,IMU0,19.315
-0.5269042968750001,-8.689130859375,0.20118164062500002,-1.6106442577030813,-198.3893557422969,8.543417366946779,IMU0,19.325
-0.5460644531250001,-8.79451171875,0.18202148437500001,-1.3305322128851542,-199.7198879551821,8.19327731092437,IMU0,19.335
-0.5748046875,-8.9286328125,0.20118164062500002,-0.8403361344537815,-201.1904761904762,7.843137254901961,IMU0,19.345
-0.55564453125,-8.966953125,0.19160156250000002,-0.5602240896358543,-202.66106442577032,7.492997198879552,IMU0,19.355
-0.59396484375,-9.091494140625,0.17244140625,-0.2801120448179272,-204.06162464985997,7.072829131652662,IMU0,19.365
-0.6227050781250001,-9.244775390625001,0.162861328125,0.350140056022409,-205.74229691876752,6.582633053221289,IMU0,19.375
-0.689765625,-9.321416015625001,0.18202148437500001,0.8403361344537815,-207.70308123249302,6.0924369747899165,IMU0,19.385
-0.699345703125,-9.388476562500001,0.20118164062500002,1.2605042016806722,-209.52380952380955,5.602240896358544,IMU0,19.395
-0.7664062500000001,-9.417216796875001,0.20118164062500002,1.6106442577030813,-211.41456582633054,4.971988795518207,IMU0,19.405
-0.775986328125,-9.350156250000001,0.23950195312500003,2.100840336134454,-213.16526610644257,4.411764705882353,IMU0,19.415
-0.7855664062500001,-9.33099609375,0.24908203125000003,2.380952380952381,-214.84593837535016,3.781512605042017,IMU0,19.425
-0.833466796875,-9.378896484375,0.3065625,2.73109243697479,-216.52661064425772,3.2212885154061626,IMU0,19.435
-0.795146484375,-9.40763671875,0.28740234375,3.081232492997199,-218.0672268907563,2.5910364145658265,IMU0,19.445
-0.871787109375,-9.44595703125,0.354462890625,3.2212885154061626,-219.6778711484594,1.8907563025210086,IMU0,19.455
-0.871787109375,-9.493857421875001,0.316142578125,3.5014005602240896,-221.28851540616247,1.1904761904761905,IMU0,19.465
-0.8813671875000001,-9.484277343750001,0.40236328125000004,3.641456582633053,-222.68907563025212,0.5602240896358543,IMU0,19.475
-0.910107421875,-9.44595703125,0.39278320312500004,3.781512605042017,-224.01960784313727,-0.0700280112044818,IMU0,19.485
-0.9005273437500001,-9.40763671875,0.39278320312500004,3.9215686274509807,-225.28011204481794,-0.7703081232492998,IMU0,19.495
-0.9388476562500001,-9.436376953125,0.47900390625000006,3.991596638655462,-226.47058823529412,-1.400560224089636,IMU0,19.505
-0.9388476562500001,-9.5417578125,0.45984375000000005,4.061624649859944,-227.45098039215688,-1.9607843137254903,IMU0,19.515
-0.9580078125000001,-9.513017578125,0.5269042968750001,3.991596638655462,-228.36134453781514,-2.6610644257703084,IMU0,19.525
-0.9580078125000001,-9.513017578125,0.5269042968750001,4.061624649859944,-228.99159663865547,-3.151260504201681,IMU0,19.535
-0.9580078125000001,-9.44595703125,0.613125,3.781512605042017,-229.55182072829132,-3.781512605042017,IMU0,19.545
-1.005908203125,-9.33099609375,0.6227050781250001,3.711484593837535,-230.11204481792717,-4.341736694677872,IMU0,19.555
-0.9963281250000001,-9.2351953125,0.699345703125,3.5714285714285716,-230.60224089635855,-4.831932773109244,IMU0,19.565
-1.0346484375,-9.33099609375,0.680185546875,3.2212885154061626,-230.67226890756302,-5.392156862745098,IMU0,19.575
-1.025068359375,-9.455537109375001,0.699345703125,3.011204481792717,-230.60224089635855,-5.882352941176471,IMU0,19.585
-1.044228515625,-9.5034375,0.7280859375000001,2.6610644257703084,-230.46218487394958,-6.372549019607844,IMU0,19.595
-1.005908203125,-9.455537109375001,0.7472460937500001,2.2408963585434174,-230.25210084033614,-6.792717086834735,IMU0,19.605
-0.9867480468750001,-9.350156250000001,0.7664062500000001,1.8907563025210086,-229.83193277310926,-7.212885154061625,IMU0,19.615
-0.9580078125000001,-9.359736328125,0.756826171875,1.6106442577030813,-229.2717086834734,-7.633053221288516,IMU0,19.625
-0.9196875000000001,-9.5034375,0.775986328125,1.1204481792717087,-228.71148459383755,-7.913165266106443,IMU0,19.635
-0.948427734375,-9.723779296875001,0.8622070312500001,0.6302521008403361,-227.7310924369748,-8.19327731092437,IMU0,19.645
-0.929267578125,-9.781259765625,0.8430468750000001,0.350140056022409,-226.68067226890759,-8.473389355742297,IMU0,19.655
-0.9005273437500001,-9.790839843750001,0.8430468750000001,-0.21008403361344538,-225.3501400560224,-8.61344537815126,IMU0,19.665
-0.9196875000000001,-9.838740234375,0.8430468750000001,-0.7703081232492998,-223.59943977591038,-8.823529411764707,IMU0,19.675
-0.890947265625,-9.90580078125,0.9005273437500001,-1.4705882352941178,-221.77871148459386,-8.893557422969188,IMU0,19.685
-0.852626953125,-9.953701171875,0.8430468750000001,-2.030812324929972,-219.60784313725492,-8.893557422969188,IMU0,19.695
-0.8430468750000001,-9.972861328125001,0.8430468750000001,-2.5910364145658265,-217.3669467787115,-8.96358543417367,IMU0,19.705
-0.795146484375,-9.934541015625001,0.814306640625,-3.2212885154061626,-215.12605042016807,-8.96358543417367,IMU0,19.715
-0.8047265625000001,-9.934541015625001,0.833466796875,-3.781512605042017,-212.88515406162466,-8.893557422969188,IMU0,19.725
-0.756826171875,-9.972861328125001,0.814306640625,-4.341736694677872,-210.4341736694678,-8.753501400560225,IMU0,19.735
-0.70892578125,-9.992021484375,0.8238867187500001,-4.761904761904762,-207.7731092436975,-8.61344537815126,IMU0,19.745
-0.6610253906250001,-9.886640625,0.8047265625000001,-5.5322128851540615,-204.90196078431373,-8.403361344537815,IMU0,19.755
-0.63228515625,-9.8483203125,0.7855664062500001,-6.022408963585434,-201.82072829131653,-8.123249299719888,IMU0,19.765
-0.5843847656250001,-9.81,0.7855664062500001,-6.442577030812325,-199.01960784313727,-7.773109243697479,IMU0,19.775
-0.5652246093750001,-9.762099609375001,0.70892578125,-7.072829131652662,-196.07843137254903,-7.492997198879552,IMU0,19.785
-0.5077441406250001,-9.723779296875001,0.718505859375,-7.563025210084034,-193.0672268907563,-7.142857142857143,IMU0,19.795
-0.5077441406250001,-9.627978515625001,0.699345703125,-7.983193277310924,-190.0560224089636,-6.722689075630252,IMU0,19.805
-0.45026367187500005,-9.5417578125,0.6418652343750001,-8.333333333333334,-187.11484593837537,-6.302521008403362,IMU0,19.815
-0.46942382812500005,-9.580078125,0.6610253906250001,-8.753501400560225,-184.17366946778714,-5.882352941176471,IMU0,19.825
-0.46942382812500005,-9.67587890625,0.6514453125,-9.243697478991598,-181.30252100840337,-5.392156862745098,IMU0,19.835
-0.41194335937500004,-9.474697265625,0.5748046875,-9.663865546218489,-176.54061624649862,-4.621848739495799,IMU0,19.845
-0.37362304687500003,-9.493857421875001,0.5460644531250001,-10.294117647058824,-173.8795518207283,-4.061624649859944,IMU0,19.855
-0.354462890625,-9.627978515625001,0.55564453125,-10.154061624649861,-171.70868347338936,-3.641456582633053,IMU0,19.865
-0.335302734375,-9.742939453125,0.5269042968750001,-10.364145658263306,-169.53781512605042,-3.151260504201681,IMU0,19.875
-0.316142578125,-9.704619140625,0.5269042968750001,-10.57422969187675,-167.296918767507,-2.73109243697479,IMU0,19.885
-0.36404296875000003,-9.589658203125001,0.44068359375000005,-10.714285714285715,-165.3361344537815,-2.3109243697478994,IMU0,19.895
-0.316142578125,-9.59923828125,0.45984375000000005,-10.784313725490197,-163.51540616246498,-1.8207282913165266,IMU0,19.905
-0.32572265625,-9.723779296875001,0.42152343750000004,-10.784313725490197,-161.76470588235296,-1.3305322128851542,IMU0,19.915
-0.3065625,-9.90580078125,0.45984375000000005,-10.92436974789916,-160.29411764705884,-0.9103641456582633,IMU0,19.925
-0.316142578125,-9.953701171875,0.36404296875000003,-10.644257703081234,-159.31372549019608,-0.4901960784313726,IMU0,19.935
-0.3448828125,-9.94412109375,0.38320312500000003,-10.644257703081234,-158.33333333333334,-0.0700280112044818,IMU0,19.945
-0.28740234375,-9.963281250000001,0.36404296875000003,-10.504201680672269,-157.49299719887955,0.2801120448179272,IMU0,19.955
-0.32572265625,-10.011181640625,0.28740234375,-10.224089635854343,-156.79271708683473,0.6302521008403361,IMU0,19.965
-0.2682421875,-10.001601562500001,0.316142578125,-10.014005602240896,-156.1624649859944,0.9803921568627452,IMU0,19.975
-0.28740234375,-9.992021484375,0.2682421875,-9.73389355742297,-155.88235294117646,1.3305322128851542,IMU0,19.985
-0.3448828125,-10.039921875000001,0.24908203125000003,-9.453781512605042,-155.60224089635855,1.6106442577030813,IMU0,19.995
-0.28740234375,-10.030341796875001,0.18202148437500001,-9.103641456582633,-155.67226890756302,1.8907563025210086,IMU0,20.005
-0.335302734375,-9.953701171875,0.22034179687500002,-8.823529411764707,-155.88235294117646,2.100840336134454,IMU0,20.015
-0.354462890625,-9.877060546875,0.17244140625,-8.403361344537815,-156.30252100840337,2.380952380952381,IMU0,20.025
-0.36404296875000003,-9.71419921875,0.162861328125,-8.053221288515406,-156.86274509803923,2.5210084033613445,IMU0,20.035
-0.42152343750000004,-9.560917968750001,0.143701171875,-7.42296918767507,-157.84313725490196,2.6610644257703084,IMU0,20.045
-0.39278320312500004,-9.570498046875,0.143701171875,-7.072829131652662,-158.61344537815125,2.73109243697479,IMU0,20.055
-0.43110351562500004,-9.790839843750001,0.162861328125,-6.512605042016807,-159.94397759103643,2.73109243697479,IMU0,20.065
-0.38320312500000003,-9.790839843750001,0.12454101562500001,-5.882352941176471,-161.1344537815126,2.801120448179272,IMU0,20.075
-0.46942382812500005,-9.7716796875,0.143701171875,-5.392156862745098,-162.39495798319328,2.8711484593837535,IMU0,20.085
-0.5077441406250001,-9.886640625,0.13412109375,-4.831932773109244,-163.79551820728292,2.801120448179272,IMU0,20.095
-0.5843847656250001,-10.030341796875001,0.20118164062500002,-4.341736694677872,-165.3361344537815,2.6610644257703084,IMU0,20.105
-0.49816406250000006,-10.0782421875,0.17244140625,-3.711484593837535,-167.22689075630254,2.450980392156863,IMU0,20.115
-0.55564453125,-10.1548828125,0.19160156250000002,-2.9411764705882355,-169.2577030812325,2.3109243697478994,IMU0,20.125
-0.59396484375,-10.087822265625,0.21076171875000002,-2.5910364145658265,-170.93837535014006,2.170868347338936,IMU0,20.135
-0.6035449218750001,-9.90580078125,0.22034179687500002,-2.100840336134454,-172.89915966386556,1.8907563025210086,IMU0,20.145
-0.6514453125,-9.886640625,0.258662109375,-1.680672268907563,-174.85994397759106,1.6106442577030813,IMU0,20.155
-0.67060546875,-10.030341796875001,0.28740234375,-1.050420168067227,-176.89075630252103,1.2605042016806722,IMU0,20.165
-0.6610253906250001,-10.212363281250001,0.316142578125,-0.6302521008403361,-178.78151260504202,0.9103641456582633,IMU0,20.175
-0.689765625,-10.317744140625,0.354462890625,-0.21008403361344538,-180.8823529411765,0.6302521008403361,IMU0,20.185
-0.718505859375,-10.202783203125001,0.40236328125000004,0.21008403361344538,-182.84313725490196,0.21008403361344538,IMU0,20.195
-0.7280859375000001,-10.02076171875,0.41194335937500004,0.6302521008403361,-184.45378151260505,-0.21008403361344538,IMU0,20.205
-0.737666015625,-9.9249609375,0.44068359375000005,0.9803921568627452,-186.06442577030813,-0.6302521008403361,IMU0,20.215
-0.8047265625000001,-9.9249609375,0.45026367187500005,1.2605042016806722,-187.3249299719888,-1.1204481792717087,IMU0,20.225
-0.8047265625000001,-10.09740234375,0.5269042968750001,1.4705882352941178,-188.4453781512605,-1.5406162464985995,IMU0,20.235
-0.833466796875,-10.011181640625,0.5652246093750001,1.7507002801120448,-189.7058823529412,-2.030812324929972,IMU0,20.245
-0.814306640625,-9.704619140625,0.5652246093750001,2.100840336134454,-191.03641456582633,-2.5910364145658265,IMU0,20.255
-0.8047265625000001,-9.513017578125,0.613125,2.100840336134454,-191.73669467787116,-3.081232492997199,IMU0,20.265
-0.8047265625000001,-9.570498046875,0.6418652343750001,1.9607843137254903,-192.22689075630254,-3.5014005602240896,IMU0,20.275
-0.814306640625,-9.580078125,0.699345703125,2.2408963585434174,-192.64705882352942,-3.991596638655462,IMU0,20.285
-0.7664062500000001,-9.474697265625,0.70892578125,2.170868347338936,-192.7170868347339,-4.411764705882353,IMU0,20.295
-0.7664062500000001,-9.359736328125,0.7280859375000001,2.100840336134454,-192.43697478991598,-4.761904761904762,IMU0,20.305
-0.737666015625,-9.273515625,0.795146484375,2.100840336134454,-191.73669467787116,-5.182072829131653,IMU0,20.315
-0.737666015625,-9.321416015625001,0.8238867187500001,1.9607843137254903,-190.96638655462186,-5.602240896358544,IMU0,20.325
-0.680185546875,-9.340576171875,0.852626953125,1.8207282913165266,-189.84593837535016,-5.882352941176471,IMU0,20.335
-0.680185546875,-9.350156250000001,0.871787109375,1.7507002801120448,-188.58543417366948,-6.162464985994398,IMU0,20.345
-0.63228515625,-9.283095703125001,0.910107421875,1.400560224089636,-186.90476190476193,-6.442577030812325,IMU0,20.355
-0.59396484375,-9.225615234375,0.9196875000000001,0.8403361344537815,-184.733893557423,-6.652661064425771,IMU0,20.365
-0.5460644531250001,-9.263935546875,0.9388476562500001,0.5602240896358543,-182.63305322128852,-6.792717086834735,IMU0,20.375
-0.51732421875,-9.40763671875,0.9675878906250001,0.21008403361344538,-180.3921568627451,-6.932773109243698,IMU0,20.385
-0.47900390625000006,-9.5034375,0.9963281250000001,-0.1400560224089636,-177.8011204481793,-7.002801120448179,IMU0,20.395
-0.45984375000000005,-9.589658203125001,1.005908203125,-0.700280112044818,-174.57983193277312,-7.002801120448179,IMU0,20.405
-0.40236328125000004,-9.627978515625001,1.0538085937500001,-1.1904761904761905,-171.218487394958,-7.072829131652662,IMU0,20.415
-0.39278320312500004,-9.685458984375,1.044228515625,-1.5406162464985995,-167.7170868347339,-6.932773109243698,IMU0,20.425
-0.354462890625,-9.695039062500001,1.0538085937500001,-2.170868347338936,-163.79551820728292,-6.862745098039216,IMU0,20.435
-0.354462890625,-9.723779296875001,1.044228515625,-2.5210084033613445,-159.80392156862746,-6.792717086834735,IMU0,20.445
-0.258662109375,-9.819580078125,0.9867480468750001,-3.2212885154061626,-155.46218487394958,-6.582633053221289,IMU0,20.455
-0.22992187500000003,-9.867480468750001,1.0346484375,-3.8515406162464987,-151.05042016806723,-6.372549019607844,IMU0,20.465
-0.15328125,-9.829160156250001,0.9963281250000001,-4.341736694677872,-146.49859943977592,-6.162464985994398,IMU0,20.475
-0.162861328125,-9.627978515625001,0.9867480468750001,-4.761904761904762,-141.87675070028013,-5.9523809523809526,IMU0,20.485
-0.10538085937500001,-9.5034375,0.9580078125000001,-5.2521008403361344,-137.39495798319328,-5.6722689075630255,IMU0,20.495
-0.086220703125,-9.5417578125,0.9196875000000001,-5.8123249299719895,-132.98319327731093,-5.392156862745098,IMU0,20.505
-0.076640625,-9.513017578125,0.9005273437500001,-6.442577030812325,-128.29131652661064,-5.042016806722689,IMU0,20.515
-0.0383203125,-9.426796875,0.9196875000000001,-6.932773109243698,-123.73949579831934,-4.761904761904762,IMU0,20.525
-0.057480468750000006,-9.33099609375,0.871787109375,-7.352941176470589,-119.04761904761905,-4.481792717086835,IMU0,20.535
-0.009580078125,-9.273515625,0.8813671875000001,-7.773109243697479,-114.42577030812325,-4.201680672268908,IMU0,20.545
-0.009580078125,-9.177714843750001,0.8430468750000001,-8.543417366946779,-109.94397759103641,-3.8515406162464987,IMU0,20.555
0.01916015625,-9.072333984375,0.8238867187500001,-8.683473389355743,-105.812324929972,-3.641456582633053,IMU0,20.565
0.067060546875,-9.005273437500001,0.7855664062500001,-9.033613445378151,-101.68067226890757,-3.2913165266106446,IMU0,20.575
0.057480468750000006,-8.9286328125,0.7472460937500001,-9.523809523809524,-97.54901960784314,-2.9411764705882355,IMU0,20.585
0.076640625,-9.072333984375,0.756826171875,-9.873949579831933,-93.55742296918768,-2.6610644257703084,IMU0,20.595
0.057480468750000006,-9.254355468750001,0.689765625,-10.224089635854343,-89.77591036414566,-2.3109243697478994,IMU0,20.605
0.067060546875,-9.29267578125,0.699345703125,-10.644257703081234,-85.85434173669468,-2.030812324929972,IMU0,20.615
0.09580078125000001,-9.36931640625,0.680185546875,-10.92436974789916,-81.9327731092437,-1.7507002801120448,IMU0,20.625
0.10538085937500001,-9.570498046875,0.680185546875,-11.27450980392157,-78.0812324929972,-1.3305322128851542,IMU0,20.635
0.162861328125,-9.762099609375001,0.680185546875,-11.624649859943979,-74.2296918767507,-0.9803921568627452,IMU0,20.645
0.15328125,-9.867480468750001,0.6227050781250001,-11.764705882352942,-70.37815126050421,-0.6302521008403361,IMU0,20.655
0.20118164062500002,-9.819580078125,0.5843847656250001,-11.904761904761905,-66.66666666666667,-0.42016806722689076,IMU0,20.665
0.23950195312500003,-9.896220703125001,0.536484375,-12.184873949579833,-62.885154061624654,-0.0700280112044818,IMU0,20.675
0.24908203125000003,-10.0782421875,0.5077441406250001,-12.605042016806724,-59.2436974789916,0.2801120448179272,IMU0,20.685
0.22034179687500002,-10.1548828125,0.46942382812500005,-12.815126050420169,-56.022408963585434,0.6302521008403361,IMU0,20.695
0.22034179687500002,-10.0782421875,0.41194335937500004,-12.955182072829132,-52.94117647058824,0.9803921568627452,IMU0,20.705
0.22034179687500002,-10.02076171875,0.40236328125000004,-13.025210084033613,-50.21008403361345,1.2605042016806722,IMU0,20.715
0.23950195312500003,-10.221943359375,0.3448828125,-12.955182072829132,-47.75910364145658,1.5406162464985995,IMU0,20.725
0.22992187500000003,-10.499765625,0.354462890625,-13.025210084033613,-45.168067226890756,1.7507002801120448,IMU0,20.735
0.2682421875,-10.7296875,0.316142578125,-13.165266106442578,-42.7170868347339,2.030812324929972,IMU0,20.745
0.22034179687500002,-10.825488281250001,0.296982421875,-13.375350140056023,-40.406162464986,2.3109243697478994,IMU0,20.755
0.21076171875000002,-10.8446484375,0.277822265625,-13.165266106442578,-38.445378151260506,2.5210084033613445,IMU0,20.765
0.162861328125,-10.758427734375001,0.22034179687500002,-13.165266106442578,-36.5546218487395,2.6610644257703084,IMU0,20.775
0.15328125,-10.653046875000001,0.22992187500000003,-13.23529411764706,-34.80392156862745,2.8711484593837535,IMU0,20.785
0.17244140625,-10.471025390625,0.19160156250000002,-13.23529411764706,-33.19327731092437,3.011204481792717,IMU0,20.795
0.11496093750000001,-10.317744140625,0.18202148437500001,-13.165266106442578,-31.862745098039216,3.081232492997199,IMU0,20.805
0.11496093750000001,-10.28900390625,0.13412109375,-13.095238095238097,-30.672268907563026,3.151260504201681,IMU0,20.815
0.12454101562500001,-10.298583984375,0.162861328125,-12.815126050420169,-29.831932773109244,3.2212885154061626,IMU0,20.825
0.076640625,-10.25068359375,0.09580078125000001,-12.605042016806724,-29.341736694677873,3.2212885154061626,IMU0,20.835
0.10538085937500001,-10.193203125,0.10538085937500001,-12.46498599439776,-28.92156862745098,3.2913165266106446,IMU0,20.845
0.076640625,-10.174042968750001,0.10538085937500001,-12.184873949579833,-28.571428571428573,3.2913165266106446,IMU0,20.855
0.086220703125,-9.829160156250001,0.057480468750000006,-12.044817927170868,-28.291316526610647,3.2913165266106446,IMU0,20.865
0.09580078125000001,-9.723779296875001,0.067060546875,-11.69467787114846,-27.591036414565828,3.2212885154061626,IMU0,20.875
0.057480468750000006,-9.75251953125,0.067060546875,-11.344537815126051,-27.591036414565828,3.2212885154061626,IMU0,20.885
0.09580078125000001,-9.67587890625,0.01916015625,-11.134453781512606,-27.591036414565828,3.151260504201681,IMU0,20.895
0.09580078125000001,-9.589658203125001,0.028740234375000003,-10.714285714285715,-27.801120448179272,3.151260504201681,IMU0,20.905
0.086220703125,-9.560917968750001,-0.0383203125,-10.504201680672269,-28.011204481792717,3.081232492997199,IMU0,20.915
0.086220703125,-9.417216796875001,-0.009580078125,-10.154061624649861,-28.43137254901961,3.011204481792717,IMU0,20.925
0.086220703125,-9.263935546875,-0.047900390625000004,-9.943977591036415,-28.781512605042018,2.9411764705882355,IMU0,20.935
0.12454101562500001,-9.350156250000001,-0.067060546875,-9.73389355742297,-29.271708683473392,2.9411764705882355,IMU0,20.945
0.11496093750000001,-9.580078125,-0.057480468750000006,-9.243697478991598,-29.901960784313726,2.8711484593837535,IMU0,20.955
0.12454101562500001,-9.6183984375,-0.09580078125000001,-8.823529411764707,-30.252100840336137,2.9411764705882355,IMU0,20.965
0.13412109375,-9.455537109375001,-0.076640625,-8.543417366946779,-30.81232492997199,2.8711484593837535,IMU0,20.975
0.18202148437500001,-9.4651171875,-0.086220703125,-8.123249299719888,-31.302521008403364,2.8711484593837535,IMU0,20.985
0.162861328125,-9.5417578125,-0.086220703125,-7.773109243697479,-31.862745098039216,2.8711484593837535,IMU0,20.995
0.21076171875000002,-9.695039062500001,-0.12454101562500001,-7.492997198879552,-32.35294117647059,2.8711484593837535,IMU0,21.005
0.19160156250000002,-9.867480468750001,-0.143701171875,-7.072829131652662,-32.77310924369748,2.9411764705882355,IMU0,21.015
0.20118164062500002,-9.953701171875,-0.15328125,-6.652661064425771,-33.403361344537814,2.9411764705882355,IMU0,21.025
0.24908203125000003,-10.145302734375,-0.17244140625,-6.022408963585434,-34.103641456582636,2.9411764705882355,IMU0,21.035
0.23950195312500003,-10.40396484375,-0.143701171875,-5.6722689075630255,-34.66386554621849,3.011204481792717,IMU0,21.045
0.258662109375,-10.681787109375001,-0.20118164062500002,-5.322128851540617,-35.15406162464986,3.081232492997199,IMU0,21.055
0.28740234375,-10.806328125,-0.21076171875000002,-4.901960784313726,-35.85434173669468,3.151260504201681,IMU0,21.065
0.23950195312500003,-10.796748046875,-0.21076171875000002,-4.411764705882353,-36.41456582633053,3.2212885154061626,IMU0,21.075
0.24908203125000003,-10.720107421875001,-0.19160156250000002,-3.991596638655462,-36.97478991596639,3.2913165266106446,IMU0,21.085
0.23950195312500003,-10.796748046875,-0.17244140625,-3.5014005602240896,-37.60504201680673,3.361344537815126,IMU0,21.095
0.23950195312500003,-10.921289062500001,-0.162861328125,-3.081232492997199,-38.095238095238095,3.361344537815126,IMU0,21.105
0.20118164062500002,-10.988349609375001,-0.13412109375,-2.801120448179272,-38.51540616246499,3.431372549019608,IMU0,21.115
0.21076171875000002,-11.01708984375,-0.143701171875,-2.3109243697478994,-38.93557422969188,3.5014005602240896,IMU0,21.125
0.19160156250000002,-10.997929687500001,-0.11496093750000001,-1.8907563025210086,-39.21568627450981,3.5014005602240896,IMU0,21.135
0.18202148437500001,-10.988349609375001,-0.086220703125,-1.5406162464985995,-39.49579831932773,3.641456582633053,IMU0,21.145
0.21076171875000002,-10.921289062500001,-0.0383203125,-1.2605042016806722,-39.56582633053222,3.641456582633053,IMU0,21.155
0.21076171875000002,-10.88296875,-0.0383203125,-1.1904761904761905,-39.35574229691877,3.781512605042017,IMU0,21.165
0.22034179687500002,-10.86380859375,-0.028740234375000003,-0.7703081232492998,-39.42577030812325,3.711484593837535,IMU0,21.175
0.21076171875000002,-10.748847656250001,-0.028740234375000003,-0.4901960784313726,-39.285714285714285,3.711484593837535,IMU0,21.185
0.21076171875000002,-10.528505859375,-0.009580078125,-0.2801120448179272,-38.865546218487395,3.781512605042017,IMU0,21.195
0.19160156250000002,-10.25068359375,0.047900390625000004,-0.21008403361344538,-38.16526610644258,3.9215686274509807,IMU0,21.205
0.162861328125,-10.1548828125,0.067060546875,-0.0700280112044818,-37.254901960784316,3.991596638655462,IMU0,21.215
0.18202148437500001,-10.1548828125,0.076640625,0.0700280112044818,-36.20448179271709,4.061624649859944,IMU0,21.225
0.19160156250000002,-10.164462890625,0.10538085937500001,0.1400560224089636,-35.0140056022409,4.131652661064426,IMU0,21.235
0.23950195312500003,-10.135722656250001,0.086220703125,0.1400560224089636,-33.68347338935575,4.271708683473389,IMU0,21.245
0.23950195312500003,-10.28900390625,0.11496093750000001,0.2801120448179272,-32.28291316526611,4.411764705882353,IMU0,21.255
0.23950195312500003,-10.40396484375,0.10538085937500001,0.2801120448179272,-30.672268907563026,4.551820728291316,IMU0,21.265
0.277822265625,-10.32732421875,0.12454101562500001,0.2801120448179272,-28.991596638655462,4.761904761904762,IMU0,21.275
0.24908203125000003,-10.346484375000001,0.13412109375,0.350140056022409,-27.24089635854342,4.901960784313726,IMU0,21.285
0.277822265625,-10.4614453125,0.162861328125,0.2801120448179272,-25.28011204481793,5.042016806722689,IMU0,21.295
0.28740234375,-10.499765625,0.17244140625,0.0,-23.10924369747899,5.322128851540617,IMU0,21.305
0.32572265625,-10.413544921875001,0.143701171875,0.21008403361344538,-21.008403361344538,5.5322128851540615,IMU0,21.315
0.296982421875,-10.375224609375001,0.162861328125,0.1400560224089636,-18.69747899159664,5.8123249299719895,IMU0,21.325
0.3065625,-10.490185546875,0.143701171875,0.1400560224089636,-16.31652661064426,6.162464985994398,IMU0,21.335
0.296982421875,-10.63388671875,0.18202148437500001,-0.0700280112044818,-13.935574229691877,6.442577030812325,IMU0,21.345
0.335302734375,-10.911708984375,0.162861328125,0.0,-11.554621848739496,6.652661064425771,IMU0,21.355
0.354462890625,-11.112890625,0.17244140625,-0.0700280112044818,-9.033613445378151,7.002801120448179,IMU0,21.365
0.36404296875000003,-11.199111328125001,0.21076171875000002,-0.1400560224089636,-6.582633053221289,7.282913165266106,IMU0,21.375
0.3448828125,-11.227851562500001,0.162861328125,-0.42016806722689076,-3.991596638655462,7.633053221288516,IMU0,21.385
0.32572265625,-11.227851562500001,0.20118164062500002,-0.5602240896358543,-1.3305322128851542,7.913165266106443,IMU0,21.395
0.335302734375,-11.266171875000001,0.21076171875000002,-0.6302521008403361,1.5406162464985995,8.263305322128852,IMU0,21.405
0.335302734375,-11.237431640625001,0.277822265625,-0.8403361344537815,4.551820728291316,8.543417366946779,IMU0,21.415
0.3448828125,-11.237431640625001,0.2682421875,-1.1904761904761905,7.773109243697479,8.96358543417367,IMU0,21.425
0.296982421875,-11.20869140625,0.354462890625,-1.3305322128851542,11.064425770308123,9.313725490196079,IMU0,21.435
0.3065625,-11.400292968750001,0.335302734375,-1.6106442577030813,14.705882352941178,9.663865546218489,IMU0,21.445
0.32572265625,-11.438613281250001,0.36404296875000003,-1.7507002801120448,18.207282913165265,10.084033613445378,IMU0,21.455
0.296982421875,-11.352392578125,0.45984375000000005,-2.3109243697478994,21.988795518207283,10.434173669467787,IMU0,21.465
0.28740234375,-11.409873046875001,0.39278320312500004,-2.73109243697479,25.910364145658264,10.714285714285715,IMU0,21.475
0.277822265625,-11.390712890625,0.45984375000000005,-3.151260504201681,29.831932773109244,11.134453781512606,IMU0,21.485
0.28740234375,-11.112890625,0.46942382812500005,-3.641456582633053,33.96358543417367,11.484593837535014,IMU0,21.495
0.258662109375,-10.854228515625001,0.45984375000000005,-4.131652661064426,38.02521008403362,11.834733893557424,IMU0,21.505
0.23950195312500003,-10.892548828125001,0.47900390625000006,-4.621848739495799,42.08683473389356,12.184873949579833,IMU0,21.515
0.277822265625,-11.055410156250002,0.55564453125,-5.112044817927171,46.358543417366946,12.46498599439776,IMU0,21.525
0.258662109375,-11.1512109375,0.6035449218750001,-5.742296918767507,50.7703081232493,12.88515406162465,IMU0,21.535
0.258662109375,-11.03625,0.5843847656250001,-6.302521008403362,55.252100840336134,13.165266106442578,IMU0,21.545
0.22034179687500002,-10.796748046875,0.5748046875,-6.932773109243698,59.733893557422974,13.515406162464986,IMU0,21.555
0.22992187500000003,-10.643466796875,0.51732421875,-7.633053221288516,64.42577030812325,13.795518207282914,IMU0,21.565
0.21076171875000002,-10.86380859375,0.5652246093750001,-8.123249299719888,68.76750700280112,14.075630252100842,IMU0,21.575
0.22034179687500002,-11.01708984375,0.59396484375,-8.753501400560225,73.03921568627452,14.285714285714286,IMU0,21.585
0.19160156250000002,-10.835068359375,0.5748046875,-9.38375350140056,77.24089635854342,14.495798319327731,IMU0,21.595
0.21076171875000002,-10.614726562500001,0.5843847656250001,-10.014005602240896,81.44257703081233,14.635854341736696,IMU0,21.605
0.20118164062500002,-10.576406250000002,0.5843847656250001,-10.644257703081234,85.71428571428572,14.84593837535014,IMU0,21.615
0.22992187500000003,-10.585986328125001,0.613125,-11.27450980392157,89.91596638655463,15.126050420168069,IMU0,21.625
0.23950195312500003,-10.528505859375,0.5748046875,-11.904761904761905,94.18767507002802,15.266106442577032,IMU0,21.635
0.18202148437500001,-10.36564453125,0.59396484375,-12.675070028011206,98.4593837535014,15.476190476190476,IMU0,21.645
0.23950195312500003,-10.28900390625,0.5652246093750001,-13.375350140056023,102.73109243697479,15.616246498599441,IMU0,21.655
0.22034179687500002,-10.3848046875,0.6035449218750001,-14.075630252100842,107.07282913165267,15.686274509803923,IMU0,21.665
0.22034179687500002,-10.605146484375,0.5652246093750001,-14.635854341736696,111.20448179271709,15.826330532212886,IMU0,21.675
0.143701171875,-10.720107421875001,0.6035449218750001,-15.336134453781513,115.33613445378151,15.896358543417367,IMU0,21.685
0.18202148437500001,-10.815908203125002,0.5460644531250001,-15.966386554621849,119.25770308123249,15.966386554621849,IMU0,21.695
0.22034179687500002,-10.892548828125001,0.5269042968750001,-16.596638655462186,122.96918767507003,15.966386554621849,IMU0,21.705
0.17244140625,-10.90212890625,0.536484375,-17.22689075630252,126.5406162464986,15.896358543417367,IMU0,21.715
0.20118164062500002,-10.854228515625001,0.5077441406250001,-17.92717086834734,130.0420168067227,15.826330532212886,IMU0,21.725
0.162861328125,-10.787167968750001,0.48858398437500006,-18.487394957983195,133.54341736694678,15.756302521008404,IMU0,21.735
0.22034179687500002,-10.835068359375,0.48858398437500006,-19.18767507002801,136.9747899159664,15.686274509803923,IMU0,21.745
0.19160156250000002,-10.911708984375,0.45984375000000005,-19.677871148459385,140.19607843137254,15.546218487394958,IMU0,21.755
0.18202148437500001,-10.873388671875,0.48858398437500006,-20.028011204481793,143.4173669467787,15.336134453781513,IMU0,21.765
0.20118164062500002,-10.777587890625,0.48858398437500006,-20.518207282913167,146.6386554621849,15.19607843137255,IMU0,21.775
0.21076171875000002,-10.748847656250001,0.46942382812500005,-21.07843137254902,149.50980392156865,14.985994397759104,IMU0,21.785
0.20118164062500002,-10.88296875,0.45026367187500005,-21.568627450980394,152.3109243697479,14.705882352941178,IMU0,21.795
0.17244140625,-10.930869140625001,0.41194335937500004,-21.9187675070028,154.83193277310926,14.42577030812325,IMU0,21.805
0.22034179687500002,-10.796748046875,0.40236328125000004,-22.408963585434176,157.21288515406164,14.075630252100842,IMU0,21.815
0.20118164062500002,-10.7296875,0.37362304687500003,-22.759103641456583,159.45378151260505,13.795518207282914,IMU0,21.825
0.22992187500000003,-10.739267578125,0.354462890625,-23.10924369747899,161.48459383753502,13.445378151260504,IMU0,21.835
0.22034179687500002,-10.758427734375001,0.316142578125,-23.31932773109244,163.4453781512605,13.095238095238097,IMU0,21.845
0.21076171875000002,-10.825488281250001,0.32572265625,-23.599439775910366,165.47619047619048,12.745098039215687,IMU0,21.855
0.24908203125000003,-10.854228515625001,0.277822265625,-24.019607843137255,167.296918767507,12.324929971988796,IMU0,21.865
0.258662109375,-10.911708984375,0.28740234375,-24.159663865546218,169.2577030812325,12.044817927170868,IMU0,21.875
0.28740234375,-10.969189453125,0.24908203125000003,-24.159663865546218,170.7983193277311,11.624649859943979,IMU0,21.885
0.28740234375,-10.86380859375,0.21076171875000002,-24.439775910364148,174.15966386554624,10.854341736694678,IMU0,21.895
0.2682421875,-10.748847656250001,0.18202148437500001,-24.50980392156863,175.63025210084035,10.434173669467787,IMU0,21.905
0.2682421875,-10.614726562500001,0.17244140625,-24.50980392156863,177.10084033613447,10.014005602240896,IMU0,21.915
0.3065625,-10.547666015625001,0.13412109375,-24.649859943977592,178.50140056022408,9.663865546218489,IMU0,21.925
0.316142578125,-10.4614453125,0.12454101562500001,-24.439775910364148,179.6918767507003,9.173669467787116,IMU0,21.935
0.354462890625,-10.308164062500001,0.12454101562500001,-24.439775910364148,180.812324929972,8.823529411764707,IMU0,21.945
0.3448828125,-10.145302734375,0.12454101562500001,-23.949579831932773,181.65266106442579,8.333333333333334,IMU0,21.955
0.37362304687500003,-9.98244140625,0.143701171875,-24.229691876750703,182.7731092436975,7.913165266106443,IMU0,21.965
0.39278320312500004,-9.896220703125001,0.12454101562500001,-24.089635854341736,183.8935574229692,7.563025210084034,IMU0,21.975
0.42152343750000004,-9.829160156250001,0.086220703125,-23.87955182072829,185.0140056022409,7.212885154061625,IMU0,21.985
0.41194335937500004,-9.75251953125,0.10538085937500001,-23.599439775910366,186.06442577030813,6.792717086834735,IMU0,21.995
0.44068359375000005,-9.67587890625,0.067060546875,-23.38935574229692,187.11484593837537,6.442577030812325,IMU0,22.005
0.41194335937500004,-9.6183984375,0.076640625,-23.179271708683473,188.02521008403363,6.162464985994398,IMU0,22.015
0.45984375000000005,-9.59923828125,0.057480468750000006,-22.829131652661065,189.07563025210084,5.742296918767507,IMU0,22.025
0.46942382812500005,-9.656718750000001,0.057480468750000006,-22.478991596638657,190.12605042016807,5.46218487394958,IMU0,22.035
0.536484375,-9.733359375000001,0.047900390625000004,-22.198879551820728,191.10644257703083,5.2521008403361344,IMU0,22.045
0.63228515625,-9.704619140625,0.028740234375000003,-21.9187675070028,192.15686274509804,4.971988795518207,IMU0,22.055
0.6035449218750001,-9.71419921875,0.01916015625,-21.498599439775912,193.1372549019608,4.69187675070028,IMU0,22.065
0.6610253906250001,-9.704619140625,0.009580078125,-21.008403361344538,194.60784313725492,4.481792717086835,IMU0,22.075
0.689765625,-9.819580078125,0.0,-20.65826330532213,196.1484593837535,4.411764705882353,IMU0,22.085
0.718505859375,-9.819580078125,0.01916015625,-20.308123249299722,197.7591036414566,4.271708683473389,IMU0,22.095
0.718505859375,-9.656718750000001,0.10538085937500001,-19.95798319327731,199.43977591036415,4.201680672268908,IMU0,22.105
0.699345703125,-9.627978515625001,0.11496093750000001,-19.677871148459385,201.33053221288517,4.131652661064426,IMU0,22.115
0.737666015625,-9.67587890625,0.10538085937500001,-19.327731092436977,203.22128851540617,4.061624649859944,IMU0,22.125
0.756826171875,-9.570498046875,0.162861328125,-18.907563025210084,205.18207282913167,3.9215686274509807,IMU0,22.135
0.7855664062500001,-9.350156250000001,0.143701171875,-18.487394957983195,207.3529411764706,3.9215686274509807,IMU0,22.145
0.7472460937500001,-9.168134765625,0.19160156250000002,-18.067226890756302,209.6638655462185,3.9215686274509807,IMU0,22.155
0.775986328125,-9.110654296875001,0.21076171875000002,-17.92717086834734,212.11484593837537,3.9215686274509807,IMU0,22.165
0.7855664062500001,-9.081914062500001,0.20118164062500002,-17.57703081232493,214.7058823529412,3.991596638655462,IMU0,22.175
0.7664062500000001,-9.10107421875,0.2682421875,-17.296918767507005,217.43697478991598,3.991596638655462,IMU0,22.185
0.8238867187500001,-9.014853515625001,0.2682421875,-17.016806722689076,220.30812324929974,4.061624649859944,IMU0,22.195
0.8238867187500001,-8.919052734375,0.36404296875000003,-16.80672268907563,223.4593837535014,4.201680672268908,IMU0,22.205
0.8047265625000001,-8.8519921875,0.43110351562500004,-16.73669467787115,226.75070028011206,4.271708683473389,IMU0,22.215
0.756826171875,-8.8519921875,0.46942382812500005,-16.73669467787115,230.18207282913167,4.341736694677872,IMU0,22.225
0.8047265625000001,-8.8519921875,0.5652246093750001,-16.526610644257705,233.82352941176472,4.551820728291316,IMU0,22.235
0.7472460937500001,-8.813671875,0.6514453125,-16.38655462184874,237.60504201680672,4.621848739495799,IMU0,22.245
0.756826171875,-8.71787109375,0.6514453125,-16.526610644257705,241.5966386554622,4.761904761904762,IMU0,22.255
0.718505859375,-8.75619140625,0.699345703125,-16.456582633053223,245.72829131652662,4.831932773109244,IMU0,22.265
0.699345703125,-8.871152343750001,0.7472460937500001,-16.246498599439775,250.0,4.971988795518207,IMU0,22.275
0.699345703125,-8.842412109375001,0.795146484375,-16.106442577030812,254.2717086834734,5.042016806722689,IMU0,22.285
0.5843847656250001,-8.919052734375,0.910107421875,-16.106442577030812,258.8235294117647,5.112044817927171,IMU0,22.295
0.6035449218750001,-9.043593750000001,0.948427734375,-16.38655462184874,263.58543417366946,5.322128851540617,IMU0,22.305
0.5269042968750001,-8.957373046875,1.0346484375,-16.526610644257705,268.4173669467787,5.322128851540617,IMU0,22.315
0.51732421875,-8.8903125,1.0538085937500001,-16.666666666666668,273.249299719888,5.322128851540617,IMU0,22.325
0.40236328125000004,-8.98611328125,1.178349609375,-16.80672268907563,278.01120448179273,5.392156862745098,IMU0,22.335
0.44068359375000005,-9.1585546875,1.1879296875,-16.80672268907563,282.91316526610643,5.2521008403361344,IMU0,22.345
0.37362304687500003,-9.302255859375,1.274150390625,-16.80672268907563,287.8851540616247,5.2521008403361344,IMU0,22.355
0.2682421875,-9.225615234375,1.36037109375,-17.016806722689076,293.1372549019608,5.112044817927171,IMU0,22.365
0.22034179687500002,-9.196875,1.3699511718750002,-17.43697478991597,298.3893557422969,4.971988795518207,IMU0,22.375
0.143701171875,-9.187294921875,1.4178515625,-17.717086834733895,303.2212885154062,4.761904761904762,IMU0,22.385
0.162861328125,-9.2351953125,1.4465917968750002,-17.92717086834734,308.05322128851543,4.481792717086835,IMU0,22.395
0.0383203125,-9.1585546875,1.51365234375,-18.137254901960784,312.8151260504202,4.131652661064426,IMU0,22.405
-0.0383203125,-8.966953125,1.51365234375,-18.347338935574232,317.436974789916,3.711484593837535,IMU0,22.415
-0.10538085937500001,-8.9286328125,1.55197265625,-18.557422969187677,321.5686274509804,3.2212885154061626,IMU0,22.425
-0.13412109375,-9.148974609375001,1.5711328125000001,-18.557422969187677,325.4201680672269,2.6610644257703084,IMU0,22.435
-0.15328125,-9.340576171875,1.59029296875,-18.557422969187677,329.3417366946779,2.030812324929972,IMU0,22.445
-0.22992187500000003,-9.254355468750001,1.619033203125,-18.417366946778714,332.98319327731093,1.400560224089636,IMU0,22.455
-0.24908203125000003,-9.072333984375,1.5998730468750002,-18.487394957983195,336.34453781512605,0.700280112044818,IMU0,22.465
-0.335302734375,-8.9286328125,1.5711328125000001,-18.417366946778714,339.4257703081233,-0.0700280112044818,IMU0,22.475
-0.44068359375000005,-8.938212890625001,1.542392578125,-18.27731092436975,342.15686274509807,-0.8403361344537815,IMU0,22.485
-0.5077441406250001,-8.899892578125,1.5615527343750002,-17.92717086834734,344.6078431372549,-1.6106442577030813,IMU0,22.495
-0.59396484375,-8.746611328125,1.5232324218750002,-17.57703081232493,346.9187675070028,-2.450980392156863,IMU0,22.505
-0.6610253906250001,-8.602910156250001,1.504072265625,-17.22689075630252,348.9495798319328,-3.2913165266106446,IMU0,22.515
-0.70892578125,-8.574169921875,1.4465917968750002,-16.666666666666668,350.7002801120448,-4.131652661064426,IMU0,22.525
-0.737666015625,-8.602910156250001,1.504072265625,-16.03641456582633,352.2408963585434,-5.042016806722689,IMU0,22.535
-0.7664062500000001,-8.67955078125,1.4082714843750002,-15.266106442577032,353.5714285714286,-5.8123249299719895,IMU0,22.545
-0.775986328125,-8.813671875,1.389111328125,-14.495798319327731,354.6918767507003,-6.652661064425771,IMU0,22.555
-0.795146484375,-8.8903125,1.3316308593750001,-13.58543417366947,355.32212885154064,-7.42296918767507,IMU0,22.565
-0.795146484375,-8.880732421875,1.312470703125,-12.675070028011206,355.88235294117646,-8.123249299719888,IMU0,22.575
-0.775986328125,-8.737031250000001,1.2933105468750001,-11.624649859943979,356.44257703081234,-8.823529411764707,IMU0,22.585
-0.833466796875,-8.669970703125001,1.2166699218750001,-10.504201680672269,356.6526610644258,-9.453781512605042,IMU0,22.595
-0.833466796875,-8.669970703125001,1.235830078125,-9.38375350140056,356.51260504201684,-10.084033613445378,IMU0,22.605
-0.852626953125,-8.71787109375,1.140029296875,-7.983193277310924,356.37254901960785,-10.57422969187675,IMU0,22.615
-0.871787109375,-8.71787109375,1.149609375,-6.862745098039216,356.2324929971989,-10.994397759103641,IMU0,22.625
-0.8047265625000001,-8.79451171875,1.063388671875,-5.392156862745098,355.812324929972,-11.344537815126051,IMU0,22.635
-0.814306640625,-8.83283203125,1.005908203125,-3.991596638655462,355.25210084033614,-11.554621848739496,IMU0,22.645
-0.833466796875,-8.765771484375001,0.9580078125000001,-2.380952380952381,354.5518207282913,-11.69467787114846,IMU0,22.655
-0.756826171875,-8.765771484375001,0.890947265625,-1.2605042016806722,353.8515406162465,-11.834733893557424,IMU0,22.665
-0.7855664062500001,-8.79451171875,0.8430468750000001,0.0,353.2212885154062,-11.764705882352942,IMU0,22.675
-0.7472460937500001,-8.98611328125,0.8238867187500001,1.680672268907563,352.3109243697479,-11.624649859943979,IMU0,22.685
-0.689765625,-9.187294921875,0.814306640625,3.2212885154061626,351.40056022408965,-11.344537815126051,IMU0,22.695
-0.680185546875,-9.283095703125001,0.795146484375,4.551820728291316,350.6302521008404,-10.994397759103641,IMU0,22.705
-0.6514453125,-9.244775390625001,0.7855664062500001,6.022408963585434,350.0,-10.504201680672269,IMU0,22.715
-0.6227050781250001,-9.091494140625,0.775986328125,7.492997198879552,349.22969187675073,-9.873949579831933,IMU0,22.725
-0.6035449218750001,-9.072333984375,0.7855664062500001,8.683473389355743,348.73949579831935,-9.103641456582633,IMU0,22.735
-0.5843847656250001,-9.053173828125,0.7472460937500001,9.873949579831933,348.249299719888,-8.333333333333334,IMU0,22.745
-0.6227050781250001,-9.081914062500001,0.7280859375000001,10.92436974789916,347.54901960784315,-7.492997198879552,IMU0,22.755
-0.5269042968750001,-9.196875,0.718505859375,12.184873949579833,347.05882352941177,-6.512605042016807,IMU0,22.765
-0.5843847656250001,-9.273515625,0.718505859375,12.88515406162465,346.7787114845938,-5.46218487394958,IMU0,22.775
-0.536484375,-9.225615234375,0.70892578125,14.005602240896359,346.5686274509804,-4.341736694677872,IMU0,22.785
-0.51732421875,-9.129814453125,0.70892578125,14.775910364145659,346.5686274509804,-3.081232492997199,IMU0,22.795
-0.51732421875,-8.966953125,0.756826171875,15.476190476190476,346.49859943977594,-1.8207282913165266,IMU0,22.805
-0.51732421875,-8.8903125,0.7664062500000001,16.246498599439775,346.7787114845938,-0.4901960784313726,IMU0,22.815
-0.49816406250000006,-9.005273437500001,0.795146484375,16.456582633053223,347.47899159663865,0.8403361344537815,IMU0,22.825
-0.51732421875,-9.02443359375,0.795146484375,16.73669467787115,348.31932773109247,2.2408963585434174,IMU0,22.835
-0.5843847656250001,-8.938212890625001,0.795146484375,17.086834733893557,348.73949579831935,3.641456582633053,IMU0,22.845
-0.6035449218750001,-8.94779296875,0.795146484375,17.43697478991597,349.4397759103642,5.112044817927171,IMU0,22.855
-0.6035449218750001,-9.043593750000001,0.756826171875,17.22689075630252,350.21008403361344,6.512605042016807,IMU0,22.865
-0.6610253906250001,-9.014853515625001,0.775986328125,17.22689075630252,350.6302521008404,7.843137254901961,IMU0,22.875
-0.6610253906250001,-9.014853515625001,0.7472460937500001,17.15686274509804,351.1904761904762,9.173669467787116,IMU0,22.885
-0.680185546875,-9.091494140625,0.7664062500000001,16.876750700280112,351.5406162464986,10.57422969187675,IMU0,22.895
-0.737666015625,-9.091494140625,0.718505859375,16.596638655462186,351.6806722689076,11.904761904761905,IMU0,22.905
-0.756826171875,-9.06275390625,0.680185546875,15.896358543417367,351.890756302521,14.42577030812325,IMU0,22.915
-0.7855664062500001,-9.244775390625001,0.6610253906250001,15.406162464985995,351.6806722689076,15.546218487394958,IMU0,22.925
-0.7664062500000001,-9.273515625,0.6227050781250001,14.84593837535014,351.2605042016807,16.666666666666668,IMU0,22.935
-0.8238867187500001,-9.378896484375,0.55564453125,14.215686274509805,350.5602240896359,17.647058823529413,IMU0,22.945
-0.8430468750000001,-9.560917968750001,0.5269042968750001,13.58543417366947,349.78991596638656,18.557422969187677,IMU0,22.955
-0.871787109375,-9.829160156250001,0.536484375,13.23529411764706,348.5294117647059,19.327731092436977,IMU0,22.965
-0.929267578125,-10.001601562500001,0.48858398437500006,12.324929971988796,346.9887955182073,20.028011204481793,IMU0,22.975
-0.9963281250000001,-10.087822265625,0.46942382812500005,11.69467787114846,345.0980392156863,20.65826330532213,IMU0,22.985
-0.9580078125000001,-10.001601562500001,0.38320312500000003,10.994397759103641,342.8571428571429,21.1484593837535,IMU0,22.995
-0.9675878906250001,-9.972861328125001,0.37362304687500003,10.224089635854343,340.4761904761905,21.568627450980394,IMU0,23.005
-0.9580078125000001,-10.030341796875001,0.3065625,9.453781512605042,337.8151260504202,21.9187675070028,IMU0,23.015
-0.9771679687500001,-10.049501953125,0.2682421875,8.96358543417367,334.73389355742296,22.128851540616246,IMU0,23.025
-0.910107421875,-10.030341796875001,0.23950195312500003,8.263305322128852,331.51260504201684,22.338935574229694,IMU0,23.035
-0.929267578125,-9.98244140625,0.18202148437500001,7.633053221288516,328.08123249299723,22.408963585434176,IMU0,23.045
-0.929267578125,-9.867480468750001,0.143701171875,6.792717086834735,324.5098039215686,22.478991596638657,IMU0,23.055
-0.910107421875,-9.75251953125,0.09580078125000001,6.512605042016807,320.5182072829132,22.54901960784314,IMU0,23.065
-0.890947265625,-9.666298828125,0.067060546875,5.9523809523809526,315.96638655462186,22.478991596638657,IMU0,23.075
-0.8430468750000001,-9.570498046875,-0.009580078125,5.602240896358544,311.34453781512605,22.408963585434176,IMU0,23.085
-0.795146484375,-9.378896484375,-0.047900390625000004,5.182072829131653,306.5826330532213,22.198879551820728,IMU0,23.095
-0.7280859375000001,-9.168134765625,-0.086220703125,4.69187675070028,301.6806722689076,21.988795518207283,IMU0,23.105
-0.67060546875,-9.110654296875001,-0.19160156250000002,4.481792717086835,296.42857142857144,21.708683473389357,IMU0,23.115
-0.5748046875,-8.8903125,-0.22992187500000003,4.131652661064426,291.1064425770308,21.42857142857143,IMU0,23.125
-0.5269042968750001,-8.593330078125,-0.296982421875,4.061624649859944,285.6442577030812,21.1484593837535,IMU0,23.135
-0.46942382812500005,-8.430468750000001,-0.335302734375,3.9215686274509807,280.3921568627451,20.868347338935575,IMU0,23.145
-0.45984375000000005,-8.401728515625,-0.44068359375000005,3.991596638655462,274.78991596638656,20.58823529411765,IMU0,23.155
-0.48858398437500006,-8.459208984375001,-0.48858398437500006,3.991596638655462,268.9775910364146,20.238095238095237,IMU0,23.165
-0.42152343750000004,-8.478369140625,-0.5843847656250001,3.781512605042017,263.2352941176471,19.817927170868348,IMU0,23.175
-0.41194335937500004,-8.564589843750001,-0.699345703125,3.781512605042017,257.4229691876751,19.537815126050422,IMU0,23.185
-0.354462890625,-8.669970703125001,-0.7472460937500001,4.061624649859944,251.12044817927173,19.18767507002801,IMU0,23.195
-0.3065625,-8.79451171875,-0.8622070312500001,4.271708683473389,244.7478991596639,18.907563025210084,IMU0,23.205
-0.22992187500000003,-8.823251953125,-0.9388476562500001,4.621848739495799,238.1652661064426,18.627450980392158,IMU0,23.215
-0.143701171875,-8.899892578125,-1.005908203125,5.042016806722689,231.30252100840337,18.207282913165265,IMU0,23.225
-0.143701171875,-8.995693359375,-1.140029296875,5.5322128851540615,224.15966386554624,17.92717086834734,IMU0,23.235
0.0,-9.02443359375,-1.063388671875,5.9523809523809526,217.0168067226891,17.647058823529413,IMU0,23.245
0.076640625,-8.995693359375,-1.149609375,6.512605042016807,209.94397759103643,17.43697478991597,IMU0,23.255
0.086220703125,-9.02443359375,-1.1687695312500002,7.002801120448179,202.87114845938376,17.43697478991597,IMU0,23.265
0.086220703125,-9.168134765625,-1.2166699218750001,7.633053221288516,195.65826330532215,17.296918767507005,IMU0,23.275
0.028740234375000003,-9.378896484375,-1.3316308593750001,8.333333333333334,188.23529411764707,17.086834733893557,IMU0,23.285
0.10538085937500001,-9.532177734375,-1.3412109375,9.103641456582633,180.812324929972,16.946778711484594,IMU0,23.295
0.13412109375,-9.6183984375,-1.4082714843750002,9.873949579831933,173.31932773109244,16.80672268907563,IMU0,23.305
0.22034179687500002,-9.627978515625001,-1.3316308593750001,10.644257703081234,165.89635854341736,16.666666666666668,IMU0,23.315
0.21076171875000002,-9.685458984375,-1.4178515625,11.344537815126051,158.54341736694678,16.666666666666668,IMU0,23.325
0.19160156250000002,-9.790839843750001,-1.3699511718750002,12.184873949579833,151.05042016806723,16.596638655462186,IMU0,23.335
0.296982421875,-9.857900390625,-1.37953125,13.025210084033613,143.62745098039215,16.526610644257705,IMU0,23.345
0.23950195312500003,-9.915380859375,-1.3699511718750002,13.935574229691877,136.1344537815126,16.456582633053223,IMU0,23.355
0.2682421875,-9.98244140625,-1.4082714843750002,14.635854341736696,128.8515406162465,16.456582633053223,IMU0,23.365
0.24908203125000003,-10.02076171875,-1.36037109375,15.616246498599441,121.42857142857143,16.456582633053223,IMU0,23.375
0.22992187500000003,-9.98244140625,-1.3699511718750002,16.526610644257705,114.07563025210085,16.38655462184874,IMU0,23.385
0.23950195312500003,-9.992021484375,-1.36037109375,17.50700280112045,107.00280112044818,16.31652661064426,IMU0,23.395
0.19160156250000002,-9.9249609375,-1.235830078125,18.347338935574232,100.0,16.246498599439775,IMU0,23.405
0.20118164062500002,-9.9249609375,-1.2166699218750001,19.18767507002801,93.20728291316527,16.106442577030812,IMU0,23.415
0.20118164062500002,-9.915380859375,-1.1879296875,19.95798319327731,86.41456582633053,16.03641456582633,IMU0,23.425
0.162861328125,-9.7716796875,-1.1304492187500002,20.72829131652661,79.83193277310924,15.966386554621849,IMU0,23.435
0.10538085937500001,-9.608818359375,-1.0346484375,21.218487394957982,73.59943977591037,15.826330532212886,IMU0,23.445
0.086220703125,-9.5417578125,-1.025068359375,22.128851540616246,67.43697478991596,15.686274509803923,IMU0,23.455
0.067060546875,-9.426796875,-0.9580078125000001,22.689075630252102,61.62464985994398,15.546218487394958,IMU0,23.465
0.028740234375000003,-9.455537109375001,-0.9580078125000001,23.38935574229692,55.88235294117647,15.406162464985995,IMU0,23.475
0.0383203125,-9.5417578125,-0.929267578125,24.089635854341736,50.21008403361345,15.126050420168069,IMU0,23.485
0.009580078125,-9.627978515625001,-0.871787109375,24.649859943977592,44.6078431372549,14.84593837535014,IMU0,23.495
-0.01916015625,-9.560917968750001,-0.8238867187500001,25.35014005602241,39.14565826330532,14.635854341736696,IMU0,23.505
-0.057480468750000006,-9.321416015625001,-0.699345703125,25.840336134453782,33.96358543417367,14.285714285714286,IMU0,23.515
-0.057480468750000006,-9.13939453125,-0.680185546875,26.190476190476193,29.20168067226891,14.005602240896359,IMU0,23.525
-0.057480468750000006,-9.177714843750001,-0.6227050781250001,26.750700280112046,24.50980392156863,13.65546218487395,IMU0,23.535
-0.09580078125000001,-9.177714843750001,-0.5843847656250001,27.17086834733894,19.817927170868348,13.305322128851541,IMU0,23.545
-0.13412109375,-9.168134765625,-0.46942382812500005,27.521008403361346,15.336134453781513,12.955182072829132,IMU0,23.555
-0.162861328125,-9.13939453125,-0.47900390625000006,27.591036414565828,11.27450980392157,12.46498599439776,IMU0,23.565
-0.19160156250000002,-9.206455078125,-0.38320312500000003,28.43137254901961,7.002801120448179,11.974789915966387,IMU0,23.575
-0.20118164062500002,-9.474697265625,-0.3448828125,28.641456582633054,3.081232492997199,11.484593837535014,IMU0,23.585
-0.258662109375,-9.723779296875001,-0.32572265625,28.92156862745098,-0.7703081232492998,10.994397759103641,IMU0,23.595
-0.277822265625,-9.953701171875,-0.23950195312500003,29.20168067226891,-4.341736694677872,10.364145658263306,IMU0,23.605
-0.296982421875,-10.030341796875001,-0.277822265625,29.6218487394958,-7.913165266106443,9.803921568627452,IMU0,23.615
-0.316142578125,-10.068662109375001,-0.12454101562500001,29.69187675070028,-11.134453781512606,9.243697478991598,IMU0,23.625
-0.296982421875,-10.126142578125,-0.11496093750000001,29.761904761904763,-14.075630252100842,8.61344537815126,IMU0,23.635
-0.43110351562500004,-10.260263671875,0.0,29.901960784313726,-16.80672268907563,7.983193277310924,IMU0,23.645
-0.39278320312500004,-10.63388671875,0.009580078125,29.901960784313726,-19.18767507002801,7.282913165266106,IMU0,23.655
-0.5077441406250001,-10.911708984375,0.086220703125,29.831932773109244,-21.568627450980394,6.582633053221289,IMU0,23.665
-0.48858398437500006,-11.132050781250001,0.17244140625,29.761904761904763,-23.669467787114847,5.882352941176471,IMU0,23.675
-0.5652246093750001,-11.275751953125,0.19160156250000002,29.6218487394958,-25.840336134453782,5.112044817927171,IMU0,23.685
-0.6514453125,-11.429033203125,0.316142578125,29.411764705882355,-27.450980392156865,4.411764705882353,IMU0,23.695
-0.6418652343750001,-11.572734375000001,0.296982421875,29.131652661064425,-28.571428571428573,3.5714285714285716,IMU0,23.705
-0.852626953125,-11.59189453125,0.48858398437500006,28.641456582633054,-29.341736694677873,2.73109243697479,IMU0,23.715
-0.833466796875,-11.582314453125,0.5843847656250001,28.36134453781513,-29.69187675070028,1.8207282913165266,IMU0,23.725
-0.890947265625,-11.59189453125,0.6227050781250001,27.801120448179272,-29.481792717086837,0.8403361344537815,IMU0,23.735
-0.9580078125000001,-11.63021484375,0.7280859375000001,27.17086834733894,-28.50140056022409,-0.0700280112044818,IMU0,23.745
-0.9196875000000001,-11.49609375,0.7280859375000001,26.330532212885156,-27.030812324929972,-0.9803921568627452,IMU0,23.755
-1.063388671875,-11.49609375,0.814306640625,25.560224089635856,-25.28011204481793,-1.8907563025210086,IMU0,23.765
-0.948427734375,-11.409873046875001,0.890947265625,24.50980392156863,-23.249299719887958,-2.801120448179272,IMU0,23.775
-1.005908203125,-11.3811328125,0.9675878906250001,23.73949579831933,-20.378151260504204,-3.711484593837535,IMU0,23.785
-1.005908203125,-11.237431640625001,1.005908203125,22.689075630252102,-16.456582633053223,-4.481792717086835,IMU0,23.795
-0.910107421875,-10.873388671875,0.9771679687500001,21.498599439775912,-11.974789915966387,-5.182072829131653,IMU0,23.805
-0.9675878906250001,-10.480605468750001,1.082548828125,20.378151260504204,-7.142857142857143,-5.882352941176471,IMU0,23.815
-0.9867480468750001,-10.423125,0.9675878906250001,19.257703081232496,-2.5910364145658265,-6.582633053221289,IMU0,23.825
-0.910107421875,-10.643466796875,1.197509765625,18.137254901960784,1.680672268907563,-7.282913165266106,IMU0,23.835
-0.8430468750000001,-10.394384765625,1.101708984375,17.016806722689076,6.302521008403362,-7.983193277310924,IMU0,23.845
-0.833466796875,-10.030341796875001,1.0921289062500001,15.756302521008404,11.69467787114846,-8.403361344537815,IMU0,23.855
-0.7664062500000001,-9.877060546875,1.063388671875,14.635854341736696,17.22689075630252,-8.893557422969188,IMU0,23.865
-0.775986328125,-9.98244140625,1.025068359375,13.58543417366947,22.478991596638657,-9.38375350140056,IMU0,23.875
-0.689765625,-10.221943359375,1.2454101562500002,12.324929971988796,27.66106442577031,-9.803921568627452,IMU0,23.885
-0.67060546875,-10.346484375000001,1.1112890625,11.134453781512606,33.26330532212885,-10.154061624649861,IMU0,23.895
-0.699345703125,-10.317744140625,1.1687695312500002,9.943977591036415,38.445378151260506,-10.434173669467787,IMU0,23.905
-0.47900390625000006,-10.269843750000001,1.140029296875,8.823529411764707,43.62745098039216,-10.784313725490197,IMU0,23.915
-0.6610253906250001,-10.260263671875,1.0346484375,7.983193277310924,48.109243697478995,-11.064425770308123,IMU0,23.925
-0.55564453125,-10.423125,1.101708984375,6.932773109243698,52.38095238095239,-11.344537815126051,IMU0,23.935
-0.36404296875000003,-10.815908203125002,1.1879296875,5.182072829131653,61.20448179271709,-11.904761904761905,IMU0,23.945
-0.354462890625,-10.90212890625,1.1112890625,4.061624649859944,65.89635854341736,-12.044817927170868,IMU0,23.955
-0.3448828125,-10.930869140625001,1.063388671875,3.151260504201681,70.44817927170868,-12.184873949579833,IMU0,23.965
-0.22992187500000003,-10.921289062500001,1.005908203125,2.380952380952381,74.85994397759104,-12.254901960784315,IMU0,23.975
-0.23950195312500003,-11.01708984375,1.025068359375,1.6106442577030813,78.92156862745098,-12.394957983193278,IMU0,23.985
-0.15328125,-11.112890625,0.910107421875,1.050420168067227,82.98319327731093,-12.46498599439776,IMU0,23.995
-0.19160156250000002,-11.179951171875,0.9580078125000001,0.350140056022409,86.83473389355743,-12.53501400560224,IMU0,24.005
-0.09580078125000001,-11.390712890625,0.9580078125000001,-0.350140056022409,90.75630252100841,-12.53501400560224,IMU0,24.015
-0.086220703125,-11.66853515625,0.9580078125000001,-0.7703081232492998,94.67787114845939,-12.605042016806724,IMU0,24.025
-0.076640625,-11.888876953125001,0.9580078125000001,-1.3305322128851542,98.66946778711485,-12.605042016806724,IMU0,24.035
0.0,-11.97509765625,1.025068359375,-1.8907563025210086,103.01120448179272,-12.605042016806724,IMU0,24.045
0.0,-11.831396484375,0.9963281250000001,-2.450980392156863,107.63305322128852,-12.46498599439776,IMU0,24.055
0.086220703125,-11.59189453125,0.910107421875,-3.2913165266106446,112.39495798319328,-12.324929971988796,IMU0,24.065
0.076640625,-11.476933593750001,1.005908203125,-3.361344537815126,116.9467787114846,-12.254901960784315,IMU0,24.075
0.11496093750000001,-11.534414062500002,0.910107421875,-3.8515406162464987,121.63865546218489,-12.114845938375352,IMU0,24.085
0.162861328125,-11.63021484375,0.9963281250000001,-4.341736694677872,126.40056022408965,-11.974789915966387,IMU0,24.095
0.143701171875,-11.55357421875,0.9388476562500001,-4.69187675070028,131.23249299719888,-11.764705882352942,IMU0,24.105
0.21076171875000002,-11.467353515625001,0.9867480468750001,-5.182072829131653,136.2044817927171,-11.554621848739496,IMU0,24.115
0.19160156250000002,-11.505673828125001,1.0154882812500001,-5.602240896358544,141.24649859943978,-11.414565826330533,IMU0,24.125
0.21076171875000002,-11.438613281250001,1.005908203125,-5.882352941176471,146.49859943977592,-11.204481792717088,IMU0,24.135
0.22992187500000003,-11.24701171875,1.082548828125,-6.372549019607844,151.9607843137255,-11.064425770308123,IMU0,24.145
0.296982421875,-10.997929687500001,1.063388671875,-6.582633053221289,157.2829131652661,-10.854341736694678,IMU0,24.155
0.3065625,-10.787167968750001,1.120869140625,-7.002801120448179,162.81512605042016,-10.644257703081234,IMU0,24.165
0.39278320312500004,-10.59556640625,1.159189453125,-7.282913165266106,168.55742296918768,-10.364145658263306,IMU0,24.175
0.3448828125,-10.55724609375,1.140029296875,-7.563025210084034,174.43977591036415,-10.154061624649861,IMU0,24.185
0.43110351562500004,-10.547666015625001,1.1879296875,-7.913165266106443,180.46218487394958,-9.873949579831933,IMU0,24.195
0.354462890625,-10.36564453125,1.120869140625,-8.053221288515406,186.34453781512605,-9.663865546218489,IMU0,24.205
0.39278320312500004,-10.106982421875001,1.1304492187500002,-8.333333333333334,192.0168067226891,-9.453781512605042,IMU0,24.215
0.45026367187500005,-10.02076171875,1.120869140625,-8.403361344537815,197.89915966386556,-9.173669467787116,IMU0,24.225
0.41194335937500004,-10.02076171875,1.178349609375,-8.543417366946779,203.8515406162465,-8.893557422969188,IMU0,24.235
0.51732421875,-10.05908203125,1.2549902343750001,-8.61344537815126,209.87394957983193,-8.683473389355743,IMU0,24.245
0.5269042968750001,-9.992021484375,1.235830078125,-8.473389355742297,215.89635854341736,-8.403361344537815,IMU0,24.255
0.51732421875,-9.992021484375,1.312470703125,-8.893557422969188,222.40896358543418,-8.053221288515406,IMU0,24.265
0.5652246093750001,-9.963281250000001,1.302890625,-9.033613445378151,228.78151260504202,-7.773109243697479,IMU0,24.275
0.5748046875,-10.011181640625,1.37953125,-9.033613445378151,235.29411764705884,-7.42296918767507,IMU0,24.285
0.6227050781250001,-9.98244140625,1.3316308593750001,-9.103641456582633,242.22689075630254,-7.002801120448179,IMU0,24.295
0.5843847656250001,-9.963281250000001,1.4178515625,-9.173669467787116,249.15966386554624,-6.652661064425771,IMU0,24.305
0.6418652343750001,-10.145302734375,1.47533203125,-9.313725490196079,256.1624649859944,-6.302521008403362,IMU0,24.315
0.6514453125,-10.499765625,1.5232324218750002,-9.523809523809524,263.2352941176471,-5.882352941176471,IMU0,24.325
0.63228515625,-10.681787109375001,1.657353515625,-9.593837535014005,270.6582633053221,-5.46218487394958,IMU0,24.335
0.6514453125,-10.758427734375001,1.7723144531250001,-9.873949579831933,278.3613445378151,-4.971988795518207,IMU0,24.345
0.51732421875,-10.969189453125,1.9351757812500001,-10.154061624649861,286.1344537815126,-4.621848739495799,IMU0,24.355
0.55564453125,-11.32365234375,2.0980371093750003,-10.57422969187675,294.2577030812325,-4.201680672268908,IMU0,24.365
0.5269042968750001,-11.524833984375,2.1746777343750003,-10.92436974789916,302.3809523809524,-3.781512605042017,IMU0,24.375
0.5269042968750001,-11.66853515625,2.28005859375,-11.344537815126051,310.7142857142857,-3.361344537815126,IMU0,24.385
0.46942382812500005,-11.55357421875,2.3471191406250003,-11.904761904761905,318.76750700280115,-2.9411764705882355,IMU0,24.395
0.3448828125,-11.534414062500002,2.4908203125000004,-12.394957983193278,326.2605042016807,-2.73109243697479,IMU0,24.405
0.3448828125,-11.658955078125,2.5099804687500002,-13.025210084033613,333.4733893557423,-2.5210084033613445,IMU0,24.415
0.15328125,-11.783496093750001,2.711162109375,-13.58543417366947,340.33613445378154,-2.450980392156863,IMU0,24.425
0.047900390625000004,-11.86013671875,2.787802734375,-14.145658263305323,346.7787114845938,-2.5210084033613445,IMU0,24.435
0.0383203125,-11.745175781250001,2.9027636718750003,-14.985994397759104,352.59103641456585,-2.6610644257703084,IMU0,24.445
-0.18202148437500001,-11.51525390625,2.9794042968750003,-15.686274509803923,358.4733893557423,-3.011204481792717,IMU0,24.455
-0.3065625,-11.400292968750001,2.941083984375,-16.176470588235293,364.14565826330534,-3.5014005602240896,IMU0,24.465
-0.3065625,-11.486513671875,3.094365234375,-16.876750700280112,369.5378151260504,-4.061624649859944,IMU0,24.475
-0.5077441406250001,-11.524833984375,3.036884765625,-17.43697478991597,374.7198879551821,-4.831932773109244,IMU0,24.485
-0.67060546875,-11.32365234375,3.1326855468750003,-17.99719887955182,379.5518207282913,-5.6722689075630255,IMU0,24.495
-0.6610253906250001,-10.969189453125,3.00814453125,-18.347338935574232,383.8935574229692,-6.722689075630252,IMU0,24.505
-0.9580078125000001,-10.873388671875,2.921923828125,-18.487394957983195,387.67507002801125,-7.843137254901961,IMU0,24.515
-0.9005273437500001,-10.806328125,3.017724609375,-18.557422969187677,391.1064425770308,-9.103641456582633,IMU0,24.525
-1.101708984375,-10.7296875,2.8165429687500003,-18.347338935574232,394.11764705882354,-10.434173669467787,IMU0,24.535
-1.159189453125,-10.643466796875,2.9602441406250004,-18.067226890756302,396.8487394957983,-11.764705882352942,IMU0,24.545
-1.2070898437500002,-10.528505859375,2.787802734375,-17.647058823529413,399.3697478991597,-13.165266106442578,IMU0,24.555
-1.36037109375,-10.5380859375,2.7973828125,-17.086834733893557,401.6806722689076,-14.565826330532213,IMU0,24.565
-1.3699511718750002,-10.700947265625,2.7303222656250004,-16.456582633053223,403.9915966386555,-15.896358543417367,IMU0,24.575
-1.5328125000000001,-10.748847656250001,2.6441015625000004,-15.476190476190476,405.4621848739496,-17.296918767507005,IMU0,24.585
-1.5232324218750002,-10.566826171875,2.5770410156250003,-14.355742296918768,406.7927170868347,-18.69747899159664,IMU0,24.595
-1.5328125000000001,-10.413544921875001,2.366279296875,-13.095238095238097,407.98319327731093,-19.95798319327731,IMU0,24.605
-1.5328125000000001,-10.346484375000001,2.385439453125,-11.624649859943979,408.68347338935575,-21.218487394957982,IMU0,24.615
-1.542392578125,-10.32732421875,2.2513183593750004,-9.73389355742297,409.10364145658264,-22.338935574229694,IMU0,24.625
-1.5998730468750002,-10.346484375000001,2.1938378906250002,-8.053221288515406,409.3837535014006,-23.31932773109244,IMU0,24.635
-1.55197265625,-10.480605468750001,2.16509765625,-6.162464985994398,409.3837535014006,-24.159663865546218,IMU0,24.645
-1.619033203125,-10.614726562500001,2.1076171875000003,-4.061624649859944,409.17366946778714,-24.859943977591037,IMU0,24.655
-1.6094531250000002,-10.624306640625,2.002236328125,-1.9607843137254903,408.75350140056025,-25.490196078431374,IMU0,24.665
-1.580712890625,-10.547666015625001,1.983076171875,0.2801120448179272,408.1932773109244,-25.910364145658264,IMU0,24.675
-1.6381933593750002,-10.55724609375,1.7723144531250001,2.380952380952381,407.21288515406167,-26.190476190476193,IMU0,24.685
-1.51365234375,-10.442285156250001,1.78189453125,4.761904761904762,405.88235294117646,-26.260504201680675,IMU0,24.695
-1.5615527343750002,-10.25068359375,1.6381933593750002,7.072829131652662,404.5518207282913,-26.190476190476193,IMU0,24.705
-1.427431640625,-10.011181640625,1.5998730468750002,9.453781512605042,403.08123249299723,-25.910364145658264,IMU0,24.715
-1.4561718750000001,-9.857900390625,1.51365234375,11.904761904761905,401.2605042016807,-25.420168067226893,IMU0,24.725
-1.37953125,-9.94412109375,1.4465917968750002,14.075630252100842,399.5098039215686,-24.789915966386555,IMU0,24.735
-1.350791015625,-10.183623046875,1.4561718750000001,16.31652661064426,397.61904761904765,-24.019607843137255,IMU0,24.745
-1.3699511718750002,-10.145302734375,1.3316308593750001,18.487394957983195,395.4481792717087,-23.10924369747899,IMU0,24.755
-1.2645703125,-9.762099609375001,1.36037109375,20.378151260504204,393.34733893557427,-22.058823529411764,IMU0,24.765
-1.22625,-9.321416015625001,1.235830078125,22.408963585434176,391.2464985994398,-20.868347338935575,IMU0,24.775
-1.1687695312500002,-9.196875,1.2933105468750001,24.57983193277311,389.21568627450984,-19.46778711484594,IMU0,24.785
-1.197509765625,-9.321416015625001,1.197509765625,26.400560224089638,387.53501400560225,-17.857142857142858,IMU0,24.795
-1.120869140625,-9.283095703125001,1.159189453125,28.0812324929972,385.7142857142857,-16.176470588235293,IMU0,24.805
-1.1112890625,-9.110654296875001,1.140029296875,29.69187675070028,383.9635854341737,-14.42577030812325,IMU0,24.815
-1.0921289062500001,-9.02443359375,1.044228515625,31.092436974789916,382.3529411764706,-12.53501400560224,IMU0,24.825
-1.025068359375,-9.081914062500001,1.101708984375,32.28291316526611,380.95238095238096,-10.504201680672269,IMU0,24.835
-1.0346484375,-9.005273437500001,1.044228515625,33.333333333333336,379.6918767507003,-8.333333333333334,IMU0,24.845
-1.025068359375,-8.919052734375,1.120869140625,34.31372549019608,378.78151260504205,-6.162464985994398,IMU0,24.855
-1.044228515625,-8.83283203125,1.0538085937500001,35.08403361344538,377.66106442577035,-3.8515406162464987,IMU0,24.865
-1.07296875,-8.784931640625,1.120869140625,35.364145658263304,376.890756302521,-1.6106442577030813,IMU0,24.875
-1.063388671875,-8.83283203125,1.140029296875,35.99439775910364,375.91036414565826,0.700280112044818,IMU0,24.885
-1.063388671875,-8.880732421875,1.140029296875,36.134453781512605,375.140056022409,3.011204481792717,IMU0,24.895
-1.1112890625,-8.957373046875,1.178349609375,36.20448179271709,374.2997198879552,5.322128851540617,IMU0,24.905
-1.082548828125,-8.966953125,1.1112890625,35.92436974789916,373.4593837535014,7.563025210084034,IMU0,24.915
-1.159189453125,-8.966953125,1.0921289062500001,35.7843137254902,372.3389355742297,9.803921568627452,IMU0,24.925
-1.1112890625,-9.091494140625,1.0538085937500001,35.50420168067227,371.1484593837535,11.974789915966387,IMU0,24.935
-1.1304492187500002,-9.302255859375,0.9388476562500001,34.80392156862745,369.9579831932773,14.075630252100842,IMU0,24.945
-1.120869140625,-9.350156250000001,0.910107421875,34.31372549019608,368.4873949579832,16.176470588235293,IMU0,24.955
-1.1304492187500002,-9.206455078125,0.8622070312500001,32.84313725490196,365.26610644257704,20.098039215686274,IMU0,24.965
-1.140029296875,-9.263935546875,0.852626953125,32.07282913165266,363.09523809523813,21.9187675070028,IMU0,24.975
-1.1879296875,-9.493857421875001,0.8238867187500001,30.742296918767508,361.2044817927171,23.599439775910366,IMU0,24.985
-1.1879296875,-9.762099609375001,0.7664062500000001,29.69187675070028,358.8235294117647,25.140056022408963,IMU0,24.995
-1.2837304687500002,-10.011181640625,0.7472460937500001,28.43137254901961,355.95238095238096,26.5406162464986,IMU0,25.005
-1.235830078125,-10.068662109375001,0.70892578125,27.24089635854342,352.52100840336135,27.801120448179272,IMU0,25.015
-1.3220507812500002,-9.915380859375,0.680185546875,26.190476190476193,348.73949579831935,28.8515406162465,IMU0,25.025
-1.274150390625,-9.781259765625,0.6035449218750001,24.92997198879552,344.88795518207286,29.831932773109244,IMU0,25.035
-1.274150390625,-9.723779296875001,0.5748046875,23.599439775910366,340.6162464985995,30.742296918767508,IMU0,25.045
-1.2166699218750001,-9.695039062500001,0.46942382812500005,22.128851540616246,336.34453781512605,31.51260504201681,IMU0,25.055
-1.149609375,-9.695039062500001,0.42152343750000004,21.008403361344538,331.9327731092437,32.212885154061624,IMU0,25.065
-1.1687695312500002,-9.71419921875,0.3448828125,19.95798319327731,327.2408963585434,32.913165266106446,IMU0,25.075
-1.063388671875,-9.695039062500001,0.335302734375,18.627450980392158,322.54901960784315,33.403361344537814,IMU0,25.085
-1.082548828125,-9.522597656250001,0.258662109375,17.366946778711487,317.7871148459384,33.89355742296919,IMU0,25.095
-1.005908203125,-9.244775390625001,0.22992187500000003,16.176470588235293,312.8851540616247,34.31372549019608,IMU0,25.105
-1.005908203125,-8.995693359375,0.19160156250000002,14.915966386554622,307.91316526610643,34.523809523809526,IMU0,25.115
-0.910107421875,-8.919052734375,0.09580078125000001,13.795518207282914,302.7310924369748,34.80392156862745,IMU0,25.125
-0.910107421875,-8.98611328125,0.057480468750000006,12.955182072829132,297.2689075630252,34.943977591036415,IMU0,25.135
-0.8622070312500001,-8.957373046875,-0.009580078125,11.69467787114846,291.5966386554622,35.0140056022409,IMU0,25.145
-0.795146484375,-8.813671875,-0.0383203125,10.92436974789916,285.5742296918768,35.0140056022409,IMU0,25.155
-0.775986328125,-8.669970703125001,-0.10538085937500001,9.943977591036415,279.6218487394958,35.0140056022409,IMU0,25.165
-0.7280859375000001,-8.574169921875,-0.13412109375,8.96358543417367,273.59943977591035,34.87394957983194,IMU0,25.175
-0.7472460937500001,-8.612490234375,-0.22992187500000003,8.19327731092437,267.50700280112045,34.66386554621849,IMU0,25.185
-0.7472460937500001,-8.775351562500001,-0.277822265625,7.42296918767507,261.2745098039216,34.38375350140056,IMU0,25.195
-0.699345703125,-8.813671875,-0.316142578125,6.722689075630252,254.76190476190476,34.103641456582636,IMU0,25.205
-0.70892578125,-8.708291015625,-0.39278320312500004,6.0924369747899165,248.24929971988797,33.68347338935575,IMU0,25.215
-0.6418652343750001,-8.823251953125,-0.41194335937500004,5.5322128851540615,241.66666666666669,33.19327731092437,IMU0,25.225
-0.6610253906250001,-9.206455078125,-0.49816406250000006,5.182072829131653,234.59383753501402,32.703081232493,IMU0,25.235
-0.680185546875,-9.570498046875,-0.5652246093750001,4.831932773109244,227.45098039215688,32.07282913165266,IMU0,25.245
-0.680185546875,-9.819580078125,-0.680185546875,4.411764705882353,219.95798319327733,31.51260504201681,IMU0,25.255
-0.6610253906250001,-9.819580078125,-0.689765625,4.201680672268908,212.2549019607843,30.88235294117647,IMU0,25.265
-0.613125,-9.762099609375001,-0.699345703125,4.131652661064426,204.41176470588235,30.182072829131656,IMU0,25.275
-0.59396484375,-9.8483203125,-0.7855664062500001,4.201680672268908,196.70868347338936,29.481792717086837,IMU0,25.285
-0.5269042968750001,-10.011181640625,-0.8047265625000001,4.131652661064426,188.9355742296919,28.8515406162465,IMU0,25.295
-0.48858398437500006,-10.126142578125,-0.871787109375,4.201680672268908,181.09243697478993,28.221288515406165,IMU0,25.305
-0.49816406250000006,-10.202783203125001,-0.8813671875000001,4.341736694677872,173.4593837535014,27.591036414565828,IMU0,25.315
-0.43110351562500004,-10.317744140625,-0.910107421875,4.551820728291316,165.68627450980392,26.96078431372549,IMU0,25.325
-0.44068359375000005,-10.36564453125,-0.9867480468750001,4.831932773109244,157.98319327731093,26.330532212885156,IMU0,25.335
-0.44068359375000005,-10.356064453125,-0.9580078125000001,5.042016806722689,150.28011204481794,25.840336134453782,IMU0,25.345
-0.40236328125000004,-10.183623046875,-0.9675878906250001,5.392156862745098,142.57703081232495,25.210084033613448,IMU0,25.355
-0.36404296875000003,-10.011181640625,-0.929267578125,5.8123249299719895,135.0140056022409,24.649859943977592,IMU0,25.365
-0.28740234375,-10.039921875000001,-0.9388476562500001,6.022408963585434,128.36134453781514,24.159663865546218,IMU0,25.375
-0.277822265625,-10.164462890625,-0.929267578125,6.442577030812325,121.49859943977592,23.599439775910366,IMU0,25.385
-0.19160156250000002,-10.164462890625,-0.910107421875,6.792717086834735,114.77591036414566,23.10924369747899,IMU0,25.395
-0.15328125,-9.886640625,-0.9005273437500001,7.212885154061625,108.40336134453781,22.689075630252102,IMU0,25.405
-0.12454101562500001,-9.560917968750001,-0.814306640625,7.633053221288516,102.38095238095238,22.268907563025213,IMU0,25.415
-0.10538085937500001,-9.522597656250001,-0.8622070312500001,7.983193277310924,96.77871148459384,21.9187675070028,IMU0,25.425
-0.10538085937500001,-9.522597656250001,-0.795146484375,8.123249299719888,91.38655462184875,21.638655462184875,IMU0,25.435
-0.12454101562500001,-9.44595703125,-0.8047265625000001,8.543417366946779,86.1344537815126,21.35854341736695,IMU0,25.445
-0.17244140625,-9.321416015625001,-0.7855664062500001,8.96358543417367,80.74229691876751,20.938375350140056,IMU0,25.455
-0.21076171875000002,-9.225615234375,-0.737666015625,9.313725490196079,75.56022408963585,20.518207282913167,IMU0,25.465
-0.19160156250000002,-9.196875,-0.737666015625,9.38375350140056,70.86834733893558,20.238095238095237,IMU0,25.475
-0.143701171875,-9.091494140625,-0.680185546875,10.014005602240896,65.89635854341736,19.747899159663866,IMU0,25.485
-0.21076171875000002,-8.995693359375,-0.6227050781250001,10.294117647058824,61.274509803921575,19.327731092436977,IMU0,25.495
-0.18202148437500001,-8.995693359375,-0.613125,10.57422969187675,57.07282913165266,18.977591036414566,IMU0,25.505
-0.19160156250000002,-8.995693359375,-0.5652246093750001,10.784313725490197,53.01120448179272,18.627450980392158,IMU0,25.515
-0.2682421875,-8.995693359375,-0.5269042968750001,10.92436974789916,49.089635854341736,18.27731092436975,IMU0,25.525
-0.17244140625,-8.5454296875,-0.536484375,11.27450980392157,45.168067226890756,17.92717086834734,IMU0,25.535
-0.18202148437500001,-7.673642578125,-0.45026367187500005,11.624649859943979,41.66666666666667,17.50700280112045,IMU0,25.545
-0.19160156250000002,-7.510781250000001,-0.39278320312500004,11.554621848739496,38.655462184873954,17.15686274509804,IMU0,25.555
-0.22034179687500002,-8.114326171875,-0.40236328125000004,11.554621848739496,36.20448179271709,16.876750700280112,IMU0,25.565
-0.258662109375,-8.555009765625,-0.40236328125000004,11.764705882352942,32.913165266106446,16.456582633053223,IMU0,25.575
-0.22992187500000003,-8.4687890625,-0.37362304687500003,12.114845938375352,29.761904761904763,16.106442577030812,IMU0,25.585
-0.22034179687500002,-8.133486328125,-0.335302734375,12.254901960784315,26.750700280112046,15.686274509803923,IMU0,25.595
-0.15328125,-7.903564453125001,-0.277822265625,12.394957983193278,24.299719887955185,15.336134453781513,IMU0,25.605
-0.13412109375,-8.123906250000001,-0.22992187500000003,12.394957983193278,22.338935574229694,15.126050420168069,IMU0,25.615
-0.20118164062500002,-8.48794921875,-0.17244140625,12.324929971988796,20.72829131652661,14.775910364145659,IMU0,25.625
-0.22034179687500002,-8.79451171875,-0.162861328125,12.394957983193278,19.11764705882353,14.565826330532213,IMU0,25.635
-0.24908203125000003,-9.081914062500001,-0.12454101562500001,12.46498599439776,17.57703081232493,14.215686274509805,IMU0,25.645
-0.19160156250000002,-9.110654296875001,-0.086220703125,12.324929971988796,16.456582633053223,13.935574229691877,IMU0,25.655
-0.17244140625,-9.168134765625,-0.067060546875,12.394957983193278,15.476190476190476,13.65546218487395,IMU0,25.665
-0.162861328125,-9.254355468750001,-0.01916015625,12.044817927170868,15.19607843137255,13.515406162464986,IMU0,25.675
-0.15328125,-9.6183984375,0.086220703125,11.974789915966387,14.775910364145659,13.305322128851541,IMU0,25.685
-0.21076171875000002,-9.963281250000001,0.09580078125000001,11.624649859943979,15.056022408963585,13.23529411764706,IMU0,25.695
-0.24908203125000003,-10.106982421875001,0.162861328125,11.204481792717088,15.336134453781513,13.025210084033613,IMU0,25.705
-0.258662109375,-10.164462890625,0.162861328125,11.064425770308123,15.966386554621849,12.815126050420169,IMU0,25.715
-0.18202148437500001,-10.049501953125,0.22034179687500002,10.644257703081234,16.73669467787115,12.745098039215687,IMU0,25.725
-0.11496093750000001,-9.972861328125001,0.277822265625,10.294117647058824,18.137254901960784,12.745098039215687,IMU0,25.735
-0.10538085937500001,-9.915380859375,0.32572265625,9.73389355742297,20.238095238095237,12.675070028011206,IMU0,25.745
-0.09580078125000001,-9.934541015625001,0.38320312500000003,9.313725490196079,22.54901960784314,12.745098039215687,IMU0,25.755
-0.047900390625000004,-9.800419921875001,0.36404296875000003,8.753501400560225,25.140056022408963,12.745098039215687,IMU0,25.765
-0.067060546875,-9.762099609375001,0.37362304687500003,8.403361344537815,27.66106442577031,12.815126050420169,IMU0,25.775
-0.009580078125,-9.695039062500001,0.335302734375,7.633053221288516,30.46218487394958,12.955182072829132,IMU0,25.785
-0.0383203125,-9.704619140625,0.38320312500000003,7.002801120448179,33.26330532212885,13.025210084033613,IMU0,25.795
-0.11496093750000001,-12.751083984375,0.59396484375,6.372549019607844,36.27450980392157,13.095238095238097,IMU0,25.805
0.11496093750000001,-13.182187500000001,0.536484375,5.602240896358544,40.056022408963585,13.305322128851541,IMU0,25.815
-0.067060546875,-10.921289062500001,0.48858398437500006,4.831932773109244,43.69747899159664,13.515406162464986,IMU0,25.825
-0.01916015625,-9.005273437500001,0.277822265625,4.271708683473389,47.128851540616246,13.725490196078432,IMU0,25.835
-0.009580078125,-8.995693359375,0.3448828125,3.431372549019608,50.070028011204485,13.865546218487395,IMU0,25.845
0.0383203125,-10.049501953125,0.28740234375,2.9411764705882355,53.0812324929972,14.005602240896359,IMU0,25.855
-0.143701171875,-10.36564453125,0.23950195312500003,2.2408963585434174,55.74229691876751,14.075630252100842,IMU0,25.865
-0.2682421875,-9.647138671875,0.20118164062500002,1.680672268907563,57.07282913165266,14.005602240896359,IMU0,25.875
-0.01916015625,-9.474697265625,0.19160156250000002,1.3305322128851542,58.333333333333336,13.865546218487395,IMU0,25.885
-0.162861328125,-10.164462890625,0.18202148437500001,0.9103641456582633,59.943977591036415,13.865546218487395,IMU0,25.895
0.067060546875,-10.7296875,0.18202148437500001,0.42016806722689076,61.97478991596639,13.935574229691877,IMU0,25.905
-0.15328125,-10.653046875000001,0.19160156250000002,-0.1400560224089636,63.58543417366947,13.935574229691877,IMU0,25.915
-0.09580078125000001,-10.432705078125,0.067060546875,-0.4901960784313726,64.9859943977591,13.935574229691877,IMU0,25.925
-0.076640625,-10.490185546875,0.10538085937500001,-0.9803921568627452,65.96638655462185,13.935574229691877,IMU0,25.935
-0.13412109375,-10.720107421875001,-0.076640625,-1.050420168067227,66.66666666666667,13.795518207282914,IMU0,25.945
-0.047900390625000004,-11.026669921875001,-0.057480468750000006,-1.4705882352941178,66.80672268907563,13.725490196078432,IMU0,25.955
-0.067060546875,-11.275751953125,-0.15328125,-1.6106442577030813,66.73669467787116,13.58543417366947,IMU0,25.965
0.11496093750000001,-11.419453125,-0.15328125,-1.8907563025210086,66.66666666666667,13.515406162464986,IMU0,25.975
0.047900390625000004,-11.59189453125,-0.40236328125000004,-1.9607843137254903,65.75630252100841,13.375350140056023,IMU0,25.985
0.18202148437500001,-11.438613281250001,-0.316142578125,-1.9607843137254903,64.9859943977591,13.305322128851541,IMU0,25.995
0.19160156250000002,-11.227851562500001,-0.5077441406250001,-1.8907563025210086,64.28571428571429,13.305322128851541,IMU0,26.005
0.28740234375,-11.03625,-0.39278320312500004,-1.7507002801120448,63.865546218487395,13.375350140056023,IMU0,26.015
0.24908203125000003,-10.892548828125001,-0.5077441406250001,-1.7507002801120448,63.58543417366947,13.58543417366947,IMU0,26.025
0.335302734375,-10.796748046875,-0.49816406250000006,-1.6106442577030813,63.16526610644258,13.65546218487395,IMU0,26.035
0.36404296875000003,-11.026669921875001,-0.536484375,-1.4705882352941178,62.81512605042017,13.865546218487395,IMU0,26.045
0.44068359375000005,-11.227851562500001,-0.6514453125,-1.400560224089636,62.3249299719888,14.075630252100842,IMU0,26.055
0.38320312500000003,-11.055410156250002,-0.6514453125,-1.2605042016806722,61.484593837535016,14.285714285714286,IMU0,26.065
0.46942382812500005,-10.605146484375,-0.8238867187500001,-0.700280112044818,60.0140056022409,14.42577030812325,IMU0,26.075
0.43110351562500004,-10.624306640625,-0.689765625,-0.6302521008403361,58.89355742296919,14.635854341736696,IMU0,26.085
0.44068359375000005,-10.930869140625001,-0.890947265625,-0.2801120448179272,57.77310924369748,14.84593837535014,IMU0,26.095
0.5269042968750001,-10.97876953125,-0.890947265625,0.0700280112044818,56.372549019607845,15.126050420168069,IMU0,26.105
0.536484375,-10.94044921875,-0.910107421875,0.4901960784313726,54.97198879551821,15.406162464985995,IMU0,26.115
0.55564453125,-11.01708984375,-0.910107421875,0.9103641456582633,53.57142857142858,15.616246498599441,IMU0,26.125
0.63228515625,-10.959609375000001,-0.890947265625,1.400560224089636,52.38095238095239,16.03641456582633,IMU0,26.135
0.536484375,-10.969189453125,-0.9771679687500001,1.680672268907563,51.19047619047619,16.38655462184874,IMU0,26.145
0.613125,-11.122470703125,-0.9005273437500001,2.100840336134454,49.719887955182074,16.666666666666668,IMU0,26.155
0.613125,-11.275751953125,-1.0538085937500001,2.5210084033613445,48.109243697478995,16.946778711484594,IMU0,26.165
0.5269042968750001,-11.237431640625001,-1.025068359375,3.081232492997199,46.148459383753504,17.22689075630252,IMU0,26.175
0.5843847656250001,-11.28533203125,-1.159189453125,3.641456582633053,43.977591036414566,17.50700280112045,IMU0,26.185
0.536484375,-11.390712890625,-1.120869140625,4.131652661064426,41.52661064425771,17.787114845938376,IMU0,26.195
0.5748046875,-11.49609375,-1.082548828125,4.69187675070028,39.14565826330532,18.067226890756302,IMU0,26.205
0.536484375,-11.51525390625,-1.149609375,5.322128851540617,36.62464985994398,18.347338935574232,IMU0,26.215
0.5460644531250001,-11.55357421875,-1.1112890625,5.9523809523809526,34.31372549019608,18.627450980392158,IMU0,26.225
0.613125,-11.716435546875001,-1.2166699218750001,6.442577030812325,32.00280112044818,18.837535014005603,IMU0,26.235
0.6035449218750001,-11.793076171875,-1.140029296875,7.212885154061625,29.69187675070028,19.18767507002801,IMU0,26.245
0.680185546875,-11.812236328125001,-1.2070898437500002,7.843137254901961,27.73109243697479,19.46778711484594,IMU0,26.255
0.6610253906250001,-11.735595703125,-1.140029296875,8.473389355742297,25.560224089635856,19.817927170868348,IMU0,26.265
0.5748046875,-11.601474609375002,-1.1687695312500002,9.173669467787116,23.599439775910366,20.238095238095237,IMU0,26.275
0.59396484375,-11.352392578125,-1.1304492187500002,9.593837535014005,21.77871148459384,20.58823529411765,IMU0,26.285
0.5652246093750001,-11.179951171875,-1.1112890625,10.224089635854343,19.677871148459385,20.868347338935575,IMU0,26.295
0.6035449218750001,-11.218271484375,-1.197509765625,10.784313725490197,17.647058823529413,21.1484593837535,IMU0,26.305
0.6514453125,-11.141630859375,-1.082548828125,11.414565826330533,15.476190476190476,21.498599439775912,IMU0,26.315
0.6514453125,-10.88296875,-1.120869140625,12.184873949579833,13.305322128851541,21.77871148459384,IMU0,26.325
0.6418652343750001,-10.653046875000001,-1.0921289062500001,12.675070028011206,11.27450980392157,22.128851540616246,IMU0,26.335
0.6035449218750001,-10.55724609375,-1.140029296875,13.23529411764706,9.313725490196079,22.478991596638657,IMU0,26.345
0.59396484375,-10.336904296875002,-1.063388671875,13.865546218487395,7.42296918767507,22.759103641456583,IMU0,26.355
0.5652246093750001,-10.02076171875,-1.082548828125,14.705882352941178,5.5322128851540615,23.03921568627451,IMU0,26.365
0.5077441406250001,-9.790839843750001,-1.07296875,15.126050420168069,3.5714285714285716,23.31932773109244,IMU0,26.375
0.43110351562500004,-9.666298828125,-1.101708984375,15.686274509803923,1.680672268907563,23.599439775910366,IMU0,26.385
0.43110351562500004,-9.513017578125,-1.082548828125,16.246498599439775,-0.42016806722689076,23.87955182072829,IMU0,26.395
0.41194335937500004,-9.2351953125,-1.07296875,16.946778711484594,-2.5910364145658265,24.019607843137255,IMU0,26.405
0.32572265625,-8.8519921875,-1.0538085937500001,17.43697478991597,-4.831932773109244,24.089635854341736,IMU0,26.415
0.32572265625,-8.631650390625001,-1.0346484375,18.067226890756302,-7.072829131652662,24.229691876750703,IMU0,26.425
0.258662109375,-8.526269531250001,-1.063388671875,18.907563025210084,-9.943977591036415,24.159663865546218,IMU0,26.435
0.18202148437500001,-8.267607421875,-1.044228515625,19.46778711484594,-12.745098039215687,24.159663865546218,IMU0,26.445
0.18202148437500001,-8.171806640625,-1.044228515625,20.098039215686274,-15.546218487394958,24.089635854341736,IMU0,26.455
0.17244140625,-8.152646484375001,-0.9963281250000001,20.868347338935575,-18.417366946778714,24.019607843137255,IMU0,26.465
0.20118164062500002,-8.14306640625,-1.0154882812500001,21.84873949579832,-21.638655462184875,23.87955182072829,IMU0,26.475
0.09580078125000001,-8.382568359375,-1.025068359375,22.198879551820728,-24.57983193277311,23.73949579831933,IMU0,26.485
0.057480468750000006,-8.650810546875,-1.044228515625,22.829131652661065,-28.011204481792717,23.599439775910366,IMU0,26.495
-0.028740234375000003,-8.919052734375,-1.005908203125,23.599439775910366,-31.862745098039216,23.249299719887958,IMU0,26.505
-0.10538085937500001,-8.976533203125001,-0.9867480468750001,24.299719887955185,-35.85434173669468,22.899159663865547,IMU0,26.515
-0.12454101562500001,-8.938212890625001,-0.9580078125000001,25.28011204481793,-40.19607843137255,22.408963585434176,IMU0,26.525
-0.162861328125,-8.98611328125,-0.9771679687500001,25.910364145658264,-44.6078431372549,21.9187675070028,IMU0,26.535
-0.22992187500000003,-9.168134765625,-0.9580078125000001,26.610644257703083,-49.15966386554622,21.288515406162468,IMU0,26.545
-0.2682421875,-9.608818359375,-0.929267578125,27.73109243697479,-54.13165266106443,20.58823529411765,IMU0,26.555
-0.3448828125,-9.94412109375,-0.948427734375,28.291316526610647,-59.103641456582636,19.88795518207283,IMU0,26.565
-0.40236328125000004,-10.174042968750001,-0.929267578125,29.20168067226891,-64.70588235294117,19.047619047619047,IMU0,26.575
-0.45984375000000005,-10.317744140625,-0.929267578125,30.32212885154062,-70.58823529411765,18.137254901960784,IMU0,26.585
-0.5843847656250001,-10.490185546875,-0.8238867187500001,31.092436974789916,-76.40056022408965,17.15686274509804,IMU0,26.595
-0.613125,-10.566826171875,-0.795146484375,31.932773109243698,-82.21288515406162,16.106442577030812,IMU0,26.605
-0.699345703125,-10.67220703125,-0.699345703125,32.77310924369748,-87.95518207282913,14.985994397759104,IMU0,26.615
-0.814306640625,-10.806328125,-0.680185546875,33.61344537815126,-93.55742296918768,13.795518207282914,IMU0,26.625
-0.8238867187500001,-10.988349609375001,-0.59396484375,34.2436974789916,-99.15966386554622,12.46498599439776,IMU0,26.635
-0.8813671875000001,-11.103310546875,-0.5460644531250001,35.0140056022409,-104.69187675070029,11.134453781512606,IMU0,26.645
-0.775986328125,-11.227851562500001,-0.55564453125,35.7843137254902,-110.15406162464987,9.73389355742297,IMU0,26.655
-0.871787109375,-11.314072265625,-0.47900390625000006,36.484593837535016,-115.54621848739497,8.333333333333334,IMU0,26.665
-0.9196875000000001,-11.314072265625,-0.43110351562500004,37.04481792717087,-120.7983193277311,6.932773109243698,IMU0,26.675
-0.929267578125,-11.112890625,-0.354462890625,37.675070028011206,-125.98039215686275,5.46218487394958,IMU0,26.685
-0.9771679687500001,-10.930869140625001,-0.258662109375,38.30532212885154,-130.95238095238096,3.991596638655462,IMU0,26.695
-0.9675878906250001,-10.86380859375,-0.17244140625,38.655462184873954,-135.64425770308125,2.380952380952381,IMU0,26.705
-1.0346484375,-10.815908203125002,-0.086220703125,39.075630252100844,-139.91596638655463,0.8403361344537815,IMU0,26.715
-1.005908203125,-10.739267578125,0.0,39.285714285714285,-143.8375350140056,-0.700280112044818,IMU0,26.725
-1.025068359375,-10.643466796875,0.01916015625,39.285714285714285,-147.40896358543418,-2.3109243697478994,IMU0,26.735
-1.005908203125,-10.55724609375,0.067060546875,39.56582633053222,-150.7703081232493,-3.781512605042017,IMU0,26.745
-0.9771679687500001,-10.499765625,0.10538085937500001,39.56582633053222,-154.13165266106444,-5.46218487394958,IMU0,26.755
-1.0154882812500001,-10.336904296875002,0.15328125,39.56582633053222,-157.42296918767508,-7.002801120448179,IMU0,26.765
-1.0154882812500001,-10.145302734375,0.22034179687500002,39.49579831932773,-159.94397759103643,-8.543417366946779,IMU0,26.775
-1.0154882812500001,-10.001601562500001,0.296982421875,39.21568627450981,-162.11484593837537,-10.084033613445378,IMU0,26.785
-0.9580078125000001,-9.934541015625001,0.37362304687500003,38.865546218487395,-163.79551820728292,-11.484593837535014,IMU0,26.795
-0.9867480468750001,-9.867480468750001,0.43110351562500004,38.445378151260506,-165.3361344537815,-12.955182072829132,IMU0,26.805
-0.9771679687500001,-9.867480468750001,0.45984375000000005,38.02521008403362,-166.52661064425772,-14.355742296918768,IMU0,26.815
-0.929267578125,-9.972861328125001,0.5460644531250001,37.39495798319328,-167.50700280112045,-15.686274509803923,IMU0,26.825
-1.005908203125,-10.09740234375,0.699345703125,36.5546218487395,-167.99719887955183,-17.016806722689076,IMU0,26.835
-0.9867480468750001,-10.068662109375001,0.7664062500000001,35.99439775910364,-168.0672268907563,-18.347338935574232,IMU0,26.845
-0.9867480468750001,-9.886640625,0.852626953125,35.22408963585434,-167.50700280112045,-19.537815126050422,IMU0,26.855
-0.9388476562500001,-9.915380859375,0.8430468750000001,34.03361344537815,-166.52661064425772,-20.72829131652661,IMU0,26.865
-0.929267578125,-10.0782421875,0.9005273437500001,33.19327731092437,-165.0560224089636,-21.77871148459384,IMU0,26.875
-0.8622070312500001,-10.0782421875,0.8813671875000001,32.07282913165266,-163.4453781512605,-22.759103641456583,IMU0,26.885
-0.8430468750000001,-10.087822265625,0.9388476562500001,30.88235294117647,-161.55462184873952,-23.669467787114847,IMU0,26.895
-0.833466796875,-10.183623046875,0.948427734375,29.831932773109244,-159.2436974789916,-24.50980392156863,IMU0,26.905
-0.756826171875,-10.279423828125001,1.005908203125,28.641456582633054,-156.51260504201682,-25.28011204481793,IMU0,26.915
-0.7664062500000001,-10.423125,1.025068359375,27.380952380952383,-153.64145658263305,-25.980392156862745,IMU0,26.925
-0.699345703125,-10.566826171875,1.044228515625,26.12044817927171,-150.14005602240897,-26.5406162464986,IMU0,26.935
-0.680185546875,-10.835068359375,1.082548828125,25.0,-146.49859943977592,-27.100840336134453,IMU0,26.945
-0.699345703125,-11.03625,1.120869140625,23.459383753501402,-142.50700280112045,-27.521008403361346,IMU0,26.955
-0.6514453125,-11.1512109375,1.197509765625,22.338935574229694,-138.58543417366948,-28.011204481792717,IMU0,26.965
-0.63228515625,-11.1512109375,1.1112890625,21.07843137254902,-134.03361344537817,-28.291316526610647,IMU0,26.975
-0.5843847656250001,-11.026669921875001,1.178349609375,19.677871148459385,-129.41176470588235,-28.571428571428573,IMU0,26.985
-0.5269042968750001,-10.88296875,1.0921289062500001,18.207282913165265,-124.6498599439776,-28.641456582633054,IMU0,26.995
-0.5077441406250001,-10.86380859375,1.044228515625,16.946778711484594,-120.09803921568628,-28.8515406162465,IMU0,27.005
-0.36404296875000003,-11.0745703125,1.044228515625,14.495798319327731,-111.27450980392157,-28.92156862745098,IMU0,27.015
-0.45984375000000005,-10.988349609375001,1.025068359375,13.445378151260504,-107.00280112044818,-28.92156862745098,IMU0,27.025
-0.32572265625,-10.796748046875,1.005908203125,12.46498599439776,-102.87114845938376,-28.8515406162465,IMU0,27.035
-0.38320312500000003,-10.55724609375,1.0154882812500001,11.484593837535014,-98.59943977591037,-28.781512605042018,IMU0,27.045
-0.316142578125,-10.4614453125,0.9771679687500001,10.364145658263306,-94.18767507002802,-28.571428571428573,IMU0,27.055
-0.335302734375,-10.394384765625,1.0346484375,9.243697478991598,-89.98599439775911,-28.43137254901961,IMU0,27.065
-0.316142578125,-10.164462890625,0.9196875000000001,8.263305322128852,-85.71428571428572,-28.221288515406165,IMU0,27.075
-0.37362304687500003,-9.90580078125,0.9196875000000001,7.42296918767507,-81.79271708683474,-28.0812324929972,IMU0,27.085
-0.335302734375,-9.81,0.814306640625,6.442577030812325,-77.87114845938376,-27.941176470588236,IMU0,27.095
-0.296982421875,-9.9249609375,0.833466796875,5.602240896358544,-74.15966386554622,-27.73109243697479,IMU0,27.105
-0.335302734375,-9.8483203125,0.795146484375,4.901960784313726,-70.44817927170868,-27.521008403361346,IMU0,27.115
-0.3065625,-9.800419921875001,0.756826171875,4.131652661064426,-66.9467787114846,-27.380952380952383,IMU0,27.125
-0.32572265625,-9.819580078125,0.7855664062500001,3.5014005602240896,-63.72549019607843,-27.24089635854342,IMU0,27.135
-0.258662109375,-9.94412109375,0.7855664062500001,2.9411764705882355,-60.57422969187675,-27.030812324929972,IMU0,27.145
-0.277822265625,-9.972861328125001,0.890947265625,2.380952380952381,-57.63305322128852,-26.89075630252101,IMU0,27.155
-0.258662109375,-10.02076171875,0.8238867187500001,1.8207282913165266,-54.69187675070028,-26.750700280112046,IMU0,27.165
-0.22992187500000003,-10.05908203125,0.9196875000000001,1.1204481792717087,-51.610644257703086,-26.5406162464986,IMU0,27.175
-0.277822265625,-10.011181640625,0.833466796875,0.4901960784313726,-48.529411764705884,-26.330532212885156,IMU0,27.185
-0.24908203125000003,-10.011181640625,0.8430468750000001,0.0,-45.51820728291317,-26.190476190476193,IMU0,27.195
-0.296982421875,-10.193203125,0.8430468750000001,-0.5602240896358543,-42.577030812324935,-26.050420168067227,IMU0,27.205
-0.316142578125,-10.346484375000001,0.756826171875,-1.1904761904761905,-39.635854341736696,-25.910364145658264,IMU0,27.215
-0.335302734375,-10.413544921875001,0.756826171875,-1.5406162464985995,-36.97478991596639,-25.7703081232493,IMU0,27.225
-0.39278320312500004,-10.509345703125001,0.67060546875,-1.8907563025210086,-34.59383753501401,-25.630252100840337,IMU0,27.235
-0.37362304687500003,-10.720107421875001,0.718505859375,-2.450980392156863,-32.563025210084035,-25.560224089635856,IMU0,27.245
-0.36404296875000003,-10.921289062500001,0.6514453125,-2.73109243697479,-30.742296918767508,-25.490196078431374,IMU0,27.255
-0.39278320312500004,-10.950029296875,0.6514453125,-2.8711484593837535,-29.411764705882355,-25.420168067226893,IMU0,27.265
-0.37362304687500003,-10.67220703125,0.6227050781250001,-3.711484593837535,-27.73109243697479,-25.420168067226893,IMU0,27.275
-0.36404296875000003,-10.308164062500001,0.613125,-3.711484593837535,-26.680672268907564,-25.420168067226893,IMU0,27.285
-0.38320312500000003,-10.126142578125,0.5843847656250001,-3.9215686274509807,-25.70028011204482,-25.420168067226893,IMU0,27.295
-0.41194335937500004,-10.221943359375,0.55564453125,-4.061624649859944,-24.789915966386555,-25.420168067226893,IMU0,27.305
-0.40236328125000004,-10.423125,0.5748046875,-4.201680672268908,-24.019607843137255,-25.490196078431374,IMU0,27.315
-0.38320312500000003,-10.40396484375,0.5077441406250001,-4.481792717086835,-23.529411764705884,-25.490196078431374,IMU0,27.325
-0.43110351562500004,-9.992021484375,0.5269042968750001,-4.551820728291316,-23.179271708683473,-25.560224089635856,IMU0,27.335
-0.335302734375,-9.666298828125,0.45026367187500005,-4.69187675070028,-22.899159663865547,-25.630252100840337,IMU0,27.345
-0.36404296875000003,-9.71419921875,0.45026367187500005,-4.901960784313726,-22.899159663865547,-25.70028011204482,IMU0,27.355
-0.39278320312500004,-9.733359375000001,0.44068359375000005,-4.901960784313726,-22.899159663865547,-25.7703081232493,IMU0,27.365
-0.41194335937500004,-9.627978515625001,0.42152343750000004,-4.971988795518207,-23.03921568627451,-25.910364145658264,IMU0,27.375
-0.36404296875000003,-9.589658203125001,0.40236328125000004,-4.971988795518207,-23.80952380952381,-26.12044817927171,IMU0,27.385
-0.42152343750000004,-9.75251953125,0.354462890625,-5.042016806722689,-24.439775910364148,-26.330532212885156,IMU0,27.395
-0.40236328125000004,-9.819580078125,0.38320312500000003,-5.112044817927171,-25.35014005602241,-26.47058823529412,IMU0,27.405
-0.42152343750000004,-9.560917968750001,0.37362304687500003,-5.112044817927171,-26.400560224089638,-26.610644257703083,IMU0,27.415
-0.45026367187500005,-9.263935546875,0.3448828125,-5.182072829131653,-27.24089635854342,-26.89075630252101,IMU0,27.425
-0.44068359375000005,-9.206455078125,0.296982421875,-5.182072829131653,-28.0812324929972,-27.030812324929972,IMU0,27.435
-0.45026367187500005,-9.36931640625,0.335302734375,-5.042016806722689,-28.991596638655462,-27.24089635854342,IMU0,27.445
-0.45984375000000005,-9.417216796875001,0.3065625,-5.042016806722689,-29.971988795518207,-27.450980392156865,IMU0,27.455
-0.39278320312500004,-9.33099609375,0.32572265625,-4.971988795518207,-31.1624649859944,-27.591036414565828,IMU0,27.465
-0.39278320312500004,-9.350156250000001,0.335302734375,-4.901960784313726,-31.862745098039216,-27.801120448179272,IMU0,27.475
-0.37362304687500003,-9.522597656250001,0.32572265625,-5.042016806722689,-32.563025210084035,-28.011204481792717,IMU0,27.485
-0.335302734375,-9.627978515625001,0.36404296875000003,-5.182072829131653,-33.26330532212885,-28.151260504201684,IMU0,27.495
-0.335302734375,-9.67587890625,0.335302734375,-5.112044817927171,-34.03361344537815,-28.291316526610647,IMU0,27.505
-0.28740234375,-9.685458984375,0.335302734375,-5.182072829131653,-34.66386554621849,-28.36134453781513,IMU0,27.515
-0.277822265625,-9.704619140625,0.32572265625,-5.2521008403361344,-35.294117647058826,-28.50140056022409,IMU0,27.525
-0.296982421875,-9.934541015625001,0.335302734375,-5.322128851540617,-35.714285714285715,-28.571428571428573,IMU0,27.535
-0.24908203125000003,-10.174042968750001,0.296982421875,-5.322128851540617,-36.34453781512605,-28.641456582633054,IMU0,27.545
-0.296982421875,-10.317744140625,0.3448828125,-5.392156862745098,-36.62464985994398,-28.711484593837536,IMU0,27.555
-0.20118164062500002,-10.40396484375,0.335302734375,-5.5322128851540615,-36.76470588235294,-28.781512605042018,IMU0,27.565
-0.20118164062500002,-10.3848046875,0.316142578125,-5.6722689075630255,-36.83473389355743,-28.781512605042018,IMU0,27.575
-0.162861328125,-10.375224609375001,0.296982421875,-5.5322128851540615,-36.83473389355743,-28.711484593837536,IMU0,27.585
-0.143701171875,-10.346484375000001,0.316142578125,-5.602240896358544,-36.76470588235294,-28.711484593837536,IMU0,27.595
-0.11496093750000001,-10.1165625,0.28740234375,-5.6722689075630255,-36.484593837535016,-28.571428571428573,IMU0,27.605
-0.086220703125,-9.953701171875,0.24908203125000003,-5.6722689075630255,-36.134453781512605,-28.50140056022409,IMU0,27.615
-0.067060546875,-9.867480468750001,0.258662109375,-5.742296918767507,-35.85434173669468,-28.36134453781513,IMU0,27.625
-0.028740234375000003,-9.915380859375,0.22992187500000003,-5.742296918767507,-35.294117647058826,-28.221288515406165,IMU0,27.635
-0.0383203125,-9.992021484375,0.20118164062500002,-5.6722689075630255,-34.943977591036415,-28.011204481792717,IMU0,27.645
0.028740234375000003,-10.039921875000001,0.22034179687500002,-5.6722689075630255,-34.38375350140056,-27.801120448179272,IMU0,27.655
0.009580078125,-9.972861328125001,0.19160156250000002,-5.5322128851540615,-33.82352941176471,-27.66106442577031,IMU0,27.665
0.01916015625,-9.800419921875001,0.17244140625,-5.5322128851540615,-33.753501400560225,-27.450980392156865,IMU0,27.675
0.0,-9.790839843750001,0.20118164062500002,-5.322128851540617,-33.333333333333336,-27.3109243697479,IMU0,27.685
0.067060546875,-9.90580078125,0.18202148437500001,-5.392156862745098,-32.84313725490196,-27.100840336134453,IMU0,27.695
0.086220703125,-9.953701171875,0.17244140625,-5.322128851540617,-32.35294117647059,-26.820728291316527,IMU0,27.705
0.047900390625000004,-9.762099609375001,0.15328125,-5.182072829131653,-31.932773109243698,-26.680672268907564,IMU0,27.715
0.086220703125,-9.580078125,0.15328125,-5.112044817927171,-31.442577030812327,-26.47058823529412,IMU0,27.725
0.15328125,-9.4651171875,0.13412109375,-5.112044817927171,-30.952380952380953,-26.260504201680675,IMU0,27.735
0.24908203125000003,-9.148974609375001,0.143701171875,-5.042016806722689,-30.46218487394958,-25.980392156862745,IMU0,27.745
0.277822265625,-8.79451171875,0.13412109375,-4.831932773109244,-29.761904761904763,-25.630252100840337,IMU0,27.755
0.335302734375,-8.64123046875,0.11496093750000001,-4.761904761904762,-28.991596638655462,-25.28011204481793,IMU0,27.765
0.36404296875000003,-8.698710937500001,0.11496093750000001,-4.481792717086835,-28.36134453781513,-24.92997198879552,IMU0,27.775
0.39278320312500004,-8.861572265625,0.09580078125000001,-4.271708683473389,-27.380952380952383,-24.50980392156863,IMU0,27.785
0.43110351562500004,-9.091494140625,0.10538085937500001,-4.131652661064426,-26.400560224089638,-24.159663865546218,IMU0,27.795
0.51732421875,-9.350156250000001,0.076640625,-3.9215686274509807,-25.28011204481793,-23.669467787114847,IMU0,27.805
0.5269042968750001,-9.656718750000001,0.11496093750000001,-3.781512605042017,-24.019607843137255,-23.10924369747899,IMU0,27.815
0.680185546875,-9.972861328125001,0.076640625,-3.5714285714285716,-22.408963585434176,-22.54901960784314,IMU0,27.825
0.689765625,-10.164462890625,0.09580078125000001,-3.2212885154061626,-20.72829131652661,-21.9187675070028,IMU0,27.835
0.7664062500000001,-10.193203125,0.086220703125,-3.151260504201681,-18.76750700280112,-21.218487394957982,IMU0,27.845
0.833466796875,-10.145302734375,0.057480468750000006,-2.8711484593837535,-16.80672268907563,-20.58823529411765,IMU0,27.855
0.871787109375,-10.039921875000001,0.076640625,-2.5210084033613445,-14.915966386554622,-19.817927170868348,IMU0,27.865
0.910107421875,-10.068662109375001,0.057480468750000006,-2.5210084033613445,-12.88515406162465,-18.977591036414566,IMU0,27.875
0.9580078125000001,-10.193203125,0.047900390625000004,-2.100840336134454,-10.92436974789916,-18.27731092436975,IMU0,27.885
0.9867480468750001,-10.241103515625001,0.028740234375000003,-1.7507002801120448,-8.683473389355743,-17.50700280112045,IMU0,27.895
0.9771679687500001,-10.269843750000001,0.0383203125,-1.400560224089636,-6.512605042016807,-16.596638655462186,IMU0,27.905
1.0538085937500001,-10.28900390625,0.01916015625,-0.9803921568627452,-4.201680672268908,-15.756302521008404,IMU0,27.915
1.082548828125,-10.183623046875,0.047900390625000004,-0.7703081232492998,-1.6106442577030813,-14.84593837535014,IMU0,27.925
1.1304492187500002,-10.1548828125,0.047900390625000004,-0.42016806722689076,1.050420168067227,-13.935574229691877,IMU0,27.935
1.1879296875,-10.106982421875001,0.057480468750000006,-0.0700280112044818,3.991596638655462,-13.095238095238097,IMU0,27.945
1.2070898437500002,-9.90580078125,0.047900390625000004,0.21008403361344538,7.142857142857143,-12.114845938375352,IMU0,27.955
1.197509765625,-9.656718750000001,0.047900390625000004,0.21008403361344538,10.294117647058824,-10.994397759103641,IMU0,27.965
1.197509765625,-9.522597656250001,0.067060546875,0.8403361344537815,13.165266106442578,-10.084033613445378,IMU0,27.975
1.2166699218750001,-9.5034375,0.067060546875,0.8403361344537815,16.526610644257705,-9.033613445378151,IMU0,27.985
1.2166699218750001,-9.608818359375,0.11496093750000001,1.4705882352941178,19.747899159663866,-8.123249299719888,IMU0,27.995
1.2549902343750001,-9.704619140625,0.11496093750000001,1.680672268907563,23.10924369747899,-7.072829131652662,IMU0,28.005
1.2549902343750001,-9.656718750000001,0.13412109375,1.9607843137254903,26.5406162464986,-6.0924369747899165,IMU0,28.015
1.2837304687500002,-9.44595703125,0.18202148437500001,1.9607843137254903,30.32212885154062,-4.971988795518207,IMU0,28.025
1.2933105468750001,-9.532177734375,0.19160156250000002,2.5210084033613445,37.675070028011206,-2.9411764705882355,IMU0,28.035
1.37953125,-9.551337890625001,0.17244140625,2.73109243697479,41.66666666666667,-1.8207282913165266,IMU0,28.045
1.350791015625,-9.455537109375001,0.28740234375,3.011204481792717,45.79831932773109,-0.700280112044818,IMU0,28.055
1.3220507812500002,-9.426796875,0.2682421875,3.151260504201681,50.070028011204485,0.4901960784313726,IMU0,28.065
1.302890625,-9.417216796875001,0.3448828125,3.151260504201681,54.411764705882355,1.6106442577030813,IMU0,28.075
1.235830078125,-9.40763671875,0.37362304687500003,3.2913165266106446,58.96358543417367,2.73109243697479,IMU0,28.085
1.2645703125,-9.484277343750001,0.45984375000000005,3.2212885154061626,63.79551820728292,3.781512605042017,IMU0,28.095
1.2933105468750001,-9.551337890625001,0.46942382812500005,3.081232492997199,68.69747899159664,4.971988795518207,IMU0,28.105
1.302890625,-9.570498046875,0.47900390625000006,3.081232492997199,73.8795518207283,6.162464985994398,IMU0,28.115
1.2837304687500002,-9.417216796875001,0.5748046875,2.801120448179272,79.13165266106444,7.352941176470589,IMU0,28.125
1.2070898437500002,-9.378896484375,0.6227050781250001,2.6610644257703084,84.31372549019608,8.543417366946779,IMU0,28.135
1.149609375,-9.44595703125,0.680185546875,2.450980392156863,89.70588235294117,9.73389355742297,IMU0,28.145
1.197509765625,-9.656718750000001,0.737666015625,2.030812324929972,95.16806722689076,10.784313725490197,IMU0,28.155
1.197509765625,-9.800419921875001,0.756826171875,1.680672268907563,100.98039215686275,12.044817927170868,IMU0,28.165
1.2166699218750001,-9.857900390625,0.852626953125,1.400560224089636,106.65266106442577,13.23529411764706,IMU0,28.175
1.1687695312500002,-9.81,0.9005273437500001,0.9103641456582633,112.53501400560225,14.42577030812325,IMU0,28.185
0.9771679687500001,-9.75251953125,0.9196875000000001,0.4901960784313726,118.4873949579832,15.616246498599441,IMU0,28.195
0.9771679687500001,-9.790839843750001,0.9963281250000001,-0.21008403361344538,124.43977591036415,16.73669467787115,IMU0,28.205
0.8622070312500001,-9.953701171875,1.0346484375,-0.7703081232492998,130.60224089635855,17.787114845938376,IMU0,28.215
0.795146484375,-10.135722656250001,1.140029296875,-1.5406162464985995,136.76470588235296,18.76750700280112,IMU0,28.225
0.699345703125,-10.2315234375,1.140029296875,-2.3109243697478994,142.99719887955183,19.747899159663866,IMU0,28.235
0.6035449218750001,-10.336904296875002,1.235830078125,-3.151260504201681,149.15966386554624,20.65826330532213,IMU0,28.245
0.6418652343750001,-10.36564453125,1.235830078125,-4.061624649859944,155.11204481792717,21.498599439775912,IMU0,28.255
0.536484375,-10.346484375000001,1.302890625,-4.69187675070028,160.7843137254902,22.268907563025213,IMU0,28.265
0.45026367187500005,-10.241103515625001,1.302890625,-5.742296918767507,166.31652661064427,22.969187675070028,IMU0,28.275
0.24908203125000003,-10.135722656250001,1.3316308593750001,-6.932773109243698,171.6386554621849,23.599439775910366,IMU0,28.285
0.047900390625000004,-10.05908203125,1.389111328125,-8.053221288515406,176.75070028011206,24.089635854341736,IMU0,28.295
-0.01916015625,-9.886640625,1.350791015625,-9.103641456582633,181.65266106442579,24.439775910364148,IMU0,28.305
-0.15328125,-9.704619140625,1.3220507812500002,-10.224089635854343,186.1344537815126,24.719887955182074,IMU0,28.315
-0.162861328125,-9.656718750000001,1.3220507812500002,-11.27450980392157,190.26610644257704,24.789915966386555,IMU0,28.325
-0.22034179687500002,-9.733359375000001,1.3699511718750002,-12.324929971988796,194.187675070028,24.789915966386555,IMU0,28.335
-0.18202148437500001,-9.857900390625,1.37953125,-13.445378151260504,197.89915966386556,24.719887955182074,IMU0,28.345
-0.22034179687500002,-9.857900390625,1.37953125,-14.355742296918768,201.47058823529412,24.649859943977592,IMU0,28.355
-0.3448828125,-9.723779296875001,1.3699511718750002,-15.616246498599441,204.76190476190476,24.369747899159666,IMU0,28.365
-0.41194335937500004,-9.63755859375,1.3316308593750001,-16.596638655462186,207.49299719887955,24.019607843137255,IMU0,28.375
-0.5269042968750001,-9.63755859375,1.3412109375,-17.366946778711487,210.22408963585434,23.669467787114847,IMU0,28.385
-0.6514453125,-9.6183984375,1.2645703125,-18.417366946778714,212.60504201680672,23.10924369747899,IMU0,28.395
-0.7664062500000001,-9.484277343750001,1.22625,-19.327731092436977,214.56582633053222,22.408963585434176,IMU0,28.405
-0.8238867187500001,-9.388476562500001,1.22625,-20.168067226890756,216.24649859943978,21.638655462184875,IMU0,28.415
-0.890947265625,-9.426796875,1.1687695312500002,-20.868347338935575,217.64705882352942,20.798319327731093,IMU0,28.425
-0.910107421875,-9.474697265625,1.120869140625,-21.498599439775912,218.4873949579832,19.88795518207283,IMU0,28.435
-0.910107421875,-9.378896484375,1.120869140625,-22.128851540616246,218.97759103641457,18.907563025210084,IMU0,28.445
-0.9771679687500001,-9.244775390625001,1.120869140625,-22.61904761904762,219.04761904761907,17.857142857142858,IMU0,28.455
-0.9867480468750001,-9.091494140625,1.063388671875,-23.03921568627451,218.4173669467787,16.666666666666668,IMU0,28.465
-1.0538085937500001,-8.98611328125,0.948427734375,-23.599439775910366,217.99719887955183,15.616246498599441,IMU0,28.475
-1.140029296875,-9.091494140625,0.910107421875,-23.80952380952381,216.5966386554622,14.355742296918768,IMU0,28.485
-1.178349609375,-9.1585546875,0.814306640625,-24.089635854341736,214.9859943977591,13.025210084033613,IMU0,28.495
-1.1687695312500002,-9.110654296875001,0.7472460937500001,-24.229691876750703,213.02521008403363,11.69467787114846,IMU0,28.505
-1.1879296875,-9.081914062500001,0.7472460937500001,-24.299719887955185,210.71428571428572,10.224089635854343,IMU0,28.515
-1.159189453125,-9.081914062500001,0.699345703125,-24.229691876750703,207.98319327731093,8.893557422969188,IMU0,28.525
-1.2166699218750001,-9.13939453125,0.680185546875,-24.089635854341736,205.11204481792717,7.492997198879552,IMU0,28.535
-1.22625,-9.120234375,0.5652246093750001,-24.019607843137255,202.17086834733894,6.0924369747899165,IMU0,28.545
-1.178349609375,-9.120234375,0.5269042968750001,-23.87955182072829,199.01960784313727,4.69187675070028,IMU0,28.555
-1.2070898437500002,-9.1585546875,0.45984375000000005,-23.529411764705884,195.51820728291318,3.2212885154061626,IMU0,28.565
-1.2454101562500002,-9.225615234375,0.39278320312500004,-22.899159663865547,191.87675070028013,1.8207282913165266,IMU0,28.575
-1.2645703125,-9.273515625,0.335302734375,-22.61904761904762,188.37535014005604,0.42016806722689076,IMU0,28.585
-1.1879296875,-9.254355468750001,0.277822265625,-22.198879551820728,184.45378151260505,-0.9103641456582633,IMU0,28.595
-1.2454101562500002,-9.2351953125,0.22992187500000003,-21.638655462184875,180.3221288515406,-2.2408963585434174,IMU0,28.605
-1.159189453125,-9.33099609375,0.21076171875000002,-21.07843137254902,176.1904761904762,-3.5714285714285716,IMU0,28.615
-1.197509765625,-9.484277343750001,0.143701171875,-20.378151260504204,171.84873949579833,-4.761904761904762,IMU0,28.625
-1.2070898437500002,-9.59923828125,0.09580078125000001,-19.677871148459385,167.15686274509804,-6.022408963585434,IMU0,28.635
-1.140029296875,-9.589658203125001,0.10538085937500001,-19.047619047619047,162.3249299719888,-7.212885154061625,IMU0,28.645
-1.1687695312500002,-9.580078125,0.028740234375000003,-18.067226890756302,157.07282913165267,-8.403361344537815,IMU0,28.655
-1.1304492187500002,-9.5417578125,-0.009580078125,-17.15686274509804,151.47058823529412,-9.523809523809524,IMU0,28.665
-1.120869140625,-9.5034375,-0.11496093750000001,-16.38655462184874,145.7983193277311,-10.644257703081234,IMU0,28.675
-1.044228515625,-9.40763671875,-0.18202148437500001,-15.336134453781513,139.9859943977591,-11.69467787114846,IMU0,28.685
-1.0346484375,-9.33099609375,-0.21076171875000002,-14.565826330532213,134.31372549019608,-12.675070028011206,IMU0,28.695
-1.025068359375,-9.426796875,-0.258662109375,-13.65546218487395,128.50140056022408,-13.65546218487395,IMU0,28.705
-0.9580078125000001,-9.513017578125,-0.316142578125,-12.745098039215687,122.6890756302521,-14.495798319327731,IMU0,28.715
-0.948427734375,-9.455537109375001,-0.32572265625,-11.764705882352942,116.73669467787116,-15.406162464985995,IMU0,28.725
-0.871787109375,-9.474697265625,-0.37362304687500003,-10.784313725490197,111.06442577030813,-16.176470588235293,IMU0,28.735
-0.8813671875000001,-9.484277343750001,-0.3448828125,-9.943977591036415,105.46218487394958,-16.876750700280112,IMU0,28.745
-0.833466796875,-9.33099609375,-0.36404296875000003,-8.823529411764707,100.14005602240897,-17.57703081232493,IMU0,28.755
-0.775986328125,-9.081914062500001,-0.37362304687500003,-8.19327731092437,95.09803921568628,-18.137254901960784,IMU0,28.765
-0.7280859375000001,-8.842412109375001,-0.296982421875,-7.282913165266106,90.19607843137256,-18.69747899159664,IMU0,28.775
-0.718505859375,-9.187294921875,-0.41194335937500004,-6.0924369747899165,85.57422969187675,-19.18767507002801,IMU0,28.785
-0.699345703125,-9.532177734375,-0.44068359375000005,-5.46218487394958,80.74229691876751,-19.677871148459385,IMU0,28.795
-0.67060546875,-9.40763671875,-0.45984375000000005,-4.621848739495799,75.84033613445378,-20.168067226890756,IMU0,28.805
-0.699345703125,-9.2351953125,-0.49816406250000006,-3.781512605042017,70.93837535014006,-20.58823529411765,IMU0,28.815
-0.680185546875,-9.359736328125,-0.49816406250000006,-2.8711484593837535,66.03641456582633,-20.938375350140056,IMU0,28.825
-0.6418652343750001,-9.493857421875001,-0.48858398437500006,-2.100840336134454,61.41456582633054,-21.288515406162468,IMU0,28.835
-0.63228515625,-9.484277343750001,-0.44068359375000005,-1.3305322128851542,56.792717086834735,-21.77871148459384,IMU0,28.845
-0.63228515625,-9.4651171875,-0.55564453125,-0.42016806722689076,52.450980392156865,-22.058823529411764,IMU0,28.855
-0.6035449218750001,-9.44595703125,-0.44068359375000005,0.350140056022409,47.96918767507003,-22.408963585434176,IMU0,28.865
-0.6035449218750001,-9.33099609375,-0.5077441406250001,0.9803921568627452,43.55742296918768,-22.689075630252102,IMU0,28.875
-0.6227050781250001,-9.273515625,-0.43110351562500004,1.7507002801120448,39.42577030812325,-23.03921568627451,IMU0,28.885
-0.59396484375,-9.493857421875001,-0.43110351562500004,2.2408963585434174,35.57422969187675,-23.249299719887958,IMU0,28.895
-0.5748046875,-9.560917968750001,-0.40236328125000004,2.801120448179272,31.65266106442577,-23.529411764705884,IMU0,28.905
-0.55564453125,-9.398056640625,-0.32572265625,3.361344537815126,27.941176470588236,-23.80952380952381,IMU0,28.915
-0.5460644531250001,-9.36931640625,-0.36404296875000003,3.781512605042017,24.439775910364148,-24.089635854341736,IMU0,28.925
-0.6035449218750001,-9.608818359375,-0.2682421875,4.201680672268908,21.07843137254902,-24.299719887955185,IMU0,28.935
-0.5652246093750001,-9.790839843750001,-0.277822265625,4.761904761904762,18.067226890756302,-24.57983193277311,IMU0,28.945
-0.59396484375,-9.896220703125001,-0.13412109375,4.971988795518207,15.126050420168069,-24.789915966386555,IMU0,28.955
-0.6035449218750001,-10.039921875000001,-0.15328125,5.46218487394958,12.394957983193278,-25.07002801120448,IMU0,28.965
-0.613125,-10.1548828125,0.01916015625,5.742296918767507,9.873949579831933,-25.35014005602241,IMU0,28.975
-0.6035449218750001,-10.145302734375,0.028740234375000003,5.9523809523809526,7.913165266106443,-25.560224089635856,IMU0,28.985
-0.6418652343750001,-10.087822265625,0.09580078125000001,5.8123249299719895,6.23249299719888,-25.70028011204482,IMU0,28.995
-0.6227050781250001,-9.98244140625,0.143701171875,5.882352941176471,4.901960784313726,-25.910364145658264,IMU0,29.005
-0.5843847656250001,-9.972861328125001,0.143701171875,5.742296918767507,3.781512605042017,-26.050420168067227,IMU0,29.015
-0.6514453125,-10.106982421875001,0.23950195312500003,5.6722689075630255,2.73109243697479,-26.330532212885156,IMU0,29.025
-0.63228515625,-10.202783203125001,0.17244140625,5.602240896358544,2.100840336134454,-26.47058823529412,IMU0,29.035
-0.6514453125,-10.269843750000001,0.3065625,5.46218487394958,1.680672268907563,-26.680672268907564,IMU0,29.045
-0.6514453125,-10.183623046875,0.40236328125000004,5.2521008403361344,1.5406162464985995,-26.89075630252101,IMU0,29.055
-0.6035449218750001,-10.039921875000001,0.41194335937500004,4.69187675070028,2.380952380952381,-27.100840336134453,IMU0,29.065
-0.59396484375,-10.011181640625,0.45984375000000005,4.341736694677872,3.431372549019608,-27.3109243697479,IMU0,29.075
-0.689765625,-9.9249609375,0.6418652343750001,3.9215686274509807,4.481792717086835,-27.380952380952383,IMU0,29.085
-0.6227050781250001,-9.992021484375,0.536484375,3.5714285714285716,5.8123249299719895,-27.521008403361346,IMU0,29.095
-0.70892578125,-9.790839843750001,0.70892578125,3.081232492997199,7.352941176470589,-27.591036414565828,IMU0,29.105
-0.5652246093750001,-9.81,0.6227050781250001,2.6610644257703084,9.173669467787116,-27.66106442577031,IMU0,29.115
-0.63228515625,-10.05908203125,0.7280859375000001,1.9607843137254903,10.854341736694678,-27.801120448179272,IMU0,29.125
-0.689765625,-10.28900390625,0.9005273437500001,1.5406162464985995,12.815126050420169,-27.871148459383754,IMU0,29.135
-0.63228515625,-10.432705078125,0.6418652343750001,0.9803921568627452,15.056022408963585,-27.871148459383754,IMU0,29.145
-0.680185546875,-10.356064453125,0.8047265625000001,0.350140056022409,17.086834733893557,-28.011204481792717,IMU0,29.155
-0.5748046875,-10.308164062500001,0.8047265625000001,-0.21008403361344538,19.537815126050422,-28.0812324929972,IMU0,29.165
-0.536484375,-10.480605468750001,0.718505859375,-0.350140056022409,21.84873949579832,-28.221288515406165,IMU0,29.175
-0.6035449218750001,-10.8446484375,0.9196875000000001,-1.1904761904761905,24.859943977591037,-28.151260504201684,IMU0,29.185
-0.536484375,-11.170371093750001,0.7855664062500001,-1.8207282913165266,27.941176470588236,-28.151260504201684,IMU0,29.195
-0.5843847656250001,-11.18953125,0.9963281250000001,-2.450980392156863,31.232492997198882,-28.221288515406165,IMU0,29.205
-0.46942382812500005,-11.122470703125,0.8622070312500001,-2.9411764705882355,34.87394957983194,-28.151260504201684,IMU0,29.215
-0.5269042968750001,-11.20869140625,0.910107421875,-3.641456582633053,38.37535014005602,-28.0812324929972,IMU0,29.225
-0.40236328125000004,-11.36197265625,0.8047265625000001,-4.271708683473389,42.016806722689076,-28.011204481792717,IMU0,29.235
-0.48858398437500006,-11.237431640625001,0.9005273437500001,-4.831932773109244,45.168067226890756,-27.941176470588236,IMU0,29.245
-0.40236328125000004,-11.0745703125,0.7855664062500001,-4.971988795518207,48.24929971988796,-27.871148459383754,IMU0,29.255
-0.40236328125000004,-11.03625,0.775986328125,-5.392156862745098,51.5406162464986,-27.801120448179272,IMU0,29.265
-0.38320312500000003,-10.930869140625001,0.8430468750000001,-5.742296918767507,54.6218487394958,-27.73109243697479,IMU0,29.275
-0.316142578125,-10.55724609375,0.689765625,-6.23249299719888,57.703081232493,-27.66106442577031,IMU0,29.285
-0.39278320312500004,-10.241103515625001,0.814306640625,-6.512605042016807,60.57422969187675,-27.591036414565828,IMU0,29.295
-0.3448828125,-10.145302734375,0.7855664062500001,-6.862745098039216,63.72549019607843,-27.521008403361346,IMU0,29.305
-0.32572265625,-10.02076171875,0.795146484375,-7.142857142857143,66.9467787114846,-27.450980392156865,IMU0,29.315
-0.2682421875,-9.7716796875,0.756826171875,-7.633053221288516,70.30812324929973,-27.3109243697479,IMU0,29.325
-0.354462890625,-9.762099609375001,0.9005273437500001,-7.983193277310924,73.94957983193278,-27.24089635854342,IMU0,29.335
-0.24908203125000003,-9.886640625,0.737666015625,-8.263305322128852,77.59103641456583,-27.100840336134453,IMU0,29.345
-0.2682421875,-9.972861328125001,0.9196875000000001,-8.403361344537815,81.30252100840336,-27.100840336134453,IMU0,29.355
-0.19160156250000002,-10.011181640625,0.7855664062500001,-8.61344537815126,85.29411764705883,-26.96078431372549,IMU0,29.365
-0.23950195312500003,-9.953701171875,0.910107421875,-8.823529411764707,89.35574229691878,-26.820728291316527,IMU0,29.375
-0.18202148437500001,-9.781259765625,0.929267578125,-9.313725490196079,93.83753501400561,-26.610644257703083,IMU0,29.385
-0.143701171875,-9.819580078125,0.833466796875,-9.663865546218489,98.31932773109244,-26.400560224089638,IMU0,29.395
-0.13412109375,-9.896220703125001,0.9196875000000001,-9.943977591036415,102.59103641456583,-26.190476190476193,IMU0,29.405
-0.057480468750000006,-9.992021484375,0.8622070312500001,-10.014005602240896,107.28291316526611,-25.980392156862745,IMU0,29.415
-0.09580078125000001,-9.877060546875,1.005908203125,-10.294117647058824,112.18487394957984,-25.7703081232493,IMU0,29.425
-0.076640625,-9.71419921875,0.814306640625,-10.57422969187675,117.29691876750701,-25.420168067226893,IMU0,29.435
-0.0383203125,-9.733359375000001,0.9675878906250001,-10.644257703081234,122.12885154061625,-25.210084033613448,IMU0,29.445
0.009580078125,-9.81,0.833466796875,-10.784313725490197,127.24089635854342,-24.92997198879552,IMU0,29.455
-0.028740234375000003,-9.838740234375,0.8238867187500001,-10.854341736694678,132.14285714285714,-24.649859943977592,IMU0,29.465
0.047900390625000004,-9.98244140625,0.890947265625,-10.854341736694678,137.2549019607843,-24.369747899159666,IMU0,29.475
0.0383203125,-9.886640625,0.7280859375000001,-10.784313725490197,142.22689075630254,-24.019607843137255,IMU0,29.485
0.047900390625000004,-9.59923828125,0.910107421875,-10.92436974789916,147.05882352941177,-23.80952380952381,IMU0,29.495
0.11496093750000001,-9.455537109375001,0.718505859375,-10.854341736694678,151.68067226890756,-23.459383753501402,IMU0,29.505
0.076640625,-9.522597656250001,0.833466796875,-10.644257703081234,156.09243697478993,-23.179271708683473,IMU0,29.515
0.13412109375,-9.75251953125,0.67060546875,-10.504201680672269,160.64425770308125,-22.899159663865547,IMU0,29.525
0.162861328125,-9.877060546875,0.7472460937500001,-10.154061624649861,164.9859943977591,-22.61904761904762,IMU0,29.535
0.19160156250000002,-9.896220703125001,0.7664062500000001,-10.084033613445378,169.46778711484595,-22.338935574229694,IMU0,29.545
0.162861328125,-9.992021484375,0.7280859375000001,-9.873949579831933,173.73949579831933,-22.058823529411764,IMU0,29.555
0.22034179687500002,-10.212363281250001,0.8047265625000001,-9.73389355742297,178.29131652661064,-21.708683473389357,IMU0,29.565
0.23950195312500003,-10.442285156250001,0.680185546875,-9.38375350140056,182.7731092436975,-21.35854341736695,IMU0,29.575
0.19160156250000002,-10.547666015625001,0.8047265625000001,-9.033613445378151,187.2549019607843,-21.07843137254902,IMU0,29.585
0.258662109375,-10.777587890625,0.699345703125,-8.823529411764707,192.0168067226891,-20.72829131652661,IMU0,29.595
0.22034179687500002,-11.112890625,0.871787109375,-8.473389355742297,196.6386554621849,-20.378151260504204,IMU0,29.605
0.258662109375,-11.36197265625,0.833466796875,-8.19327731092437,201.40056022408965,-19.95798319327731,IMU0,29.615
0.20118164062500002,-11.51525390625,0.910107421875,-7.913165266106443,206.23249299719888,-19.607843137254903,IMU0,29.625
0.20118164062500002,-11.658955078125,0.910107421875,-7.563025210084034,211.06442577030813,-19.257703081232496,IMU0,29.635
0.162861328125,-11.51525390625,0.929267578125,-7.212885154061625,215.8263305322129,-18.907563025210084,IMU0,29.645
0.086220703125,-11.304492187500001,0.9675878906250001,-6.792717086834735,220.51820728291318,-18.557422969187677,IMU0,29.655
0.11496093750000001,-11.294912109375002,0.948427734375,-6.652661064425771,225.28011204481794,-18.27731092436975,IMU0,29.665
0.0,-11.63021484375,1.1112890625,-6.022408963585434,229.41176470588238,-18.137254901960784,IMU0,29.675
0.01916015625,-12.061318359375,1.082548828125,-6.0924369747899165,234.17366946778714,-17.857142857142858,IMU0,29.685
-0.028740234375000003,-12.24333984375,1.178349609375,-5.8123249299719895,238.58543417366948,-17.717086834733895,IMU0,29.695
-0.057480468750000006,-12.080478515625002,1.159189453125,-5.602240896358544,242.99719887955183,-17.57703081232493,IMU0,29.705
-0.12454101562500001,-11.965517578125,1.22625,-5.322128851540617,247.05882352941177,-17.50700280112045,IMU0,29.715
-0.18202148437500001,-12.214599609375,1.274150390625,-5.042016806722689,250.98039215686276,-17.43697478991597,IMU0,29.725
-0.17244140625,-12.569062500000001,1.39869140625,-4.831932773109244,254.6918767507003,-17.43697478991597,IMU0,29.735
-0.3448828125,-12.636123046875001,1.5232324218750002,-4.621848739495799,258.05322128851543,-17.50700280112045,IMU0,29.745
-0.32572265625,-12.521162109375,1.4561718750000001,-4.411764705882353,261.2044817927171,-17.717086834733895,IMU0,29.755
-0.37362304687500003,-12.396621093750001,1.5998730468750002,-4.201680672268908,263.9355742296919,-17.92717086834734,IMU0,29.765
-0.32572265625,-11.984677734375001,1.4561718750000001,-3.9215686274509807,266.45658263305324,-18.067226890756302,IMU0,29.775
-0.39278320312500004,-11.611054687500001,1.427431640625,-3.5014005602240896,268.4873949579832,-18.347338935574232,IMU0,29.785
-0.45026367187500005,-11.179951171875,1.3220507812500002,-3.2913165266106446,270.5882352941177,-18.627450980392158,IMU0,29.795
-0.32572265625,-11.103310546875,1.2933105468750001,-2.8711484593837535,272.2689075630252,-18.837535014005603,IMU0,29.805
-0.335302734375,-11.03625,1.2549902343750001,-2.3109243697478994,273.73949579831935,-19.047619047619047,IMU0,29.815
-0.32572265625,-10.997929687500001,1.22625,-1.8207282913165266,275.21008403361344,-19.18767507002801,IMU0,29.825
-0.335302734375,-10.88296875,1.197509765625,-0.9803921568627452,276.33053221288515,-19.39775910364146,IMU0,29.835
-0.18202148437500001,-10.624306640625,1.1879296875,-0.21008403361344538,277.7310924369748,-19.39775910364146,IMU0,29.845
-0.24908203125000003,-10.63388671875,1.149609375,0.42016806722689076,279.06162464985994,-19.39775910364146,IMU0,29.855
-0.11496093750000001,-10.825488281250001,1.120869140625,1.3305322128851542,280.4621848739496,-19.257703081232496,IMU0,29.865
-0.11496093750000001,-10.930869140625001,1.140029296875,2.170868347338936,281.9327731092437,-19.11764705882353,IMU0,29.875
0.009580078125,-10.8446484375,1.101708984375,2.801120448179272,283.8235294117647,-18.76750700280112,IMU0,29.885
0.028740234375000003,-10.854228515625001,1.1879296875,3.781512605042017,285.5042016806723,-18.417366946778714,IMU0,29.895
0.086220703125,-10.921289062500001,1.1304492187500002,4.69187675070028,287.60504201680675,-17.857142857142858,IMU0,29.905
0.17244140625,-10.921289062500001,1.140029296875,5.5322128851540615,290.0560224089636,-17.296918767507005,IMU0,29.915
0.20118164062500002,-10.911708984375,1.149609375,6.442577030812325,292.8571428571429,-16.526610644257705,IMU0,29.925
0.296982421875,-11.093730468750001,1.22625,7.352941176470589,295.7282913165266,-15.686274509803923,IMU0,29.935
0.258662109375,-11.314072265625,1.274150390625,8.123249299719888,299.08963585434174,-14.775910364145659,IMU0,29.945
0.38320312500000003,-11.524833984375,1.2837304687500002,8.96358543417367,302.7310924369748,-13.65546218487395,IMU0,29.955
0.41194335937500004,-11.658955078125,1.3412109375,9.663865546218489,306.5826330532213,-12.46498599439776,IMU0,29.965
0.45984375000000005,-11.812236328125001,1.312470703125,10.294117647058824,310.85434173669466,-11.134453781512606,IMU0,29.975
0.48858398437500006,-11.86013671875,1.4082714843750002,10.92436974789916,315.33613445378154,-9.803921568627452,IMU0,29.985
0.5077441406250001,-11.917617187500001,1.39869140625,11.624649859943979,320.23809523809524,-8.333333333333334,IMU0,29.995
0.536484375,-12.013417968750002,1.580712890625,12.044817927170868,325.4901960784314,-6.792717086834735,IMU0,30.005
0.51732421875,-11.850556640625001,1.5998730468750002,12.394957983193278,330.88235294117646,-5.112044817927171,IMU0,30.015
0.49816406250000006,-11.6876953125,1.657353515625,12.605042016806724,336.5546218487395,-3.431372549019608,IMU0,30.025
0.40236328125000004,-11.563154296875,1.8010546875000002,12.745098039215687,342.3669467787115,-1.7507002801120448,IMU0,30.035
0.32572265625,-11.678115234375001,1.868115234375,12.675070028011206,348.5294117647059,0.0,IMU0,30.045
0.23950195312500003,-11.86013671875,2.01181640625,12.53501400560224,354.4817927170869,1.7507002801120448,IMU0,30.055
0.15328125,-11.888876953125001,2.059716796875,12.254901960784315,360.4341736694678,3.431372549019608,IMU0,30.065
-0.028740234375000003,-11.66853515625,2.1842578125000003,12.114845938375352,366.52661064425774,5.042016806722689,IMU0,30.075
-0.0383203125,-11.227851562500001,2.136357421875,10.714285714285715,378.5014005602241,8.19327731092437,IMU0,30.085
-0.0383203125,-11.20869140625,2.2513183593750004,10.014005602240896,384.17366946778714,9.803921568627452,IMU0,30.095
-0.10538085937500001,-11.32365234375,2.289638671875,9.243697478991598,390.1260504201681,11.27450980392157,IMU0,30.105
-0.18202148437500001,-11.352392578125,2.4141796875000003,8.403361344537815,395.93837535014006,12.745098039215687,IMU0,30.115
-0.24908203125000003,-11.141630859375,2.39501953125,7.492997198879552,401.7507002801121,14.215686274509805,IMU0,30.125
-0.41194335937500004,-10.969189453125,2.5004003906250003,6.582633053221289,407.4229691876751,15.476190476190476,IMU0,30.135
-0.5077441406250001,-10.8446484375,2.39501953125,5.112044817927171,412.95518207282913,16.666666666666668,IMU0,30.145
-0.613125,-10.758427734375001,2.60578125,3.8515406162464987,417.99719887955183,17.647058823529413,IMU0,30.155
-0.756826171875,-10.691367187500001,2.5674609375000004,2.5210084033613445,423.10924369747903,18.557422969187677,IMU0,30.165
-0.8622070312500001,-10.7680078125,2.634521484375,1.050420168067227,427.7310924369748,19.257703081232496,IMU0,30.175
-0.9963281250000001,-11.03625,2.8165429687500003,-0.6302521008403361,432.49299719887955,19.88795518207283,IMU0,30.185
-1.082548828125,-11.266171875000001,2.7399023437500003,-2.170868347338936,436.764705882353,20.238095238095237,IMU0,30.195
-1.178349609375,-11.266171875000001,2.9123437500000002,-3.9215686274509807,440.8263305322129,20.448179271708685,IMU0,30.205
-1.2549902343750001,-11.20869140625,2.921923828125,-5.602240896358544,444.467787114846,20.448179271708685,IMU0,30.215
-1.4465917968750002,-11.18953125,2.9027636718750003,-7.142857142857143,447.05882352941177,20.028011204481793,IMU0,30.225
-1.4944921875000001,-11.237431640625001,2.8836035156250004,-8.96358543417367,449.2997198879552,19.46778711484594,IMU0,30.235
-1.66693359375,-11.20869140625,2.77822265625,-10.364145658263306,450.7703081232493,18.76750700280112,IMU0,30.245
-1.8393750000000002,-11.314072265625,2.62494140625,-11.904761904761905,451.2605042016807,17.717086834733895,IMU0,30.255
-1.829794921875,-11.304492187500001,2.4908203125000004,-12.955182072829132,450.8403361344538,16.38655462184874,IMU0,30.265
-2.0980371093750003,-11.304492187500001,2.289638671875,-14.145658263305323,450.21008403361344,14.985994397759104,IMU0,30.275
-1.9255957031250002,-11.141630859375,2.2608984375000003,-14.84593837535014,448.8795518207283,13.445378151260504,IMU0,30.285
-2.16509765625,-10.959609375000001,1.944755859375,-15.406162464985995,446.9887955182073,11.69467787114846,IMU0,30.295
-1.9543359375000002,-10.777587890625,1.9160156250000002,-15.686274509803923,444.6078431372549,9.873949579831933,IMU0,30.305
-2.05013671875,-10.55724609375,1.676513671875,-15.826330532212886,441.5966386554622,8.123249299719888,IMU0,30.315
-2.01181640625,-10.25068359375,1.6094531250000002,-15.616246498599441,438.30532212885157,6.372549019607844,IMU0,30.325
-1.8776953125000002,-9.934541015625001,1.465751953125,-15.406162464985995,434.87394957983196,4.551820728291316,IMU0,30.335
-1.944755859375,-9.867480468750001,1.2166699218750001,-14.915966386554622,430.95238095238096,2.801120448179272,IMU0,30.345
-1.753154296875,-9.886640625,1.159189453125,-14.285714285714286,426.7507002801121,1.1904761904761905,IMU0,30.355
-1.7723144531250001,-9.94412109375,0.8430468750000001,-13.515406162464986,422.19887955182077,-0.350140056022409,IMU0,30.365
-1.657353515625,-9.81,0.910107421875,-12.675070028011206,417.3669467787115,-1.8207282913165266,IMU0,30.375
-1.5998730468750002,-9.493857421875001,0.6514453125,-11.484593837535014,412.3249299719888,-3.2212885154061626,IMU0,30.385
-1.59029296875,-9.187294921875,0.7280859375000001,-10.294117647058824,407.14285714285717,-4.481792717086835,IMU0,30.395
-1.4082714843750002,-9.034013671875,0.536484375,-8.893557422969188,401.9607843137255,-5.602240896358544,IMU0,30.405
-1.39869140625,-9.187294921875,0.48858398437500006,-7.563025210084034,396.5686274509804,-6.652661064425771,IMU0,30.415
-1.302890625,-9.187294921875,0.36404296875000003,-6.0924369747899165,391.1764705882353,-7.563025210084034,IMU0,30.425
-1.1304492187500002,-9.005273437500001,0.22034179687500002,-4.551820728291316,385.7843137254902,-8.263305322128852,IMU0,30.435
-1.063388671875,-8.899892578125,0.19160156250000002,-3.011204481792717,380.39215686274514,-8.823529411764707,IMU0,30.445
-0.8047265625000001,-8.966953125,0.067060546875,-1.1904761904761905,375.140056022409,-9.243697478991598,IMU0,30.455
-0.7664062500000001,-9.02443359375,0.028740234375000003,0.5602240896358543,370.0280112044818,-9.523809523809524,IMU0,30.465
-0.5652246093750001,-8.919052734375,-0.0383203125,2.2408963585434174,364.9859943977591,-9.523809523809524,IMU0,30.475
-0.5460644531250001,-8.79451171875,-0.01916015625,3.781512605042017,360.4341736694678,-9.38375350140056,IMU0,30.485
-0.45026367187500005,-8.813671875,-0.086220703125,5.46218487394958,356.1624649859944,-9.103641456582633,IMU0,30.495
-0.43110351562500004,-8.8903125,-0.067060546875,7.072829131652662,352.03081232492997,-8.683473389355743,IMU0,30.505
-0.36404296875000003,-8.9286328125,-0.12454101562500001,8.543417366946779,348.3893557422969,-8.263305322128852,IMU0,30.515
-0.22992187500000003,-8.94779296875,-0.09580078125000001,9.943977591036415,344.9579831932773,-7.703081232492997,IMU0,30.525
-0.17244140625,-8.861572265625,-0.12454101562500001,11.414565826330533,341.7366946778712,-7.072829131652662,IMU0,30.535
-0.086220703125,-8.8519921875,-0.11496093750000001,12.745098039215687,339.0056022408964,-6.23249299719888,IMU0,30.545
-0.01916015625,-8.83283203125,-0.067060546875,13.935574229691877,336.764705882353,-5.2521008403361344,IMU0,30.555
0.086220703125,-8.8519921875,-0.086220703125,14.915966386554622,334.87394957983196,-4.201680672268908,IMU0,30.565
0.11496093750000001,-8.957373046875,-0.028740234375000003,16.03641456582633,332.703081232493,-3.081232492997199,IMU0,30.575
0.10538085937500001,-8.957373046875,0.0,16.876750700280112,331.2324929971989,-1.8907563025210086,IMU0,30.585
0.17244140625,-8.842412109375001,0.0383203125,17.647058823529413,329.83193277310926,-0.5602240896358543,IMU0,30.595
0.19160156250000002,-8.823251953125,0.086220703125,18.27731092436975,328.8515406162465,0.7703081232492998,IMU0,30.605
0.24908203125000003,-8.737031250000001,0.12454101562500001,18.837535014005603,328.08123249299723,2.170868347338936,IMU0,30.615
0.2682421875,-8.689130859375,0.22034179687500002,19.257703081232496,327.7310924369748,3.641456582633053,IMU0,30.625
0.316142578125,-8.727451171875,0.28740234375,19.327731092436977,327.7310924369748,5.182072829131653,IMU0,30.635
0.37362304687500003,-8.64123046875,0.43110351562500004,19.537815126050422,327.8711484593838,6.652661064425771,IMU0,30.645
0.40236328125000004,-8.48794921875,0.47900390625000006,19.537815126050422,328.2212885154062,8.19327731092437,IMU0,30.655
0.354462890625,-8.44962890625,0.5843847656250001,18.907563025210084,329.06162464985994,9.73389355742297,IMU0,30.665
0.335302734375,-8.497529296875001,0.6610253906250001,18.977591036414566,329.6918767507003,11.27450980392157,IMU0,30.675
0.335302734375,-8.58375,0.718505859375,18.977591036414566,330.4621848739496,12.745098039215687,IMU0,30.685
0.28740234375,-8.478369140625,0.833466796875,17.857142857142858,332.07282913165267,14.285714285714286,IMU0,30.695
0.24908203125000003,-8.353828125,0.8813671875000001,17.15686274509804,333.5434173669468,15.686274509803923,IMU0,30.705
0.143701171875,-8.286767578125001,0.948427734375,16.38655462184874,335.0140056022409,17.016806722689076,IMU0,30.715
0.13412109375,-8.2771875,0.9963281250000001,15.476190476190476,336.48459383753504,18.347338935574232,IMU0,30.725
0.067060546875,-8.286767578125001,1.063388671875,14.565826330532213,337.8851540616247,19.39775910364146,IMU0,30.735
0.057480468750000006,-8.353828125,1.2070898437500002,13.445378151260504,339.6358543417367,20.58823529411765,IMU0,30.745
-0.009580078125,-8.401728515625,1.302890625,12.394957983193278,341.31652661064425,21.568627450980394,IMU0,30.755
-0.0383203125,-8.392148437500001,1.465751953125,11.064425770308123,343.06722689075633,22.478991596638657,IMU0,30.765
-0.076640625,-8.516689453125,1.5232324218750002,9.313725490196079,344.88795518207286,23.31932773109244,IMU0,30.775
-0.17244140625,-8.612490234375,1.51365234375,8.263305322128852,346.35854341736695,23.87955182072829,IMU0,30.785
-0.20118164062500002,-8.6220703125,1.542392578125,6.862745098039216,347.47899159663865,24.369747899159666,IMU0,30.795
-0.32572265625,-8.737031250000001,1.504072265625,5.46218487394958,348.249299719888,24.719887955182074,IMU0,30.805
-0.38320312500000003,-8.83283203125,1.5615527343750002,4.061624649859944,348.3893557422969,24.859943977591037,IMU0,30.815
-0.36404296875000003,-8.938212890625001,1.51365234375,2.801120448179272,348.03921568627453,24.92997198879552,IMU0,30.825
-0.43110351562500004,-9.081914062500001,1.580712890625,1.5406162464985995,347.6890756302521,24.789915966386555,IMU0,30.835
-0.5652246093750001,-9.1585546875,1.5998730468750002,0.21008403361344538,347.19887955182077,24.439775910364148,IMU0,30.845
-0.6514453125,-9.168134765625,1.619033203125,-0.9803921568627452,346.218487394958,23.949579831932773,IMU0,30.855
-0.7280859375000001,-9.216035156250001,1.676513671875,-2.170868347338936,344.81792717086836,23.38935574229692,IMU0,30.865
-0.7855664062500001,-9.29267578125,1.657353515625,-3.5014005602240896,343.06722689075633,22.61904761904762,IMU0,30.875
-0.8622070312500001,-9.302255859375,1.619033203125,-4.621848739495799,340.6862745098039,21.708683473389357,IMU0,30.885
-0.9005273437500001,-9.29267578125,1.5615527343750002,-5.5322128851540615,337.8151260504202,20.72829131652661,IMU0,30.895
-0.9196875000000001,-9.254355468750001,1.4561718750000001,-6.302521008403362,334.593837535014,19.537815126050422,IMU0,30.905
-0.9196875000000001,-9.244775390625001,1.312470703125,-6.862745098039216,330.812324929972,18.417366946778714,IMU0,30.915
-0.9580078125000001,-9.216035156250001,1.312470703125,-7.492997198879552,326.6106442577031,17.086834733893557,IMU0,30.925
-1.025068359375,-9.273515625,1.1879296875,-7.773109243697479,322.05882352941177,15.756302521008404,IMU0,30.935
-1.063388671875,-9.283095703125001,1.1879296875,-8.053221288515406,317.08683473389357,14.355742296918768,IMU0,30.945
-1.159189453125,-9.254355468750001,1.149609375,-8.263305322128852,311.7647058823529,12.88515406162465,IMU0,30.955
-1.22625,-9.244775390625001,1.044228515625,-8.19327731092437,306.2324929971989,11.414565826330533,IMU0,30.965
-1.3220507812500002,-9.263935546875,1.005908203125,-8.053221288515406,300.21008403361344,9.873949579831933,IMU0,30.975
-1.274150390625,-9.216035156250001,0.910107421875,-7.633053221288516,294.18767507002804,8.263305322128852,IMU0,30.985
-1.178349609375,-9.13939453125,0.737666015625,-7.282913165266106,287.8151260504202,6.722689075630252,IMU0,30.995
-1.1112890625,-9.072333984375,0.689765625,-6.722689075630252,280.812324929972,5.322128851540617,IMU0,31.005
-1.07296875,-9.005273437500001,0.7280859375000001,-6.0924369747899165,273.8795518207283,3.9215686274509807,IMU0,31.015
-1.0538085937500001,-8.899892578125,0.45984375000000005,-5.2521008403361344,267.08683473389357,2.6610644257703084,IMU0,31.025
-0.9963281250000001,-8.813671875,0.59396484375,-4.271708683473389,260.0140056022409,1.4705882352941178,IMU0,31.035
-0.9771679687500001,-8.823251953125,0.32572265625,-3.5014005602240896,252.3109243697479,0.350140056022409,IMU0,31.045
-1.0346484375,-8.79451171875,0.49816406250000006,-2.5210084033613445,244.7478991596639,-0.700280112044818,IMU0,31.055
-0.8622070312500001,-8.650810546875,0.2682421875,-1.5406162464985995,237.8151260504202,-1.6106442577030813,IMU0,31.065
-0.9867480468750001,-8.564589843750001,0.39278320312500004,-0.42016806722689076,230.8823529411765,-2.450980392156863,IMU0,31.075
-0.852626953125,-8.64123046875,0.2682421875,0.7703081232492998,224.2997198879552,-3.2212885154061626,IMU0,31.085
-0.814306640625,-8.804091796875001,0.24908203125000003,1.7507002801120448,217.43697478991598,-3.8515406162464987,IMU0,31.095
-0.6418652343750001,-8.708291015625,0.18202148437500001,3.9215686274509807,204.2717086834734,-4.901960784313726,IMU0,31.105
-0.814306640625,-8.698710937500001,0.258662109375,4.901960784313726,197.96918767507003,-5.322128851540617,IMU0,31.115
-0.67060546875,-8.727451171875,0.13412109375,6.162464985994398,191.80672268907563,-5.6722689075630255,IMU0,31.125
-0.814306640625,-8.698710937500001,0.28740234375,7.142857142857143,185.8543417366947,-6.022408963585434,IMU0,31.135
-0.775986328125,-8.67955078125,0.11496093750000001,8.19327731092437,180.25210084033614,-6.23249299719888,IMU0,31.145
-0.8430468750000001,-8.67955078125,0.23950195312500003,9.243697478991598,174.78991596638656,-6.512605042016807,IMU0,31.155
-0.8047265625000001,-8.669970703125001,0.15328125,10.224089635854343,169.60784313725492,-6.792717086834735,IMU0,31.165
-0.718505859375,-8.6220703125,0.24908203125000003,11.27450980392157,164.6358543417367,-7.002801120448179,IMU0,31.175
-0.7664062500000001,-8.650810546875,0.2682421875,12.184873949579833,159.80392156862746,-7.072829131652662,IMU0,31.185
-0.756826171875,-8.650810546875,0.258662109375,13.095238095238097,155.3221288515406,-7.142857142857143,IMU0,31.195
-0.8238867187500001,-8.708291015625,0.36404296875000003,13.935574229691877,150.98039215686276,-7.282913165266106,IMU0,31.205
-0.680185546875,-8.909472656250001,0.316142578125,14.775910364145659,146.9187675070028,-7.282913165266106,IMU0,31.215
-0.8047265625000001,-9.053173828125,0.44068359375000005,15.406162464985995,142.92717086834733,-7.352941176470589,IMU0,31.225
-0.795146484375,-9.091494140625,0.28740234375,16.176470588235293,139.2156862745098,-7.282913165266106,IMU0,31.235
-0.910107421875,-9.034013671875,0.45026367187500005,16.80672268907563,135.64425770308125,-7.282913165266106,IMU0,31.245
-0.9388476562500001,-9.034013671875,0.37362304687500003,17.43697478991597,132.21288515406164,-7.282913165266106,IMU0,31.255
-0.8238867187500001,-9.081914062500001,0.5077441406250001,18.207282913165265,128.99159663865547,-7.42296918767507,IMU0,31.265
-0.8430468750000001,-9.196875,0.49816406250000006,18.627450980392158,126.26050420168067,-7.352941176470589,IMU0,31.275
-0.7664062500000001,-9.177714843750001,0.5843847656250001,19.11764705882353,123.45938375350141,-7.282913165266106,IMU0,31.285
-0.8813671875000001,-9.06275390625,0.6610253906250001,19.607843137254903,121.00840336134455,-7.212885154061625,IMU0,31.295
-0.7472460937500001,-9.014853515625001,0.5748046875,19.95798319327731,118.9075630252101,-7.072829131652662,IMU0,31.305
-0.890947265625,-9.034013671875,0.737666015625,20.168067226890756,117.15686274509804,-6.932773109243698,IMU0,31.315
-0.795146484375,-8.94779296875,0.6418652343750001,20.518207282913167,115.82633053221289,-6.792717086834735,IMU0,31.325
-0.9005273437500001,-8.899892578125,0.8047265625000001,20.65826330532213,114.6358543417367,-6.652661064425771,IMU0,31.335
-0.890947265625,-8.861572265625,0.7472460937500001,20.868347338935575,113.72549019607844,-6.512605042016807,IMU0,31.345
-0.795146484375,-8.8519921875,0.910107421875,21.008403361344538,112.88515406162466,-6.372549019607844,IMU0,31.355
-0.871787109375,-8.871152343750001,0.929267578125,21.1484593837535,112.6750700280112,-6.162464985994398,IMU0,31.365
-0.9196875000000001,-8.746611328125,0.9196875000000001,21.35854341736695,112.18487394957984,-6.022408963585434,IMU0,31.375
-1.0538085937500001,-8.67955078125,0.9580078125000001,21.07843137254902,112.04481792717087,-5.882352941176471,IMU0,31.385
-0.9867480468750001,-8.823251953125,0.910107421875,21.008403361344538,112.04481792717087,-5.8123249299719895,IMU0,31.395
-1.101708984375,-8.966953125,1.0921289062500001,21.008403361344538,112.04481792717087,-5.742296918767507,IMU0,31.405
-1.063388671875,-8.995693359375,1.1304492187500002,20.868347338935575,112.46498599439776,-5.602240896358544,IMU0,31.415
-1.120869140625,-8.899892578125,1.2070898437500002,20.58823529411765,113.02521008403362,-5.602240896358544,IMU0,31.425
-1.2549902343750001,-8.8903125,1.197509765625,20.448179271708685,114.00560224089637,-5.46218487394958,IMU0,31.435
-1.274150390625,-8.909472656250001,1.1879296875,20.028011204481793,115.19607843137256,-5.5322128851540615,IMU0,31.445
-1.37953125,-9.005273437500001,1.389111328125,19.747899159663866,116.5266106442577,-5.5322128851540615,IMU0,31.455
-1.2454101562500002,-9.129814453125,1.37953125,19.18767507002801,118.20728291316527,-5.6722689075630255,IMU0,31.465
-1.4082714843750002,-9.216035156250001,1.5711328125000001,18.76750700280112,119.74789915966387,-5.742296918767507,IMU0,31.475
-1.39869140625,-9.1585546875,1.55197265625,18.207282913165265,121.77871148459384,-5.8123249299719895,IMU0,31.485
-1.4178515625,-9.1585546875,1.5232324218750002,17.50700280112045,123.80952380952381,-5.882352941176471,IMU0,31.495
-1.6860937500000002,-9.33099609375,1.51365234375,16.80672268907563,125.70028011204482,-6.0924369747899165,IMU0,31.505
-1.6094531250000002,-9.455537109375001,1.4465917968750002,16.246498599439775,127.03081232492998,-6.442577030812325,IMU0,31.515
-1.7244140625000002,-9.474697265625,1.676513671875,15.616246498599441,127.80112044817928,-6.862745098039216,IMU0,31.525
-1.6477734375000002,-9.455537109375001,1.657353515625,14.985994397759104,128.50140056022408,-7.352941176470589,IMU0,31.535
-1.7339941406250001,-9.455537109375001,1.7339941406250001,14.145658263305323,129.13165266106444,-7.773109243697479,IMU0,31.545
-1.8872753906250002,-9.513017578125,1.6477734375000002,13.58543417366947,129.34173669467788,-8.333333333333334,IMU0,31.555
-1.8776953125000002,-9.608818359375,1.580712890625,12.675070028011206,129.2717086834734,-8.96358543417367,IMU0,31.565
-2.002236328125,-9.59923828125,1.542392578125,11.904761904761905,128.64145658263305,-9.73389355742297,IMU0,31.575
-1.9351757812500001,-9.513017578125,1.4944921875000001,11.624649859943979,127.87114845938376,-10.504201680672269,IMU0,31.585
-1.9926562500000002,-9.350156250000001,1.4944921875000001,10.92436974789916,127.17086834733894,-11.27450980392157,IMU0,31.595
-1.906435546875,-9.206455078125,1.47533203125,10.294117647058824,126.26050420168067,-12.044817927170868,IMU0,31.605
-1.9543359375000002,-9.244775390625001,1.4849121093750002,9.73389355742297,125.28011204481793,-12.815126050420169,IMU0,31.615
-2.0309765625000002,-9.378896484375,1.47533203125,9.173669467787116,124.01960784313727,-13.58543417366947,IMU0,31.625
-1.9543359375000002,-9.4651171875,1.4178515625,8.61344537815126,122.6890756302521,-14.495798319327731,IMU0,31.635
-2.1459375,-9.340576171875,1.3220507812500002,8.19327731092437,121.21848739495799,-15.336134453781513,IMU0,31.645
-1.829794921875,-9.129814453125,1.235830078125,7.843137254901961,119.53781512605043,-16.246498599439775,IMU0,31.655
-2.069296875,-9.1585546875,1.159189453125,7.352941176470589,117.7170868347339,-17.15686274509804,IMU0,31.665
-1.9351757812500001,-9.321416015625001,1.1112890625,6.932773109243698,115.82633053221289,-18.067226890756302,IMU0,31.675
-1.9351757812500001,-9.40763671875,1.149609375,6.372549019607844,114.07563025210085,-18.977591036414566,IMU0,31.685
-2.002236328125,-9.417216796875001,1.1112890625,6.302521008403362,111.9747899159664,-19.95798319327731,IMU0,31.695
-1.8393750000000002,-9.40763671875,1.197509765625,5.9523809523809526,110.15406162464987,-20.868347338935575,IMU0,31.705
-2.040556640625,-9.5034375,1.101708984375,5.5322128851540615,108.4733893557423,-21.708683473389357,IMU0,31.715
-1.74357421875,-9.398056640625,1.1304492187500002,5.112044817927171,106.9327731092437,-22.54901960784314,IMU0,31.725
-1.85853515625,-9.378896484375,0.929267578125,4.831932773109244,105.18207282913166,-23.38935574229692,IMU0,31.735
-1.7723144531250001,-9.513017578125,1.0154882812500001,4.551820728291316,103.64145658263305,-24.159663865546218,IMU0,31.745
-1.70525390625,-9.6183984375,0.9196875000000001,4.481792717086835,101.9607843137255,-24.92997198879552,IMU0,31.755
-1.78189453125,-9.551337890625001,0.8813671875000001,4.411764705882353,100.14005602240897,-25.630252100840337,IMU0,31.765
-1.5232324218750002,-9.426796875,0.814306640625,4.271708683473389,98.31932773109244,-26.330532212885156,IMU0,31.775
-1.6477734375000002,-9.436376953125,0.699345703125,4.201680672268908,96.5686274509804,-26.96078431372549,IMU0,31.785
-1.465751953125,-9.560917968750001,0.737666015625,4.201680672268908,94.74789915966387,-27.66106442577031,IMU0,31.795
-1.47533203125,-9.685458984375,0.5652246093750001,4.341736694677872,92.92717086834735,-28.221288515406165,IMU0,31.805
-1.39869140625,-9.704619140625,0.51732421875,4.411764705882353,91.03641456582633,-28.711484593837536,IMU0,31.815
-1.302890625,-9.59923828125,0.43110351562500004,4.551820728291316,89.2156862745098,-29.20168067226891,IMU0,31.825
-1.312470703125,-9.560917968750001,0.37362304687500003,4.69187675070028,87.39495798319328,-29.69187675070028,IMU0,31.835
-1.149609375,-9.580078125,0.46942382812500005,4.971988795518207,85.71428571428572,-30.04201680672269,IMU0,31.845
-1.197509765625,-9.666298828125,0.42152343750000004,5.112044817927171,84.17366946778712,-30.32212885154062,IMU0,31.855
-1.101708984375,-9.685458984375,0.51732421875,5.322128851540617,82.77310924369748,-30.532212885154063,IMU0,31.865
-1.0538085937500001,-9.589658203125001,0.316142578125,5.392156862745098,81.51260504201682,-30.742296918767508,IMU0,31.875
-0.9580078125000001,-9.5034375,0.2682421875,5.46218487394958,80.32212885154063,-30.88235294117647,IMU0,31.885
-0.8238867187500001,-9.4651171875,0.18202148437500001,5.882352941176471,78.99159663865547,-31.022408963585434,IMU0,31.895
-0.7855664062500001,-9.5417578125,0.057480468750000006,6.23249299719888,77.73109243697479,-31.092436974789916,IMU0,31.905
-0.6227050781250001,-9.532177734375,0.028740234375000003,6.582633053221289,76.47058823529412,-31.022408963585434,IMU0,31.915
-0.5843847656250001,-9.44595703125,-0.047900390625000004,7.002801120448179,75.28011204481793,-30.88235294117647,IMU0,31.925
-0.55564453125,-9.302255859375,-0.01916015625,7.633053221288516,74.01960784313725,-30.81232492997199,IMU0,31.935
-0.45026367187500005,-9.072333984375,-0.047900390625000004,7.913165266106443,73.03921568627452,-30.672268907563026,IMU0,31.945
-0.47900390625000006,-9.311835937500001,0.028740234375000003,8.333333333333334,72.26890756302521,-30.3921568627451,IMU0,31.955
-0.335302734375,-9.7716796875,-0.028740234375000003,8.683473389355743,71.63865546218487,-30.04201680672269,IMU0,31.965
-0.316142578125,-9.733359375000001,0.0383203125,9.313725490196079,71.07843137254902,-29.761904761904763,IMU0,31.975
-0.316142578125,-9.350156250000001,0.01916015625,9.173669467787116,70.86834733893558,-29.411764705882355,IMU0,31.985
-0.18202148437500001,-9.350156250000001,-0.028740234375000003,9.663865546218489,70.86834733893558,-28.991596638655462,IMU0,31.995
-0.15328125,-9.63755859375,-0.067060546875,10.154061624649861,71.07843137254902,-28.50140056022409,IMU0,32.005
-0.01916015625,-9.829160156250001,-0.143701171875,10.57422969187675,71.49859943977592,-27.941176470588236,IMU0,32.015
-0.076640625,-9.790839843750001,-0.076640625,11.064425770308123,71.98879551820728,-27.380952380952383,IMU0,32.025
0.076640625,-9.7716796875,-0.13412109375,11.414565826330533,72.6890756302521,-26.680672268907564,IMU0,32.035
0.13412109375,-9.742939453125,-0.10538085937500001,11.764705882352942,73.66946778711485,-25.910364145658264,IMU0,32.045
0.10538085937500001,-9.742939453125,-0.12454101562500001,12.114845938375352,75.14005602240897,-25.140056022408963,IMU0,32.055
0.24908203125000003,-9.733359375000001,-0.12454101562500001,12.394957983193278,76.82072829131653,-24.229691876750703,IMU0,32.065
0.2682421875,-9.762099609375001,-0.11496093750000001,12.815126050420169,78.92156862745098,-23.31932773109244,IMU0,32.075
0.40236328125000004,-9.7716796875,-0.13412109375,13.025210084033613,81.23249299719889,-22.268907563025213,IMU0,32.085
0.43110351562500004,-9.75251953125,-0.12454101562500001,13.515406162464986,83.40336134453781,-21.218487394957982,IMU0,32.095
0.49816406250000006,-9.781259765625,-0.15328125,13.865546218487395,85.92436974789916,-20.098039215686274,IMU0,32.105
0.5748046875,-9.867480468750001,-0.09580078125000001,14.145658263305323,88.51540616246498,-18.977591036414566,IMU0,32.115
0.6035449218750001,-9.762099609375001,-0.067060546875,14.565826330532213,91.31652661064426,-17.787114845938376,IMU0,32.125
0.6610253906250001,-9.627978515625001,-0.076640625,14.915966386554622,97.75910364145659,-15.19607843137255,IMU0,32.135
0.6514453125,-9.59923828125,-0.067060546875,15.19607843137255,101.05042016806723,-13.935574229691877,IMU0,32.145
0.775986328125,-9.570498046875,-0.028740234375000003,15.476190476190476,104.48179271708683,-12.53501400560224,IMU0,32.155
0.7472460937500001,-9.474697265625,-0.01916015625,15.616246498599441,108.12324929971989,-11.134453781512606,IMU0,32.165
0.775986328125,-9.340576171875,0.01916015625,15.756302521008404,111.69467787114847,-9.593837535014005,IMU0,32.175
0.7855664062500001,-9.2351953125,0.0383203125,15.686274509803923,115.61624649859945,-8.19327731092437,IMU0,32.185
0.814306640625,-9.206455078125,0.067060546875,15.966386554621849,119.46778711484595,-6.722689075630252,IMU0,32.195
0.852626953125,-9.2351953125,0.086220703125,15.966386554621849,123.59943977591037,-5.2521008403361344,IMU0,32.205
0.8813671875000001,-9.283095703125001,0.076640625,15.896358543417367,127.94117647058825,-3.711484593837535,IMU0,32.215
0.8622070312500001,-9.321416015625001,0.11496093750000001,15.896358543417367,132.2829131652661,-2.100840336134454,IMU0,32.225
0.852626953125,-9.474697265625,0.162861328125,15.756302521008404,136.76470588235296,-0.5602240896358543,IMU0,32.235
0.852626953125,-9.580078125,0.20118164062500002,15.406162464985995,141.38655462184875,1.050420168067227,IMU0,32.245
0.8430468750000001,-9.685458984375,0.18202148437500001,15.406162464985995,145.8683473389356,2.6610644257703084,IMU0,32.255
0.871787109375,-9.733359375000001,0.24908203125000003,15.126050420168069,150.63025210084035,4.411764705882353,IMU0,32.265
0.814306640625,-9.819580078125,0.335302734375,14.42577030812325,155.3221288515406,5.9523809523809526,IMU0,32.275
0.814306640625,-9.800419921875001,0.37362304687500003,14.215686274509805,160.15406162464987,7.633053221288516,IMU0,32.285
0.775986328125,-9.723779296875001,0.36404296875000003,13.795518207282914,164.9859943977591,9.243697478991598,IMU0,32.295
0.7280859375000001,-9.656718750000001,0.45984375000000005,13.165266106442578,169.81792717086836,10.784313725490197,IMU0,32.305
0.699345703125,-9.627978515625001,0.45984375000000005,12.605042016806724,174.57983193277312,12.324929971988796,IMU0,32.315
0.718505859375,-9.742939453125,0.49816406250000006,11.974789915966387,179.13165266106444,13.795518207282914,IMU0,32.325
0.6227050781250001,-9.762099609375001,0.49816406250000006,11.064425770308123,183.8935574229692,15.266106442577032,IMU0,32.335
0.6418652343750001,-9.75251953125,0.536484375,10.294117647058824,188.58543417366948,16.73669467787115,IMU0,32.345
0.5843847656250001,-9.90580078125,0.55564453125,9.313725490196079,193.27731092436974,18.137254901960784,IMU0,32.355
0.59396484375,-10.193203125,0.5748046875,8.403361344537815,197.96918767507003,19.46778711484594,IMU0,32.365
0.49816406250000006,-10.308164062500001,0.680185546875,7.42296918767507,202.7310924369748,20.72829131652661,IMU0,32.375
0.45984375000000005,-10.346484375000001,0.63228515625,6.23249299719888,207.42296918767508,21.988795518207283,IMU0,32.385
0.41194335937500004,-10.279423828125001,0.70892578125,5.042016806722689,211.69467787114846,23.10924369747899,IMU0,32.395
0.3448828125,-10.193203125,0.67060546875,3.8515406162464987,215.96638655462186,24.019607843137255,IMU0,32.405
0.316142578125,-10.1165625,0.718505859375,2.5210084033613445,219.88795518207283,24.859943977591037,IMU0,32.415
0.23950195312500003,-10.0782421875,0.7280859375000001,1.1904761904761905,223.8795518207283,25.70028011204482,IMU0,32.425
0.21076171875000002,-10.05908203125,0.680185546875,-0.1400560224089636,227.7310924369748,26.400560224089638,IMU0,32.435
0.11496093750000001,-9.886640625,0.7472460937500001,-1.400560224089636,231.2324929971989,26.96078431372549,IMU0,32.445
0.09580078125000001,-9.723779296875001,0.689765625,-2.73109243697479,234.31372549019608,27.380952380952383,IMU0,32.455
0.01916015625,-9.656718750000001,0.7280859375000001,-4.061624649859944,237.18487394957984,27.73109243697479,IMU0,32.465
0.057480468750000006,-9.647138671875,0.6418652343750001,-5.392156862745098,239.77591036414566,27.941176470588236,IMU0,32.475
0.01916015625,-9.71419921875,0.6514453125,-6.862745098039216,241.9467787114846,28.0812324929972,IMU0,32.485
-0.009580078125,-9.781259765625,0.6035449218750001,-7.983193277310924,243.9075630252101,28.0812324929972,IMU0,32.495
-0.028740234375000003,-9.7716796875,0.5652246093750001,-9.243697478991598,245.30812324929974,27.941176470588236,IMU0,32.505
-0.076640625,-9.81,0.51732421875,-10.434173669467787,246.28851540616247,27.73109243697479,IMU0,32.515
-0.057480468750000006,-9.838740234375,0.44068359375000005,-11.554621848739496,246.84873949579833,27.450980392156865,IMU0,32.525
-0.086220703125,-9.829160156250001,0.43110351562500004,-12.815126050420169,246.9887955182073,27.030812324929972,IMU0,32.535
-0.076640625,-9.723779296875001,0.335302734375,-13.65546218487395,246.56862745098042,26.5406162464986,IMU0,32.545
-0.11496093750000001,-9.666298828125,0.3065625,-14.705882352941178,245.8683473389356,25.980392156862745,IMU0,32.555
-0.11496093750000001,-9.685458984375,0.22034179687500002,-15.336134453781513,244.6778711484594,25.420168067226893,IMU0,32.565
-0.13412109375,-9.7716796875,0.18202148437500001,-15.966386554621849,242.99719887955183,24.649859943977592,IMU0,32.575
-0.11496093750000001,-9.857900390625,0.10538085937500001,-16.80672268907563,241.1764705882353,23.87955182072829,IMU0,32.585
-0.11496093750000001,-9.877060546875,0.067060546875,-17.366946778711487,238.8655462184874,23.03921568627451,IMU0,32.595
-0.067060546875,-9.963281250000001,0.009580078125,-17.857142857142858,236.34453781512607,22.198879551820728,IMU0,32.605
-0.028740234375000003,-9.992021484375,-0.086220703125,-18.207282913165265,233.54341736694678,21.35854341736695,IMU0,32.615
0.0,-10.068662109375001,-0.067060546875,-18.557422969187677,230.32212885154064,20.518207282913167,IMU0,32.625
0.0,-10.1165625,-0.21076171875000002,-18.69747899159664,226.68067226890759,19.677871148459385,IMU0,32.635
-0.01916015625,-10.174042968750001,-0.2682421875,-18.627450980392158,222.47899159663868,18.837535014005603,IMU0,32.645
0.0383203125,-10.394384765625,-0.40236328125000004,-18.76750700280112,218.20728291316527,17.99719887955182,IMU0,32.655
0.028740234375000003,-10.5380859375,-0.46942382812500005,-18.627450980392158,213.4453781512605,17.15686274509804,IMU0,32.665
0.057480468750000006,-10.643466796875,-0.55564453125,-18.347338935574232,208.61344537815128,16.31652661064426,IMU0,32.675
0.086220703125,-10.720107421875001,-0.67060546875,-18.067226890756302,203.71148459383755,15.546218487394958,IMU0,32.685
0.143701171875,-10.854228515625001,-0.689765625,-17.57703081232493,198.4593837535014,14.84593837535014,IMU0,32.695
0.258662109375,-10.825488281250001,-0.737666015625,-17.086834733893557,193.0672268907563,14.145658263305323,IMU0,32.705
0.23950195312500003,-10.835068359375,-0.70892578125,-16.596638655462186,187.53501400560225,13.515406162464986,IMU0,32.715
0.3448828125,-10.758427734375001,-0.775986328125,-16.106442577030812,182.07282913165267,12.955182072829132,IMU0,32.725
0.335302734375,-10.720107421875001,-0.775986328125,-15.546218487394958,176.75070028011206,12.46498599439776,IMU0,32.735
0.41194335937500004,-10.748847656250001,-0.8047265625000001,-14.775910364145659,171.28851540616247,12.044817927170868,IMU0,32.745
0.42152343750000004,-10.7680078125,-0.833466796875,-14.215686274509805,165.89635854341736,11.624649859943979,IMU0,32.755
0.45984375000000005,-10.653046875000001,-0.833466796875,-13.58543417366947,160.71428571428572,11.344537815126051,IMU0,32.765
0.46942382812500005,-10.432705078125,-0.8813671875000001,-13.095238095238097,155.67226890756302,11.064425770308123,IMU0,32.775
0.46942382812500005,-10.28900390625,-0.8622070312500001,-12.324929971988796,150.70028011204482,10.784313725490197,IMU0,32.785
0.5269042968750001,-10.221943359375,-0.8813671875000001,-11.624649859943979,145.7983193277311,10.57422969187675,IMU0,32.795
0.5460644531250001,-10.40396484375,-0.910107421875,-10.994397759103641,141.1064425770308,10.364145658263306,IMU0,32.805
0.6227050781250001,-10.7296875,-0.929267578125,-10.294117647058824,136.55462184873952,10.294117647058824,IMU0,32.815
0.689765625,-10.748847656250001,-0.9388476562500001,-9.663865546218489,132.21288515406164,10.294117647058824,IMU0,32.825
0.6514453125,-10.624306640625,-0.871787109375,-9.033613445378151,127.94117647058825,10.294117647058824,IMU0,32.835
0.70892578125,-10.624306640625,-0.8813671875000001,-8.263305322128852,123.73949579831934,10.294117647058824,IMU0,32.845
0.737666015625,-10.681787109375001,-0.852626953125,-7.843137254901961,119.74789915966387,10.434173669467787,IMU0,32.855
0.7664062500000001,-10.7296875,-0.8622070312500001,-7.002801120448179,115.96638655462185,10.644257703081234,IMU0,32.865
0.756826171875,-10.86380859375,-0.8238867187500001,-6.512605042016807,112.3249299719888,10.784313725490197,IMU0,32.875
0.7855664062500001,-11.007509765625,-0.795146484375,-5.742296918767507,108.82352941176471,10.994397759103641,IMU0,32.885
0.8047265625000001,-11.122470703125,-0.7472460937500001,-5.182072829131653,105.60224089635855,11.27450980392157,IMU0,32.895
0.737666015625,-11.199111328125001,-0.7855664062500001,-4.69187675070028,102.73109243697479,11.554621848739496,IMU0,32.905
0.8430468750000001,-11.24701171875,-0.7472460937500001,-4.201680672268908,100.0,11.904761904761905,IMU0,32.915
0.7664062500000001,-11.390712890625,-0.70892578125,-3.711484593837535,97.40896358543418,12.254901960784315,IMU0,32.925
0.8622070312500001,-11.649375000000001,-0.7280859375000001,-3.2212885154061626,94.95798319327731,12.745098039215687,IMU0,32.935
0.8813671875000001,-11.93677734375,-0.680185546875,-2.73109243697479,92.64705882352942,13.025210084033613,IMU0,32.945
0.871787109375,-12.1475390625,-0.70892578125,-2.450980392156863,90.68627450980392,13.58543417366947,IMU0,32.955
0.871787109375,-12.214599609375,-0.5843847656250001,-1.9607843137254903,88.72549019607844,14.005602240896359,IMU0,32.965
0.8047265625000001,-12.339140625,-0.613125,-1.4705882352941178,87.18487394957984,14.495798319327731,IMU0,32.975
0.8622070312500001,-12.540322265625,-0.536484375,-1.3305322128851542,85.92436974789916,15.056022408963585,IMU0,32.985
0.756826171875,-12.674443359375001,-0.48858398437500006,-0.7703081232492998,84.17366946778712,15.476190476190476,IMU0,32.995
0.756826171875,-12.693603515625,-0.41194335937500004,-0.5602240896358543,82.84313725490196,15.966386554621849,IMU0,33.005
0.67060546875,-12.607382812500001,-0.296982421875,-0.42016806722689076,81.79271708683474,16.38655462184874,IMU0,33.015
0.6227050781250001,-12.319980468750002,-0.24908203125000003,-0.350140056022409,80.88235294117648,16.80672268907563,IMU0,33.025
0.55564453125,-11.93677734375,-0.13412109375,-0.1400560224089636,80.0420168067227,17.15686274509804,IMU0,33.035
0.49816406250000006,-11.706855468750001,-0.13412109375,-0.21008403361344538,79.41176470588236,17.57703081232493,IMU0,33.045
0.47900390625000006,-11.543994140625001,-0.009580078125,-0.0700280112044818,78.99159663865547,17.92717086834734,IMU0,33.055
0.40236328125000004,-11.32365234375,-0.057480468750000006,-0.350140056022409,78.8515406162465,18.137254901960784,IMU0,33.065
0.42152343750000004,-11.055410156250002,0.0,-0.4901960784313726,78.64145658263305,18.417366946778714,IMU0,33.075
0.36404296875000003,-10.777587890625,0.086220703125,-0.8403361344537815,78.5014005602241,18.69747899159664,IMU0,33.085
0.316142578125,-10.528505859375,0.09580078125000001,-1.1904761904761905,78.29131652661064,18.907563025210084,IMU0,33.095
0.23950195312500003,-10.451865234375001,0.18202148437500001,-1.400560224089636,78.15126050420169,19.047619047619047,IMU0,33.105
0.21076171875000002,-10.336904296875002,0.12454101562500001,-1.7507002801120448,78.15126050420169,19.18767507002801,IMU0,33.115
0.18202148437500001,-10.030341796875001,0.17244140625,-2.170868347338936,78.29131652661064,19.327731092436977,IMU0,33.125
0.12454101562500001,-9.7716796875,0.18202148437500001,-2.450980392156863,78.22128851540617,19.39775910364146,IMU0,33.135
0.09580078125000001,-9.790839843750001,0.277822265625,-2.801120448179272,78.15126050420169,19.39775910364146,IMU0,33.145
0.067060546875,-10.068662109375001,0.277822265625,-3.5714285714285716,78.0812324929972,19.46778711484594,IMU0,33.155
0.01916015625,-10.269843750000001,0.32572265625,-4.131652661064426,78.29131652661064,19.46778711484594,IMU0,33.165
0.067060546875,-10.528505859375,0.316142578125,-4.481792717086835,78.43137254901961,19.39775910364146,IMU0,33.175
0.01916015625,-10.825488281250001,0.38320312500000003,-5.182072829131653,78.5014005602241,19.327731092436977,IMU0,33.185
-0.009580078125,-11.112890625,0.335302734375,-5.392156862745098,78.43137254901961,19.257703081232496,IMU0,33.195
0.0,-11.218271484375,0.39278320312500004,-5.882352941176471,78.5014005602241,19.18767507002801,IMU0,33.205
-0.01916015625,-11.1512109375,0.37362304687500003,-6.512605042016807,78.57142857142857,19.11764705882353,IMU0,33.215
-0.009580078125,-11.064990234375001,0.42152343750000004,-7.002801120448179,78.5014005602241,18.907563025210084,IMU0,33.225
-0.09580078125000001,-11.03625,0.39278320312500004,-7.563025210084034,78.5014005602241,18.76750700280112,IMU0,33.235
-0.086220703125,-11.1512109375,0.43110351562500004,-7.983193277310924,78.43137254901961,18.557422969187677,IMU0,33.245
-0.12454101562500001,-11.256591796875,0.42152343750000004,-8.473389355742297,78.0812324929972,18.347338935574232,IMU0,33.255
-0.12454101562500001,-11.32365234375,0.40236328125000004,-8.753501400560225,77.73109243697479,18.067226890756302,IMU0,33.265
-0.162861328125,-11.390712890625,0.46942382812500005,-9.103641456582633,77.31092436974791,17.717086834733895,IMU0,33.275
-0.18202148437500001,-11.563154296875,0.42152343750000004,-10.014005602240896,77.10084033613445,17.43697478991597,IMU0,33.285
-0.22034179687500002,-11.831396484375,0.43110351562500004,-10.364145658263306,76.33053221288516,17.016806722689076,IMU0,33.295
-0.258662109375,-12.042158203125,0.40236328125000004,-10.854341736694678,75.77030812324931,16.73669467787115,IMU0,33.305
-0.2682421875,-12.176279296875,0.41194335937500004,-11.344537815126051,75.07002801120449,16.246498599439775,IMU0,33.315
-0.2682421875,-12.24333984375,0.40236328125000004,-11.764705882352942,74.08963585434174,15.826330532212886,IMU0,33.325
-0.28740234375,-12.262500000000001,0.37362304687500003,-11.974789915966387,72.96918767507003,15.406162464985995,IMU0,33.335
-0.3448828125,-12.252919921875002,0.38320312500000003,-12.46498599439776,71.77871148459384,14.915966386554622,IMU0,33.345
-0.3448828125,-12.0708984375,0.37362304687500003,-13.025210084033613,70.51820728291317,14.355742296918768,IMU0,33.355
-0.38320312500000003,-11.82181640625,0.45026367187500005,-13.23529411764706,68.83753501400561,13.865546218487395,IMU0,33.365
-0.41194335937500004,-11.51525390625,0.37362304687500003,-13.725490196078432,67.08683473389355,13.23529411764706,IMU0,33.375
-0.38320312500000003,-11.199111328125001,0.40236328125000004,-14.285714285714286,65.05602240896359,12.675070028011206,IMU0,33.385
-0.44068359375000005,-11.084150390625,0.37362304687500003,-14.355742296918768,62.885154061624654,11.904761904761905,IMU0,33.395
-0.44068359375000005,-11.294912109375002,0.32572265625,-14.635854341736696,60.714285714285715,11.344537815126051,IMU0,33.405
-0.46942382812500005,-11.582314453125,0.335302734375,-14.915966386554622,58.4733893557423,10.644257703081234,IMU0,33.415
-0.44068359375000005,-11.534414062500002,0.258662109375,-15.056022408963585,56.022408963585434,9.943977591036415,IMU0,33.425
-0.45984375000000005,-11.093730468750001,0.258662109375,-15.476190476190476,53.50140056022409,9.243697478991598,IMU0,33.435
-0.38320312500000003,-10.566826171875,0.19160156250000002,-15.476190476190476,50.7703081232493,8.543417366946779,IMU0,33.445
-0.316142578125,-10.308164062500001,0.19160156250000002,-15.546218487394958,48.03921568627451,7.913165266106443,IMU0,33.455
-0.335302734375,-10.164462890625,0.162861328125,-15.896358543417367,45.51820728291317,7.352941176470589,IMU0,33.465
-0.24908203125000003,-10.030341796875001,0.19160156250000002,-15.756302521008404,42.92717086834734,6.792717086834735,IMU0,33.475
-0.24908203125000003,-9.8483203125,0.15328125,-15.686274509803923,40.68627450980392,6.23249299719888,IMU0,33.485
-0.19160156250000002,-9.7716796875,0.162861328125,-16.176470588235293,38.58543417366947,5.8123249299719895,IMU0,33.495
-0.18202148437500001,-9.98244140625,0.143701171875,-16.31652661064426,36.5546218487395,5.392156862745098,IMU0,33.505
-0.12454101562500001,-10.183623046875,0.10538085937500001,-16.38655462184874,34.66386554621849,4.971988795518207,IMU0,33.515
-0.086220703125,-10.202783203125001,0.09580078125000001,-16.596638655462186,32.913165266106446,4.551820728291316,IMU0,33.525
-0.047900390625000004,-10.09740234375,0.057480468750000006,-16.666666666666668,31.302521008403364,4.271708683473389,IMU0,33.535
0.028740234375000003,-9.98244140625,0.067060546875,-16.73669467787115,29.971988795518207,4.061624649859944,IMU0,33.545
0.057480468750000006,-10.193203125,-0.01916015625,-16.73669467787115,28.781512605042018,3.8515406162464987,IMU0,33.555
0.19160156250000002,-10.40396484375,-0.0383203125,-16.666666666666668,27.521008403361346,3.781512605042017,IMU0,33.565
0.15328125,-10.5380859375,-0.076640625,-16.596638655462186,26.330532212885156,3.781512605042017,IMU0,33.575
0.277822265625,-10.59556640625,-0.143701171875,-16.456582633053223,25.140056022408963,3.711484593837535,IMU0,33.585
0.316142578125,-10.614726562500001,-0.12454101562500001,-16.31652661064426,24.089635854341736,3.781512605042017,IMU0,33.595
0.335302734375,-10.7296875,-0.162861328125,-16.31652661064426,23.179271708683473,3.781512605042017,IMU0,33.605
0.40236328125000004,-10.997929687500001,-0.15328125,-16.176470588235293,22.408963585434176,3.991596638655462,IMU0,33.615
0.44068359375000005,-11.199111328125001,-0.24908203125000003,-15.966386554621849,21.708683473389357,4.131652661064426,IMU0,33.625
0.5269042968750001,-11.467353515625001,-0.24908203125000003,-15.756302521008404,20.938375350140056,4.271708683473389,IMU0,33.635
0.55564453125,-11.773916015625002,-0.335302734375,-15.756302521008404,20.308123249299722,4.551820728291316,IMU0,33.645
0.6610253906250001,-12.003837890625,-0.38320312500000003,-15.406162464985995,19.677871148459385,4.901960784313726,IMU0,33.655
0.737666015625,-12.080478515625002,-0.45026367187500005,-15.126050420168069,19.18767507002801,5.182072829131653,IMU0,33.665
0.775986328125,-11.9942578125,-0.49816406250000006,-14.915966386554622,19.047619047619047,5.6722689075630255,IMU0,33.675
0.8430468750000001,-11.927197265625,-0.55564453125,-14.495798319327731,18.627450980392158,6.162464985994398,IMU0,33.685
0.8238867187500001,-11.93677734375,-0.6035449218750001,-14.075630252100842,18.137254901960784,6.652661064425771,IMU0,33.695
0.871787109375,-11.955937500000001,-0.5652246093750001,-13.725490196078432,17.717086834733895,7.212885154061625,IMU0,33.705
0.948427734375,-11.908037109375,-0.6514453125,-13.305322128851541,17.43697478991597,7.703081232492997,IMU0,33.715
0.9388476562500001,-11.754755859375,-0.63228515625,-12.815126050420169,17.016806722689076,8.263305322128852,IMU0,33.725
0.9580078125000001,-11.601474609375002,-0.613125,-12.46498599439776,16.946778711484594,8.823529411764707,IMU0,33.735
0.9580078125000001,-11.467353515625001,-0.680185546875,-12.114845938375352,16.73669467787115,9.453781512605042,IMU0,33.745
1.005908203125,-11.352392578125,-0.67060546875,-11.69467787114846,16.456582633053223,10.014005602240896,IMU0,33.755
1.005908203125,-11.170371093750001,-0.7472460937500001,-11.27450980392157,16.176470588235293,10.644257703081234,IMU0,33.765
1.044228515625,-11.141630859375,-0.718505859375,-10.784313725490197,16.03641456582633,11.27450980392157,IMU0,33.775
1.140029296875,-11.112890625,-0.737666015625,-10.364145658263306,15.756302521008404,11.904761904761905,IMU0,33.785
1.178349609375,-11.1512109375,-0.756826171875,-9.873949579831933,15.546218487394958,12.605042016806724,IMU0,33.795
1.235830078125,-11.01708984375,-0.775986328125,-9.313725490196079,15.476190476190476,13.305322128851541,IMU0,33.805
1.1879296875,-10.988349609375001,-0.8047265625000001,-8.893557422969188,15.336134453781513,14.075630252100842,IMU0,33.815
1.235830078125,-10.94044921875,-0.8430468750000001,-8.19327731092437,15.19607843137255,14.915966386554622,IMU0,33.825
1.2645703125,-10.86380859375,-0.871787109375,-7.703081232492997,15.266106442577032,15.686274509803923,IMU0,33.835
1.2166699218750001,-10.796748046875,-0.8622070312500001,-7.282913165266106,15.19607843137255,16.526610644257705,IMU0,33.845
1.178349609375,-10.720107421875001,-0.9388476562500001,-6.792717086834735,14.915966386554622,17.296918767507005,IMU0,33.855
1.235830078125,-10.576406250000002,-0.929267578125,-6.162464985994398,14.705882352941178,18.207282913165265,IMU0,33.865
1.2454101562500002,-10.624306640625,-0.890947265625,-5.5322128851540615,14.42577030812325,18.907563025210084,IMU0,33.875
1.312470703125,-10.90212890625,-1.0154882812500001,-5.2521008403361344,14.565826330532213,19.817927170868348,IMU0,33.885
1.39869140625,-11.055410156250002,-1.0154882812500001,-4.621848739495799,14.705882352941178,20.798319327731093,IMU0,33.895
1.37953125,-11.084150390625,-1.044228515625,-3.9215686274509807,14.84593837535014,21.77871148459384,IMU0,33.905
1.4561718750000001,-11.03625,-1.0538085937500001,-3.431372549019608,15.126050420168069,22.689075630252102,IMU0,33.915
1.47533203125,-11.160791015625001,-1.101708984375,-2.801120448179272,15.406162464985995,23.73949579831933,IMU0,33.925
1.5711328125000001,-11.28533203125,-1.1304492187500002,-1.8907563025210086,15.546218487394958,24.789915966386555,IMU0,33.935
1.5711328125000001,-11.275751953125,-1.140029296875,-1.400560224089636,15.756302521008404,25.910364145658264,IMU0,33.945
1.5328125000000001,-11.170371093750001,-1.149609375,-0.700280112044818,15.966386554621849,27.030812324929972,IMU0,33.955
1.47533203125,-11.007509765625,-1.0921289062500001,0.0,15.966386554621849,28.0812324929972,IMU0,33.965
1.4082714843750002,-10.930869140625001,-1.1304492187500002,0.4901960784313726,16.106442577030812,29.061624649859944,IMU0,33.975
1.4082714843750002,-10.911708984375,-1.101708984375,0.9803921568627452,16.106442577030812,30.11204481792717,IMU0,33.985
1.2454101562500002,-10.8446484375,-1.120869140625,1.7507002801120448,15.756302521008404,31.022408963585434,IMU0,33.995
1.312470703125,-10.739267578125,-1.101708984375,2.6610644257703084,15.19607843137255,31.932773109243698,IMU0,34.005
1.22625,-10.432705078125,-1.063388671875,3.2913165266106446,14.705882352941178,32.77310924369748,IMU0,34.015
1.149609375,-10.068662109375001,-1.044228515625,3.991596638655462,14.215686274509805,33.54341736694678,IMU0,34.025
1.120869140625,-9.867480468750001,-1.025068359375,4.551820728291316,13.445378151260504,34.31372549019608,IMU0,34.035
1.044228515625,-9.695039062500001,-1.044228515625,5.2521008403361344,12.815126050420169,35.0140056022409,IMU0,34.045
1.063388671875,-9.4651171875,-1.0154882812500001,5.742296918767507,12.114845938375352,35.7843137254902,IMU0,34.055
0.929267578125,-9.244775390625001,-0.9963281250000001,6.302521008403362,11.064425770308123,36.484593837535016,IMU0,34.065
0.890947265625,-9.02443359375,-0.9580078125000001,6.862745098039216,9.803921568627452,37.04481792717087,IMU0,34.075
0.7855664062500001,-8.9286328125,-0.9963281250000001,7.563025210084034,8.473389355742297,37.60504201680673,IMU0,34.085
0.737666015625,-8.919052734375,-0.9963281250000001,8.19327731092437,6.792717086834735,38.095238095238095,IMU0,34.095
0.689765625,-8.8903125,-0.9963281250000001,8.823529411764707,4.971988795518207,38.51540616246499,IMU0,34.105
0.67060546875,-8.75619140625,-1.025068359375,9.453781512605042,2.8711484593837535,38.865546218487395,IMU0,34.115
0.6418652343750001,-8.602910156250001,-0.9963281250000001,10.014005602240896,0.5602240896358543,39.21568627450981,IMU0,34.125
0.6035449218750001,-8.813671875,-1.044228515625,10.784313725490197,-2.100840336134454,39.49579831932773,IMU0,34.135
0.59396484375,-9.29267578125,-1.0921289062500001,11.414565826330533,-4.901960784313726,39.70588235294118,IMU0,34.145
0.5269042968750001,-9.551337890625001,-1.159189453125,12.53501400560224,-8.403361344537815,39.91596638655462,IMU0,34.155
0.45984375000000005,-9.484277343750001,-1.1687695312500002,13.375350140056023,-12.114845938375352,40.056022408963585,IMU0,34.165
0.354462890625,-9.2351953125,-1.149609375,14.915966386554622,-20.028011204481793,40.19607843137255,IMU0,34.175
0.3065625,-9.350156250000001,-1.178349609375,16.176470588235293,-24.719887955182074,40.056022408963585,IMU0,34.185
0.28740234375,-9.6183984375,-1.2166699218750001,17.43697478991597,-29.551820728291318,39.91596638655462,IMU0,34.195
0.18202148437500001,-9.7716796875,-1.2070898437500002,18.557422969187677,-34.80392156862745,39.77591036414566,IMU0,34.205
0.13412109375,-9.7716796875,-1.1879296875,19.677871148459385,-40.33613445378151,39.49579831932773,IMU0,34.215
0.057480468750000006,-9.8483203125,-1.149609375,20.72829131652661,-46.07843137254902,39.14565826330532,IMU0,34.225
-0.01916015625,-10.202783203125001,-1.178349609375,22.268907563025213,-52.10084033613445,38.72549019607843,IMU0,34.235
-0.009580078125,-10.576406250000002,-1.22625,23.599439775910366,-58.333333333333336,38.16526610644258,IMU0,34.245
-0.067060546875,-10.815908203125002,-1.22625,25.07002801120448,-64.9859943977591,37.53501400560224,IMU0,34.255
-0.143701171875,-11.026669921875001,-1.2454101562500002,26.5406162464986,-71.84873949579833,36.904761904761905,IMU0,34.265
-0.20118164062500002,-11.160791015625001,-1.197509765625,28.011204481792717,-78.99159663865547,36.134453781512605,IMU0,34.275
-0.2682421875,-11.227851562500001,-1.22625,29.761904761904763,-86.69467787114846,35.22408963585434,IMU0,34.285
-0.36404296875000003,-11.266171875000001,-1.149609375,31.302521008403364,-94.39775910364146,34.103641456582636,IMU0,34.295
-0.45026367187500005,-11.32365234375,-1.140029296875,32.913165266106446,-102.31092436974791,33.05322128851541,IMU0,34.305
-0.48858398437500006,-11.32365234375,-1.07296875,34.59383753501401,-110.36414565826331,31.792717086834735,IMU0,34.315
-0.59396484375,-11.333232421875001,-0.890947265625,36.34453781512605,-118.4873949579832,30.3921568627451,IMU0,34.325
-0.67060546875,-11.24701171875,-0.871787109375,37.81512605042017,-126.40056022408965,28.92156862745098,IMU0,34.335
-0.775986328125,-11.0745703125,-0.680185546875,39.42577030812325,-134.2436974789916,27.24089635854342,IMU0,34.345
-0.8238867187500001,-10.997929687500001,-0.6035449218750001,40.75630252100841,-141.80672268907563,25.560224089635856,IMU0,34.355
-0.9005273437500001,-10.787167968750001,-0.45026367187500005,42.36694677871149,-149.2296918767507,23.599439775910366,IMU0,34.365
-0.948427734375,-10.576406250000002,-0.354462890625,43.69747899159664,-156.02240896358543,21.638655462184875,IMU0,34.375
-1.0538085937500001,-10.3848046875,-0.258662109375,44.81792717086835,-162.39495798319328,19.607843137254903,IMU0,34.385
-1.149609375,-10.09740234375,-0.11496093750000001,45.728291316526615,-168.27731092436974,17.50700280112045,IMU0,34.395
-1.1687695312500002,-9.800419921875001,-0.028740234375000003,46.84873949579832,-173.59943977591038,15.476190476190476,IMU0,34.405
-1.235830078125,-9.67587890625,0.047900390625000004,47.61904761904762,-178.57142857142858,13.23529411764706,IMU0,34.415
-1.3316308593750001,-9.67587890625,0.13412109375,48.319327731092436,-182.84313725490196,10.854341736694678,IMU0,34.425
-1.39869140625,-9.6183984375,0.22034179687500002,49.01960784313726,-186.624649859944,8.473389355742297,IMU0,34.435
-1.43701171875,-9.350156250000001,0.3065625,49.2296918767507,-189.9859943977591,6.022408963585434,IMU0,34.445
-1.4465917968750002,-9.053173828125,0.45026367187500005,49.43977591036415,-192.92717086834736,3.5714285714285716,IMU0,34.455
-1.4849121093750002,-8.976533203125001,0.6035449218750001,49.649859943977596,-194.95798319327733,1.1204481792717087,IMU0,34.465
-1.580712890625,-9.110654296875001,0.6227050781250001,49.36974789915966,-196.28851540616247,-1.3305322128851542,IMU0,34.475
-1.5998730468750002,-9.426796875,0.8430468750000001,49.43977591036415,-197.61904761904762,-3.9215686274509807,IMU0,34.485
-1.6381933593750002,-9.522597656250001,0.948427734375,48.66946778711485,-197.96918767507003,-6.372549019607844,IMU0,34.495
-1.6860937500000002,-9.532177734375,1.0538085937500001,47.89915966386555,-197.89915966386556,-8.893557422969188,IMU0,34.505
-1.6956738281250001,-9.532177734375,1.197509765625,47.05882352941177,-197.12885154061627,-11.344537815126051,IMU0,34.515
-1.74357421875,-9.589658203125001,1.2454101562500002,46.07843137254902,-195.44817927170868,-13.725490196078432,IMU0,34.525
-1.78189453125,-9.762099609375001,1.39869140625,44.747899159663866,-193.0672268907563,-16.106442577030812,IMU0,34.535
-1.829794921875,-9.915380859375,1.4944921875000001,43.34733893557423,-190.26610644257704,-18.347338935574232,IMU0,34.545
-1.74357421875,-9.963281250000001,1.6381933593750002,41.66666666666667,-186.83473389355743,-20.448179271708685,IMU0,34.555
-1.78189453125,-9.877060546875,1.6381933593750002,39.91596638655462,-182.0028011204482,-22.478991596638657,IMU0,34.565
-1.62861328125,-9.915380859375,1.7339941406250001,37.95518207282913,-175.56022408963585,-24.299719887955185,IMU0,34.575
-1.74357421875,-9.992021484375,1.7339941406250001,35.92436974789916,-168.9075630252101,-25.980392156862745,IMU0,34.585
-1.504072265625,-10.1165625,1.829794921875,33.82352941176471,-163.37535014005604,-27.591036414565828,IMU0,34.595
-1.4561718750000001,-10.32732421875,1.9926562500000002,31.722689075630253,-157.3529411764706,-29.061624649859944,IMU0,34.605
-1.66693359375,-10.4614453125,1.906435546875,29.481792717086837,-150.70028011204482,-30.32212885154062,IMU0,34.615
-1.1687695312500002,-10.71052734375,2.1459375,27.100840336134453,-143.9075630252101,-31.442577030812327,IMU0,34.625
-1.619033203125,-10.892548828125001,2.117197265625,24.57983193277311,-136.76470588235296,-32.49299719887955,IMU0,34.635
-1.082548828125,-10.988349609375001,2.20341796875,21.988795518207283,-128.57142857142858,-33.12324929971989,IMU0,34.645
-1.3412109375,-11.160791015625001,2.2513183593750004,19.537815126050422,-120.44817927170868,-33.89355742296919,IMU0,34.655
-1.0538085937500001,-11.179951171875,2.12677734375,17.15686274509804,-112.25490196078432,-34.31372549019608,IMU0,34.665
-0.890947265625,-11.28533203125,2.232158203125,15.056022408963585,-103.99159663865547,-34.733893557422974,IMU0,34.675
-0.948427734375,-11.524833984375,2.155517578125,12.605042016806724,-95.23809523809524,-34.943977591036415,IMU0,34.685
-0.852626953125,-11.716435546875001,2.040556640625,10.154061624649861,-86.83473389355743,-35.0140056022409,IMU0,34.695
-0.63228515625,-11.783496093750001,2.1746777343750003,7.983193277310924,-77.94117647058823,-34.943977591036415,IMU0,34.705
-0.70892578125,-11.783496093750001,1.9255957031250002,5.882352941176471,-69.04761904761905,-34.80392156862745,IMU0,34.715
-0.6610253906250001,-11.658955078125,1.9160156250000002,3.991596638655462,-60.64425770308124,-34.59383753501401,IMU0,34.725
-0.37362304687500003,-11.438613281250001,1.7244140625000002,2.170868347338936,-52.801120448179276,-34.31372549019608,IMU0,34.735
-0.40236328125000004,-11.227851562500001,1.70525390625,0.5602240896358543,-45.168067226890756,-34.03361344537815,IMU0,34.745
-0.335302734375,-11.170371093750001,1.580712890625,-0.7703081232492998,-37.675070028011206,-33.61344537815126,IMU0,34.755
-0.15328125,-11.266171875000001,1.43701171875,-2.030812324929972,-30.742296918767508,-33.19327731092437,IMU0,34.765
-0.316142578125,-11.429033203125,1.350791015625,-3.5014005602240896,-24.229691876750703,-32.77310924369748,IMU0,34.775
0.0,-11.314072265625,1.197509765625,-3.991596638655462,-18.557422969187677,-32.28291316526611,IMU0,34.785
-0.19160156250000002,-10.796748046875,1.2070898437500002,-4.971988795518207,-13.165266106442578,-31.862745098039216,IMU0,34.795
-0.028740234375000003,-10.3848046875,0.9196875000000001,-5.6722689075630255,-8.333333333333334,-31.372549019607845,IMU0,34.805
-0.067060546875,-10.221943359375,1.07296875,-6.23249299719888,-3.991596638655462,-30.952380952380953,IMU0,34.815
-0.076640625,-10.039921875000001,0.814306640625,-6.652661064425771,0.21008403361344538,-30.532212885154063,IMU0,34.825
0.047900390625000004,-9.838740234375,0.852626953125,-7.142857142857143,4.061624649859944,-30.11204481792717,IMU0,34.835
-0.076640625,-9.647138671875,0.795146484375,-7.42296918767507,7.703081232492997,-29.6218487394958,IMU0,34.845
0.067060546875,-9.493857421875001,0.6610253906250001,-7.633053221288516,10.994397759103641,-29.20168067226891,IMU0,34.855
-0.086220703125,-9.388476562500001,0.699345703125,-7.843137254901961,13.795518207282914,-28.781512605042018,IMU0,34.865
0.076640625,-9.273515625,0.536484375,-8.053221288515406,16.596638655462186,-28.43137254901961,IMU0,34.875
-0.009580078125,-9.263935546875,0.6227050781250001,-8.333333333333334,19.327731092436977,-28.0812324929972,IMU0,34.885
0.009580078125,-9.484277343750001,0.45984375000000005,-7.983193277310924,21.42857142857143,-27.801120448179272,IMU0,34.895
0.10538085937500001,-9.733359375000001,0.536484375,-7.983193277310924,23.459383753501402,-27.380952380952383,IMU0,34.905
0.0383203125,-9.886640625,0.43110351562500004,-7.843137254901961,25.420168067226893,-27.030812324929972,IMU0,34.915
0.13412109375,-9.90580078125,0.41194335937500004,-7.773109243697479,27.3109243697479,-26.610644257703083,IMU0,34.925
0.028740234375000003,-9.94412109375,0.45026367187500005,-7.773109243697479,29.20168067226891,-26.260504201680675,IMU0,34.935
0.11496093750000001,-9.972861328125001,0.36404296875000003,-7.492997198879552,30.952380952380953,-25.840336134453782,IMU0,34.945
0.0383203125,-10.039921875000001,0.43110351562500004,-7.42296918767507,32.913165266106446,-25.490196078431374,IMU0,34.955
0.086220703125,-10.212363281250001,0.28740234375,-7.212885154061625,34.66386554621849,-25.07002801120448,IMU0,34.965
0.11496093750000001,-10.432705078125,0.335302734375,-6.792717086834735,36.134453781512605,-24.789915966386555,IMU0,34.975
0.12454101562500001,-10.5380859375,0.22034179687500002,-6.652661064425771,37.81512605042017,-24.369747899159666,IMU0,34.985
0.21076171875000002,-10.585986328125001,0.22992187500000003,-6.582633053221289,39.35574229691877,-23.949579831932773,IMU0,34.995
0.18202148437500001,-10.624306640625,0.20118164062500002,-6.0924369747899165,40.75630252100841,-23.529411764705884,IMU0,35.005
0.22992187500000003,-10.653046875000001,0.162861328125,-5.6722689075630255,41.9467787114846,-23.03921568627451,IMU0,35.015
0.22992187500000003,-10.739267578125,0.143701171875,-5.2521008403361344,42.997198879551824,-22.61904761904762,IMU0,35.025
0.23950195312500003,-10.787167968750001,0.057480468750000006,-4.69187675070028,43.8375350140056,-22.198879551820728,IMU0,35.035
0.19160156250000002,-10.806328125,0.11496093750000001,-4.481792717086835,44.46778711484594,-21.77871148459384,IMU0,35.045
0.258662109375,-10.624306640625,0.067060546875,-3.8515406162464987,45.168067226890756,-21.288515406162468,IMU0,35.055
0.22034179687500002,-10.346484375000001,0.076640625,-3.2212885154061626,45.728291316526615,-20.868347338935575,IMU0,35.065
0.20118164062500002,-10.212363281250001,0.0383203125,-2.6610644257703084,46.21848739495798,-20.518207282913167,IMU0,35.075
0.258662109375,-10.298583984375,0.01916015625,-2.3109243697478994,46.63865546218488,-20.098039215686274,IMU0,35.085
0.22034179687500002,-10.346484375000001,0.01916015625,-1.680672268907563,46.63865546218488,-19.677871148459385,IMU0,35.095
0.277822265625,-10.193203125,-0.057480468750000006,-1.1904761904761905,46.84873949579832,-19.257703081232496,IMU0,35.105
0.22034179687500002,-9.934541015625001,-0.067060546875,-0.5602240896358543,46.70868347338936,-18.837535014005603,IMU0,35.115
0.2682421875,-9.71419921875,-0.057480468750000006,-0.0700280112044818,46.42857142857143,-18.417366946778714,IMU0,35.125
0.24908203125000003,-9.6183984375,-0.057480468750000006,0.4901960784313726,45.938375350140056,-18.067226890756302,IMU0,35.135
0.21076171875000002,-9.493857421875001,-0.11496093750000001,1.2605042016806722,45.30812324929972,-17.57703081232493,IMU0,35.145
0.23950195312500003,-9.29267578125,-0.10538085937500001,1.9607843137254903,44.67787114845939,-17.22689075630252,IMU0,35.155
0.22034179687500002,-9.196875,-0.143701171875,2.6610644257703084,43.767507002801125,-16.946778711484594,IMU0,35.165
0.23950195312500003,-9.13939453125,-0.162861328125,3.5014005602240896,42.85714285714286,-16.596638655462186,IMU0,35.175
0.19160156250000002,-9.13939453125,-0.13412109375,4.131652661064426,41.87675070028011,-16.176470588235293,IMU0,35.185
0.22034179687500002,-9.043593750000001,-0.11496093750000001,4.621848739495799,40.89635854341737,-15.826330532212886,IMU0,35.195
0.22992187500000003,-8.708291015625,-0.11496093750000001,5.882352941176471,39.21568627450981,-15.056022408963585,IMU0,35.205
0.19160156250000002,-8.353828125,-0.067060546875,6.442577030812325,38.445378151260506,-14.705882352941178,IMU0,35.215
0.18202148437500001,-8.37298828125,-0.10538085937500001,6.932773109243698,37.60504201680673,-14.355742296918768,IMU0,35.225
0.15328125,-8.660390625,-0.10538085937500001,7.563025210084034,36.904761904761905,-13.935574229691877,IMU0,35.235
0.162861328125,-8.708291015625,-0.086220703125,8.263305322128852,36.134453781512605,-13.58543417366947,IMU0,35.245
0.17244140625,-8.631650390625001,-0.086220703125,8.96358543417367,35.294117647058826,-13.165266106442578,IMU0,35.255
0.21076171875000002,-8.660390625,-0.057480468750000006,9.38375350140056,34.943977591036415,-12.815126050420169,IMU0,35.265
0.19160156250000002,-8.746611328125,-0.028740234375000003,9.523809523809524,34.87394957983194,-12.324929971988796,IMU0,35.275
0.20118164062500002,-8.71787109375,0.009580078125,10.084033613445378,34.31372549019608,-11.974789915966387,IMU0,35.285
0.15328125,-8.689130859375,0.01916015625,10.714285714285715,33.96358543417367,-11.484593837535014,IMU0,35.295
0.19160156250000002,-8.775351562500001,0.0383203125,11.27450980392157,33.82352941176471,-11.064425770308123,IMU0,35.305
0.143701171875,-9.043593750000001,0.047900390625000004,11.624649859943979,33.82352941176471,-10.57422969187675,IMU0,35.315
0.12454101562500001,-9.120234375,0.076640625,11.974789915966387,33.82352941176471,-10.154061624649861,IMU0,35.325
0.162861328125,-9.10107421875,0.076640625,12.53501400560224,33.753501400560225,-9.73389355742297,IMU0,35.335
0.143701171875,-9.206455078125,0.11496093750000001,12.88515406162465,34.173669467787114,-9.243697478991598,IMU0,35.345
0.13412109375,-9.5417578125,0.13412109375,13.165266106442578,34.59383753501401,-8.823529411764707,IMU0,35.355
0.13412109375,-9.838740234375,0.12454101562500001,13.65546218487395,34.66386554621849,-8.333333333333334,IMU0,35.365
0.10538085937500001,-9.829160156250001,0.17244140625,14.215686274509805,34.66386554621849,-7.913165266106443,IMU0,35.375
0.076640625,-9.857900390625,0.162861328125,14.215686274509805,35.364145658263304,-7.42296918767507,IMU0,35.385
0.0383203125,-10.02076171875,0.23950195312500003,14.42577030812325,35.7843137254902,-6.932773109243698,IMU0,35.395
0.01916015625,-10.09740234375,0.258662109375,14.84593837535014,36.06442577030813,-6.652661064425771,IMU0,35.405
-0.028740234375000003,-10.202783203125001,0.28740234375,15.056022408963585,36.484593837535016,-6.162464985994398,IMU0,35.415
-0.01916015625,-10.1165625,0.316142578125,15.406162464985995,36.904761904761905,-5.742296918767507,IMU0,35.425
-0.067060546875,-10.087822265625,0.38320312500000003,15.616246498599441,37.18487394957983,-5.46218487394958,IMU0,35.435
-0.076640625,-10.09740234375,0.38320312500000003,15.756302521008404,37.60504201680673,-5.182072829131653,IMU0,35.445
-0.11496093750000001,-10.09740234375,0.44068359375000005,15.896358543417367,37.885154061624654,-4.901960784313726,IMU0,35.455
-0.143701171875,-10.087822265625,0.48858398437500006,15.896358543417367,38.095238095238095,-4.621848739495799,IMU0,35.465
-0.21076171875000002,-10.030341796875001,0.49816406250000006,16.03641456582633,38.16526610644258,-4.411764705882353,IMU0,35.475
-0.316142578125,-9.963281250000001,0.47900390625000006,16.176470588235293,38.37535014005602,-4.201680672268908,IMU0,35.485
-0.3065625,-9.915380859375,0.55564453125,16.176470588235293,38.37535014005602,-4.131652661064426,IMU0,35.495
-0.43110351562500004,-9.733359375000001,0.51732421875,16.31652661064426,38.02521008403362,-3.991596638655462,IMU0,35.505
-0.45026367187500005,-9.5034375,0.6035449218750001,16.31652661064426,37.81512605042017,-3.9215686274509807,IMU0,35.515
-0.5269042968750001,-9.29267578125,0.59396484375,16.31652661064426,37.675070028011206,-3.8515406162464987,IMU0,35.525
-0.5077441406250001,-9.072333984375,0.67060546875,16.456582633053223,37.39495798319328,-3.9215686274509807,IMU0,35.535
-0.5748046875,-8.842412109375001,0.718505859375,16.246498599439775,37.18487394957983,-3.991596638655462,IMU0,35.545
-0.6035449218750001,-8.784931640625,0.7664062500000001,16.246498599439775,36.83473389355743,-4.061624649859944,IMU0,35.555
-0.5748046875,-8.593330078125,0.833466796875,16.106442577030812,36.62464985994398,-4.131652661064426,IMU0,35.565
-0.680185546875,-8.392148437500001,0.8622070312500001,16.03641456582633,36.41456582633053,-4.201680672268908,IMU0,35.575
-0.67060546875,-8.258027343750001,0.890947265625,15.896358543417367,36.27450980392157,-4.411764705882353,IMU0,35.585
-0.7664062500000001,-8.33466796875,0.948427734375,15.756302521008404,36.34453781512605,-4.551820728291316,IMU0,35.595
-0.8238867187500001,-8.459208984375001,0.9963281250000001,15.546218487394958,36.484593837535016,-4.761904761904762,IMU0,35.605
-0.890947265625,-8.430468750000001,1.120869140625,15.19607843137255,36.904761904761905,-4.971988795518207,IMU0,35.615
-0.929267578125,-8.497529296875001,1.0921289062500001,14.775910364145659,37.885154061624654,-5.182072829131653,IMU0,35.625
-0.9867480468750001,-8.564589843750001,1.22625,14.42577030812325,39.00560224089636,-5.46218487394958,IMU0,35.635
-1.082548828125,-8.708291015625,1.235830078125,14.075630252100842,40.406162464986,-5.8123249299719895,IMU0,35.645
-1.082548828125,-8.861572265625,1.3316308593750001,13.375350140056023,42.50700280112045,-6.162464985994398,IMU0,35.655
-1.1879296875,-9.014853515625001,1.36037109375,12.745098039215687,44.957983193277315,-6.512605042016807,IMU0,35.665
-1.101708984375,-9.034013671875,1.39869140625,12.254901960784315,47.54901960784314,-6.862745098039216,IMU0,35.675
-1.1879296875,-9.053173828125,1.542392578125,11.204481792717088,50.910364145658264,-7.212885154061625,IMU0,35.685
-1.2549902343750001,-9.10107421875,1.5232324218750002,10.644257703081234,53.78151260504202,-7.633053221288516,IMU0,35.695
-1.2645703125,-9.10107421875,1.5998730468750002,10.014005602240896,56.792717086834735,-8.053221288515406,IMU0,35.705
-1.36037109375,-9.129814453125,1.580712890625,9.173669467787116,60.0140056022409,-8.543417366946779,IMU0,35.715
-1.427431640625,-9.263935546875,1.6477734375000002,8.403361344537815,63.445378151260506,-9.103641456582633,IMU0,35.725
-1.51365234375,-9.40763671875,1.6956738281250001,7.42296918767507,66.9467787114846,-9.73389355742297,IMU0,35.735
-1.504072265625,-9.455537109375001,1.714833984375,6.792717086834735,70.37815126050421,-10.294117647058824,IMU0,35.745
-1.5711328125000001,-9.5034375,1.78189453125,5.6722689075630255,74.08963585434174,-10.92436974789916,IMU0,35.755
-1.4944921875000001,-9.6183984375,1.753154296875,4.831932773109244,77.24089635854342,-11.69467787114846,IMU0,35.765
-1.5711328125000001,-9.733359375000001,1.8872753906250002,3.8515406162464987,80.18207282913166,-12.394957983193278,IMU0,35.775
-1.6477734375000002,-9.819580078125,1.8776953125000002,2.801120448179272,82.98319327731093,-13.165266106442578,IMU0,35.785
-1.619033203125,-9.819580078125,1.868115234375,2.100840336134454,85.64425770308124,-14.075630252100842,IMU0,35.795
-1.676513671875,-9.781259765625,1.791474609375,1.3305322128851542,87.81512605042018,-14.985994397759104,IMU0,35.805
-1.657353515625,-9.59923828125,1.70525390625,0.4901960784313726,89.35574229691878,-15.896358543417367,IMU0,35.815
-1.657353515625,-9.455537109375001,1.6956738281250001,-0.1400560224089636,90.19607843137256,-16.946778711484594,IMU0,35.825
-1.5711328125000001,-9.40763671875,1.619033203125,-0.6302521008403361,90.54621848739497,-17.92717086834734,IMU0,35.835
-1.59029296875,-9.36931640625,1.6477734375000002,-1.2605042016806722,90.47619047619048,-18.977591036414566,IMU0,35.845
-1.51365234375,-9.340576171875,1.619033203125,-1.8207282913165266,90.12605042016807,-19.88795518207283,IMU0,35.855
-1.5711328125000001,-9.2351953125,1.5711328125000001,-2.3109243697478994,89.35574229691878,-20.938375350140056,IMU0,35.865
-1.5328125000000001,-9.053173828125,1.4561718750000001,-2.5910364145658265,88.30532212885154,-22.058823529411764,IMU0,35.875
-1.504072265625,-8.919052734375,1.427431640625,-3.011204481792717,86.83473389355743,-23.10924369747899,IMU0,35.885
-1.43701171875,-8.842412109375001,1.312470703125,-3.2212885154061626,85.36414565826331,-24.089635854341736,IMU0,35.895
-1.427431640625,-8.919052734375,1.2837304687500002,-3.2913165266106446,83.8935574229692,-25.140056022408963,IMU0,35.905
-1.4082714843750002,-8.861572265625,1.235830078125,-3.5014005602240896,82.21288515406162,-26.050420168067227,IMU0,35.915
-1.3220507812500002,-8.8519921875,1.159189453125,-3.5714285714285716,80.32212885154063,-26.96078431372549,IMU0,35.925
-1.2645703125,-8.8519921875,1.274150390625,-3.641456582633053,79.13165266106444,-27.801120448179272,IMU0,35.935
-1.2454101562500002,-8.765771484375001,1.082548828125,-3.5714285714285716,78.36134453781513,-28.571428571428573,IMU0,35.945
-1.22625,-8.698710937500001,1.2454101562500002,-3.641456582633053,77.52100840336135,-29.341736694677873,IMU0,35.955
-1.1687695312500002,-8.6220703125,0.890947265625,-3.641456582633053,76.75070028011204,-30.04201680672269,IMU0,35.965
-1.197509765625,-8.574169921875,1.044228515625,-3.5714285714285716,75.91036414565826,-30.742296918767508,IMU0,35.975
-1.1112890625,-8.5454296875,0.8047265625000001,-3.2212885154061626,75.35014005602241,-31.302521008403364,IMU0,35.985
-1.120869140625,-8.555009765625,0.8047265625000001,-3.081232492997199,74.36974789915966,-31.932773109243698,IMU0,35.995
-1.07296875,-8.631650390625001,0.8047265625000001,-2.8711484593837535,73.73949579831933,-32.49299719887955,IMU0,36.005
-0.9867480468750001,-8.75619140625,0.7664062500000001,-2.5210084033613445,73.31932773109244,-32.983193277310924,IMU0,36.015
-0.9867480468750001,-8.880732421875,0.9196875000000001,-2.3109243697478994,73.17927170868347,-33.4733893557423,IMU0,36.025
-0.910107421875,-8.9286328125,0.7855664062500001,-2.170868347338936,73.24929971988796,-33.753501400560225,IMU0,36.035
-0.9005273437500001,-8.871152343750001,0.929267578125,-1.8207282913165266,73.109243697479,-34.03361344537815,IMU0,36.045
-0.7280859375000001,-8.8519921875,0.833466796875,-1.680672268907563,73.31932773109244,-34.38375350140056,IMU0,36.055
-0.756826171875,-8.8903125,0.948427734375,-1.400560224089636,73.38935574229693,-34.59383753501401,IMU0,36.065
-0.680185546875,-8.966953125,0.775986328125,-1.1904761904761905,73.80952380952381,-34.66386554621849,IMU0,36.075
-0.718505859375,-9.005273437500001,0.795146484375,-0.7703081232492998,74.15966386554622,-34.87394957983194,IMU0,36.085
-0.6514453125,-9.014853515625001,0.699345703125,-0.4901960784313726,74.71988795518207,-34.943977591036415,IMU0,36.095
-0.6227050781250001,-9.10107421875,0.63228515625,-0.21008403361344538,75.14005602240897,-35.0140056022409,IMU0,36.105
-0.5843847656250001,-9.206455078125,0.689765625,0.1400560224089636,75.77030812324931,-34.943977591036415,IMU0,36.115
-0.48858398437500006,-9.321416015625001,0.6610253906250001,0.6302521008403361,76.5406162464986,-35.0140056022409,IMU0,36.125
-0.46942382812500005,-9.44595703125,0.7472460937500001,0.9803921568627452,77.24089635854342,-34.943977591036415,IMU0,36.135
-0.38320312500000003,-9.493857421875001,0.6514453125,1.4705882352941178,78.43137254901961,-34.80392156862745,IMU0,36.145
-0.335302734375,-9.388476562500001,0.756826171875,1.680672268907563,79.90196078431373,-34.523809523809526,IMU0,36.155
-0.335302734375,-9.168134765625,0.6514453125,1.9607843137254903,81.30252100840336,-34.31372549019608,IMU0,36.165
-0.3065625,-8.966953125,0.6514453125,2.450980392156863,82.84313725490196,-34.03361344537815,IMU0,36.175
-0.2682421875,-8.909472656250001,0.6610253906250001,2.9411764705882355,84.45378151260505,-33.753501400560225,IMU0,36.185
-0.20118164062500002,-8.919052734375,0.6418652343750001,3.151260504201681,86.41456582633053,-33.333333333333336,IMU0,36.195
-0.19160156250000002,-8.938212890625001,0.6514453125,3.5014005602240896,88.37535014005603,-32.983193277310924,IMU0,36.205
-0.11496093750000001,-8.746611328125,0.6227050781250001,3.9215686274509807,90.406162464986,-32.563025210084035,IMU0,36.215
-0.143701171875,-8.420888671875,0.55564453125,4.901960784313726,94.46778711484595,-31.65266106442577,IMU0,36.225
-0.11496093750000001,-8.33466796875,0.6418652343750001,5.182072829131653,96.70868347338936,-31.1624649859944,IMU0,36.235
-0.067060546875,-8.296347656250001,0.5843847656250001,5.602240896358544,98.94957983193278,-30.602240896358545,IMU0,36.245
-0.086220703125,-8.2388671875,0.6610253906250001,6.0924369747899165,101.40056022408965,-29.971988795518207,IMU0,36.255
-0.047900390625000004,-8.229287109375,0.680185546875,6.512605042016807,104.13165266106444,-29.341736694677873,IMU0,36.265
-0.057480468750000006,-8.200546875,0.689765625,7.002801120448179,106.86274509803923,-28.711484593837536,IMU0,36.275
-0.067060546875,-8.152646484375001,0.70892578125,7.072829131652662,110.15406162464987,-27.941176470588236,IMU0,36.285
-0.076640625,-8.152646484375001,0.689765625,7.352941176470589,113.44537815126051,-27.24089635854342,IMU0,36.295
-0.057480468750000006,-8.085585937500001,0.718505859375,7.563025210084034,116.87675070028011,-26.47058823529412,IMU0,36.305
-0.057480468750000006,-8.085585937500001,0.689765625,7.843137254901961,120.51820728291317,-25.630252100840337,IMU0,36.315
-0.047900390625000004,-8.14306640625,0.7472460937500001,7.983193277310924,124.36974789915966,-24.859943977591037,IMU0,36.325
-0.067060546875,-8.2388671875,0.737666015625,8.333333333333334,128.15126050420167,-24.089635854341736,IMU0,36.335
-0.067060546875,-8.325087890625001,0.7855664062500001,8.823529411764707,132.0028011204482,-23.249299719887958,IMU0,36.345
-0.047900390625000004,-8.305927734375,0.7664062500000001,8.893557422969188,135.8543417366947,-22.338935574229694,IMU0,36.355
-0.067060546875,-8.420888671875,0.795146484375,9.173669467787116,140.0560224089636,-21.498599439775912,IMU0,36.365
-0.067060546875,-8.593330078125,0.852626953125,9.38375350140056,144.2577030812325,-20.65826330532213,IMU0,36.375
-0.067060546875,-8.79451171875,0.871787109375,9.38375350140056,148.59943977591038,-19.747899159663866,IMU0,36.385
-0.067060546875,-8.804091796875001,0.9005273437500001,9.243697478991598,153.22128851540617,-18.837535014005603,IMU0,36.395
-0.11496093750000001,-8.842412109375001,0.9580078125000001,9.38375350140056,157.84313725490196,-17.92717086834734,IMU0,36.405
-0.13412109375,-8.938212890625001,0.9771679687500001,9.243697478991598,162.53501400560225,-17.016806722689076,IMU0,36.415
-0.13412109375,-9.10107421875,0.9580078125000001,9.38375350140056,167.22689075630254,-16.03641456582633,IMU0,36.425
-0.18202148437500001,-9.244775390625001,0.9963281250000001,9.313725490196079,171.84873949579833,-15.056022408963585,IMU0,36.435
-0.18202148437500001,-9.36931640625,0.9580078125000001,9.103641456582633,176.6106442577031,-14.215686274509805,IMU0,36.445
-0.22034179687500002,-9.474697265625,0.948427734375,8.893557422969188,181.51260504201682,-13.305322128851541,IMU0,36.455
-0.23950195312500003,-9.455537109375001,0.948427734375,8.823529411764707,186.1344537815126,-12.394957983193278,IMU0,36.465
-0.2682421875,-9.273515625,0.9388476562500001,8.753501400560225,190.75630252100842,-11.554621848739496,IMU0,36.475
-0.277822265625,-9.129814453125,0.9196875000000001,8.543417366946779,195.0280112044818,-10.714285714285715,IMU0,36.485
-0.335302734375,-9.129814453125,0.9771679687500001,8.543417366946779,199.01960784313727,-9.873949579831933,IMU0,36.495
-0.38320312500000003,-9.110654296875001,0.9580078125000001,8.473389355742297,202.94117647058823,-9.103641456582633,IMU0,36.505
-0.37362304687500003,-9.206455078125,0.9675878906250001,8.333333333333334,206.65266106442579,-8.263305322128852,IMU0,36.515
-0.42152343750000004,-9.321416015625001,0.929267578125,8.123249299719888,210.22408963585434,-7.563025210084034,IMU0,36.525
-0.39278320312500004,-9.311835937500001,0.8813671875000001,8.053221288515406,213.72549019607845,-6.792717086834735,IMU0,36.535
-0.45984375000000005,-8.957373046875,0.814306640625,7.843137254901961,217.08683473389357,-6.0924369747899165,IMU0,36.545
-0.46942382812500005,-8.71787109375,0.7472460937500001,7.843137254901961,220.0280112044818,-5.46218487394958,IMU0,36.555
-0.51732421875,-8.899892578125,0.7664062500000001,7.773109243697479,222.68907563025212,-4.831932773109244,IMU0,36.565
-0.5843847656250001,-9.1585546875,0.7855664062500001,7.703081232492997,225.14005602240897,-4.201680672268908,IMU0,36.575
-0.6035449218750001,-9.225615234375,0.8047265625000001,7.563025210084034,227.52100840336135,-3.5714285714285716,IMU0,36.585
-0.6418652343750001,-9.1585546875,0.718505859375,7.563025210084034,229.41176470588238,-3.081232492997199,IMU0,36.595
-0.6610253906250001,-9.1585546875,0.7280859375000001,7.282913165266106,231.30252100840337,-2.5210084033613445,IMU0,36.605
-0.689765625,-9.034013671875,0.613125,7.142857142857143,232.98319327731093,-2.100840336134454,IMU0,36.615
-0.6610253906250001,-9.014853515625001,0.5269042968750001,7.002801120448179,234.10364145658264,-1.680672268907563,IMU0,36.625
-0.689765625,-9.1585546875,0.47900390625000006,7.002801120448179,234.6638655462185,-1.2605042016806722,IMU0,36.635
-0.6418652343750001,-9.034013671875,0.38320312500000003,7.142857142857143,234.94397759103643,-0.9103641456582633,IMU0,36.645
-0.6514453125,-8.67955078125,0.37362304687500003,7.072829131652662,234.87394957983193,-0.5602240896358543,IMU0,36.655
-0.6227050781250001,-8.71787109375,0.28740234375,7.072829131652662,234.6638655462185,-0.21008403361344538,IMU0,36.665
-0.6610253906250001,-9.043593750000001,0.23950195312500003,7.282913165266106,233.96358543417367,0.0700280112044818,IMU0,36.675
-0.680185546875,-9.244775390625001,0.19160156250000002,7.563025210084034,232.7731092436975,0.2801120448179272,IMU0,36.685
-0.63228515625,-9.2351953125,0.13412109375,7.492997198879552,231.51260504201682,0.6302521008403361,IMU0,36.695
-0.6227050781250001,-9.225615234375,0.086220703125,7.633053221288516,229.83193277310926,0.8403361344537815,IMU0,36.705
-0.5460644531250001,-9.359736328125,0.0383203125,7.843137254901961,227.87114845938376,1.050420168067227,IMU0,36.715
-0.5460644531250001,-9.417216796875001,-0.028740234375000003,7.983193277310924,225.56022408963585,1.2605042016806722,IMU0,36.725
-0.46942382812500005,-9.350156250000001,-0.09580078125000001,8.333333333333334,222.89915966386556,1.4705882352941178,IMU0,36.735
-0.47900390625000006,-9.359736328125,-0.12454101562500001,8.61344537815126,219.95798319327733,1.7507002801120448,IMU0,36.745
-0.48858398437500006,-9.6183984375,-0.18202148437500001,8.96358543417367,216.80672268907563,1.9607843137254903,IMU0,36.755
-0.45984375000000005,-9.81,-0.22034179687500002,9.453781512605042,213.51540616246498,2.170868347338936,IMU0,36.765
-0.46942382812500005,-10.039921875000001,-0.258662109375,9.873949579831933,210.0840336134454,2.380952380952381,IMU0,36.775
-0.354462890625,-10.269843750000001,-0.36404296875000003,10.224089635854343,206.44257703081234,2.5910364145658265,IMU0,36.785
-0.28740234375,-10.490185546875,-0.42152343750000004,10.57422969187675,202.8011204481793,2.8711484593837535,IMU0,36.795
-0.19160156250000002,-10.547666015625001,-0.49816406250000006,11.204481792717088,198.80952380952382,3.151260504201681,IMU0,36.805
-0.162861328125,-10.55724609375,-0.5843847656250001,11.69467787114846,194.60784313725492,3.5014005602240896,IMU0,36.815
-0.12454101562500001,-10.585986328125001,-0.55564453125,12.184873949579833,190.54621848739495,3.8515406162464987,IMU0,36.825
-0.067060546875,-10.59556640625,-0.680185546875,12.745098039215687,186.48459383753502,4.271708683473389,IMU0,36.835
-0.067060546875,-10.700947265625,-0.6514453125,13.375350140056023,182.2829131652661,4.69187675070028,IMU0,36.845
-0.028740234375000003,-10.758427734375001,-0.689765625,13.935574229691877,178.29131652661064,5.182072829131653,IMU0,36.855
-0.057480468750000006,-10.739267578125,-0.680185546875,14.495798319327731,174.36974789915968,5.742296918767507,IMU0,36.865
-0.009580078125,-10.653046875000001,-0.689765625,14.915966386554622,170.65826330532212,6.23249299719888,IMU0,36.875
0.09580078125000001,-10.451865234375001,-0.7280859375000001,15.336134453781513,167.08683473389357,6.792717086834735,IMU0,36.885
0.086220703125,-10.336904296875002,-0.718505859375,15.896358543417367,163.72549019607843,7.352941176470589,IMU0,36.895
0.22992187500000003,-10.2315234375,-0.718505859375,16.38655462184874,160.57422969187675,7.983193277310924,IMU0,36.905
0.2682421875,-10.135722656250001,-0.699345703125,16.80672268907563,157.703081232493,8.753501400560225,IMU0,36.915
0.316142578125,-10.0782421875,-0.70892578125,17.15686274509804,155.18207282913167,9.453781512605042,IMU0,36.925
0.335302734375,-10.049501953125,-0.67060546875,17.50700280112045,152.7310924369748,10.224089635854343,IMU0,36.935
0.335302734375,-9.857900390625,-0.63228515625,17.857142857142858,150.28011204481794,10.994397759103641,IMU0,36.945
0.38320312500000003,-9.560917968750001,-0.613125,17.99719887955182,148.17927170868347,11.764705882352942,IMU0,36.955
0.41194335937500004,-9.580078125,-0.6418652343750001,18.27731092436975,146.28851540616247,12.53501400560224,IMU0,36.965
0.47900390625000006,-9.7716796875,-0.6227050781250001,18.557422969187677,144.60784313725492,13.23529411764706,IMU0,36.975
0.47900390625000006,-9.838740234375,-0.6035449218750001,18.76750700280112,143.0672268907563,14.075630252100842,IMU0,36.985
0.5077441406250001,-9.9249609375,-0.6227050781250001,18.907563025210084,141.73669467787116,14.915966386554622,IMU0,36.995
0.536484375,-10.001601562500001,-0.59396484375,18.977591036414566,140.68627450980392,15.756302521008404,IMU0,37.005
0.5748046875,-9.992021484375,-0.55564453125,18.977591036414566,139.7058823529412,16.666666666666668,IMU0,37.015
0.5652246093750001,-9.934541015625001,-0.536484375,19.047619047619047,138.8655462184874,17.50700280112045,IMU0,37.025
0.6035449218750001,-9.98244140625,-0.44068359375000005,19.047619047619047,138.16526610644257,18.347338935574232,IMU0,37.035
0.5460644531250001,-10.02076171875,-0.45026367187500005,18.907563025210084,137.7450980392157,19.327731092436977,IMU0,37.045
0.5652246093750001,-10.030341796875001,-0.41194335937500004,18.76750700280112,137.39495798319328,20.238095238095237,IMU0,37.055
0.536484375,-10.164462890625,-0.38320312500000003,18.76750700280112,137.2549019607843,21.07843137254902,IMU0,37.065
0.536484375,-10.279423828125001,-0.38320312500000003,18.417366946778714,137.3249299719888,21.9187675070028,IMU0,37.075
0.5460644531250001,-10.40396484375,-0.32572265625,18.347338935574232,137.39495798319328,22.829131652661065,IMU0,37.085
0.49816406250000006,-10.442285156250001,-0.316142578125,17.92717086834734,137.60504201680672,23.669467787114847,IMU0,37.095
0.51732421875,-10.5380859375,-0.23950195312500003,17.43697478991597,137.88515406162466,24.50980392156863,IMU0,37.105
0.51732421875,-10.662626953125,-0.19160156250000002,17.086834733893557,138.23529411764707,25.28011204481793,IMU0,37.115
0.45984375000000005,-10.7680078125,-0.15328125,16.666666666666668,138.58543417366948,26.190476190476193,IMU0,37.125
0.38320312500000003,-10.796748046875,-0.13412109375,16.246498599439775,138.9355742296919,26.96078431372549,IMU0,37.135
0.32572265625,-10.720107421875001,-0.13412109375,15.686274509803923,139.56582633053222,27.73109243697479,IMU0,37.145
0.28740234375,-10.471025390625,-0.028740234375000003,14.985994397759104,140.12605042016807,28.50140056022409,IMU0,37.155
0.22034179687500002,-10.2315234375,-0.047900390625000004,14.42577030812325,140.68627450980392,29.131652661064425,IMU0,37.165
0.18202148437500001,-10.28900390625,0.0,13.795518207282914,141.24649859943978,29.761904761904763,IMU0,37.175
0.13412109375,-10.40396484375,0.009580078125,12.88515406162465,142.01680672268907,30.3921568627451,IMU0,37.185
0.076640625,-10.432705078125,0.047900390625000004,12.114845938375352,142.43697478991598,30.88235294117647,IMU0,37.195
0.15328125,-10.336904296875002,0.057480468750000006,11.414565826330533,142.92717086834733,31.372549019607845,IMU0,37.205
0.047900390625000004,-10.068662109375001,0.057480468750000006,10.57422969187675,143.34733893557424,31.792717086834735,IMU0,37.215
0.076640625,-9.819580078125,0.086220703125,9.803921568627452,143.4873949579832,32.07282913165266,IMU0,37.225
0.01916015625,-9.781259765625,0.086220703125,9.103641456582633,143.34733893557424,32.35294117647059,IMU0,37.235
-0.028740234375000003,-9.819580078125,0.09580078125000001,7.282913165266106,143.0672268907563,32.77310924369748,IMU0,37.245
-0.057480468750000006,-9.781259765625,0.09580078125000001,6.582633053221289,142.43697478991598,32.913165266106446,IMU0,37.255
-0.076640625,-9.7716796875,0.076640625,5.882352941176471,141.52661064425772,32.983193277310924,IMU0,37.265
-0.13412109375,-9.877060546875,0.067060546875,4.901960784313726,140.8263305322129,32.983193277310924,IMU0,37.275
-0.143701171875,-10.049501953125,0.09580078125000001,4.201680672268908,139.7058823529412,32.983193277310924,IMU0,37.285
-0.20118164062500002,-10.212363281250001,0.067060546875,3.431372549019608,138.16526610644257,32.84313725490196,IMU0,37.295
-0.22992187500000003,-10.423125,0.057480468750000006,2.801120448179272,136.55462184873952,32.63305322128852,IMU0,37.305
-0.296982421875,-10.509345703125001,0.047900390625000004,2.030812324929972,134.6638655462185,32.49299719887955,IMU0,37.315
-0.296982421875,-10.566826171875,0.009580078125,1.4705882352941178,132.63305322128852,32.212885154061624,IMU0,37.325
-0.32572265625,-10.614726562500001,0.01916015625,0.700280112044818,130.3221288515406,31.862745098039216,IMU0,37.335
-0.39278320312500004,-10.825488281250001,0.0,0.21008403361344538,127.59103641456583,31.442577030812327,IMU0,37.345
-0.39278320312500004,-10.911708984375,0.01916015625,-0.2801120448179272,124.6498599439776,31.092436974789916,IMU0,37.355
-0.43110351562500004,-10.86380859375,-0.01916015625,-0.8403361344537815,121.42857142857143,30.602240896358545,IMU0,37.365
-0.44068359375000005,-10.94044921875,-0.047900390625000004,-1.3305322128851542,118.0672268907563,30.11204481792717,IMU0,37.375
-0.42152343750000004,-11.18953125,-0.086220703125,-1.8207282913165266,114.28571428571429,29.481792717086837,IMU0,37.385
-0.49816406250000006,-11.429033203125,-0.10538085937500001,-2.030812324929972,110.15406162464987,28.8515406162465,IMU0,37.395
-0.5269042968750001,-11.49609375,-0.10538085937500001,-2.380952380952381,105.74229691876751,28.151260504201684,IMU0,37.405
-0.55564453125,-11.24701171875,-0.10538085937500001,-2.6610644257703084,101.33053221288516,27.380952380952383,IMU0,37.415
-0.55564453125,-10.959609375000001,-0.12454101562500001,-2.8711484593837535,96.70868347338936,26.680672268907564,IMU0,37.425
-0.536484375,-10.7680078125,-0.15328125,-3.151260504201681,92.01680672268908,25.980392156862745,IMU0,37.435
-0.613125,-10.662626953125,-0.143701171875,-3.151260504201681,87.25490196078432,25.140056022408963,IMU0,37.445
-0.6514453125,-10.720107421875001,-0.17244140625,-3.361344537815126,82.21288515406162,24.299719887955185,IMU0,37.455
-0.6514453125,-10.681787109375001,-0.18202148437500001,-3.361344537815126,76.89075630252101,23.38935574229692,IMU0,37.465
-0.6418652343750001,-10.5380859375,-0.19160156250000002,-3.361344537815126,71.35854341736695,22.408963585434176,IMU0,37.475
-0.63228515625,-10.432705078125,-0.21076171875000002,-3.431372549019608,66.31652661064426,21.638655462184875,IMU0,37.485
-0.689765625,-10.480605468750001,-0.23950195312500003,-3.5714285714285716,60.7843137254902,20.72829131652661,IMU0,37.495
-0.6514453125,-10.509345703125001,-0.258662109375,-3.361344537815126,55.11204481792717,19.88795518207283,IMU0,37.505
-0.6610253906250001,-10.279423828125001,-0.28740234375,-3.2913165266106446,49.15966386554622,18.907563025210084,IMU0,37.515
-0.5843847656250001,-9.9249609375,-0.277822265625,-3.151260504201681,43.4873949579832,17.99719887955182,IMU0,37.525
-0.6035449218750001,-9.685458984375,-0.32572265625,-2.9411764705882355,37.885154061624654,17.15686274509804,IMU0,37.535
-0.6035449218750001,-9.695039062500001,-0.32572265625,-2.6610644257703084,32.212885154061624,16.31652661064426,IMU0,37.545
-0.59396484375,-9.656718750000001,-0.40236328125000004,-2.380952380952381,26.750700280112046,15.476190476190476,IMU0,37.555
-0.6035449218750001,-9.522597656250001,-0.36404296875000003,-2.170868347338936,21.498599439775912,14.705882352941178,IMU0,37.565
-0.55564453125,-9.44595703125,-0.46942382812500005,-1.7507002801120448,15.966386554621849,13.935574229691877,IMU0,37.575
-0.5748046875,-9.359736328125,-0.41194335937500004,-1.400560224089636,10.154061624649861,13.095238095238097,IMU0,37.585
-0.536484375,-9.321416015625001,-0.45984375000000005,-1.050420168067227,4.481792717086835,12.324929971988796,IMU0,37.595
-0.5652246093750001,-9.33099609375,-0.47900390625000006,-0.7703081232492998,-1.2605042016806722,11.554621848739496,IMU0,37.605
-0.49816406250000006,-9.532177734375,-0.49816406250000006,-0.350140056022409,-7.002801120448179,10.784313725490197,IMU0,37.615
-0.55564453125,-9.762099609375001,-0.5652246093750001,0.0,-12.955182072829132,10.084033613445378,IMU0,37.625
-0.5269042968750001,-9.800419921875001,-0.5652246093750001,0.5602240896358543,-18.977591036414566,9.313725490196079,IMU0,37.635
-0.51732421875,-9.81,-0.6227050781250001,1.2605042016806722,-25.210084033613448,8.61344537815126,IMU0,37.645
-0.49816406250000006,-9.800419921875001,-0.6035449218750001,1.7507002801120448,-31.442577030812327,7.843137254901961,IMU0,37.655
-0.45026367187500005,-9.838740234375,-0.6418652343750001,2.380952380952381,-37.675070028011206,7.072829131652662,IMU0,37.665
-0.49816406250000006,-9.992021484375,-0.6514453125,3.151260504201681,-44.04761904761905,6.302521008403362,IMU0,37.675
-0.46942382812500005,-10.126142578125,-0.6227050781250001,3.711484593837535,-50.420168067226896,5.602240896358544,IMU0,37.685
-0.5652246093750001,-10.375224609375001,-0.699345703125,4.061624649859944,-56.792717086834735,4.901960784313726,IMU0,37.695
-0.5269042968750001,-10.748847656250001,-0.680185546875,4.831932773109244,-63.655462184873954,4.061624649859944,IMU0,37.705
-0.536484375,-10.959609375000001,-0.699345703125,5.392156862745098,-70.58823529411765,3.2913165266106446,IMU0,37.715
-0.5460644531250001,-10.969189453125,-0.689765625,6.162464985994398,-77.59103641456583,2.450980392156863,IMU0,37.725
-0.48858398437500006,-10.748847656250001,-0.689765625,6.862745098039216,-84.45378151260505,1.680672268907563,IMU0,37.735
-0.48858398437500006,-10.566826171875,-0.6514453125,7.42296918767507,-91.03641456582633,0.9103641456582633,IMU0,37.745
-0.41194335937500004,-10.55724609375,-0.613125,8.19327731092437,-97.3389355742297,0.21008403361344538,IMU0,37.755
-0.46942382812500005,-10.624306640625,-0.6227050781250001,8.753501400560225,-103.36134453781513,-0.5602240896358543,IMU0,37.765
-0.45026367187500005,-10.796748046875,-0.59396484375,9.313725490196079,-109.2436974789916,-1.1904761904761905,IMU0,37.775
-0.5269042968750001,-10.720107421875001,-0.5652246093750001,9.803921568627452,-114.98599439775911,-1.9607843137254903,IMU0,37.785
-0.45984375000000005,-10.40396484375,-0.51732421875,10.504201680672269,-120.44817927170868,-2.5910364145658265,IMU0,37.795
-0.45984375000000005,-10.202783203125001,-0.5077441406250001,10.92436974789916,-125.63025210084034,-3.2913165266106446,IMU0,37.805
-0.43110351562500004,-10.202783203125001,-0.47900390625000006,11.414565826330533,-130.60224089635855,-3.9215686274509807,IMU0,37.815
-0.42152343750000004,-10.202783203125001,-0.45026367187500005,11.904761904761905,-135.43417366946778,-4.621848739495799,IMU0,37.825
-0.45984375000000005,-10.087822265625,-0.42152343750000004,12.324929971988796,-140.19607843137254,-5.2521008403361344,IMU0,37.835
-0.3448828125,-9.992021484375,-0.40236328125000004,12.745098039215687,-144.74789915966386,-5.9523809523809526,IMU0,37.845
-0.38320312500000003,-10.011181640625,-0.37362304687500003,13.095238095238097,-148.8795518207283,-6.442577030812325,IMU0,37.855
-0.354462890625,-9.9249609375,-0.354462890625,13.375350140056023,-152.94117647058823,-7.002801120448179,IMU0,37.865
-0.3448828125,-9.829160156250001,-0.3065625,13.795518207282914,-156.9327731092437,-7.563025210084034,IMU0,37.875
-0.32572265625,-9.75251953125,-0.277822265625,14.355742296918768,-160.7843137254902,-8.123249299719888,IMU0,37.885
-0.296982421875,-9.704619140625,-0.2682421875,14.355742296918768,-164.07563025210084,-8.473389355742297,IMU0,37.895
-0.335302734375,-9.666298828125,-0.23950195312500003,14.565826330532213,-167.50700280112045,-8.893557422969188,IMU0,37.905
-0.277822265625,-9.762099609375001,-0.22992187500000003,14.84593837535014,-170.58823529411765,-9.38375350140056,IMU0,37.915
-0.354462890625,-10.030341796875001,-0.258662109375,15.056022408963585,-173.73949579831933,-9.803921568627452,IMU0,37.925
-0.3065625,-10.413544921875001,-0.258662109375,15.336134453781513,-176.9607843137255,-10.294117647058824,IMU0,37.935
-0.316142578125,-10.566826171875,-0.258662109375,15.476190476190476,-180.25210084033614,-10.714285714285715,IMU0,37.945
-0.28740234375,-10.518925781250001,-0.258662109375,15.686274509803923,-183.54341736694678,-11.134453781512606,IMU0,37.955
-0.296982421875,-10.432705078125,-0.24908203125000003,15.686274509803923,-186.624649859944,-11.624649859943979,IMU0,37.965
-0.28740234375,-10.499765625,-0.21076171875000002,15.826330532212886,-189.7058823529412,-12.044817927170868,IMU0,37.975
-0.316142578125,-10.624306640625,-0.18202148437500001,15.966386554621849,-192.7170868347339,-12.53501400560224,IMU0,37.985
-0.296982421875,-10.959609375000001,-0.19160156250000002,16.246498599439775,-195.8683473389356,-13.025210084033613,IMU0,37.995
-0.296982421875,-11.160791015625001,-0.15328125,16.38655462184874,-198.9495798319328,-13.445378151260504,IMU0,38.005
-0.296982421875,-11.36197265625,-0.11496093750000001,16.526610644257705,-201.89075630252103,-13.865546218487395,IMU0,38.015
-0.316142578125,-11.524833984375,-0.10538085937500001,16.596638655462186,-204.76190476190476,-14.285714285714286,IMU0,38.025
-0.296982421875,-11.639794921875001,-0.047900390625000004,16.596638655462186,-207.49299719887955,-14.775910364145659,IMU0,38.035
-0.335302734375,-11.639794921875001,-0.076640625,16.666666666666668,-210.0140056022409,-15.19607843137255,IMU0,38.045
-0.316142578125,-11.409873046875001,-0.009580078125,16.596638655462186,-212.3249299719888,-15.616246498599441,IMU0,38.055
-0.32572265625,-11.170371093750001,0.0,16.456582633053223,-214.42577030812325,-16.03641456582633,IMU0,38.065
-0.296982421875,-11.132050781250001,0.076640625,16.526610644257705,-216.52661064425772,-16.38655462184874,IMU0,38.075
-0.28740234375,-11.132050781250001,0.11496093750000001,16.246498599439775,-218.34733893557424,-16.73669467787115,IMU0,38.085
-0.316142578125,-11.132050781250001,0.143701171875,16.246498599439775,-219.7478991596639,-17.086834733893557,IMU0,38.095
-0.24908203125000003,-11.007509765625,0.18202148437500001,16.106442577030812,-221.00840336134453,-17.43697478991597,IMU0,38.105
-0.28740234375,-10.7296875,0.18202148437500001,15.756302521008404,-222.12885154061627,-17.647058823529413,IMU0,38.115
-0.277822265625,-10.509345703125001,0.22034179687500002,15.546218487394958,-223.17927170868347,-17.92717086834734,IMU0,38.125
-0.28740234375,-10.356064453125,0.20118164062500002,15.406162464985995,-224.08963585434174,-18.27731092436975,IMU0,38.135
-0.22034179687500002,-10.451865234375001,0.21076171875000002,15.19607843137255,-225.0700280112045,-18.557422969187677,IMU0,38.145
-0.21076171875000002,-10.413544921875001,0.162861328125,14.985994397759104,-226.1904761904762,-18.76750700280112,IMU0,38.155
-0.22992187500000003,-10.221943359375,0.20118164062500002,14.775910364145659,-227.24089635854344,-19.047619047619047,IMU0,38.165
-0.21076171875000002,-10.087822265625,0.19160156250000002,14.42577030812325,-228.0812324929972,-19.257703081232496,IMU0,38.175
-0.21076171875000002,-10.09740234375,0.22034179687500002,14.215686274509805,-228.8515406162465,-19.537815126050422,IMU0,38.185
-0.17244140625,-9.992021484375,0.23950195312500003,13.935574229691877,-229.34173669467788,-19.677871148459385,IMU0,38.195
-0.22992187500000003,-9.790839843750001,0.28740234375,13.795518207282914,-230.18207282913167,-19.88795518207283,IMU0,38.205
-0.19160156250000002,-9.819580078125,0.28740234375,13.58543417366947,-230.8823529411765,-20.028011204481793,IMU0,38.215
-0.19160156250000002,-9.915380859375,0.277822265625,13.375350140056023,-231.65266106442579,-20.308123249299722,IMU0,38.225
-0.20118164062500002,-10.001601562500001,0.335302734375,13.23529411764706,-232.56302521008405,-20.518207282913167,IMU0,38.235
-0.21076171875000002,-10.09740234375,0.316142578125,12.88515406162465,-233.4733893557423,-20.72829131652661,IMU0,38.245
-0.23950195312500003,-10.183623046875,0.42152343750000004,12.745098039215687,-234.59383753501402,-20.938375350140056,IMU0,38.255
-0.28740234375,-10.308164062500001,0.5077441406250001,12.53501400560224,-235.71428571428572,-21.218487394957982,IMU0,38.265
-0.2682421875,-10.32732421875,0.51732421875,12.044817927170868,-237.95518207282913,-21.77871148459384,IMU0,38.275
-0.2682421875,-10.4614453125,0.5460644531250001,11.834733893557424,-239.00560224089637,-22.058823529411764,IMU0,38.285
-0.277822265625,-10.653046875000001,0.6227050781250001,11.624649859943979,-239.98599439775913,-22.338935574229694,IMU0,38.295
-0.22034179687500002,-10.758427734375001,0.6227050781250001,11.134453781512606,-240.61624649859945,-22.54901960784314,IMU0,38.305
-0.24908203125000003,-10.835068359375,0.7280859375000001,10.714285714285715,-241.03641456582633,-22.759103641456583,IMU0,38.315
-0.20118164062500002,-10.950029296875,0.7472460937500001,10.224089635854343,-241.1764705882353,-22.899159663865547,IMU0,38.325
-0.21076171875000002,-11.103310546875,0.833466796875,9.73389355742297,-241.24649859943978,-22.969187675070028,IMU0,38.335
-0.15328125,-11.294912109375002,0.814306640625,9.243697478991598,-241.03641456582633,-23.10924369747899,IMU0,38.345
-0.13412109375,-11.352392578125,0.910107421875,8.61344537815126,-240.68627450980392,-23.179271708683473,IMU0,38.355
-0.086220703125,-11.20869140625,0.9580078125000001,7.983193277310924,-239.98599439775913,-23.179271708683473,IMU0,38.365
-0.076640625,-11.055410156250002,0.9867480468750001,7.352941176470589,-239.00560224089637,-23.179271708683473,IMU0,38.375
-0.047900390625000004,-10.88296875,1.0154882812500001,6.722689075630252,-238.0952380952381,-23.10924369747899,IMU0,38.385
-0.028740234375000003,-10.8446484375,0.948427734375,6.022408963585434,-236.83473389355743,-23.03921568627451,IMU0,38.395
-0.01916015625,-10.90212890625,1.005908203125,5.46218487394958,-235.3641456582633,-22.829131652661065,IMU0,38.405
0.0383203125,-11.01708984375,0.9771679687500001,4.831932773109244,-233.4733893557423,-22.61904761904762,IMU0,38.415
0.01916015625,-10.97876953125,1.0346484375,4.201680672268908,-231.5826330532213,-22.338935574229694,IMU0,38.425
0.047900390625000004,-10.720107421875001,1.044228515625,3.5014005602240896,-229.41176470588238,-21.988795518207283,IMU0,38.435
0.09580078125000001,-10.480605468750001,1.025068359375,2.6610644257703084,-226.9607843137255,-21.638655462184875,IMU0,38.445
0.17244140625,-10.336904296875002,1.0346484375,1.8907563025210086,-224.43977591036415,-21.218487394957982,IMU0,38.455
0.18202148437500001,-10.193203125,0.9867480468750001,1.3305322128851542,-221.9187675070028,-20.72829131652661,IMU0,38.465
0.277822265625,-10.0782421875,0.9675878906250001,0.700280112044818,-219.32773109243698,-20.168067226890756,IMU0,38.475
0.296982421875,-9.8483203125,0.9675878906250001,0.21008403361344538,-216.66666666666669,-19.537815126050422,IMU0,38.485
0.28740234375,-9.723779296875001,1.0154882812500001,-0.4901960784313726,-214.07563025210084,-18.977591036414566,IMU0,38.495
0.40236328125000004,-9.560917968750001,0.9388476562500001,-1.1204481792717087,-211.41456582633054,-18.417366946778714,IMU0,38.505
0.32572265625,-9.570498046875,1.0154882812500001,-1.680672268907563,-208.68347338935575,-17.787114845938376,IMU0,38.515
0.41194335937500004,-9.723779296875001,0.9771679687500001,-2.2408963585434174,-205.8823529411765,-17.22689075630252,IMU0,38.525
0.43110351562500004,-9.7716796875,1.044228515625,-2.801120448179272,-202.94117647058823,-16.526610644257705,IMU0,38.535
0.42152343750000004,-9.877060546875,1.063388671875,-3.361344537815126,-199.78991596638656,-15.826330532212886,IMU0,38.545
0.3448828125,-10.02076171875,1.063388671875,-3.711484593837535,-196.6386554621849,-15.266106442577032,IMU0,38.555
0.44068359375000005,-10.193203125,1.101708984375,-4.411764705882353,-193.1372549019608,-14.495798319327731,IMU0,38.565
0.47900390625000006,-10.451865234375001,1.1304492187500002,-5.182072829131653,-189.2156862745098,-13.725490196078432,IMU0,38.575
0.51732421875,-10.585986328125001,1.140029296875,-5.8123249299719895,-185.29411764705884,-13.025210084033613,IMU0,38.585
0.51732421875,-10.566826171875,1.149609375,-6.442577030812325,-181.23249299719888,-12.254901960784315,IMU0,38.595
0.49816406250000006,-10.451865234375001,1.149609375,-6.932773109243698,-177.24089635854344,-11.484593837535014,IMU0,38.605
0.6418652343750001,-10.36564453125,1.101708984375,-7.492997198879552,-173.03921568627453,-10.57422969187675,IMU0,38.615
0.63228515625,-10.40396484375,1.0538085937500001,-8.053221288515406,-168.9075630252101,-9.803921568627452,IMU0,38.625
0.756826171875,-10.394384765625,1.063388671875,-8.823529411764707,-164.6358543417367,-8.893557422969188,IMU0,38.635
0.689765625,-10.451865234375001,1.101708984375,-9.173669467787116,-160.15406162464987,-7.983193277310924,IMU0,38.645
0.7855664062500001,-10.614726562500001,1.082548828125,-9.593837535014005,-155.67226890756302,-7.002801120448179,IMU0,38.655
0.814306640625,-10.681787109375001,1.1112890625,-10.154061624649861,-151.1204481792717,-6.162464985994398,IMU0,38.665
0.814306640625,-10.720107421875001,1.082548828125,-10.504201680672269,-146.35854341736695,-5.182072829131653,IMU0,38.675
0.9388476562500001,-10.796748046875,1.044228515625,-10.854341736694678,-141.38655462184875,-4.131652661064426,IMU0,38.685
0.929267578125,-10.8446484375,1.044228515625,-11.344537815126051,-136.55462184873952,-3.2212885154061626,IMU0,38.695
0.9675878906250001,-10.700947265625,0.9580078125000001,-11.764705882352942,-131.5826330532213,-2.100840336134454,IMU0,38.705
0.9867480468750001,-10.490185546875,0.948427734375,-12.044817927170868,-126.61064425770309,-1.1204481792717087,IMU0,38.715
0.9963281250000001,-10.394384765625,0.890947265625,-12.324929971988796,-121.84873949579833,-0.0700280112044818,IMU0,38.725
1.07296875,-10.40396484375,0.8238867187500001,-12.605042016806724,-117.29691876750701,0.9103641456582633,IMU0,38.735
1.044228515625,-10.442285156250001,0.8047265625000001,-12.745098039215687,-112.81512605042018,1.8907563025210086,IMU0,38.745
1.0921289062500001,-10.3848046875,0.775986328125,-12.955182072829132,-108.33333333333334,2.8711484593837535,IMU0,38.755
1.063388671875,-10.241103515625001,0.8047265625000001,-13.095238095238097,-103.71148459383754,3.8515406162464987,IMU0,38.765
1.1112890625,-10.030341796875001,0.718505859375,-13.23529411764706,-99.2296918767507,4.831932773109244,IMU0,38.775
1.07296875,-9.877060546875,0.689765625,-13.445378151260504,-94.81792717086836,5.742296918767507,IMU0,38.785
1.101708984375,-9.819580078125,0.5843847656250001,-13.23529411764706,-90.75630252100841,6.652661064425771,IMU0,38.795
1.1112890625,-9.71419921875,0.59396484375,-13.375350140056023,-86.69467787114846,7.563025210084034,IMU0,38.805
1.0154882812500001,-9.67587890625,0.6227050781250001,-13.445378151260504,-82.77310924369748,8.403361344537815,IMU0,38.815
1.0154882812500001,-9.493857421875001,0.613125,-13.445378151260504,-78.92156862745098,9.243697478991598,IMU0,38.825
0.9005273437500001,-9.33099609375,0.70892578125,-13.58543417366947,-75.21008403361346,9.873949579831933,IMU0,38.835
0.910107421875,-9.110654296875001,0.6227050781250001,-13.515406162464986,-71.70868347338936,10.57422969187675,IMU0,38.845
0.890947265625,-8.94779296875,0.6514453125,-13.795518207282914,-68.20728291316527,11.134453781512606,IMU0,38.855
0.8622070312500001,-9.014853515625001,0.5843847656250001,-13.725490196078432,-64.91596638655463,11.764705882352942,IMU0,38.865
0.910107421875,-9.321416015625001,0.6227050781250001,-13.795518207282914,-61.62464985994398,12.394957983193278,IMU0,38.875
0.9196875000000001,-9.5034375,0.59396484375,-13.445378151260504,-58.543417366946784,12.955182072829132,IMU0,38.885
0.9196875000000001,-9.5034375,0.613125,-13.725490196078432,-55.04201680672269,13.58543417366947,IMU0,38.895
0.9196875000000001,-9.63755859375,0.5748046875,-14.075630252100842,-51.5406162464986,14.215686274509805,IMU0,38.905
0.9675878906250001,-9.790839843750001,0.48858398437500006,-14.145658263305323,-48.24929971988796,14.84593837535014,IMU0,38.915
0.9675878906250001,-9.90580078125,0.51732421875,-14.145658263305323,-44.81792717086835,15.406162464985995,IMU0,38.925
0.948427734375,-9.857900390625,0.42152343750000004,-14.075630252100842,-41.38655462184874,15.966386554621849,IMU0,38.935
0.8622070312500001,-9.963281250000001,0.45984375000000005,-14.42577030812325,-37.81512605042017,16.526610644257705,IMU0,38.945
0.8622070312500001,-10.049501953125,0.46942382812500005,-14.42577030812325,-34.59383753501401,17.086834733893557,IMU0,38.955
0.7664062500000001,-10.106982421875001,0.5652246093750001,-14.635854341736696,-31.1624649859944,17.50700280112045,IMU0,38.965
0.756826171875,-10.1548828125,0.6418652343750001,-14.775910364145659,-27.941176470588236,17.99719887955182,IMU0,38.975
0.70892578125,-10.317744140625,0.680185546875,-14.915966386554622,-24.789915966386555,18.347338935574232,IMU0,38.985
0.7280859375000001,-10.576406250000002,0.680185546875,-15.056022408963585,-21.988795518207283,18.69747899159664,IMU0,38.995
0.7280859375000001,-10.796748046875,0.6610253906250001,-15.476190476190476,-18.977591036414566,19.11764705882353,IMU0,39.005
0.7280859375000001,-10.969189453125,0.613125,-15.686274509803923,-15.966386554621849,19.46778711484594,IMU0,39.015
0.680185546875,-11.160791015625001,0.5843847656250001,-15.896358543417367,-12.955182072829132,19.817927170868348,IMU0,39.025
0.6514453125,-11.304492187500001,0.6035449218750001,-16.03641456582633,-10.154061624649861,20.168067226890756,IMU0,39.035
0.6227050781250001,-11.3811328125,0.5843847656250001,-16.38655462184874,-7.352941176470589,20.378151260504204,IMU0,39.045
0.613125,-11.371552734375001,0.6227050781250001,-16.526610644257705,-4.69187675070028,20.65826330532213,IMU0,39.055
0.5460644531250001,-11.4577734375,0.5748046875,-16.596638655462186,-2.2408963585434174,20.868347338935575,IMU0,39.065
0.48858398437500006,-11.505673828125001,0.6227050781250001,-16.73669467787115,0.1400560224089636,21.07843137254902,IMU0,39.075
0.46942382812500005,-11.429033203125,0.55564453125,-16.946778711484594,2.2408963585434174,21.218487394957982,IMU0,39.085
0.37362304687500003,-11.3811328125,0.536484375,-17.296918767507005,3.991596638655462,21.218487394957982,IMU0,39.095
0.354462890625,-11.390712890625,0.51732421875,-17.647058823529413,5.46218487394958,21.218487394957982,IMU0,39.105
0.32572265625,-11.3428125,0.48858398437500006,-17.787114845938376,6.652661064425771,21.1484593837535,IMU0,39.115
0.316142578125,-11.20869140625,0.5460644531250001,-17.99719887955182,7.703081232492997,21.008403361344538,IMU0,39.125
0.28740234375,-11.084150390625,0.51732421875,-18.27731092436975,8.753501400560225,20.938375350140056,IMU0,39.135
0.296982421875,-11.01708984375,0.46942382812500005,-18.417366946778714,9.73389355742297,20.798319327731093,IMU0,39.145
0.21076171875000002,-10.88296875,0.51732421875,-18.627450980392158,10.504201680672269,20.65826330532213,IMU0,39.155
0.22992187500000003,-10.835068359375,0.5077441406250001,-18.837535014005603,11.484593837535014,20.448179271708685,IMU0,39.165
0.22034179687500002,-10.796748046875,0.5652246093750001,-19.047619047619047,12.324929971988796,20.238095238095237,IMU0,39.175
0.18202148437500001,-10.681787109375001,0.51732421875,-19.46778711484594,13.445378151260504,20.028011204481793,IMU0,39.185
0.21076171875000002,-10.720107421875001,0.5843847656250001,-19.677871148459385,14.635854341736696,19.817927170868348,IMU0,39.195
0.19160156250000002,-10.777587890625,0.55564453125,-20.098039215686274,15.966386554621849,19.607843137254903,IMU0,39.205
0.22992187500000003,-10.777587890625,0.59396484375,-20.448179271708685,17.296918767507005,19.39775910364146,IMU0,39.215
0.18202148437500001,-10.930869140625001,0.613125,-20.798319327731093,18.627450980392158,19.11764705882353,IMU0,39.225
0.22992187500000003,-11.132050781250001,0.55564453125,-21.008403361344538,19.95798319327731,18.907563025210084,IMU0,39.235
0.21076171875000002,-11.093730468750001,0.613125,-21.35854341736695,21.1484593837535,18.69747899159664,IMU0,39.245
0.23950195312500003,-11.01708984375,0.5843847656250001,-21.84873949579832,22.54901960784314,18.557422969187677,IMU0,39.255
0.316142578125,-11.007509765625,0.5843847656250001,-22.338935574229694,24.089635854341736,18.347338935574232,IMU0,39.265
0.2682421875,-11.03625,0.5269042968750001,-22.759103641456583,25.7703081232493,18.137254901960784,IMU0,39.275
0.28740234375,-11.064990234375001,0.47900390625000006,-23.249299719887958,27.380952380952383,17.99719887955182,IMU0,39.285
0.37362304687500003,-11.304492187500001,0.45026367187500005,-24.089635854341736,30.88235294117647,17.717086834733895,IMU0,39.295
0.36404296875000003,-11.438613281250001,0.45026367187500005,-24.439775910364148,32.563025210084035,17.57703081232493,IMU0,39.305
0.354462890625,-11.63021484375,0.41194335937500004,-24.859943977591037,34.03361344537815,17.43697478991597,IMU0,39.315
0.41194335937500004,-11.812236328125001,0.42152343750000004,-25.210084033613448,35.50420168067227,17.22689075630252,IMU0,39.325
0.44068359375000005,-11.840976562500002,0.38320312500000003,-25.420168067226893,37.04481792717087,17.016806722689076,IMU0,39.335
0.47900390625000006,-11.563154296875,0.3065625,-25.7703081232493,38.51540616246499,16.876750700280112,IMU0,39.345
0.5077441406250001,-11.294912109375002,0.23950195312500003,-26.12044817927171,39.635854341736696,16.666666666666668,IMU0,39.355
0.536484375,-11.352392578125,0.22992187500000003,-26.47058823529412,40.54621848739496,16.526610644257705,IMU0,39.365
0.5843847656250001,-11.467353515625001,0.21076171875000002,-26.750700280112046,41.52661064425771,16.38655462184874,IMU0,39.375
0.6610253906250001,-11.409873046875001,0.24908203125000003,-27.100840336134453,42.787114845938376,16.246498599439775,IMU0,39.385
0.6227050781250001,-11.170371093750001,0.19160156250000002,-26.96078431372549,43.55742296918768,16.106442577030812,IMU0,39.395
0.680185546875,-10.930869140625001,0.17244140625,-27.100840336134453,44.11764705882353,15.966386554621849,IMU0,39.405
0.63228515625,-10.7680078125,0.067060546875,-27.17086834733894,44.6078431372549,15.896358543417367,IMU0,39.415
0.689765625,-10.71052734375,0.0,-27.24089635854342,45.02801120448179,15.756302521008404,IMU0,39.425
0.680185546875,-10.67220703125,0.0,-27.17086834733894,45.23809523809524,15.546218487394958,IMU0,39.435
0.718505859375,-10.63388671875,-0.067060546875,-27.100840336134453,45.51820728291317,15.476190476190476,IMU0,39.445
0.7280859375000001,-10.67220703125,-0.076640625,-27.100840336134453,45.51820728291317,15.336134453781513,IMU0,39.455
0.8047265625000001,-10.739267578125,-0.17244140625,-27.030812324929972,45.23809523809524,15.266106442577032,IMU0,39.465
0.8430468750000001,-10.86380859375,-0.21076171875000002,-27.100840336134453,45.09803921568628,15.19607843137255,IMU0,39.475
0.8622070312500001,-10.88296875,-0.3065625,-26.89075630252101,44.67787114845939,15.19607843137255,IMU0,39.485
0.910107421875,-10.643466796875,-0.38320312500000003,-26.750700280112046,44.25770308123249,15.266106442577032,IMU0,39.495
0.929267578125,-10.480605468750001,-0.45026367187500005,-26.610644257703083,43.977591036414566,15.266106442577032,IMU0,39.505
0.9963281250000001,-10.547666015625001,-0.49816406250000006,-26.330532212885156,43.55742296918768,15.266106442577032,IMU0,39.515
0.9963281250000001,-10.643466796875,-0.49816406250000006,-26.050420168067227,43.13725490196079,15.406162464985995,IMU0,39.525
1.0538085937500001,-10.7680078125,-0.5077441406250001,-25.840336134453782,42.787114845938376,15.476190476190476,IMU0,39.535
1.159189453125,-10.815908203125002,-0.49816406250000006,-25.420168067226893,42.226890756302524,15.686274509803923,IMU0,39.545
1.1304492187500002,-10.88296875,-0.55564453125,-24.92997198879552,41.596638655462186,15.896358543417367,IMU0,39.555
1.0921289062500001,-10.959609375000001,-0.7280859375000001,-24.439775910364148,40.68627450980392,16.106442577030812,IMU0,39.565
1.140029296875,-11.18953125,-0.680185546875,-24.019607843137255,39.635854341736696,16.31652661064426,IMU0,39.575
1.1687695312500002,-11.304492187500001,-0.7855664062500001,-23.38935574229692,38.58543417366947,16.526610644257705,IMU0,39.585
1.1879296875,-11.314072265625,-0.6610253906250001,-22.829131652661065,37.60504201680673,16.73669467787115,IMU0,39.595
1.2549902343750001,-11.170371093750001,-0.63228515625,-22.268907563025213,36.97478991596639,17.15686274509804,IMU0,39.605
1.2549902343750001,-11.132050781250001,-0.6418652343750001,-21.77871148459384,36.20448179271709,17.57703081232493,IMU0,39.615
1.3220507812500002,-11.122470703125,-0.63228515625,-21.218487394957982,35.43417366946779,17.92717086834734,IMU0,39.625
1.302890625,-10.997929687500001,-0.8047265625000001,-20.72829131652661,34.59383753501401,18.417366946778714,IMU0,39.635
1.2070898437500002,-10.720107421875001,-0.689765625,-20.028011204481793,33.82352941176471,18.837535014005603,IMU0,39.645
1.274150390625,-10.5380859375,-0.8430468750000001,-19.537815126050422,33.19327731092437,19.257703081232496,IMU0,39.655
1.197509765625,-10.442285156250001,-0.7280859375000001,-19.11764705882353,32.703081232493,19.747899159663866,IMU0,39.665
1.178349609375,-10.36564453125,-0.8622070312500001,-18.27731092436975,32.212885154061624,20.238095238095237,IMU0,39.675
1.1687695312500002,-10.202783203125001,-0.737666015625,-17.647058823529413,31.442577030812327,20.58823529411765,IMU0,39.685
1.2070898437500002,-9.915380859375,-0.5748046875,-17.296918767507005,30.952380952380953,20.938375350140056,IMU0,39.695
1.22625,-9.59923828125,-0.51732421875,-16.73669467787115,30.32212885154062,21.42857142857143,IMU0,39.705
1.159189453125,-9.417216796875001,-0.43110351562500004,-16.31652661064426,29.761904761904763,21.84873949579832,IMU0,39.715
1.1687695312500002,-9.417216796875001,-0.6035449218750001,-15.966386554621849,29.411764705882355,22.268907563025213,IMU0,39.725
1.101708984375,-9.513017578125,-0.6418652343750001,-15.476190476190476,28.991596638655462,22.689075630252102,IMU0,39.735
1.0921289062500001,-9.4651171875,-0.67060546875,-15.056022408963585,28.43137254901961,23.03921568627451,IMU0,39.745
0.9867480468750001,-9.417216796875001,-0.6227050781250001,-14.495798319327731,27.801120448179272,23.38935574229692,IMU0,39.755
1.0538085937500001,-9.359736328125,-0.613125,-13.935574229691877,27.100840336134453,23.73949579831933,IMU0,39.765
1.063388671875,-9.283095703125001,-0.47900390625000006,-13.65546218487395,26.47058823529412,24.019607843137255,IMU0,39.775
1.07296875,-9.187294921875,-0.47900390625000006,-13.515406162464986,26.12044817927171,24.439775910364148,IMU0,39.785
1.07296875,-9.043593750000001,-0.5269042968750001,-13.025210084033613,25.420168067226893,24.789915966386555,IMU0,39.795
0.9963281250000001,-8.995693359375,-0.5269042968750001,-12.675070028011206,24.719887955182074,25.140056022408963,IMU0,39.805
1.025068359375,-9.053173828125,-0.5748046875,-12.254901960784315,24.159663865546218,25.490196078431374,IMU0,39.815
1.0154882812500001,-9.254355468750001,-0.5460644531250001,-11.834733893557424,23.529411764705884,25.840336134453782,IMU0,39.825
1.063388671875,-9.5034375,-0.55564453125,-11.484593837535014,22.969187675070028,26.12044817927171,IMU0,39.835
1.025068359375,-9.685458984375,-0.536484375,-10.994397759103641,22.198879551820728,26.5406162464986,IMU0,39.845
1.0538085937500001,-9.819580078125,-0.5652246093750001,-10.57422969187675,21.288515406162468,26.89075630252101,IMU0,39.855
1.0154882812500001,-9.9249609375,-0.5652246093750001,-10.014005602240896,20.028011204481793,27.17086834733894,IMU0,39.865
1.005908203125,-9.915380859375,-0.536484375,-9.593837535014005,18.977591036414566,27.591036414565828,IMU0,39.875
1.005908203125,-9.953701171875,-0.6227050781250001,-9.173669467787116,17.787114845938376,27.871148459383754,IMU0,39.885
0.9196875000000001,-9.972861328125001,-0.63228515625,-8.543417366946779,16.38655462184874,28.151260504201684,IMU0,39.895
0.9580078125000001,-10.126142578125,-0.680185546875,-8.123249299719888,15.056022408963585,28.50140056022409,IMU0,39.905
0.8622070312500001,-10.279423828125001,-0.6610253906250001,-7.703081232492997,13.65546218487395,28.711484593837536,IMU0,39.915
0.9580078125000001,-10.2315234375,-0.63228515625,-7.212885154061625,12.324929971988796,29.061624649859944,IMU0,39.925
0.833466796875,-10.279423828125001,-0.6227050781250001,-6.792717086834735,10.92436974789916,29.341736694677873,IMU0,39.935
0.852626953125,-10.269843750000001,-0.67060546875,-6.442577030812325,9.593837535014005,29.69187675070028,IMU0,39.945
0.814306640625,-10.039921875000001,-0.5460644531250001,-6.0924369747899165,8.19327731092437,29.971988795518207,IMU0,39.955
0.756826171875,-9.790839843750001,-0.5460644531250001,-5.602240896358544,6.512605042016807,30.182072829131656,IMU0,39.965
0.775986328125,-9.733359375000001,-0.5460644531250001,-5.2521008403361344,4.971988795518207,30.3921568627451,IMU0,39.975
0.699345703125,-9.857900390625,-0.5460644531250001,-4.69187675070028,3.2212885154061626,30.532212885154063,IMU0,39.985
0.7472460937500001,-9.877060546875,-0.6227050781250001,-4.271708683473389,1.2605042016806722,30.602240896358545,IMU0,39.995
0.613125,-9.790839843750001,-0.5077441406250001,-4.061624649859944,-0.8403361344537815,30.672268907563026,IMU0,40.005
0.5843847656250001,-9.723779296875001,-0.51732421875,-3.641456582633053,-2.801120448179272,30.81232492997199,IMU0,40.015
0.55564453125,-9.580078125,-0.45984375000000005,-3.2913165266106446,-4.971988795518207,30.742296918767508,IMU0,40.025
0.5077441406250001,-9.4651171875,-0.45026367187500005,-2.801120448179272,-7.142857142857143,30.742296918767508,IMU0,40.035
0.48858398437500006,-9.302255859375,-0.40236328125000004,-2.5210084033613445,-8.96358543417367,30.742296918767508,IMU0,40.045
0.39278320312500004,-9.359736328125,-0.37362304687500003,-2.3109243697478994,-10.92436974789916,30.672268907563026,IMU0,40.055
0.42152343750000004,-9.455537109375001,-0.42152343750000004,-2.030812324929972,-13.095238095238097,30.532212885154063,IMU0,40.065
0.3448828125,-9.417216796875001,-0.36404296875000003,-1.5406162464985995,-15.406162464985995,30.3921568627451,IMU0,40.075
0.316142578125,-9.263935546875,-0.36404296875000003,-1.400560224089636,-17.43697478991597,30.252100840336137,IMU0,40.085
0.296982421875,-9.254355468750001,-0.316142578125,-0.9803921568627452,-20.098039215686274,30.04201680672269,IMU0,40.095
0.19160156250000002,-9.302255859375,-0.36404296875000003,-0.5602240896358543,-22.408963585434176,29.831932773109244,IMU0,40.105
0.18202148437500001,-9.13939453125,-0.277822265625,-0.2801120448179272,-25.0,29.481792717086837,IMU0,40.115
0.12454101562500001,-8.995693359375,-0.354462890625,-0.0700280112044818,-27.66106442577031,29.20168067226891,IMU0,40.125
0.067060546875,-8.909472656250001,-0.36404296875000003,0.2801120448179272,-30.672268907563026,28.781512605042018,IMU0,40.135
0.01916015625,-8.784931640625,-0.3448828125,0.4901960784313726,-33.753501400560225,28.36134453781513,IMU0,40.145
-0.009580078125,-8.79451171875,-0.335302734375,0.8403361344537815,-36.83473389355743,27.871148459383754,IMU0,40.155
-0.047900390625000004,-8.804091796875001,-0.2682421875,1.2605042016806722,-40.19607843137255,27.380952380952383,IMU0,40.165
-0.047900390625000004,-8.765771484375001,-0.296982421875,1.6106442577030813,-43.27731092436975,26.820728291316527,IMU0,40.175
-0.067060546875,-8.737031250000001,-0.22034179687500002,1.7507002801120448,-46.568627450980394,26.260504201680675,IMU0,40.185
-0.162861328125,-8.79451171875,-0.28740234375,2.030812324929972,-49.85994397759104,25.70028011204482,IMU0,40.195
-0.143701171875,-8.871152343750001,-0.19160156250000002,2.5210084033613445,-53.15126050420168,25.07002801120448,IMU0,40.205
-0.24908203125000003,-8.976533203125001,-0.24908203125000003,2.801120448179272,-56.30252100840337,24.439775910364148,IMU0,40.215
-0.3448828125,-9.177714843750001,-0.20118164062500002,3.151260504201681,-59.59383753501401,23.73949579831933,IMU0,40.225
-0.28740234375,-9.244775390625001,-0.17244140625,3.431372549019608,-62.95518207282913,22.969187675070028,IMU0,40.235
-0.335302734375,-9.2351953125,-0.13412109375,3.711484593837535,-66.24649859943978,22.198879551820728,IMU0,40.245
-0.258662109375,-9.2351953125,-0.12454101562500001,4.061624649859944,-69.25770308123249,21.42857142857143,IMU0,40.255
-0.3448828125,-9.40763671875,-0.11496093750000001,4.271708683473389,-72.26890756302521,20.65826330532213,IMU0,40.265
-0.36404296875000003,-9.647138671875,-0.086220703125,4.481792717086835,-75.28011204481793,19.88795518207283,IMU0,40.275
-0.42152343750000004,-9.8483203125,-0.09580078125000001,4.69187675070028,-78.29131652661064,19.11764705882353,IMU0,40.285
-0.44068359375000005,-9.723779296875001,0.01916015625,4.831932773109244,-81.1624649859944,18.207282913165265,IMU0,40.295
-0.42152343750000004,-9.398056640625,-0.10538085937500001,5.112044817927171,-83.8935574229692,17.43697478991597,IMU0,40.305
-0.45026367187500005,-9.350156250000001,-0.086220703125,5.392156862745098,-88.8655462184874,15.826330532212886,IMU0,40.315
-0.48858398437500006,-9.417216796875001,0.0,5.392156862745098,-90.89635854341738,15.056022408963585,IMU0,40.325
-0.40236328125000004,-9.283095703125001,-0.009580078125,5.5322128851540615,-92.85714285714286,14.285714285714286,IMU0,40.335
-0.48858398437500006,-9.177714843750001,-0.009580078125,5.6722689075630255,-94.74789915966387,13.445378151260504,IMU0,40.345
-0.46942382812500005,-9.196875,0.01916015625,5.742296918767507,-96.42857142857143,12.745098039215687,IMU0,40.355
-0.39278320312500004,-9.225615234375,0.009580078125,5.742296918767507,-97.89915966386555,12.044817927170868,IMU0,40.365
-0.36404296875000003,-9.187294921875,0.09580078125000001,5.6722689075630255,-99.29971988795519,11.414565826330533,IMU0,40.375
-0.316142578125,-9.129814453125,0.0,5.742296918767507,-100.77030812324931,10.784313725490197,IMU0,40.385
-0.28740234375,-9.120234375,0.09580078125000001,5.602240896358544,-102.10084033613445,10.224089635854343,IMU0,40.395
-0.3065625,-9.02443359375,0.0383203125,5.602240896358544,-103.43137254901961,9.663865546218489,IMU0,40.405
-0.37362304687500003,-8.909472656250001,0.067060546875,5.6722689075630255,-104.6218487394958,9.103641456582633,IMU0,40.415
-0.316142578125,-9.005273437500001,0.047900390625000004,5.6722689075630255,-105.74229691876751,8.473389355742297,IMU0,40.425
-0.38320312500000003,-9.340576171875,0.11496093750000001,5.602240896358544,-106.65266106442577,7.913165266106443,IMU0,40.435
-0.38320312500000003,-9.580078125,0.067060546875,5.46218487394958,-107.3529411764706,7.352941176470589,IMU0,40.445
-0.43110351562500004,-9.67587890625,0.057480468750000006,5.392156862745098,-108.19327731092437,6.722689075630252,IMU0,40.455
-0.37362304687500003,-9.656718750000001,0.12454101562500001,5.46218487394958,-109.03361344537815,6.162464985994398,IMU0,40.465
-0.40236328125000004,-9.781259765625,0.0383203125,5.2521008403361344,-109.73389355742297,5.5322128851540615,IMU0,40.475
-0.46942382812500005,-9.9249609375,0.10538085937500001,5.2521008403361344,-110.64425770308124,5.042016806722689,IMU0,40.485
-0.42152343750000004,-9.98244140625,0.01916015625,4.901960784313726,-111.27450980392157,4.551820728291316,IMU0,40.495
-0.536484375,-10.135722656250001,0.086220703125,4.831932773109244,-112.25490196078432,3.991596638655462,IMU0,40.505
-0.44068359375000005,-10.0782421875,-0.009580078125,4.761904761904762,-113.02521008403362,3.431372549019608,IMU0,40.515
-0.335302734375,-10.106982421875001,0.076640625,4.551820728291316,-113.8655462184874,3.011204481792717,IMU0,40.525
-0.3065625,-10.308164062500001,0.057480468750000006,4.481792717086835,-114.42577030812325,2.5210084033613445,IMU0,40.535
-0.28740234375,-10.576406250000002,0.067060546875,4.481792717086835,-114.98599439775911,2.170868347338936,IMU0,40.545
-0.40236328125000004,-10.63388671875,0.067060546875,4.271708683473389,-115.406162464986,1.7507002801120448,IMU0,40.555
-0.36404296875000003,-10.71052734375,0.028740234375000003,4.131652661064426,-115.61624649859945,1.400560224089636,IMU0,40.565
-0.42152343750000004,-10.796748046875,0.12454101562500001,3.8515406162464987,-115.75630252100841,0.9803921568627452,IMU0,40.575
-0.39278320312500004,-10.787167968750001,0.076640625,3.641456582633053,-115.75630252100841,0.6302521008403361,IMU0,40.585
-0.41194335937500004,-10.873388671875,0.10538085937500001,3.2913165266106446,-115.47619047619048,0.2801120448179272,IMU0,40.595
-0.39278320312500004,-10.787167968750001,0.01916015625,3.2212885154061626,-114.91596638655463,0.0,IMU0,40.605
-0.38320312500000003,-10.739267578125,0.0383203125,3.011204481792717,-114.49579831932773,-0.2801120448179272,IMU0,40.615
-0.277822265625,-10.796748046875,0.01916015625,2.73109243697479,-114.00560224089637,-0.5602240896358543,IMU0,40.625
-0.258662109375,-10.835068359375,-0.047900390625000004,2.5910364145658265,-113.58543417366947,-0.700280112044818,IMU0,40.635
-0.22034179687500002,-10.930869140625001,-0.009580078125,2.2408963585434174,-112.95518207282913,-0.8403361344537815,IMU0,40.645
-0.20118164062500002,-10.86380859375,-0.12454101562500001,2.2408963585434174,-112.25490196078432,-0.8403361344537815,IMU0,40.655
-0.18202148437500001,-10.825488281250001,-0.0383203125,2.030812324929972,-111.62464985994399,-0.8403361344537815,IMU0,40.665
-0.143701171875,-10.739267578125,-0.21076171875000002,1.9607843137254903,-110.92436974789916,-0.7703081232492998,IMU0,40.675
-0.143701171875,-10.720107421875001,-0.18202148437500001,1.8207282913165266,-110.22408963585434,-0.700280112044818,IMU0,40.685
-0.11496093750000001,-10.67220703125,-0.23950195312500003,2.100840336134454,-109.66386554621849,-0.5602240896358543,IMU0,40.695
-0.13412109375,-10.585986328125001,-0.258662109375,2.030812324929972,-108.96358543417368,-0.4901960784313726,IMU0,40.705
-0.11496093750000001,-10.499765625,-0.28740234375,2.030812324929972,-108.54341736694678,-0.2801120448179272,IMU0,40.715
-0.10538085937500001,-10.40396484375,-0.316142578125,2.100840336134454,-108.12324929971989,-0.21008403361344538,IMU0,40.725
-0.086220703125,-10.40396484375,-0.3448828125,2.2408963585434174,-107.77310924369749,0.0,IMU0,40.735
-0.076640625,-10.28900390625,-0.43110351562500004,2.380952380952381,-107.63305322128852,0.1400560224089636,IMU0,40.745
-0.086220703125,-10.25068359375,-0.37362304687500003,2.5910364145658265,-107.56302521008404,0.350140056022409,IMU0,40.755
-0.12454101562500001,-10.183623046875,-0.43110351562500004,2.9411764705882355,-107.703081232493,0.5602240896358543,IMU0,40.765
-0.11496093750000001,-10.135722656250001,-0.37362304687500003,3.2212885154061626,-108.05322128851542,0.700280112044818,IMU0,40.775
-0.10538085937500001,-10.241103515625001,-0.47900390625000006,3.641456582633053,-108.75350140056022,0.8403361344537815,IMU0,40.785
-0.12454101562500001,-10.346484375000001,-0.45026367187500005,3.991596638655462,-109.31372549019608,1.050420168067227,IMU0,40.795
-0.11496093750000001,-10.4614453125,-0.536484375,4.131652661064426,-109.94397759103641,1.2605042016806722,IMU0,40.805
-0.09580078125000001,-10.451865234375001,-0.55564453125,4.481792717086835,-110.92436974789916,1.400560224089636,IMU0,40.815
-0.11496093750000001,-10.480605468750001,-0.5460644531250001,4.901960784313726,-112.25490196078432,1.5406162464985995,IMU0,40.825
-0.162861328125,-10.566826171875,-0.59396484375,5.392156862745098,-113.79551820728292,1.680672268907563,IMU0,40.835
-0.22992187500000003,-10.576406250000002,-0.5077441406250001,5.8123249299719895,-115.54621848739497,1.7507002801120448,IMU0,40.845
-0.258662109375,-10.518925781250001,-0.5460644531250001,6.23249299719888,-117.29691876750701,1.680672268907563,IMU0,40.855
-0.40236328125000004,-10.40396484375,-0.5748046875,6.582633053221289,-119.25770308123249,1.6106442577030813,IMU0,40.865
-0.37362304687500003,-10.346484375000001,-0.5748046875,7.142857142857143,-121.49859943977592,1.4705882352941178,IMU0,40.875
-0.41194335937500004,-10.346484375000001,-0.55564453125,7.703081232492997,-124.08963585434174,1.3305322128851542,IMU0,40.885
-0.48858398437500006,-10.346484375000001,-0.5460644531250001,8.333333333333334,-126.82072829131653,1.1904761904761905,IMU0,40.895
-0.49816406250000006,-10.202783203125001,-0.5748046875,8.823529411764707,-129.41176470588235,0.9803921568627452,IMU0,40.905
-0.59396484375,-10.1165625,-0.51732421875,9.313725490196079,-132.2829131652661,0.700280112044818,IMU0,40.915
-0.51732421875,-10.030341796875001,-0.51732421875,9.873949579831933,-135.22408963585434,0.42016806722689076,IMU0,40.925
-0.6610253906250001,-9.9249609375,-0.43110351562500004,10.434173669467787,-138.4453781512605,0.0700280112044818,IMU0,40.935
-0.7280859375000001,-9.94412109375,-0.296982421875,10.994397759103641,-141.45658263305322,-0.2801120448179272,IMU0,40.945
-0.8813671875000001,-9.98244140625,-0.22034179687500002,11.344537815126051,-144.46778711484595,-0.8403361344537815,IMU0,40.955
-0.9771679687500001,-10.106982421875001,-0.11496093750000001,11.624649859943979,-147.47899159663865,-1.400560224089636,IMU0,40.965
-0.948427734375,-10.164462890625,-0.143701171875,11.904761904761905,-150.63025210084035,-2.030812324929972,IMU0,40.975
-1.082548828125,-10.269843750000001,0.009580078125,11.904761904761905,-153.64145658263305,-2.73109243697479,IMU0,40.985
-1.063388671875,-10.212363281250001,-0.0383203125,12.044817927170868,-156.65266106442579,-3.431372549019608,IMU0,40.995
-1.159189453125,-10.05908203125,0.09580078125000001,12.46498599439776,-159.94397759103643,-4.201680672268908,IMU0,41.005
-1.140029296875,-9.90580078125,0.076640625,12.815126050420169,-163.02521008403363,-4.971988795518207,IMU0,41.015
-1.140029296875,-9.838740234375,0.11496093750000001,12.955182072829132,-165.89635854341736,-5.742296918767507,IMU0,41.025
-1.197509765625,-9.94412109375,0.162861328125,12.955182072829132,-168.55742296918768,-6.582633053221289,IMU0,41.035
-1.1879296875,-10.164462890625,0.13412109375,12.955182072829132,-171.218487394958,-7.352941176470589,IMU0,41.045
-1.3316308593750001,-10.442285156250001,0.2682421875,13.025210084033613,-173.9495798319328,-8.19327731092437,IMU0,41.055
-1.350791015625,-10.32732421875,0.2682421875,12.955182072829132,-176.26050420168067,-9.173669467787116,IMU0,41.065
-1.37953125,-10.174042968750001,0.45026367187500005,12.815126050420169,-178.36134453781514,-10.154061624649861,IMU0,41.075
-1.4178515625,-10.174042968750001,0.45984375000000005,12.324929971988796,-179.90196078431373,-11.064425770308123,IMU0,41.085
-1.4561718750000001,-10.164462890625,0.63228515625,12.114845938375352,-181.51260504201682,-12.044817927170868,IMU0,41.095
-1.51365234375,-10.087822265625,0.737666015625,11.764705882352942,-182.56302521008405,-13.095238095238097,IMU0,41.105
-1.350791015625,-9.992021484375,0.6418652343750001,10.994397759103641,-183.26330532212887,-13.935574229691877,IMU0,41.115
-1.4849121093750002,-9.896220703125001,0.795146484375,10.434173669467787,-184.10364145658264,-14.84593837535014,IMU0,41.125
-1.3316308593750001,-9.81,0.6610253906250001,9.73389355742297,-184.733893557423,-15.756302521008404,IMU0,41.135
-1.3220507812500002,-9.704619140625,0.814306640625,9.033613445378151,-185.29411764705884,-16.666666666666668,IMU0,41.145
-1.47533203125,-9.666298828125,0.756826171875,8.473389355742297,-185.50420168067228,-17.43697478991597,IMU0,41.155
-1.274150390625,-9.6183984375,0.852626953125,7.703081232492997,-185.29411764705884,-18.207282913165265,IMU0,41.165
-1.4944921875000001,-9.493857421875001,0.8622070312500001,6.932773109243698,-184.80392156862746,-18.907563025210084,IMU0,41.175
-1.350791015625,-9.36931640625,0.8047265625000001,6.0924369747899165,-183.96358543417367,-19.537815126050422,IMU0,41.185
-1.427431640625,-9.254355468750001,0.929267578125,5.182072829131653,-183.0532212885154,-20.168067226890756,IMU0,41.195
-1.2933105468750001,-9.129814453125,0.8813671875000001,4.411764705882353,-181.79271708683476,-20.798319327731093,IMU0,41.205
-1.2645703125,-9.1585546875,1.1304492187500002,3.431372549019608,-180.53221288515408,-21.35854341736695,IMU0,41.215
-1.3412109375,-9.110654296875001,1.149609375,2.450980392156863,-178.8515406162465,-21.84873949579832,IMU0,41.225
-1.0346484375,-8.966953125,1.2070898437500002,1.4705882352941178,-176.68067226890756,-22.198879551820728,IMU0,41.235
-1.197509765625,-8.909472656250001,1.2645703125,0.4901960784313726,-174.85994397759106,-22.61904761904762,IMU0,41.245
-0.9771679687500001,-8.966953125,1.235830078125,-0.6302521008403361,-173.24929971988797,-22.899159663865547,IMU0,41.255
-1.140029296875,-9.014853515625001,1.36037109375,-1.680672268907563,-171.6386554621849,-23.10924369747899,IMU0,41.265
-0.9867480468750001,-9.072333984375,1.3220507812500002,-2.73109243697479,-169.187675070028,-23.31932773109244,IMU0,41.275
-1.044228515625,-9.13939453125,1.302890625,-3.9215686274509807,-167.0168067226891,-23.529411764705884,IMU0,41.285
-0.9580078125000001,-9.148974609375001,1.3412109375,-4.901960784313726,-164.7058823529412,-23.599439775910366,IMU0,41.295
-0.890947265625,-9.081914062500001,1.2166699218750001,-5.742296918767507,-162.46498599439778,-23.669467787114847,IMU0,41.305
-0.9196875000000001,-8.8903125,1.36037109375,-6.792717086834735,-159.94397759103643,-23.599439775910366,IMU0,41.315
-0.67060546875,-8.823251953125,1.1687695312500002,-7.843137254901961,-157.2829131652661,-23.599439775910366,IMU0,41.325
-0.5077441406250001,-8.9286328125,1.312470703125,-8.893557422969188,-154.62184873949582,-23.529411764705884,IMU0,41.335
-0.5843847656250001,-9.196875,1.37953125,-10.854341736694678,-148.66946778711485,-22.969187675070028,IMU0,41.345
-0.48858398437500006,-9.13939453125,1.3220507812500002,-12.044817927170868,-145.44817927170868,-22.61904761904762,IMU0,41.355
-0.44068359375000005,-9.225615234375,1.2070898437500002,-12.745098039215687,-142.57703081232495,-22.268907563025213,IMU0,41.365
-0.39278320312500004,-9.436376953125,1.36037109375,-13.795518207282914,-139.42577030812325,-21.84873949579832,IMU0,41.375
-0.296982421875,-9.63755859375,1.1879296875,-14.42577030812325,-136.2044817927171,-21.35854341736695,IMU0,41.385
-0.36404296875000003,-9.67587890625,1.274150390625,-15.406162464985995,-132.56302521008405,-20.798319327731093,IMU0,41.395
-0.18202148437500001,-9.560917968750001,1.1304492187500002,-16.246498599439775,-128.78151260504202,-20.238095238095237,IMU0,41.405
-0.22992187500000003,-9.36931640625,1.120869140625,-16.946778711484594,-125.21008403361346,-19.677871148459385,IMU0,41.415
-0.12454101562500001,-9.206455078125,1.082548828125,-17.647058823529413,-121.42857142857143,-19.047619047619047,IMU0,41.425
-0.09580078125000001,-9.187294921875,0.9867480468750001,-18.27731092436975,-117.78711484593838,-18.417366946778714,IMU0,41.435
-0.09580078125000001,-9.225615234375,1.025068359375,-18.977591036414566,-114.42577030812325,-17.787114845938376,IMU0,41.445
-0.067060546875,-9.321416015625001,0.8430468750000001,-19.327731092436977,-110.92436974789916,-17.15686274509804,IMU0,41.455
-0.067060546875,-9.321416015625001,0.929267578125,-19.88795518207283,-107.42296918767508,-16.456582633053223,IMU0,41.465
-0.076640625,-9.244775390625001,0.775986328125,-20.518207282913167,-103.92156862745098,-15.756302521008404,IMU0,41.475
-0.047900390625000004,-9.388476562500001,0.7855664062500001,-20.868347338935575,-100.84033613445379,-15.056022408963585,IMU0,41.485
-0.0383203125,-9.560917968750001,0.718505859375,-21.218487394957982,-98.03921568627452,-14.42577030812325,IMU0,41.495
0.0,-9.5417578125,0.699345703125,-21.288515406162468,-95.23809523809524,-13.795518207282914,IMU0,41.505
-0.009580078125,-9.359736328125,0.6418652343750001,-21.498599439775912,-92.50700280112045,-13.095238095238097,IMU0,41.515
0.11496093750000001,-9.216035156250001,0.5652246093750001,-21.638655462184875,-89.98599439775911,-12.46498599439776,IMU0,41.525
0.09580078125000001,-9.321416015625001,0.5843847656250001,-21.84873949579832,-87.39495798319328,-11.764705882352942,IMU0,41.535
0.143701171875,-9.522597656250001,0.41194335937500004,-21.9187675070028,-84.80392156862746,-11.064425770308123,IMU0,41.545
0.13412109375,-9.704619140625,0.49816406250000006,-21.988795518207283,-82.77310924369748,-10.434173669467787,IMU0,41.555
0.17244140625,-9.695039062500001,0.354462890625,-22.058823529411764,-80.60224089635855,-9.803921568627452,IMU0,41.565
0.17244140625,-9.513017578125,0.37362304687500003,-22.128851540616246,-78.71148459383754,-9.103641456582633,IMU0,41.575
0.13412109375,-9.493857421875001,0.32572265625,-21.84873949579832,-76.9607843137255,-8.473389355742297,IMU0,41.585
0.19160156250000002,-9.685458984375,0.258662109375,-21.638655462184875,-75.77030812324931,-7.983193277310924,IMU0,41.595
0.18202148437500001,-9.886640625,0.24908203125000003,-21.568627450980394,-74.64985994397759,-7.352941176470589,IMU0,41.605
0.22034179687500002,-9.98244140625,0.13412109375,-21.42857142857143,-73.66946778711485,-6.792717086834735,IMU0,41.615
0.162861328125,-10.011181640625,0.19160156250000002,-21.218487394957982,-72.96918767507003,-6.372549019607844,IMU0,41.625
0.21076171875000002,-10.001601562500001,0.076640625,-20.938375350140056,-72.40896358543418,-5.882352941176471,IMU0,41.635
0.20118164062500002,-10.011181640625,0.12454101562500001,-20.58823529411765,-72.12885154061625,-5.322128851540617,IMU0,41.645
0.258662109375,-10.1548828125,0.086220703125,-20.028011204481793,-71.77871148459384,-4.831932773109244,IMU0,41.655
0.3065625,-10.09740234375,0.076640625,-19.677871148459385,-71.63865546218487,-4.411764705882353,IMU0,41.665
0.24908203125000003,-9.886640625,0.0383203125,-19.39775910364146,-71.63865546218487,-3.8515406162464987,IMU0,41.675
0.3065625,-9.733359375000001,-0.01916015625,-18.627450980392158,-72.12885154061625,-3.361344537815126,IMU0,41.685
0.3065625,-9.742939453125,0.009580078125,-18.417366946778714,-72.40896358543418,-2.8711484593837535,IMU0,41.695
0.28740234375,-9.838740234375,-0.10538085937500001,-17.857142857142858,-72.89915966386555,-2.3109243697478994,IMU0,41.705
0.3065625,-9.8483203125,-0.009580078125,-17.366946778711487,-73.8795518207283,-1.9607843137254903,IMU0,41.715
0.3065625,-9.81,-0.13412109375,-16.73669467787115,-75.07002801120449,-1.6106442577030813,IMU0,41.725
0.335302734375,-9.704619140625,-0.12454101562500001,-16.176470588235293,-76.47058823529412,-1.2605042016806722,IMU0,41.735
0.28740234375,-9.589658203125001,-0.13412109375,-15.476190476190476,-78.01120448179272,-0.9803921568627452,IMU0,41.745
0.335302734375,-9.4651171875,-0.143701171875,-14.84593837535014,-79.90196078431373,-0.7703081232492998,IMU0,41.755
0.316142578125,-9.426796875,-0.15328125,-14.075630252100842,-81.72268907563026,-0.4901960784313726,IMU0,41.765
0.316142578125,-9.522597656250001,-0.17244140625,-13.58543417366947,-83.68347338935574,-0.21008403361344538,IMU0,41.775
0.3065625,-9.513017578125,-0.12454101562500001,-12.88515406162465,-85.71428571428572,0.0,IMU0,41.785
0.335302734375,-9.455537109375001,-0.162861328125,-12.394957983193278,-87.81512605042018,0.1400560224089636,IMU0,41.795
0.3065625,-9.4651171875,-0.10538085937500001,-11.69467787114846,-90.05602240896359,0.350140056022409,IMU0,41.805
0.2682421875,-9.4651171875,-0.13412109375,-10.994397759103641,-92.29691876750701,0.4901960784313726,IMU0,41.815
0.277822265625,-9.378896484375,-0.067060546875,-10.364145658263306,-94.74789915966387,0.6302521008403361,IMU0,41.825
0.22992187500000003,-9.302255859375,-0.09580078125000001,-9.73389355742297,-97.12885154061625,0.7703081232492998,IMU0,41.835
0.277822265625,-9.36931640625,-0.10538085937500001,-9.033613445378151,-99.71988795518207,0.8403361344537815,IMU0,41.845
0.23950195312500003,-9.29267578125,-0.086220703125,-8.473389355742297,-102.59103641456583,0.9103641456582633,IMU0,41.855
0.21076171875000002,-9.091494140625,-0.067060546875,-7.843137254901961,-105.46218487394958,0.9103641456582633,IMU0,41.865
0.258662109375,-9.10107421875,-0.057480468750000006,-7.072829131652662,-108.40336134453781,0.9803921568627452,IMU0,41.875
0.162861328125,-9.283095703125001,-0.057480468750000006,-6.512605042016807,-111.27450980392157,1.050420168067227,IMU0,41.885
0.22992187500000003,-9.378896484375,-0.047900390625000004,-5.8123249299719895,-114.07563025210085,0.9803921568627452,IMU0,41.895
0.18202148437500001,-9.350156250000001,-0.01916015625,-5.2521008403361344,-116.80672268907564,0.9803921568627452,IMU0,41.905
0.21076171875000002,-9.311835937500001,0.009580078125,-4.621848739495799,-119.25770308123249,0.9103641456582633,IMU0,41.915
0.19160156250000002,-9.436376953125,0.0,-4.131652661064426,-121.70868347338936,0.8403361344537815,IMU0,41.925
0.18202148437500001,-9.5417578125,0.0383203125,-3.431372549019608,-124.2296918767507,0.8403361344537815,IMU0,41.935
0.162861328125,-9.417216796875001,0.067060546875,-2.801120448179272,-126.75070028011206,0.700280112044818,IMU0,41.945
0.09580078125000001,-9.225615234375,0.11496093750000001,-2.380952380952381,-129.13165266106444,0.5602240896358543,IMU0,41.955
0.162861328125,-9.091494140625,0.13412109375,-1.9607843137254903,-131.1624649859944,0.42016806722689076,IMU0,41.965
0.067060546875,-9.2351953125,0.18202148437500001,-1.5406162464985995,-133.33333333333334,0.21008403361344538,IMU0,41.975
0.17244140625,-9.388476562500001,0.162861328125,-0.9103641456582633,-135.3641456582633,0.0,IMU0,41.985
0.057480468750000006,-9.340576171875,0.22992187500000003,-0.700280112044818,-137.46498599439778,-0.21008403361344538,IMU0,41.995
0.086220703125,-9.283095703125001,0.21076171875000002,-0.350140056022409,-139.6358543417367,-0.4901960784313726,IMU0,42.005
0.086220703125,-9.206455078125,0.22034179687500002,0.1400560224089636,-141.87675070028013,-0.7703081232492998,IMU0,42.015
0.057480468750000006,-9.129814453125,0.24908203125000003,0.5602240896358543,-143.9075630252101,-1.050420168067227,IMU0,42.025
0.162861328125,-9.110654296875001,0.21076171875000002,0.7703081232492998,-145.8683473389356,-1.3305322128851542,IMU0,42.035
0.09580078125000001,-9.340576171875,0.296982421875,1.050420168067227,-147.68907563025212,-1.680672268907563,IMU0,42.045
0.23950195312500003,-9.4651171875,0.20118164062500002,1.400560224089636,-149.29971988795518,-1.9607843137254903,IMU0,42.055
0.17244140625,-9.455537109375001,0.22992187500000003,1.8207282913165266,-150.8403361344538,-2.2408963585434174,IMU0,42.065
0.22992187500000003,-9.474697265625,0.162861328125,2.030812324929972,-152.03081232492997,-2.450980392156863,IMU0,42.075
0.22992187500000003,-9.522597656250001,0.24908203125000003,2.380952380952381,-153.29131652661064,-2.6610644257703084,IMU0,42.085
0.22034179687500002,-9.59923828125,0.32572265625,2.5910364145658265,-154.2717086834734,-2.8711484593837535,IMU0,42.095
0.24908203125000003,-9.647138671875,0.36404296875000003,2.8711484593837535,-154.9719887955182,-3.151260504201681,IMU0,42.105
0.21076171875000002,-9.666298828125,0.43110351562500004,2.8711484593837535,-155.25210084033614,-3.2913165266106446,IMU0,42.115
0.296982421875,-9.838740234375,0.37362304687500003,3.011204481792717,-155.18207282913167,-3.361344537815126,IMU0,42.125
0.2682421875,-10.049501953125,0.41194335937500004,3.011204481792717,-155.25210084033614,-3.5714285714285716,IMU0,42.135
0.39278320312500004,-10.106982421875001,0.28740234375,3.081232492997199,-155.11204481792717,-3.711484593837535,IMU0,42.145
0.37362304687500003,-9.98244140625,0.316142578125,3.2913165266106446,-154.83193277310926,-3.781512605042017,IMU0,42.155
0.42152343750000004,-9.819580078125,0.23950195312500003,3.5014005602240896,-154.55182072829132,-3.8515406162464987,IMU0,42.165
0.44068359375000005,-9.819580078125,0.22992187500000003,3.5714285714285716,-154.13165266106444,-3.9215686274509807,IMU0,42.175
0.44068359375000005,-9.896220703125001,0.19160156250000002,3.711484593837535,-153.50140056022408,-3.8515406162464987,IMU0,42.185
0.51732421875,-9.972861328125001,0.18202148437500001,3.781512605042017,-153.01120448179273,-3.9215686274509807,IMU0,42.195
0.45984375000000005,-10.02076171875,0.22034179687500002,3.8515406162464987,-152.3109243697479,-3.8515406162464987,IMU0,42.205
0.536484375,-10.02076171875,0.258662109375,3.991596638655462,-151.33053221288517,-3.781512605042017,IMU0,42.215
0.55564453125,-9.992021484375,0.2682421875,3.991596638655462,-150.21008403361344,-3.711484593837535,IMU0,42.225
0.59396484375,-10.068662109375001,0.24908203125000003,3.991596638655462,-149.01960784313727,-3.5714285714285716,IMU0,42.235
0.59396484375,-10.40396484375,0.23950195312500003,4.061624649859944,-147.89915966386556,-3.5014005602240896,IMU0,42.245
0.63228515625,-10.662626953125,0.13412109375,4.061624649859944,-146.70868347338936,-3.361344537815126,IMU0,42.255
0.5748046875,-10.643466796875,0.13412109375,4.201680672268908,-145.51820728291318,-3.2212885154061626,IMU0,42.265
0.55564453125,-10.451865234375001,0.0383203125,4.341736694677872,-144.60784313725492,-3.011204481792717,IMU0,42.275
0.6035449218750001,-10.442285156250001,0.086220703125,4.341736694677872,-143.9075630252101,-2.9411764705882355,IMU0,42.285
0.536484375,-10.528505859375,0.10538085937500001,4.621848739495799,-143.34733893557424,-2.8711484593837535,IMU0,42.295
0.6514453125,-10.7296875,0.057480468750000006,4.551820728291316,-142.50700280112045,-2.73109243697479,IMU0,42.305
0.59396484375,-10.787167968750001,0.057480468750000006,4.901960784313726,-141.52661064425772,-2.5910364145658265,IMU0,42.315
0.63228515625,-10.796748046875,-0.009580078125,5.042016806722689,-140.26610644257704,-2.450980392156863,IMU0,42.325
0.680185546875,-11.055410156250002,0.028740234375000003,5.112044817927171,-139.07563025210084,-2.2408963585434174,IMU0,42.335
0.613125,-11.294912109375002,-0.028740234375000003,5.112044817927171,-137.81512605042016,-2.030812324929972,IMU0,42.345
0.67060546875,-11.400292968750001,0.009580078125,5.46218487394958,-136.76470588235296,-1.8207282913165266,IMU0,42.355
0.699345703125,-11.199111328125001,-0.009580078125,5.602240896358544,-134.6638655462185,-1.3305322128851542,IMU0,42.365
0.6610253906250001,-11.179951171875,0.0383203125,5.5322128851540615,-133.61344537815125,-1.1204481792717087,IMU0,42.375
0.6035449218750001,-11.24701171875,-0.047900390625000004,5.602240896358544,-133.0532212885154,-0.9803921568627452,IMU0,42.385
0.613125,-11.266171875000001,0.01916015625,5.6722689075630255,-132.49299719887955,-0.7703081232492998,IMU0,42.395
0.49816406250000006,-11.275751953125,-0.01916015625,5.8123249299719895,-132.21288515406164,-0.700280112044818,IMU0,42.405
0.51732421875,-11.28533203125,-0.047900390625000004,5.882352941176471,-131.5826330532213,-0.5602240896358543,IMU0,42.415
0.49816406250000006,-11.371552734375001,-0.0383203125,5.882352941176471,-131.02240896358543,-0.5602240896358543,IMU0,42.425
0.46942382812500005,-11.658955078125,-0.028740234375000003,5.882352941176471,-130.46218487394958,-0.4901960784313726,IMU0,42.435
0.5077441406250001,-11.735595703125,-0.009580078125,5.8123249299719895,-129.90196078431373,-0.4901960784313726,IMU0,42.445
0.47900390625000006,-11.563154296875,0.047900390625000004,5.882352941176471,-129.2016806722689,-0.4901960784313726,IMU0,42.455
0.536484375,-11.160791015625001,0.009580078125,5.882352941176471,-128.64145658263305,-0.42016806722689076,IMU0,42.465
0.47900390625000006,-10.71052734375,0.028740234375000003,5.6722689075630255,-127.80112044817928,-0.350140056022409,IMU0,42.475
0.48858398437500006,-10.442285156250001,-0.028740234375000003,5.742296918767507,-127.10084033613445,-0.350140056022409,IMU0,42.485
0.49816406250000006,-10.413544921875001,-0.076640625,5.742296918767507,-126.40056022408965,-0.350140056022409,IMU0,42.495
0.49816406250000006,-10.308164062500001,-0.067060546875,5.6722689075630255,-125.70028011204482,-0.21008403361344538,IMU0,42.505
0.6035449218750001,-10.1165625,-0.076640625,5.602240896358544,-124.78991596638656,-0.0700280112044818,IMU0,42.515
0.63228515625,-10.174042968750001,-0.047900390625000004,5.46218487394958,-123.8795518207283,-0.0700280112044818,IMU0,42.525
0.6418652343750001,-10.3848046875,-0.09580078125000001,5.2521008403361344,-122.82913165266108,0.0700280112044818,IMU0,42.535
0.6418652343750001,-10.518925781250001,-0.143701171875,5.112044817927171,-121.91876750700281,0.21008403361344538,IMU0,42.545
0.6227050781250001,-10.566826171875,-0.13412109375,5.112044817927171,-120.93837535014006,0.350140056022409,IMU0,42.555
0.689765625,-10.432705078125,-0.12454101562500001,4.971988795518207,-120.09803921568628,0.4901960784313726,IMU0,42.565
0.5843847656250001,-10.317744140625,-0.19160156250000002,5.042016806722689,-119.25770308123249,0.700280112044818,IMU0,42.575
0.5748046875,-10.260263671875,-0.24908203125000003,5.042016806722689,-118.55742296918768,0.8403361344537815,IMU0,42.585
0.55564453125,-10.36564453125,-0.277822265625,4.761904761904762,-117.99719887955183,0.9103641456582633,IMU0,42.595
0.59396484375,-10.4614453125,-0.296982421875,4.621848739495799,-117.43697478991596,1.050420168067227,IMU0,42.605
0.59396484375,-10.471025390625,-0.296982421875,4.621848739495799,-116.9467787114846,1.1204481792717087,IMU0,42.615
0.6035449218750001,-10.432705078125,-0.36404296875000003,4.481792717086835,-116.45658263305323,1.2605042016806722,IMU0,42.625
0.5843847656250001,-10.480605468750001,-0.43110351562500004,4.551820728291316,-116.10644257703082,1.3305322128851542,IMU0,42.635
0.6035449218750001,-10.643466796875,-0.40236328125000004,4.481792717086835,-115.89635854341738,1.400560224089636,IMU0,42.645
0.6610253906250001,-10.7296875,-0.46942382812500005,4.621848739495799,-115.61624649859945,1.5406162464985995,IMU0,42.655
0.5748046875,-10.585986328125001,-0.45026367187500005,4.481792717086835,-115.33613445378151,1.680672268907563,IMU0,42.665
0.5843847656250001,-10.346484375000001,-0.48858398437500006,4.411764705882353,-115.47619047619048,1.7507002801120448,IMU0,42.675
0.48858398437500006,-10.2315234375,-0.51732421875,4.761904761904762,-115.96638655462185,1.680672268907563,IMU0,42.685
0.51732421875,-10.308164062500001,-0.5269042968750001,4.69187675070028,-116.31652661064426,1.7507002801120448,IMU0,42.695
0.41194335937500004,-10.356064453125,-0.5843847656250001,4.69187675070028,-116.9467787114846,1.680672268907563,IMU0,42.705
0.5077441406250001,-10.413544921875001,-0.55564453125,4.831932773109244,-117.50700280112045,1.680672268907563,IMU0,42.715
0.3065625,-10.442285156250001,-0.6514453125,4.901960784313726,-118.0672268907563,1.6106442577030813,IMU0,42.725
0.23950195312500003,-10.279423828125001,-0.5843847656250001,5.042016806722689,-118.55742296918768,1.4705882352941178,IMU0,42.735
0.2682421875,-10.0782421875,-0.699345703125,5.2521008403361344,-119.04761904761905,1.400560224089636,IMU0,42.745
0.057480468750000006,-10.0782421875,-0.70892578125,5.392156862745098,-119.74789915966387,1.1904761904761905,IMU0,42.755
0.316142578125,-10.346484375000001,-0.6514453125,5.322128851540617,-120.09803921568628,1.1204481792717087,IMU0,42.765
0.19160156250000002,-10.605146484375,-0.6610253906250001,5.5322128851540615,-120.65826330532214,1.050420168067227,IMU0,42.775
0.22992187500000003,-10.787167968750001,-0.6610253906250001,5.46218487394958,-121.1484593837535,1.1204481792717087,IMU0,42.785
0.086220703125,-10.806328125,-0.689765625,5.5322128851540615,-121.77871148459384,1.050420168067227,IMU0,42.795
-0.047900390625000004,-10.997929687500001,-0.7280859375000001,5.9523809523809526,-122.61904761904762,0.9103641456582633,IMU0,42.805
0.076640625,-11.294912109375002,-0.7280859375000001,6.0924369747899165,-123.45938375350141,0.700280112044818,IMU0,42.815
0.0,-11.534414062500002,-0.63228515625,6.23249299719888,-124.2296918767507,0.4901960784313726,IMU0,42.825
0.076640625,-11.582314453125,-0.6418652343750001,6.302521008403362,-124.78991596638656,0.350140056022409,IMU0,42.835
0.028740234375000003,-11.505673828125001,-0.5269042968750001,6.302521008403362,-125.4201680672269,0.21008403361344538,IMU0,42.845
-0.028740234375000003,-11.429033203125,-0.55564453125,6.512605042016807,-126.12044817927172,0.0700280112044818,IMU0,42.855
0.028740234375000003,-11.563154296875,-0.536484375,6.582633053221289,-126.82072829131653,-0.1400560224089636,IMU0,42.865
-0.086220703125,-11.773916015625002,-0.5652246093750001,6.862745098039216,-127.66106442577032,-0.350140056022409,IMU0,42.875
-0.13412109375,-11.908037109375,-0.47900390625000006,6.932773109243698,-128.50140056022408,-0.700280112044818,IMU0,42.885
-0.28740234375,-12.080478515625002,-0.45984375000000005,6.862745098039216,-128.78151260504202,-1.050420168067227,IMU0,42.895
-0.20118164062500002,-12.128378906250001,-0.5077441406250001,7.002801120448179,-129.34173669467788,-1.4705882352941178,IMU0,42.905
-0.162861328125,-12.195439453125001,-0.41194335937500004,6.932773109243698,-129.76190476190476,-1.8907563025210086,IMU0,42.915
-0.17244140625,-12.387041015625,-0.46942382812500005,6.792717086834735,-129.83193277310926,-2.100840336134454,IMU0,42.925
-0.13412109375,-12.482841796875,-0.37362304687500003,6.722689075630252,-129.83193277310926,-2.3109243697478994,IMU0,42.935
-0.18202148437500001,-12.569062500000001,-0.38320312500000003,6.722689075630252,-129.90196078431373,-2.5210084033613445,IMU0,42.945
-0.21076171875000002,-12.348720703125,-0.3065625,6.722689075630252,-129.83193277310926,-2.73109243697479,IMU0,42.955
-0.45026367187500005,-12.128378906250001,-0.24908203125000003,6.652661064425771,-129.34173669467788,-2.9411764705882355,IMU0,42.965
-0.39278320312500004,-12.022998046875001,-0.296982421875,6.442577030812325,-128.4313725490196,-3.151260504201681,IMU0,42.975
-0.354462890625,-11.927197265625,-0.20118164062500002,6.0924369747899165,-127.59103641456583,-3.361344537815126,IMU0,42.985
-0.2682421875,-11.80265625,-0.24908203125000003,5.9523809523809526,-126.5406162464986,-3.5714285714285716,IMU0,42.995
-0.22992187500000003,-11.80265625,-0.296982421875,5.602240896358544,-125.49019607843138,-3.5714285714285716,IMU0,43.005
-0.39278320312500004,-11.706855468750001,-0.2682421875,5.5322128851540615,-124.71988795518207,-3.5714285714285716,IMU0,43.015
-0.39278320312500004,-11.639794921875001,-0.296982421875,5.322128851540617,-123.80952380952381,-3.5714285714285716,IMU0,43.025
-0.47900390625000006,-11.3428125,-0.296982421875,5.112044817927171,-122.89915966386555,-3.641456582633053,IMU0,43.035
-0.3065625,-10.921289062500001,-0.38320312500000003,4.971988795518207,-121.84873949579833,-3.711484593837535,IMU0,43.045
-0.316142578125,-10.59556640625,-0.37362304687500003,4.761904761904762,-121.00840336134455,-3.641456582633053,IMU0,43.055
-0.3448828125,-10.796748046875,-0.47900390625000006,4.621848739495799,-120.30812324929973,-3.641456582633053,IMU0,43.065
-0.24908203125000003,-11.390712890625,-0.3448828125,4.551820728291316,-119.18767507002802,-3.5714285714285716,IMU0,43.075
-0.277822265625,-11.59189453125,-0.48858398437500006,4.411764705882353,-117.78711484593838,-3.2913165266106446,IMU0,43.085
-0.19160156250000002,-11.103310546875,-0.39278320312500004,4.201680672268908,-116.38655462184875,-3.081232492997199,IMU0,43.095
-0.28740234375,-10.643466796875,-0.46942382812500005,4.341736694677872,-115.26610644257704,-2.8711484593837535,IMU0,43.105
-0.32572265625,-10.624306640625,-0.49816406250000006,4.201680672268908,-114.00560224089637,-2.6610644257703084,IMU0,43.115
-0.19160156250000002,-10.413544921875001,-0.46942382812500005,4.131652661064426,-112.81512605042018,-2.380952380952381,IMU0,43.125
-0.258662109375,-10.241103515625001,-0.5843847656250001,4.131652661064426,-112.11484593837535,-2.170868347338936,IMU0,43.135
-0.18202148437500001,-10.499765625,-0.55564453125,4.271708683473389,-111.62464985994399,-1.9607843137254903,IMU0,43.145
-0.47900390625000006,-10.90212890625,-0.5843847656250001,4.201680672268908,-111.27450980392157,-1.8207282913165266,IMU0,43.155
-0.6227050781250001,-11.112890625,-0.45984375000000005,4.061624649859944,-110.99439775910365,-1.8207282913165266,IMU0,43.165
-0.6418652343750001,-11.064990234375001,-0.5652246093750001,3.991596638655462,-110.50420168067227,-1.8207282913165266,IMU0,43.175
-0.8238867187500001,-10.854228515625001,-0.39278320312500004,4.131652661064426,-110.4341736694678,-1.8907563025210086,IMU0,43.185
-0.948427734375,-10.691367187500001,-0.43110351562500004,4.271708683473389,-110.64425770308124,-2.030812324929972,IMU0,43.195
-0.8622070312500001,-10.700947265625,-0.5748046875,4.061624649859944,-110.92436974789916,-2.170868347338936,IMU0,43.205
-0.775986328125,-10.691367187500001,-0.67060546875,4.131652661064426,-111.76470588235294,-2.3109243697478994,IMU0,43.215
-0.5843847656250001,-10.691367187500001,-0.8430468750000001,4.271708683473389,-112.74509803921569,-2.5210084033613445,IMU0,43.225
-0.8813671875000001,-10.5380859375,-0.7472460937500001,4.481792717086835,-114.00560224089637,-2.5910364145658265,IMU0,43.235
-0.9196875000000001,-10.32732421875,-0.5269042968750001,4.551820728291316,-114.91596638655463,-2.73109243697479,IMU0,43.245
-1.1879296875,-10.202783203125001,-0.44068359375000005,4.761904761904762,-115.96638655462185,-3.081232492997199,IMU0,43.255
-1.1879296875,-10.202783203125001,-0.43110351562500004,4.69187675070028,-116.80672268907564,-3.361344537815126,IMU0,43.265
-0.9963281250000001,-10.087822265625,-0.5652246093750001,4.621848739495799,-117.99719887955183,-3.781512605042017,IMU0,43.275
-1.082548828125,-9.953701171875,-0.63228515625,4.761904761904762,-119.67787114845939,-4.201680672268908,IMU0,43.285
-0.948427734375,-9.857900390625,-0.63228515625,5.042016806722689,-121.35854341736695,-4.551820728291316,IMU0,43.295
-1.1112890625,-9.934541015625001,-0.49816406250000006,5.182072829131653,-123.45938375350141,-4.971988795518207,IMU0,43.305
-1.082548828125,-9.992021484375,-0.48858398437500006,5.2521008403361344,-125.63025210084034,-5.322128851540617,IMU0,43.315
-1.312470703125,-10.09740234375,-0.3065625,5.322128851540617,-128.15126050420167,-5.8123249299719895,IMU0,43.325
-1.22625,-10.212363281250001,-0.36404296875000003,5.392156862745098,-130.67226890756302,-6.23249299719888,IMU0,43.335
-1.2549902343750001,-10.145302734375,-0.44068359375000005,5.5322128851540615,-133.26330532212884,-6.652661064425771,IMU0,43.345
-1.1879296875,-10.02076171875,-0.37362304687500003,5.602240896358544,-135.71428571428572,-7.002801120448179,IMU0,43.355
-1.1304492187500002,-10.106982421875001,-0.5269042968750001,5.742296918767507,-138.16526610644257,-7.42296918767507,IMU0,43.365
-1.1304492187500002,-10.202783203125001,-0.354462890625,5.9523809523809526,-140.75630252100842,-7.773109243697479,IMU0,43.375
-1.312470703125,-10.09740234375,-0.13412109375,6.022408963585434,-143.0672268907563,-8.123249299719888,IMU0,43.385
-1.3316308593750001,-9.972861328125001,-0.09580078125000001,6.0924369747899165,-147.3389355742297,-8.893557422969188,IMU0,43.395
-1.43701171875,-10.02076171875,-0.028740234375000003,6.022408963585434,-149.50980392156865,-9.38375350140056,IMU0,43.405
-1.312470703125,-10.05908203125,-0.12454101562500001,6.022408963585434,-151.68067226890756,-9.873949579831933,IMU0,43.415
-1.3220507812500002,-10.087822265625,-0.23950195312500003,6.022408963585434,-154.13165266106444,-10.294117647058824,IMU0,43.425
-1.2645703125,-10.05908203125,-0.22034179687500002,6.162464985994398,-156.5826330532213,-10.714285714285715,IMU0,43.435
-1.3316308593750001,-10.0782421875,-0.19160156250000002,6.162464985994398,-158.8935574229692,-11.204481792717088,IMU0,43.445
-1.22625,-10.135722656250001,-0.10538085937500001,6.0924369747899165,-161.2044817927171,-11.624649859943979,IMU0,43.455
-1.312470703125,-10.241103515625001,-0.076640625,6.022408963585434,-163.30532212885154,-12.044817927170868,IMU0,43.465
-1.3316308593750001,-10.193203125,0.028740234375000003,5.9523809523809526,-165.47619047619048,-12.394957983193278,IMU0,43.475
-1.350791015625,-10.05908203125,0.009580078125,6.022408963585434,-167.7871148459384,-12.88515406162465,IMU0,43.485
-1.3412109375,-9.953701171875,0.09580078125000001,5.742296918767507,-170.23809523809524,-13.305322128851541,IMU0,43.495
-1.302890625,-10.039921875000001,0.0,5.6722689075630255,-172.12885154061627,-13.795518207282914,IMU0,43.505
-1.36037109375,-9.972861328125001,0.028740234375000003,5.392156862745098,-173.9495798319328,-14.215686274509805,IMU0,43.515
-1.3412109375,-9.867480468750001,0.0383203125,5.322128851540617,-175.70028011204482,-14.635854341736696,IMU0,43.525
-1.43701171875,-9.75251953125,0.20118164062500002,5.112044817927171,-177.17086834733894,-15.056022408963585,IMU0,43.535
-1.389111328125,-9.63755859375,0.335302734375,4.621848739495799,-178.22128851540617,-15.336134453781513,IMU0,43.545
-1.47533203125,-9.59923828125,0.5460644531250001,4.341736694677872,-179.41176470588235,-15.756302521008404,IMU0,43.555
-1.389111328125,-9.474697265625,0.6227050781250001,3.781512605042017,-180.3921568627451,-16.176470588235293,IMU0,43.565
-1.389111328125,-9.484277343750001,0.689765625,3.2212885154061626,-181.37254901960785,-16.596638655462186,IMU0,43.575
-1.4465917968750002,-9.560917968750001,0.6227050781250001,2.5910364145658265,-182.07282913165267,-16.946778711484594,IMU0,43.585
-1.427431640625,-9.685458984375,0.5652246093750001,1.8907563025210086,-182.49299719887955,-17.296918767507005,IMU0,43.595
-1.43701171875,-9.742939453125,0.59396484375,1.4705882352941178,-183.26330532212887,-17.57703081232493,IMU0,43.605
-1.3699511718750002,-9.666298828125,0.5748046875,0.9103641456582633,-183.75350140056022,-17.92717086834734,IMU0,43.615
-1.47533203125,-9.580078125,0.7472460937500001,0.42016806722689076,-184.10364145658264,-18.137254901960784,IMU0,43.625
-1.350791015625,-9.59923828125,0.70892578125,0.0,-184.31372549019608,-18.347338935574232,IMU0,43.635
-1.427431640625,-9.570498046875,0.9388476562500001,-0.7703081232492998,-184.31372549019608,-18.557422969187677,IMU0,43.645
-1.39869140625,-9.63755859375,0.8622070312500001,-1.400560224089636,-183.82352941176472,-18.69747899159664,IMU0,43.655
-1.312470703125,-9.67587890625,0.9196875000000001,-2.170868347338936,-182.98319327731093,-18.837535014005603,IMU0,43.665
-1.389111328125,-9.608818359375,0.929267578125,-2.6610644257703084,-182.2829131652661,-18.907563025210084,IMU0,43.675
-1.2454101562500002,-9.6183984375,0.948427734375,-3.361344537815126,-181.51260504201682,-18.977591036414566,IMU0,43.685
-1.3316308593750001,-9.704619140625,1.2070898437500002,-3.991596638655462,-180.74229691876752,-18.977591036414566,IMU0,43.695
-1.149609375,-9.71419921875,1.1304492187500002,-4.761904761904762,-179.48179271708685,-18.907563025210084,IMU0,43.705
-1.2070898437500002,-9.589658203125001,1.302890625,-5.5322128851540615,-178.1512605042017,-18.837535014005603,IMU0,43.715
-1.149609375,-9.36931640625,1.1687695312500002,-6.23249299719888,-176.33053221288517,-18.76750700280112,IMU0,43.725
-1.1304492187500002,-9.2351953125,1.178349609375,-6.792717086834735,-174.6498599439776,-18.69747899159664,IMU0,43.735
-1.1879296875,-9.225615234375,1.149609375,-7.352941176470589,-173.03921568627453,-18.487394957983195,IMU0,43.745
-1.082548828125,-9.206455078125,1.0921289062500001,-7.983193277310924,-171.28851540616247,-18.27731092436975,IMU0,43.755
-1.120869140625,-9.014853515625001,1.312470703125,-8.263305322128852,-169.81792717086836,-18.137254901960784,IMU0,43.765
-0.871787109375,-8.823251953125,1.2549902343750001,-9.103641456582633,-168.0672268907563,-17.92717086834734,IMU0,43.775
-1.005908203125,-8.75619140625,1.4561718750000001,-9.73389355742297,-166.38655462184875,-17.717086834733895,IMU0,43.785
-0.852626953125,-8.75619140625,1.3412109375,-10.084033613445378,-164.49579831932775,-17.366946778711487,IMU0,43.795
-0.9388476562500001,-8.689130859375,1.4082714843750002,-10.714285714285715,-162.46498599439778,-17.016806722689076,IMU0,43.805
-0.9005273437500001,-8.708291015625,1.3412109375,-11.344537815126051,-160.29411764705884,-16.73669467787115,IMU0,43.815
-0.833466796875,-8.708291015625,1.427431640625,-11.834733893557424,-158.0532212885154,-16.456582633053223,IMU0,43.825
-0.8430468750000001,-8.746611328125,1.465751953125,-12.254901960784315,-155.67226890756302,-16.03641456582633,IMU0,43.835
-0.67060546875,-8.804091796875001,1.5615527343750002,-12.675070028011206,-153.01120448179273,-15.686274509803923,IMU0,43.845
-0.7472460937500001,-8.938212890625001,1.619033203125,-13.095238095238097,-149.92997198879553,-15.19607843137255,IMU0,43.855
-0.7664062500000001,-8.98611328125,1.3699511718750002,-13.65546218487395,-146.6386554621849,-14.84593837535014,IMU0,43.865
-0.833466796875,-9.06275390625,1.62861328125,-14.145658263305323,-143.20728291316527,-14.355742296918768,IMU0,43.875
-0.680185546875,-9.06275390625,1.37953125,-14.775910364145659,-139.2156862745098,-13.795518207282914,IMU0,43.885
-0.70892578125,-9.034013671875,1.676513671875,-15.406162464985995,-135.29411764705884,-13.23529411764706,IMU0,43.895
-0.536484375,-8.94779296875,1.580712890625,-16.176470588235293,-131.02240896358543,-12.675070028011206,IMU0,43.905
-0.47900390625000006,-8.8903125,1.62861328125,-16.596638655462186,-126.68067226890757,-12.044817927170868,IMU0,43.915
-0.43110351562500004,-8.94779296875,1.676513671875,-17.22689075630252,-122.05882352941177,-11.414565826330533,IMU0,43.925
-0.36404296875000003,-9.10107421875,1.5615527343750002,-17.857142857142858,-117.29691876750701,-10.784313725490197,IMU0,43.935
-0.354462890625,-9.072333984375,1.74357421875,-18.417366946778714,-112.39495798319328,-10.154061624649861,IMU0,43.945
-0.3065625,-9.120234375,1.5328125000000001,-18.977591036414566,-107.42296918767508,-9.523809523809524,IMU0,43.955
-0.20118164062500002,-9.263935546875,1.7627343750000002,-19.537815126050422,-102.31092436974791,-8.823529411764707,IMU0,43.965
-0.23950195312500003,-9.417216796875001,1.5711328125000001,-20.098039215686274,-96.84873949579833,-8.123249299719888,IMU0,43.975
-0.15328125,-9.570498046875,1.62861328125,-20.938375350140056,-91.1764705882353,-7.282913165266106,IMU0,43.985
-0.076640625,-9.484277343750001,1.55197265625,-21.42857142857143,-85.22408963585434,-6.442577030812325,IMU0,43.995
-0.028740234375000003,-9.216035156250001,1.4944921875000001,-21.77871148459384,-79.69187675070029,-5.602240896358544,IMU0,44.005
-0.01916015625,-9.053173828125,1.55197265625,-22.478991596638657,-73.80952380952381,-4.69187675070028,IMU0,44.015
0.028740234375000003,-9.081914062500001,1.389111328125,-22.969187675070028,-67.92717086834735,-3.8515406162464987,IMU0,44.025
-0.028740234375000003,-9.216035156250001,1.47533203125,-23.459383753501402,-62.11484593837535,-2.9411764705882355,IMU0,44.035
-0.01916015625,-9.426796875,1.3220507812500002,-23.949579831932773,-56.09243697478992,-2.100840336134454,IMU0,44.045
-0.0383203125,-9.455537109375001,1.350791015625,-24.439775910364148,-50.070028011204485,-1.400560224089636,IMU0,44.055
0.0383203125,-9.44595703125,1.2837304687500002,-24.859943977591037,-44.25770308123249,-0.7703081232492998,IMU0,44.065
0.162861328125,-9.484277343750001,1.22625,-25.210084033613448,-39.14565826330532,-0.1400560224089636,IMU0,44.075
0.15328125,-9.6183984375,1.2454101562500002,-25.560224089635856,-34.103641456582636,0.4901960784313726,IMU0,44.085
0.162861328125,-9.742939453125,1.197509765625,-25.910364145658264,-29.131652661064425,1.050420168067227,IMU0,44.095
-0.028740234375000003,-9.896220703125001,1.1687695312500002,-26.260504201680675,-24.089635854341736,1.6106442577030813,IMU0,44.105
-0.01916015625,-9.953701171875,1.0154882812500001,-26.5406162464986,-18.907563025210084,2.100840336134454,IMU0,44.115
-0.009580078125,-10.1548828125,1.0154882812500001,-26.820728291316527,-14.215686274509805,2.5210084033613445,IMU0,44.125
0.076640625,-10.09740234375,0.890947265625,-26.96078431372549,-9.73389355742297,2.9411764705882355,IMU0,44.135
0.057480468750000006,-9.992021484375,0.9196875000000001,-27.24089635854342,-5.742296918767507,3.2212885154061626,IMU0,44.145
0.047900390625000004,-10.183623046875,0.871787109375,-27.380952380952383,-2.030812324929972,3.431372549019608,IMU0,44.155
0.09580078125000001,-10.5380859375,0.833466796875,-27.380952380952383,1.4705882352941178,3.781512605042017,IMU0,44.165
0.10538085937500001,-10.624306640625,0.8238867187500001,-27.73109243697479,4.971988795518207,4.061624649859944,IMU0,44.175
-0.009580078125,-10.63388671875,0.7855664062500001,-27.871148459383754,8.123249299719888,4.341736694677872,IMU0,44.185
0.13412109375,-10.787167968750001,0.8047265625000001,-27.871148459383754,10.714285714285715,4.551820728291316,IMU0,44.195
-0.047900390625000004,-11.03625,0.70892578125,-27.871148459383754,13.095238095238097,4.621848739495799,IMU0,44.205
-0.0383203125,-11.1512109375,0.718505859375,-27.66106442577031,15.616246498599441,4.69187675070028,IMU0,44.215
-0.028740234375000003,-11.01708984375,0.680185546875,-27.591036414565828,17.50700280112045,4.69187675070028,IMU0,44.225
-0.12454101562500001,-10.94044921875,0.6610253906250001,-27.521008403361346,19.11764705882353,4.621848739495799,IMU0,44.235
0.18202148437500001,-19.447558593750003,-0.9675878906250001,-27.450980392156865,20.308123249299722,4.411764705882353,IMU0,44.245
9.014853515625001,-237.921240234375,-70.7009765625,-242.50700280112045,-4.831932773109244,-36.62464985994398,IMU0,44.255
43.01455078125,30.407167968750002,26.211093750000003,-228.921568627451,44.187675070028014,129.48179271708685,IMU0,44.265
-48.37939453125,-87.303251953125,-49.433203125000006,68.83753501400561,115.82633053221289,36.904761904761905,IMU0,44.275
-63.985341796875005,16.3627734375,-154.63204101562502,98.109243697479,-63.02521008403362,52.59103641456583,IMU0,44.285
11.80265625,13.2971484375,21.7276171875,151.1204481792717,-67.64705882352942,35.22408963585434,IMU0,44.295
25.511748046875002,10.09740234375,37.141962890625,150.0,-62.60504201680673,-7.913165266106443,IMU0,44.305
22.426962890625003,9.94412109375,56.800283203125005,172.61904761904762,-74.43977591036415,-2.3109243697478994,IMU0,44.315
-2.538720703125,4.033212890625,-9.896220703125001,238.23529411764707,-137.04481792717087,-36.27450980392157,IMU0,44.325
-9.8483203125,4.3876757812500005,-13.019326171875,260.22408963585434,-159.45378151260505,-39.075630252100844,IMU0,44.335
-10.988349609375001,6.638994140625001,-10.3848046875,268.8375350140056,-180.67226890756302,-79.27170868347339,IMU0,44.345
1.350791015625,8.392148437500001,-0.9388476562500001,266.7366946778712,-189.63585434173672,-111.69467787114847,IMU0,44.355
3.88951171875,6.255791015625,8.085585937500001,259.9439775910364,-186.1344537815126,-157.7731092436975,IMU0,44.365
4.588857421875001,6.907236328125,6.159990234375001,250.56022408963585,-178.50140056022408,-193.1372549019608,IMU0,44.375
1.9926562500000002,6.2174707031250005,0.9963281250000001,245.7983193277311,-167.15686274509804,-204.6918767507003,IMU0,44.385
-1.3220507812500002,6.1695703125,0.7664062500000001,238.51540616246498,-157.98319327731093,-207.84313725490196,IMU0,44.395
2.6728417968750002,5.767207031250001,2.711162109375,232.0028011204482,-148.94957983193277,-213.51540616246498,IMU0,44.405
0.5843847656250001,5.19240234375,2.711162109375,215.47619047619048,-114.28571428571429,-217.92717086834736,IMU0,44.415
2.5004003906250003,4.6367578125,6.868916015625,206.72268907563026,-84.45378151260505,-217.15686274509804,IMU0,44.425
7.309599609375001,4.263134765625001,8.564589843750001,195.8683473389356,-41.806722689075634,-210.64425770308125,IMU0,44.435
7.817343750000001,3.6404296875,7.8077636718750005,186.9747899159664,7.633053221288516,-202.59103641456585,IMU0,44.445
0.076640625,3.6404296875,1.70525390625,181.51260504201682,50.35014005602241,-195.8683473389356,IMU0,44.455
6.5431933593750005,2.9602441406250004,10.346484375000001,177.38095238095238,92.92717086834735,-185.92436974789916,IMU0,44.465
7.750283203125001,4.090693359375,10.174042968750001,167.99719887955183,142.99719887955183,-171.49859943977592,IMU0,44.475
-1.2837304687500002,4.339775390625,-3.400927734375,171.5686274509804,166.38655462184875,-166.45658263305322,IMU0,44.485
-1.3316308593750001,4.550537109375,-0.871787109375,175.63025210084035,177.03081232492997,-158.96358543417367,IMU0,44.495
0.7664062500000001,4.6271777343750005,4.42599609375,177.45098039215688,182.70308123249302,-150.91036414565826,IMU0,44.505
2.232158203125,4.339775390625,2.85486328125,180.46218487394958,189.49579831932775,-144.81792717086836,IMU0,44.515
1.274150390625,4.00447265625,0.6227050781250001,182.91316526610646,198.31932773109244,-137.11484593837537,IMU0,44.525
2.3471191406250003,4.416416015625,2.1459375,186.06442577030813,205.67226890756302,-128.0812324929972,IMU0,44.535
-0.15328125,4.282294921875001,2.2608984375000003,189.42577030812325,210.0140056022409,-120.37815126050421,IMU0,44.545
0.22034179687500002,4.378095703125,1.082548828125,192.08683473389357,212.11484593837537,-112.6750700280112,IMU0,44.555
0.6418652343750001,4.3876757812500005,1.74357421875,195.09803921568627,213.16526610644257,-105.32212885154063,IMU0,44.565
-0.0383203125,4.31103515625,1.149609375,197.7591036414566,214.2156862745098,-97.82913165266108,IMU0,44.575
-0.10538085937500001,4.263134765625001,1.3412109375,201.05042016806723,214.49579831932775,-90.406162464986,IMU0,44.585
0.12454101562500001,4.205654296875,2.20341796875,203.36134453781514,213.9355742296919,-82.98319327731093,IMU0,44.595
0.13412109375,4.129013671875001,1.6381933593750002,205.11204481792717,212.88515406162466,-75.56022408963585,IMU0,44.605
0.316142578125,4.08111328125,2.375859375,206.44257703081234,211.55462184873952,-67.92717086834735,IMU0,44.615
0.277822265625,4.033212890625,2.01181640625,207.49299719887955,209.2436974789916,-60.294117647058826,IMU0,44.625
0.46942382812500005,4.1002734375,1.9926562500000002,208.33333333333334,206.02240896358543,-52.73109243697479,IMU0,44.635
0.8047265625000001,4.224814453125,3.477568359375,208.26330532212887,200.56022408963585,-45.30812324929972,IMU0,44.645
1.07296875,4.61759765625,3.9182519531250004,207.49299719887955,189.49579831932775,-38.30532212885154,IMU0,44.655
1.9543359375000002,4.914580078125001,5.72888671875,205.46218487394958,169.95798319327733,-32.07282913165266,IMU0,44.665
0.49816406250000006,4.320615234375,8.095166015625,201.33053221288517,144.60784313725492,-27.24089635854342,IMU0,44.675
-1.101708984375,4.27271484375,3.6883300781250004,196.9887955182073,122.61904761904762,-24.089635854341736,IMU0,44.685
-6.447392578125,15.567626953125002,-14.475498046875002,192.64705882352942,101.9607843137255,-20.518207282913167,IMU0,44.695
17.253720703125,72.10924804687501,-17.818945312500002,140.3361344537815,82.07282913165267,4.761904761904762,IMU0,44.705
56.15841796875,108.69556640625001,121.93523437500001,-116.31652661064426,-49.649859943977596,105.812324929972,IMU0,44.715
-26.661357421875003,53.313134765625,5.69056640625,-46.42857142857143,-51.610644257703086,65.96638655462185,IMU0,44.725
2.002236328125,38.18619140625,-9.857900390625,-34.45378151260504,81.30252100840336,45.86834733893558,IMU0,44.735
-5.0966015625,124.83799804687501,-21.1911328125,-21.708683473389357,165.0560224089636,55.04201680672269,IMU0,44.745
-3.094365234375,151.80591796875,-68.3634375,1.3305322128851542,148.3893557422969,41.45658263305322,IMU0,44.755
7.75986328125,16.717236328125,-77.60821289062501,-28.50140056022409,-7.492997198879552,-10.504201680672269,IMU0,44.765
-3.400927734375,14.667099609375,5.029541015625,20.378151260504204,-55.67226890756303,-2.5910364145658265,IMU0,44.775
-0.737666015625,9.647138671875,14.542558593750002,52.66106442577031,-21.77871148459384,17.366946778711487,IMU0,44.785
2.5099804687500002,11.333232421875001,-4.00447265625,40.056022408963585,-25.210084033613448,8.61344537815126,IMU0,44.795
7.539521484375,1.063388671875,12.20501953125,38.30532212885154,-46.00840336134454,8.753501400560225,IMU0,44.805
4.08111328125,2.069296875,15.2898046875,23.73949579831933,-39.77591036414566,24.57983193277311,IMU0,44.815
1.4561718750000001,2.8165429687500003,15.960410156250001,2.9411764705882355,-21.218487394957982,30.952380952380953,IMU0,44.825
-0.21076171875000002,5.2115625,10.86380859375,-10.294117647058824,15.336134453781513,30.88235294117647,IMU0,44.835
-1.9160156250000002,3.094365234375,2.60578125,-8.053221288515406,35.57422969187675,33.403361344537814,IMU0,44.845
-1.0538085937500001,2.47166015625,1.7627343750000002,-12.46498599439776,37.04481792717087,31.722689075630253,IMU0,44.855
-0.9675878906250001,4.291875,-0.10538085937500001,-13.725490196078432,28.43137254901961,29.831932773109244,IMU0,44.865
-0.01916015625,4.109853515625001,1.906435546875,-14.075630252100842,11.27450980392157,28.571428571428573,IMU0,44.875
0.316142578125,3.975732421875,3.803291015625,-15.896358543417367,-6.162464985994398,26.610644257703083,IMU0,44.885
0.46942382812500005,3.6787500000000004,5.05828125,-19.11764705882353,-14.145658263305323,27.3109243697479,IMU0,44.895
0.7280859375000001,3.4488281250000004,3.73623046875,-23.10924369747899,-11.344537815126051,27.24089635854342,IMU0,44.905
0.6227050781250001,3.3721875000000003,1.9351757812500001,-26.5406162464986,-3.711484593837535,28.50140056022409,IMU0,44.915
0.0383203125,3.017724609375,1.657353515625,-28.8515406162465,4.901960784313726,29.341736694677873,IMU0,44.925
-0.067060546875,2.9794042968750003,3.3051269531250003,-31.232492997198882,11.064425770308123,29.6218487394958,IMU0,44.935
0.11496093750000001,2.93150390625,4.243974609375,-34.38375350140056,11.624649859943979,29.901960784313726,IMU0,44.945
0.28740234375,2.845283203125,3.745810546875,-37.81512605042017,7.42296918767507,29.341736694677873,IMU0,44.955
0.2682421875,2.634521484375,2.529140625,-40.75630252100841,1.8207282913165266,29.481792717086837,IMU0,44.965
0.296982421875,2.5099804687500002,2.538720703125,-43.4873949579832,-1.3305322128851542,29.481792717086837,IMU0,44.975
0.296982421875,2.12677734375,3.42966796875,-46.42857142857143,-0.6302521008403361,29.761904761904763,IMU0,44.985
0.21076171875000002,1.944755859375,3.6787500000000004,-49.50980392156863,2.5910364145658265,30.252100840336137,IMU0,44.995
0.143701171875,1.9926562500000002,3.2284863281250002,-52.73109243697479,5.042016806722689,30.532212885154063,IMU0,45.005
0.09580078125000001,1.9255957031250002,2.7399023437500003,-55.602240896358545,4.201680672268908,30.672268907563026,IMU0,45.015
0.335302734375,1.5328125000000001,2.9698242187500004,-58.333333333333336,2.380952380952381,30.672268907563026,IMU0,45.025
0.47900390625000006,1.0921289062500001,3.650009765625,-61.20448179271709,0.2801120448179272,30.81232492997199,IMU0,45.035
0.277822265625,0.929267578125,3.7170703125,-64.49579831932773,-0.4901960784313726,31.092436974789916,IMU0,45.045
0.047900390625000004,0.8622070312500001,3.190166015625,-67.71708683473389,1.3305322128851542,31.372549019607845,IMU0,45.055
0.086220703125,0.737666015625,2.835703125,-70.7983193277311,5.042016806722689,31.722689075630253,IMU0,45.065
0.23950195312500003,0.316142578125,3.0560449218750003,-73.59943977591037,7.983193277310924,31.932773109243698,IMU0,45.075
0.833466796875,0.316142578125,5.3456835937500005,-76.89075630252101,10.994397759103641,32.35294117647059,IMU0,45.085
3.4871484375,1.542392578125,10.1165625,-82.07282913165267,9.593837535014005,33.333333333333336,IMU0,45.095
4.531376953125,2.1746777343750003,15.874189453125002,-91.80672268907563,-10.294117647058824,35.294117647058826,IMU0,45.105
1.025068359375,1.235830078125,5.613925781250001,-98.59943977591037,-41.1764705882353,36.20448179271709,IMU0,45.115
-0.38320312500000003,1.1687695312500002,4.92416015625,-103.78151260504202,-55.74229691876751,37.11484593837535,IMU0,45.125
-0.5843847656250001,1.6477734375000002,4.435576171875001,-106.09243697478992,-57.07282913165266,37.324929971988794,IMU0,45.135
-0.6418652343750001,1.55197265625,5.57560546875,-109.31372549019608,-51.12044817927171,37.74509803921569,IMU0,45.145
-0.15328125,0.19160156250000002,5.154082031250001,-112.3249299719888,-36.41456582633053,38.655462184873954,IMU0,45.155
2.4141796875000003,-1.676513671875,5.930068359375,-115.33613445378151,-18.417366946778714,40.33613445378151,IMU0,45.165
3.6116894531250003,-1.9160156250000002,8.842412109375001,-119.88795518207283,-13.725490196078432,42.226890756302524,IMU0,45.175
1.70525390625,-1.025068359375,4.837939453125,-124.50980392156863,-16.596638655462186,44.46778711484594,IMU0,45.185
1.8872753906250002,-0.162861328125,7.903564453125001,-128.15126050420167,-13.445378151260504,46.42857142857143,IMU0,45.195
19.849921875,-0.2682421875,4.646337890625,-132.21288515406164,-45.58823529411765,48.17927170868347,IMU0,45.205
77.60821289062501,-29.046796875000002,134.188154296875,-31.722689075630253,-491.38655462184875,17.296918767507005,IMU0,45.215
-23.155048828125,-11.237431640625001,51.6941015625,7.983193277310924,-512.2549019607843,-26.96078431372549,IMU0,45.225
14.370117187500002,4.46431640625,11.572734375000001,-96.70868347338936,-89.00560224089637,110.22408963585434,IMU0,45.235
-4.473896484375,-1.044228515625,-4.23439453125,-247.05882352941177,-150.0,187.7450980392157,IMU0,45.245
-1.0921289062500001,0.5748046875,-5.1061816406250005,-273.73949579831935,-65.54621848739497,83.82352941176471,IMU0,45.255
-2.212998046875,0.2682421875,-2.4141796875000003,-70.58823529411765,-39.56582633053222,13.865546218487395,IMU0,45.265
0.09580078125000001,0.24908203125000003,2.35669921875,16.03641456582633,-41.31652661064426,13.58543417366947,IMU0,45.275
0.9388476562500001,0.277822265625,0.833466796875,19.39775910364146,-40.54621848739496,22.54901960784314,IMU0,45.285
0.21076171875000002,-0.009580078125,3.554208984375,23.459383753501402,-38.16526610644258,3.431372549019608,IMU0,45.295
4.014052734375,-0.0383203125,13.555810546875001,22.899159663865547,-26.47058823529412,5.882352941176471,IMU0,45.305
4.129013671875001,-0.335302734375,9.388476562500001,14.915966386554622,-19.46778711484594,6.722689075630252,IMU0,45.315
1.120869140625,-0.067060546875,0.7664062500000001,8.403361344537815,-23.10924369747899,6.862745098039216,IMU0,45.325
-0.258662109375,0.55564453125,1.07296875,6.862745098039216,-31.1624649859944,13.58543417366947,IMU0,45.335
1.906435546875,0.9196875000000001,5.307363281250001,5.392156862745098,-38.58543417366947,12.324929971988796,IMU0,45.345
3.2955468750000003,1.063388671875,7.49162109375,1.5406162464985995,-37.60504201680673,15.336134453781513,IMU0,45.355
1.676513671875,0.775986328125,4.014052734375,-2.9411764705882355,-39.14565826330532,16.38655462184874,IMU0,45.365
0.910107421875,0.613125,2.538720703125,-5.8123249299719895,-42.36694677871149,16.876750700280112,IMU0,45.375
2.375859375,0.5652246093750001,5.087021484375001,-8.683473389355743,-43.4873949579832,19.46778711484594,IMU0,45.385
2.682421875,0.5077441406250001,5.518125,-12.044817927170868,-42.92717086834734,19.46778711484594,IMU0,45.395
1.791474609375,0.3065625,3.5158886718750004,-14.84593837535014,-42.08683473389356,21.988795518207283,IMU0,45.405
1.753154296875,0.15328125,3.6116894531250003,-17.857142857142858,-40.68627450980392,22.829131652661065,IMU0,45.415
0.37362304687500003,0.076640625,9.283095703125001,-20.938375350140056,-25.420168067226893,24.57983193277311,IMU0,45.425
39.671103515625,0.354462890625,46.262197265625005,-4.69187675070028,201.54061624649862,17.15686274509804,IMU0,45.435
22.22578125,-2.5866210937500003,20.424726562500002,-1.2605042016806722,-28.36134453781513,7.913165266106443,IMU0,45.445
2.4333398437500002,-0.8622070312500001,14.494658203125,13.865546218487395,-94.04761904761905,-2.6610644257703084,IMU0,45.455
-2.6441015625000004,-0.22992187500000003,1.4082714843750002,4.061624649859944,-38.23529411764706,-0.42016806722689076,IMU0,45.465
-1.7339941406250001,-0.42152343750000004,1.37953125,1.1904761904761905,-39.49579831932773,0.7703081232492998,IMU0,45.475
0.09580078125000001,0.689765625,3.42966796875,0.21008403361344538,-31.022408963585434,-1.6106442577030813,IMU0,45.485
2.12677734375,1.1687695312500002,7.836503906250001,-1.8907563025210086,-4.131652661064426,-0.5602240896358543,IMU0,45.495
6.294111328125,0.7664062500000001,10.1548828125,-3.991596638655462,43.90756302521009,1.2605042016806722,IMU0,45.505
12.904365234375001,-0.21076171875000002,11.304492187500001,-3.151260504201681,61.34453781512605,-0.21008403361344538,IMU0,45.515
7.376660156250001,0.316142578125,10.691367187500001,-1.6106442577030813,26.680672268907564,-0.9103641456582633,IMU0,45.525
2.28005859375,-0.12454101562500001,11.524833984375,1.680672268907563,7.492997198879552,0.5602240896358543,IMU0,45.535
-1.120869140625,0.009580078125,9.953701171875,0.9803921568627452,-1.1204481792717087,0.42016806722689076,IMU0,45.545
0.12454101562500001,0.316142578125,8.8903125,0.0700280112044818,3.081232492997199,-0.2801120448179272,IMU0,45.555
2.6441015625000004,0.3448828125,10.490185546875,0.0700280112044818,-5.882352941176471,-0.4901960784313726,IMU0,45.565
4.502636718750001,0.18202148437500001,9.647138671875,-0.2801120448179272,-8.053221288515406,-0.2801120448179272,IMU0,45.575
4.876259765625,-0.067060546875,8.957373046875,0.2801120448179272,-5.6722689075630255,-0.4901960784313726,IMU0,45.585
4.847519531250001,0.15328125,8.420888671875,0.350140056022409,-0.42016806722689076,-0.6302521008403361,IMU0,45.595
3.650009765625,0.277822265625,8.401728515625,-0.0700280112044818,4.271708683473389,-0.21008403361344538,IMU0,45.605
3.094365234375,-0.0383203125,10.164462890625,0.0700280112044818,2.73109243697479,-0.2801120448179272,IMU0,45.615
3.1422656250000003,0.11496093750000001,10.068662109375001,0.0,-0.4901960784313726,-0.2801120448179272,IMU0,45.625
3.3626074218750004,0.057480468750000006,9.014853515625001,0.1400560224089636,-4.551820728291316,-0.5602240896358543,IMU0,45.635
3.899091796875,0.11496093750000001,9.10107421875,0.1400560224089636,-3.711484593837535,-0.6302521008403361,IMU0,45.645
4.2152343750000005,0.17244140625,9.196875,0.1400560224089636,-1.5406162464985995,-0.42016806722689076,IMU0,45.655
3.65958984375,0.10538085937500001,9.311835937500001,0.0700280112044818,-0.1400560224089636,-0.350140056022409,IMU0,45.665
3.2284863281250002,0.11496093750000001,9.398056640625,0.2801120448179272,-0.42016806722689076,-0.42016806722689076,IMU0,45.675
3.822451171875,0.10538085937500001,9.311835937500001,0.21008403361344538,-1.050420168067227,-0.21008403361344538,IMU0,45.685
3.650009765625,0.10538085937500001,9.493857421875001,0.0700280112044818,-1.4705882352941178,-0.42016806722689076,IMU0,45.695
3.58294921875,0.086220703125,9.1585546875,0.2801120448179272,-1.8207282913165266,-0.5602240896358543,IMU0,45.705
3.6308496093750002,0.10538085937500001,9.244775390625001,0.1400560224089636,-1.7507002801120448,-0.350140056022409,IMU0,45.715
3.8416113281250004,0.162861328125,9.378896484375,0.0700280112044818,-0.9803921568627452,-0.350140056022409,IMU0,45.725
3.4584082031250003,0.057480468750000006,9.340576171875,0.0,-1.1204481792717087,-0.350140056022409,IMU0,45.735
3.6212695312500003,0.12454101562500001,9.33099609375,0.0,-1.6106442577030813,-0.42016806722689076,IMU0,45.745
3.726650390625,0.067060546875,9.36931640625,0.1400560224089636,-1.8907563025210086,-0.42016806722689076,IMU0,45.755
3.650009765625,0.162861328125,9.206455078125,0.0700280112044818,-1.8207282913165266,-0.42016806722689076,IMU0,45.765
3.7074902343750002,0.13412109375,9.10107421875,0.0700280112044818,-0.700280112044818,-0.42016806722689076,IMU0,45.775
3.7170703125,0.086220703125,9.359736328125,0.0700280112044818,0.6302521008403361,-0.2801120448179272,IMU0,45.785
3.6691699218750005,0.13412109375,9.40763671875,0.1400560224089636,0.700280112044818,-0.2801120448179272,IMU0,45.795
3.5254687500000004,0.047900390625000004,9.44595703125,0.0700280112044818,-0.2801120448179272,-0.2801120448179272,IMU0,45.805
3.5158886718750004,0.12454101562500001,9.417216796875001,0.1400560224089636,-1.8907563025210086,-0.4901960784313726,IMU0,45.815
3.7170703125,0.12454101562500001,9.216035156250001,0.1400560224089636,-2.5210084033613445,-0.42016806722689076,IMU0,45.825
3.6404296875,0.21076171875000002,9.225615234375,0.1400560224089636,-1.5406162464985995,-0.42016806722689076,IMU0,45.835
3.7841308593750003,0.086220703125,9.10107421875,0.21008403361344538,0.4901960784313726,-0.2801120448179272,IMU0,45.845
3.6021093750000004,0.057480468750000006,9.5417578125,0.1400560224089636,1.1904761904761905,-0.21008403361344538,IMU0,45.855
3.343447265625,0.13412109375,9.551337890625001,0.0700280112044818,-0.42016806722689076,-0.350140056022409,IMU0,45.865
3.5158886718750004,0.047900390625000004,9.225615234375,0.1400560224089636,-2.380952380952381,-0.42016806722689076,IMU0,45.875
3.899091796875,0.162861328125,9.187294921875,0.21008403361344538,-1.8207282913165266,-0.42016806722689076,IMU0,45.885
3.745810546875,0.10538085937500001,9.302255859375,0.350140056022409,-0.2801120448179272,-0.350140056022409,IMU0,45.895
3.420087890625,0.076640625,9.474697265625,0.0700280112044818,-0.21008403361344538,-0.350140056022409,IMU0,45.905
3.5158886718750004,0.09580078125000001,9.417216796875001,0.1400560224089636,-1.6106442577030813,-0.42016806722689076,IMU0,45.915
3.7074902343750002,0.13412109375,9.2351953125,0.0700280112044818,-2.170868347338936,-0.4901960784313726,IMU0,45.925
3.7841308593750003,0.15328125,9.168134765625,0.0,-0.9103641456582633,-0.42016806722689076,IMU0,45.935
3.6691699218750005,0.076640625,9.388476562500001,0.21008403361344538,0.2801120448179272,-0.2801120448179272,IMU0,45.945
3.4488281250000004,0.076640625,9.656718750000001,0.21008403361344538,-1.1204481792717087,-0.350140056022409,IMU0,45.955
3.3626074218750004,0.143701171875,9.196875,-0.0700280112044818,-3.431372549019608,-0.5602240896358543,IMU0,45.965
3.956572265625,0.047900390625000004,9.043593750000001,0.1400560224089636,-2.450980392156863,-0.42016806722689076,IMU0,45.975
3.7553906250000004,0.19160156250000002,9.436376953125,0.21008403361344538,-0.8403361344537815,-0.42016806722689076,IMU0,45.985
3.4871484375,0.086220703125,9.263935546875,0.21008403361344538,-0.2801120448179272,-0.42016806722689076,IMU0,45.995
3.58294921875,0.10538085937500001,9.455537109375001,0.1400560224089636,-0.9103641456582633,-0.350140056022409,IMU0,46.005
3.65958984375,0.15328125,9.474697265625,0.0700280112044818,-1.7507002801120448,-0.42016806722689076,IMU0,46.015
3.650009765625,0.10538085937500001,9.148974609375001,0.1400560224089636,-1.8907563025210086,-0.42016806722689076,IMU0,46.025
3.7074902343750002,0.143701171875,9.359736328125,0.0700280112044818,-0.9803921568627452,-0.350140056022409,IMU0,46.035
3.5637890625,0.12454101562500001,9.398056640625,-0.0700280112044818,-0.9803921568627452,-0.350140056022409,IMU0,46.045
3.554208984375,0.13412109375,9.244775390625001,0.0700280112044818,-1.6106442577030813,-0.42016806722689076,IMU0,46.055
3.745810546875,0.086220703125,9.350156250000001,0.1400560224089636,-1.4705882352941178,-0.42016806722689076,IMU0,46.065
3.65958984375,0.09580078125000001,9.33099609375,0.1400560224089636,-1.400560224089636,-0.4901960784313726,IMU0,46.075
3.573369140625,0.09580078125000001,9.321416015625001,0.1400560224089636,-1.6106442577030813,-0.42016806722689076,IMU0,46.085
3.573369140625,0.076640625,9.378896484375,0.21008403361344538,-2.030812324929972,-0.4901960784313726,IMU0,46.095
3.65958984375,0.047900390625000004,9.321416015625001,0.1400560224089636,-2.2408963585434174,-0.5602240896358543,IMU0,46.105
3.650009765625,0.11496093750000001,9.44595703125,0.1400560224089636,-2.801120448179272,-0.5602240896358543,IMU0,46.115
3.477568359375,0.067060546875,9.426796875,0.0700280112044818,-3.431372549019608,-0.6302521008403361,IMU0,46.125
3.4871484375,0.009580078125,9.33099609375,0.0,-3.641456582633053,-0.700280112044818,IMU0,46.135
3.6116894531250003,0.009580078125,9.311835937500001,0.0,-3.361344537815126,-0.700280112044818,IMU0,46.145
3.58294921875,0.17244140625,9.321416015625001,0.0700280112044818,-2.8711484593837535,-0.700280112044818,IMU0,46.155
3.554208984375,0.23950195312500003,9.2351953125,-0.0700280112044818,-1.5406162464985995,-0.7703081232492998,IMU0,46.165
3.8416113281250004,0.258662109375,9.10107421875,-0.1400560224089636,-0.4901960784313726,-0.700280112044818,IMU0,46.175
4.071533203125,0.162861328125,9.13939453125,0.0700280112044818,-1.4705882352941178,-0.5602240896358543,IMU0,46.185
3.96615234375,0.12454101562500001,9.216035156250001,-0.1400560224089636,-0.42016806722689076,-0.350140056022409,IMU0,46.195
3.5254687500000004,0.18202148437500001,9.244775390625001,0.0,0.9103641456582633,-0.21008403361344538,IMU0,46.205
3.573369140625,0.028740234375000003,9.36931640625,0.1400560224089636,0.7703081232492998,-0.2801120448179272,IMU0,46.215
3.650009765625,0.09580078125000001,9.59923828125,0.0700280112044818,-0.7703081232492998,-0.350140056022409,IMU0,46.225
3.573369140625,0.13412109375,9.378896484375,0.0,-2.450980392156863,-0.4901960784313726,IMU0,46.235
3.7170703125,0.10538085937500001,9.034013671875,0.0700280112044818,-2.3109243697478994,-0.42016806722689076,IMU0,46.245
3.9086718750000005,0.143701171875,9.129814453125,0.2801120448179272,-0.0700280112044818,-0.2801120448179272,IMU0,46.255
3.6021093750000004,0.09580078125000001,9.484277343750001,0.21008403361344538,1.1204481792717087,-0.350140056022409,IMU0,46.265
3.3721875000000003,0.076640625,9.580078125,0.21008403361344538,-0.7703081232492998,-0.42016806722689076,IMU0,46.275
3.5446289062500003,0.10538085937500001,9.36931640625,0.0700280112044818,-3.011204481792717,-0.4901960784313726,IMU0,46.285
3.9182519531250004,0.086220703125,9.005273437500001,-0.0700280112044818,-2.380952380952381,-0.4901960784313726,IMU0,46.295
3.745810546875,0.18202148437500001,9.244775390625001,0.0700280112044818,-0.2801120448179272,-0.350140056022409,IMU0,46.305
3.5925292968750004,0.076640625,9.254355468750001,0.1400560224089636,0.9103641456582633,-0.2801120448179272,IMU0,46.315
3.554208984375,0.11496093750000001,9.455537109375001,0.21008403361344538,0.350140056022409,-0.2801120448179272,IMU0,46.325
3.6787500000000004,0.143701171875,9.311835937500001,0.1400560224089636,-0.350140056022409,-0.350140056022409,IMU0,46.335
3.6883300781250004,0.10538085937500001,9.263935546875,0.2801120448179272,-0.2801120448179272,-0.2801120448179272,IMU0,46.345
3.6308496093750002,0.11496093750000001,9.29267578125,0.0700280112044818,0.0,-0.2801120448179272,IMU0,46.355
3.6308496093750002,0.11496093750000001,9.340576171875,0.0700280112044818,-0.0700280112044818,-0.2801120448179272,IMU0,46.365
3.6308496093750002,0.09580078125000001,9.321416015625001,0.1400560224089636,-0.350140056022409,-0.350140056022409,IMU0,46.375
3.65958984375,0.086220703125,9.350156250000001,0.1400560224089636,-0.4901960784313726,-0.2801120448179272,IMU0,46.385
3.5925292968750004,0.09580078125000001,9.378896484375,0.1400560224089636,-0.9803921568627452,-0.42016806722689076,IMU0,46.395
3.5925292968750004,0.12454101562500001,9.321416015625001,0.2801120448179272,-1.6106442577030813,-0.42016806722689076,IMU0,46.405
3.7074902343750002,0.11496093750000001,9.263935546875,0.1400560224089636,-1.6106442577030813,-0.42016806722689076,IMU0,46.415
3.6308496093750002,0.162861328125,9.33099609375,0.1400560224089636,-1.1904761904761905,-0.42016806722689076,IMU0,46.425
3.65958984375,0.086220703125,9.244775390625001,0.21008403361344538,-0.8403361344537815,-0.350140056022409,IMU0,46.435
3.6883300781250004,0.10538085937500001,9.302255859375,0.21008403361344538,-0.4901960784313726,-0.350140056022409,IMU0,46.445
3.6212695312500003,0.09580078125000001,9.273515625,0.1400560224089636,-1.400560224089636,-0.42016806722689076,IMU0,46.455
3.7841308593750003,0.10538085937500001,9.283095703125001,0.21008403361344538,-1.2605042016806722,-0.42016806722689076,IMU0,46.465
3.6308496093750002,0.086220703125,9.36931640625,0.1400560224089636,-1.1204481792717087,-0.42016806722689076,IMU0,46.475
3.5637890625,0.10538085937500001,9.36931640625,0.21008403361344538,-1.8907563025210086,-0.4901960784313726,IMU0,46.485
3.726650390625,0.086220703125,9.29267578125,0.350140056022409,-2.73109243697479,-0.4901960784313726,IMU0,46.495
3.7553906250000004,0.086220703125,9.321416015625001,0.2801120448179272,-2.5210084033613445,-0.4901960784313726,IMU0,46.505
3.5158886718750004,0.086220703125,9.474697265625,0.0700280112044818,-2.73109243697479,-0.5602240896358543,IMU0,46.515
3.6021093750000004,0.18202148437500001,9.206455078125,0.0700280112044818,-3.2913165266106446,-0.5602240896358543,IMU0,46.525
3.65958984375,0.22992187500000003,9.02443359375,0.1400560224089636,-2.380952380952381,-0.42016806722689076,IMU0,46.535
4.4068359375,-0.19160156250000002,9.283095703125001,0.1400560224089636,-0.2801120448179272,-0.21008403361344538,IMU0,46.545
2.4908203125000004,0.45984375000000005,9.790839843750001,0.0,-2.6610644257703084,-0.700280112044818,IMU0,46.555
3.9182519531250004,0.38320312500000003,8.210126953125,0.0700280112044818,3.2913165266106446,-0.0700280112044818,IMU0,46.565
4.61759765625,-0.01916015625,8.9286328125,0.42016806722689076,6.022408963585434,0.21008403361344538,IMU0,46.575
4.205654296875,-0.057480468750000006,9.800419921875001,0.2801120448179272,3.641456582633053,0.0,IMU0,46.585
2.7494824218750002,-0.028740234375000003,10.212363281250001,0.21008403361344538,0.2801120448179272,-0.2801120448179272,IMU0,46.595
2.20341796875,0.3448828125,9.493857421875001,0.0700280112044818,-4.971988795518207,-0.700280112044818,IMU0,46.605
3.8703515625000002,0.15328125,8.58375,0.0700280112044818,-1.8907563025210086,-0.42016806722689076,IMU0,46.615
5.010380859375,0.009580078125,9.1585546875,0.1400560224089636,1.4705882352941178,-0.1400560224089636,IMU0,46.625
4.052373046875,0.19160156250000002,9.627978515625001,0.0700280112044818,1.1204481792717087,-0.350140056022409,IMU0,46.635
2.8069628906250004,0.09580078125000001,9.340576171875,0.0700280112044818,-0.1400560224089636,-0.350140056022409,IMU0,46.645
3.2763867187500004,0.047900390625000004,9.110654296875001,0.1400560224089636,-1.3305322128851542,-0.350140056022409,IMU0,46.655
3.9853125000000005,0.13412109375,9.522597656250001,0.0,-1.6106442577030813,-0.350140056022409,IMU0,46.665
3.822451171875,0.13412109375,9.33099609375,0.0,-1.2605042016806722,-0.42016806722689076,IMU0,46.675
3.4679882812500002,0.12454101562500001,9.053173828125,0.0,-0.42016806722689076,-0.350140056022409,IMU0,46.685
3.6212695312500003,0.076640625,9.493857421875001,0.0700280112044818,-0.4901960784313726,-0.350140056022409,IMU0,46.695
3.7074902343750002,0.13412109375,9.44595703125,0.0,-1.4705882352941178,-0.42016806722689076,IMU0,46.705
3.6212695312500003,0.086220703125,9.129814453125,0.1400560224089636,-1.4705882352941178,-0.4901960784313726,IMU0,46.715
3.6979101562500003,0.12454101562500001,9.340576171875,0.1400560224089636,-0.5602240896358543,-0.42016806722689076,IMU0,46.725
3.6116894531250003,0.12454101562500001,9.36931640625,0.1400560224089636,-0.8403361344537815,-0.42016806722689076,IMU0,46.735
3.554208984375,0.067060546875,9.254355468750001,0.0700280112044818,-1.3305322128851542,-0.42016806722689076,IMU0,46.745
3.6787500000000004,0.11496093750000001,9.321416015625001,0.0700280112044818,-1.1904761904761905,-0.350140056022409,IMU0,46.755
3.6883300781250004,0.086220703125,9.311835937500001,0.1400560224089636,-0.9803921568627452,-0.350140056022409,IMU0,46.765
3.5637890625,0.11496093750000001,9.33099609375,0.0700280112044818,-1.050420168067227,-0.42016806722689076,IMU0,46.775
3.6116894531250003,0.162861328125,9.321416015625001,0.1400560224089636,-1.3305322128851542,-0.42016806722689076,IMU0,46.785
3.7170703125,0.11496093750000001,9.263935546875,0.0,-1.3305322128851542,-0.42016806722689076,IMU0,46.795
3.650009765625,0.11496093750000001,9.321416015625001,0.1400560224089636,-0.9803921568627452,-0.350140056022409,IMU0,46.805
3.6021093750000004,0.12454101562500001,9.36931640625,0.1400560224089636,-0.8403361344537815,-0.350140056022409,IMU0,46.815
3.6404296875,0.11496093750000001,9.321416015625001,0.21008403361344538,-1.050420168067227,-0.350140056022409,IMU0,46.825
3.6691699218750005,0.10538085937500001,9.311835937500001,0.1400560224089636,-1.1204481792717087,-0.350140056022409,IMU0,46.835
3.6979101562500003,0.11496093750000001,9.340576171875,0.1400560224089636,-1.050420168067227,-0.42016806722689076,IMU0,46.845
3.5637890625,0.13412109375,9.350156250000001,0.1400560224089636,-1.2605042016806722,-0.42016806722689076,IMU0,46.855
3.650009765625,0.086220703125,9.263935546875,0.0700280112044818,-1.6106442577030813,-0.42016806722689076,IMU0,46.865
3.7074902343750002,0.12454101562500001,9.273515625,0.0,-1.2605042016806722,-0.350140056022409,IMU0,46.875
3.65958984375,0.10538085937500001,9.311835937500001,-0.0700280112044818,-0.6302521008403361,-0.350140056022409,IMU0,46.885
3.650009765625,0.10538085937500001,9.321416015625001,-0.1400560224089636,-0.350140056022409,-0.350140056022409,IMU0,46.895
3.6308496093750002,0.09580078125000001,9.398056640625,0.1400560224089636,-0.700280112044818,-0.350140056022409,IMU0,46.905
3.5925292968750004,0.11496093750000001,9.33099609375,0.0700280112044818,-1.1904761904761905,-0.42016806722689076,IMU0,46.915
3.6883300781250004,0.11496093750000001,9.311835937500001,0.0700280112044818,-1.1904761904761905,-0.350140056022409,IMU0,46.925
3.6787500000000004,0.12454101562500001,9.311835937500001,0.1400560224089636,-0.9103641456582633,-0.350140056022409,IMU0,46.935
3.58294921875,0.13412109375,9.311835937500001,0.1400560224089636,-0.9103641456582633,-0.42016806722689076,IMU0,46.945
3.650009765625,0.10538085937500001,9.311835937500001,0.1400560224089636,-1.1904761904761905,-0.42016806722689076,IMU0,46.955
3.6883300781250004,0.09580078125000001,9.283095703125001,0.1400560224089636,-1.1904761904761905,-0.350140056022409,IMU0,46.965
3.6404296875,0.10538085937500001,9.340576171875,0.1400560224089636,-0.9103641456582633,-0.42016806722689076,IMU0,46.975
3.5925292968750004,0.12454101562500001,9.350156250000001,0.21008403361344538,-0.9803921568627452,-0.42016806722689076,IMU0,46.985
3.5925292968750004,0.09580078125000001,9.321416015625001,0.2801120448179272,-1.3305322128851542,-0.42016806722689076,IMU0,46.995
3.650009765625,0.086220703125,9.29267578125,0.21008403361344538,-1.1904761904761905,-0.42016806722689076,IMU0,47.005
3.6212695312500003,0.13412109375,9.321416015625001,0.1400560224089636,-0.9103641456582633,-0.350140056022409,IMU0,47.015
3.6021093750000004,0.10538085937500001,9.283095703125001,0.1400560224089636,-1.050420168067227,-0.42016806722689076,IMU0,47.025
3.6404296875,0.12454101562500001,9.33099609375,0.0700280112044818,-1.1204481792717087,-0.42016806722689076,IMU0,47.035
3.6308496093750002,0.12454101562500001,9.321416015625001,0.1400560224089636,-1.050420168067227,-0.42016806722689076,IMU0,47.045
3.6116894531250003,0.10538085937500001,9.302255859375,0.0700280112044818,-0.9803921568627452,-0.350140056022409,IMU0,47.055
3.650009765625,0.09580078125000001,9.350156250000001,0.1400560224089636,-1.050420168067227,-0.42016806722689076,IMU0,47.065
3.6021093750000004,0.12454101562500001,9.302255859375,0.0700280112044818,-1.1904761904761905,-0.42016806722689076,IMU0,47.075
3.65958984375,0.10538085937500001,9.302255859375,0.0700280112044818,-0.9803921568627452,-0.42016806722689076,IMU0,47.085
3.650009765625,0.13412109375,9.359736328125,0.0700280112044818,-0.9103641456582633,-0.42016806722689076,IMU0,47.095
3.6021093750000004,0.13412109375,9.311835937500001,0.2801120448179272,-1.1904761904761905,-0.42016806722689076,IMU0,47.105
3.7074902343750002,0.12454101562500001,9.29267578125,0.1400560224089636,-1.1904761904761905,-0.42016806722689076,IMU0,47.115
3.6212695312500003,0.15328125,9.33099609375,0.0700280112044818,-1.050420168067227,-0.42016806722689076,IMU0,47.125
3.6212695312500003,0.10538085937500001,9.273515625,0.1400560224089636,-0.9803921568627452,-0.42016806722689076,IMU0,47.135
3.6691699218750005,0.13412109375,9.311835937500001,0.1400560224089636,-0.9803921568627452,-0.350140056022409,IMU0,47.145
3.650009765625,0.11496093750000001,9.254355468750001,0.1400560224089636,-1.1204481792717087,-0.42016806722689076,IMU0,47.155
3.650009765625,0.10538085937500001,9.311835937500001,0.21008403361344538,-0.9803921568627452,-0.350140056022409,IMU0,47.165
3.650009765625,0.10538085937500001,9.340576171875,0.1400560224089636,-0.9803921568627452,-0.350140056022409,IMU0,47.175
3.6308496093750002,0.09580078125000001,9.29267578125,0.0700280112044818,-1.050420168067227,-0.350140056022409,IMU0,47.185
3.6691699218750005,0.12454101562500001,9.359736328125,0.0,-1.050420168067227,-0.350140056022409,IMU0,47.195
3.6212695312500003,0.12454101562500001,9.321416015625001,0.0700280112044818,-1.1204481792717087,-0.350140056022409,IMU0,47.205
3.65958984375,0.10538085937500001,9.273515625,0.1400560224089636,-1.050420168067227,-0.350140056022409,IMU0,47.215
3.6308496093750002,0.086220703125,9.378896484375,0.1400560224089636,-0.9803921568627452,-0.42016806722689076,IMU0,47.225
3.58294921875,0.09580078125000001,9.302255859375,0.1400560224089636,-1.1204481792717087,-0.42016806722689076,IMU0,47.235
3.65958984375,0.10538085937500001,9.302255859375,0.1400560224089636,-1.1904761904761905,-0.42016806722689076,IMU0,47.245
3.650009765625,0.13412109375,9.302255859375,0.21008403361344538,-0.9803921568627452,-0.42016806722689076,IMU0,47.255
3.5637890625,0.10538085937500001,9.321416015625001,0.1400560224089636,-0.8403361344537815,-0.350140056022409,IMU0,47.265
3.6404296875,0.11496093750000001,9.36931640625,0.21008403361344538,-1.1204481792717087,-0.350140056022409,IMU0,47.275
3.6404296875,0.10538085937500001,9.321416015625001,0.0700280112044818,-1.2605042016806722,-0.350140056022409,IMU0,47.285
3.6404296875,0.13412109375,9.302255859375,0.2801120448179272,-1.1204481792717087,-0.42016806722689076,IMU0,47.295
3.65958984375,0.10538085937500001,9.33099609375,0.1400560224089636,-0.9803921568627452,-0.350140056022409,IMU0,47.305
3.6021093750000004,0.11496093750000001,9.33099609375,0.1400560224089636,-1.1204481792717087,-0.42016806722689076,IMU0,47.315
3.65958984375,0.12454101562500001,9.302255859375,0.0700280112044818,-1.1204481792717087,-0.42016806722689076,IMU0,47.325
3.650009765625,0.11496093750000001,9.33099609375,0.0700280112044818,-1.050420168067227,-0.42016806722689076,IMU0,47.335
3.6021093750000004,0.10538085937500001,9.311835937500001,0.1400560224089636,-0.9103641456582633,-0.350140056022409,IMU0,47.345
3.6308496093750002,0.11496093750000001,9.350156250000001,0.1400560224089636,-1.050420168067227,-0.350140056022409,IMU0,47.355
3.650009765625,0.13412109375,9.33099609375,0.1400560224089636,-1.050420168067227,-0.350140056022409,IMU0,47.365
3.6308496093750002,0.12454101562500001,9.311835937500001,0.21008403361344538,-1.050420168067227,-0.350140056022409,IMU0,47.375
3.5925292968750004,0.086220703125,9.302255859375,0.1400560224089636,-0.9803921568627452,-0.350140056022409,IMU0,47.385
3.5925292968750004,0.076640625,9.33099609375,0.0700280112044818,-1.1204481792717087,-0.42016806722689076,IMU0,47.395
3.6021093750000004,0.067060546875,9.283095703125001,-0.1400560224089636,-1.050420168067227,-0.42016806722689076,IMU0,47.405
3.650009765625,0.10538085937500001,9.321416015625001,0.0,-0.9803921568627452,-0.42016806722689076,IMU0,47.415
3.650009765625,0.10538085937500001,9.321416015625001,0.0700280112044818,-0.9803921568627452,-0.42016806722689076,IMU0,47.425
3.6691699218750005,0.09580078125000001,9.311835937500001,0.0700280112044818,-1.050420168067227,-0.350140056022409,IMU0,47.435
3.650009765625,0.09580078125000001,9.283095703125001,0.21008403361344538,-1.050420168067227,-0.42016806722689076,IMU0,47.445
3.6116894531250003,0.10538085937500001,9.29267578125,0.1400560224089636,-1.050420168067227,-0.42016806722689076,IMU0,47.455
3.6308496093750002,0.143701171875,9.33099609375,0.21008403361344538,-0.9803921568627452,-0.42016806722689076,IMU0,47.465
3.6212695312500003,0.13412109375,9.302255859375,0.2801120448179272,-1.050420168067227,-0.42016806722689076,IMU0,47.475
3.6308496093750002,0.10538085937500001,9.302255859375,0.0700280112044818,-0.9803921568627452,-0.350140056022409,IMU0,47.485
3.6308496093750002,0.12454101562500001,9.359736328125,0.350140056022409,-1.050420168067227,-0.42016806722689076,IMU0,47.495
3.6308496093750002,0.13412109375,9.311835937500001,0.1400560224089636,-1.1204481792717087,-0.350140056022409,IMU0,47.505
3.6691699218750005,0.11496093750000001,9.283095703125001,0.0700280112044818,-1.050420168067227,-0.42016806722689076,IMU0,47.515
3.6404296875,0.15328125,9.302255859375,0.0700280112044818,-0.9803921568627452,-0.42016806722689076,IMU0,47.525
3.6021093750000004,0.13412109375,9.33099609375,0.1400560224089636,-1.050420168067227,-0.350140056022409,IMU0,47.535
3.6308496093750002,0.13412109375,9.283095703125001,0.2801120448179272,-1.1204481792717087,-0.42016806722689076,IMU0,47.545
3.650009765625,0.12454101562500001,9.283095703125001,0.21008403361344538,-1.050420168067227,-0.350140056022409,IMU0,47.555
3.6116894531250003,0.13412109375,9.340576171875,0.0700280112044818,-0.9803921568627452,-0.350140056022409,IMU0,47.565
3.6404296875,0.13412109375,9.33099609375,0.1400560224089636,-1.1204481792717087,-0.350140056022409,IMU0,47.575
3.6212695312500003,0.11496093750000001,9.311835937500001,0.1400560224089636,-1.1204481792717087,-0.350140056022409,IMU0,47.585
3.6404296875,0.12454101562500001,9.302255859375,0.21008403361344538,-1.050420168067227,-0.42016806722689076,IMU0,47.595
3.6212695312500003,0.09580078125000001,9.33099609375,0.2801120448179272,-1.050420168067227,-0.350140056022409,IMU0,47.605
3.6404296875,0.13412109375,9.33099609375,0.0700280112044818,-1.050420168067227,-0.42016806722689076,IMU0,47.615
3.6212695312500003,0.13412109375,9.311835937500001,0.0700280112044818,-1.050420168067227,-0.42016806722689076,IMU0,47.625
3.6308496093750002,0.09580078125000001,9.273515625,0.1400560224089636,-1.050420168067227,-0.350140056022409,IMU0,47.635
3.6212695312500003,0.10538085937500001,9.311835937500001,0.0700280112044818,-1.050420168067227,-0.42016806722689076,IMU0,47.645
3.6021093750000004,0.13412109375,9.321416015625001,0.1400560224089636,-1.050420168067227,-0.42016806722689076,IMU0,47.655
3.6404296875,0.13412109375,9.33099609375,0.1400560224089636,-1.050420168067227,-0.42016806722689076,IMU0,47.665
3.65958984375,0.12454101562500001,9.311835937500001,0.1400560224089636,-1.050420168067227,-0.42016806722689076,IMU0,47.675
3.6691699218750005,0.12454101562500001,9.311835937500001,0.21008403361344538,-0.9803921568627452,-0.42016806722689076,IMU0,47.685
3.5925292968750004,0.10538085937500001,9.302255859375,0.0700280112044818,-0.9803921568627452,-0.42016806722689076,IMU0,47.695
3.6021093750000004,0.12454101562500001,9.311835937500001,0.21008403361344538,-1.050420168067227,-0.350140056022409,IMU0,47.705
3.6691699218750005,0.11496093750000001,9.321416015625001,0.1400560224089636,-1.050420168067227,-0.350140056022409,IMU0,47.715
3.65958984375,0.12454101562500001,9.311835937500001,0.0700280112044818,-1.050420168067227,-0.350140056022409,IMU0,47.725
3.6116894531250003,0.11496093750000001,9.311835937500001,0.1400560224089636,-1.050420168067227,-0.350140056022409,IMU0,47.735
3.6212695312500003,0.12454101562500001,9.302255859375,0.1400560224089636,-1.1204481792717087,-0.42016806722689076,IMU0,47.745
3.6404296875,0.10538085937500001,9.311835937500001,0.0700280112044818,-1.050420168067227,-0.42016806722689076,IMU0,47.755
3.6404296875,0.11496093750000001,9.302255859375,0.1400560224089636,-1.050420168067227,-0.42016806722689076,IMU0,47.765
3.6212695312500003,0.12454101562500001,9.311835937500001,0.1400560224089636,-1.050420168067227,-0.350140056022409,IMU0,47.775
3.6404296875,0.10538085937500001,9.311835937500001,0.0700280112044818,-0.9803921568627452,-0.350140056022409,IMU0,47.785
3.6404296875,0.12454101562500001,9.302255859375,0.350140056022409,-1.1204481792717087,-0.42016806722689076,IMU0,47.795
3.6308496093750002,0.12454101562500001,9.302255859375,0.21008403361344538,-1.050420168067227,-0.42016806722689076,IMU0,47.805
3.65958984375,0.10538085937500001,9.321416015625001,0.0700280112044818,-1.050420168067227,-0.42016806722689076,IMU0,47.815
3.6404296875,0.13412109375,9.321416015625001,0.1400560224089636,-1.050420168067227,-0.350140056022409,IMU0,47.825
3.6021093750000004,0.12454101562500001,9.311835937500001,0.0700280112044818,-1.050420168067227,-0.42016806722689076,IMU0,47.835
3.6212695312500003,0.10538085937500001,9.302255859375,0.0700280112044818,-1.050420168067227,-0.350140056022409,IMU0,47.845
3.6308496093750002,0.11496093750000001,9.321416015625001,0.0700280112044818,-1.050420168067227,-0.42016806722689076,IMU0,47.855
3.5925292968750004,0.12454101562500001,9.321416015625001,0.21008403361344538,-1.050420168067227,-0.42016806722689076,IMU0,47.865
3.650009765625,0.09580078125000001,9.340576171875,0.1400560224089636,-1.050420168067227,-0.350140056022409,IMU0,47.875
3.6308496093750002,0.11496093750000001,9.33099609375,0.0700280112044818,-1.050420168067227,-0.42016806722689076,IMU0,47.885
3.6404296875,0.09580078125000001,9.311835937500001,0.1400560224089636,-1.050420168067227,-0.42016806722689076,IMU0,47.895
3.6404296875,0.13412109375,9.311835937500001,0.0700280112044818,-1.050420168067227,-0.350140056022409,IMU0,47.905
3.6212695312500003,0.10538085937500001,9.321416015625001,0.0700280112044818,-0.9803921568627452,-0.42016806722689076,IMU0,47.915
3.6116894531250003,0.12454101562500001,9.302255859375,0.1400560224089636,-1.050420168067227,-0.350140056022409,IMU0,47.925
3.6308496093750002,0.13412109375,9.311835937500001,0.0700280112044818,-1.050420168067227,-0.42016806722689076,IMU0,47.935
3.6691699218750005,0.11496093750000001,9.321416015625001,0.0700280112044818,-1.050420168067227,-0.42016806722689076,IMU0,47.945
3.650009765625,0.12454101562500001,9.311835937500001,0.21008403361344538,-1.050420168067227,-0.350140056022409,IMU0,47.955
3.65958984375,0.12454101562500001,9.321416015625001,0.21008403361344538,-1.050420168067227,-0.42016806722689076,IMU0,47.965
3.6308496093750002,0.12454101562500001,9.302255859375,0.21008403361344538,-1.050420168067227,-0.42016806722689076,IMU0,47.975
3.6116894531250003,0.10538085937500001,9.321416015625001,0.1400560224089636,-1.050420168067227,-0.42016806722689076,IMU0,47.985
3.65958984375,0.10538085937500001,9.311835937500001,0.1400560224089636,-1.050420168067227,-0.42016806722689076,IMU0,47.995
3.6116894531250003,0.12454101562500001,9.321416015625001,0.1400560224089636,-1.050420168067227,-0.42016806722689076,IMU0,48.005
3.6404296875,0.13412109375,9.302255859375,0.1400560224089636,-1.050420168067227,-0.350140056022409,IMU0,48.015
3.6404296875,0.10538085937500001,9.340576171875,0.1400560224089636,-1.050420168067227,-0.350140056022409,IMU0,48.025
3.650009765625,0.13412109375,9.321416015625001,0.1400560224089636,-1.050420168067227,-0.350140056022409,IMU0,48.035
3.6404296875,0.12454101562500001,9.33099609375,0.0,-1.050420168067227,-0.350140056022409,IMU0,48.045
3.6212695312500003,0.10538085937500001,9.311835937500001,0.0,-1.1204481792717087,-0.42016806722689076,IMU0,48.055
3.6308496093750002,0.13412109375,9.311835937500001,0.0700280112044818,-1.050420168067227,-0.42016806722689076,IMU0,48.065
3.6021093750000004,0.10538085937500001,9.302255859375,0.21008403361344538,-1.050420168067227,-0.42016806722689076,IMU0,48.075
3.6308496093750002,0.13412109375,9.311835937500001,0.1400560224089636,-1.050420168067227,-0.350140056022409,IMU0,48.085
3.6308496093750002,0.12454101562500001,9.29267578125,0.0,-1.050420168067227,-0.350140056022409,IMU0,48.095
3.6212695312500003,0.11496093750000001,9.33099609375,-0.1400560224089636,-0.9803921568627452,-0.350140056022409,IMU0,48.105
3.6404296875,0.11496093750000001,9.321416015625001,0.1400560224089636,-1.050420168067227,-0.42016806722689076,IMU0,48.115
3.6308496093750002,0.10538085937500001,9.302255859375,0.1400560224089636,-1.050420168067227,-0.42016806722689076,IMU0,48.125
3.6212695312500003,0.11496093750000001,9.33099609375,0.1400560224089636,-1.050420168067227,-0.42016806722689076,IMU0,48.135
3.6404296875,0.12454101562500001,9.302255859375,0.21008403361344538,-1.050420168067227,-0.350140056022409,IMU0,48.145
3.650009765625,0.13412109375,9.321416015625001,0.21008403361344538,-1.050420168067227,-0.350140056022409,IMU0,48.155
3.6308496093750002,0.09580078125000001,9.302255859375,0.21008403361344538,-1.1204481792717087,-0.350140056022409,IMU0,48.165
3.65958984375,0.12454101562500001,9.302255859375,0.0700280112044818,-1.1204481792717087,-0.350140056022409,IMU0,48.175
3.6308496093750002,0.12454101562500001,9.302255859375,0.0,-1.050420168067227,-0.42016806722689076,IMU0,48.185
3.6212695312500003,0.10538085937500001,9.321416015625001,0.0700280112044818,-1.050420168067227,-0.350140056022409,IMU0,48.195
3.6404296875,0.13412109375,9.311835937500001,0.1400560224089636,-1.050420168067227,-0.42016806722689076,IMU0,48.205
3.6308496093750002,0.09580078125000001,9.302255859375,0.0700280112044818,-1.050420168067227,-0.42016806722689076,IMU0,48.215
3.6116894531250003,0.12454101562500001,9.33099609375,0.1400560224089636,-1.050420168067227,-0.42016806722689076,IMU0,48.225
3.6691699218750005,0.11496093750000001,9.33099609375,0.1400560224089636,-1.050420168067227,-0.350140056022409,IMU0,48.235
3.6404296875,0.09580078125000001,9.311835937500001,0.21008403361344538,-1.1204481792717087,-0.350140056022409,IMU0,48.245
3.6212695312500003,0.10538085937500001,9.311835937500001,0.21008403361344538,-1.050420168067227,-0.42016806722689076,IMU0,48.255
3.650009765625,0.09580078125000001,9.311835937500001,0.1400560224089636,-1.050420168067227,-0.42016806722689076,IMU0,48.265
3.650009765625,0.13412109375,9.29267578125,0.1400560224089636,-1.1204481792717087,-0.42016806722689076,IMU0,48.275
3.6212695312500003,0.09580078125000001,9.350156250000001,0.0700280112044818,-1.050420168067227,-0.42016806722689076,IMU0,48.285
3.65958984375,0.12454101562500001,9.340576171875,0.0700280112044818,-0.9803921568627452,-0.350140056022409,IMU0,48.295
3.650009765625,0.12454101562500001,9.321416015625001,0.0,-0.9803921568627452,-0.350140056022409,IMU0,48.305
3.6404296875,0.12454101562500001,9.321416015625001,0.21008403361344538,-1.050420168067227,-0.42016806722689076,IMU0,48.315
3.650009765625,0.086220703125,9.350156250000001,0.1400560224089636,-1.050420168067227,-0.42016806722689076,IMU0,48.325
3.6787500000000004,0.086220703125,9.311835937500001,0.1400560224089636,-1.050420168067227,-0.42016806722689076,IMU0,48.335
3.6404296875,0.09580078125000001,9.283095703125001,0.21008403361344538,-1.1204481792717087,-0.42016806722689076,IMU0,48.345
3.6691699218750005,0.09580078125000001,9.33099609375,0.0700280112044818,-1.050420168067227,-0.350140056022409,IMU0,48.355
3.6212695312500003,0.13412109375,9.302255859375,0.1400560224089636,-1.050420168067227,-0.350140056022409,IMU0,48.365
3.6308496093750002,0.10538085937500001,9.311835937500001,0.21008403361344538,-1.1204481792717087,-0.42016806722689076,IMU0,48.375
3.650009765625,0.10538085937500001,9.29267578125,0.21008403361344538,-1.1204481792717087,-0.42016806722689076,IMU0,48.385
3.650009765625,0.10538085937500001,9.311835937500001,0.0,-0.9803921568627452,-0.42016806722689076,IMU0,48.395
3.6404296875,0.09580078125000001,9.302255859375,0.0,-0.9803921568627452,-0.350140056022409,IMU0,48.405
3.65958984375,0.10538085937500001,9.29267578125,0.1400560224089636,-1.050420168067227,-0.42016806722689076,IMU0,48.415
3.6404296875,0.11496093750000001,9.321416015625001,0.1400560224089636,-1.050420168067227,-0.350140056022409,IMU0,48.425
3.6308496093750002,0.10538085937500001,9.33099609375,0.0700280112044818,-1.050420168067227,-0.42016806722689076,IMU0,48.435
3.6212695312500003,0.11496093750000001,9.321416015625001,0.0700280112044818,-1.050420168067227,-0.350140056022409,IMU0,48.445
3.6691699218750005,0.13412109375,9.321416015625001,0.1400560224089636,-1.050420168067227,-0.42016806722689076,IMU0,48.455
3.6404296875,0.12454101562500001,9.321416015625001,0.1400560224089636,-1.050420168067227,-0.350140056022409,IMU0,48.465
3.6404296875,0.11496093750000001,9.302255859375,0.0700280112044818,-1.050420168067227,-0.42016806722689076,IMU0,48.475
3.6691699218750005,0.12454101562500001,9.302255859375,0.0,-1.050420168067227,-0.350140056022409,IMU0,48.485
3.6212695312500003,0.11496093750000001,9.340576171875,-0.0700280112044818,-1.050420168067227,-0.350140056022409,IMU0,48.495
3.650009765625,0.10538085937500001,9.321416015625001,0.21008403361344538,-1.050420168067227,-0.42016806722689076,IMU0,48.505
3.6212695312500003,0.10538085937500001,9.311835937500001,0.1400560224089636,-1.050420168067227,-0.350140056022409,IMU0,48.515
3.6212695312500003,0.13412109375,9.33099609375,0.1400560224089636,-1.050420168067227,-0.42016806722689076,IMU0,48.525
3.6212695312500003,0.09580078125000001,9.321416015625001,0.21008403361344538,-0.9803921568627452,-0.350140056022409,IMU0,48.535
3.6404296875,0.11496093750000001,9.302255859375,0.1400560224089636,-1.050420168067227,-0.42016806722689076,IMU0,48.545
3.6212695312500003,0.11496093750000001,9.29267578125,0.0700280112044818,-1.050420168067227,-0.350140056022409,IMU0,48.555
3.6021093750000004,0.09580078125000001,9.283095703125001,0.1400560224089636,-1.050420168067227,-0.42016806722689076,IMU0,48.565
3.6308496093750002,0.13412109375,9.340576171875,0.21008403361344538,-1.050420168067227,-0.42016806722689076,IMU0,48.575
3.6308496093750002,0.12454101562500001,9.302255859375,0.42016806722689076,-1.1204481792717087,-0.42016806722689076,IMU0,48.585
3.6308496093750002,0.11496093750000001,9.311835937500001,0.2801120448179272,-1.050420168067227,-0.42016806722689076,IMU0,48.595
3.6404296875,0.12454101562500001,9.302255859375,0.1400560224089636,-1.050420168067227,-0.350140056022409,IMU0,48.605
3.6404296875,0.12454101562500001,9.311835937500001,0.1400560224089636,-1.050420168067227,-0.350140056022409,IMU0,48.615
3.6212695312500003,0.143701171875,9.273515625,0.0700280112044818,-1.050420168067227,-0.42016806722689076,IMU0,48.625
3.6404296875,0.13412109375,9.321416015625001,0.1400560224089636,-1.050420168067227,-0.350140056022409,IMU0,48.635
3.6212695312500003,0.12454101562500001,9.302255859375,0.0700280112044818,-1.050420168067227,-0.350140056022409,IMU0,48.645
3.650009765625,0.09580078125000001,9.302255859375,0.1400560224089636,-0.9803921568627452,-0.350140056022409,IMU0,48.655
3.650009765625,0.10538085937500001,9.33099609375,0.21008403361344538,-1.050420168067227,-0.350140056022409,IMU0,48.665
3.6404296875,0.12454101562500001,9.321416015625001,0.1400560224089636,-1.1204481792717087,-0.350140056022409,IMU0,48.675
3.650009765625,0.086220703125,9.29267578125,0.0,-0.9803921568627452,-0.42016806722689076,IMU0,48.685
3.6404296875,0.11496093750000001,9.302255859375,0.21008403361344538,-1.050420168067227,-0.42016806722689076,IMU0,48.695
3.6404296875,0.12454101562500001,9.302255859375,0.0700280112044818,-1.050420168067227,-0.42016806722689076,IMU0,48.705
3.6404296875,0.10538085937500001,9.302255859375,0.1400560224089636,-1.050420168067227,-0.350140056022409,IMU0,48.715
3.6212695312500003,0.10538085937500001,9.29267578125,0.1400560224089636,-1.050420168067227,-0.350140056022409,IMU0,48.725
3.65958984375,0.10538085937500001,9.283095703125001,0.1400560224089636,-1.050420168067227,-0.350140056022409,IMU0,48.735
3.6308496093750002,0.09580078125000001,9.302255859375,0.1400560224089636,-0.9803921568627452,-0.42016806722689076,IMU0,48.745
3.6404296875,0.11496093750000001,9.33099609375,0.21008403361344538,-1.050420168067227,-0.42016806722689076,IMU0,48.755
3.6116894531250003,0.12454101562500001,9.33099609375,0.21008403361344538,-1.050420168067227,-0.350140056022409,IMU0,48.765
3.6308496093750002,0.10538085937500001,9.311835937500001,0.1400560224089636,-1.050420168067227,-0.42016806722689076,IMU0,48.775
3.6404296875,0.12454101562500001,9.302255859375,0.0,-1.050420168067227,-0.42016806722689076,IMU0,48.785
3.65958984375,0.12454101562500001,9.29267578125,0.21008403361344538,-1.050420168067227,-0.42016806722689076,IMU0,48.795
3.6021093750000004,0.13412109375,9.311835937500001,0.42016806722689076,-1.1204481792717087,-0.350140056022409,IMU0,48.805
3.6404296875,0.09580078125000001,9.340576171875,0.1400560224089636,-1.050420168067227,-0.42016806722689076,IMU0,48.815
3.650009765625,0.076640625,9.29267578125,0.1400560224089636,-1.050420168067227,-0.42016806722689076,IMU0,48.825
3.650009765625,0.09580078125000001,9.311835937500001,0.1400560224089636,-1.050420168067227,-0.350140056022409,IMU0,48.835
3.6212695312500003,0.09580078125000001,9.33099609375,0.2801120448179272,-1.050420168067227,-0.42016806722689076,IMU0,48.845
3.6116894531250003,0.09580078125000001,9.302255859375,0.21008403361344538,-1.050420168067227,-0.42016806722689076,IMU0,48.855
3.6404296875,0.11496093750000001,9.311835937500001,0.2801120448179272,-1.050420168067227,-0.42016806722689076,IMU0,48.865
3.6404296875,0.13412109375,9.321416015625001,0.1400560224089636,-1.050420168067227,-0.42016806722689076,IMU0,48.875
3.6212695312500003,0.12454101562500001,9.311835937500001,0.21008403361344538,-1.050420168067227,-0.42016806722689076,IMU0,48.885
3.6308496093750002,0.11496093750000001,9.302255859375,0.21008403361344538,-1.050420168067227,-0.350140056022409,IMU0,48.895
3.6404296875,0.12454101562500001,9.29267578125,0.1400560224089636,-0.9803921568627452,-0.350140056022409,IMU0,48.905
3.6308496093750002,0.13412109375,9.302255859375,0.1400560224089636,-1.050420168067227,-0.350140056022409,IMU0,48.915
3.65958984375,0.12454101562500001,9.321416015625001,0.1400560224089636,-1.050420168067227,-0.42016806722689076,IMU0,48.925
3.6404296875,0.11496093750000001,9.321416015625001,0.1400560224089636,-1.1204481792717087,-0.350140056022409,IMU0,48.935
3.6404296875,0.10538085937500001,9.283095703125001,0.0700280112044818,-1.050420168067227,-0.350140056022409,IMU0,48.945
3.6116894531250003,0.143701171875,9.311835937500001,0.1400560224089636,-1.1204481792717087,-0.350140056022409,IMU0,48.955
3.6212695312500003,0.09580078125000001,9.302255859375,0.0,-0.9803921568627452,-0.350140056022409,IMU0,48.965
3.6308496093750002,0.11496093750000001,9.302255859375,-0.1400560224089636,-0.9803921568627452,-0.350140056022409,IMU0,48.975
3.6021093750000004,0.11496093750000001,9.29267578125,0.1400560224089636,-1.050420168067227,-0.42016806722689076,IMU0,48.985
3.6404296875,0.09580078125000001,9.321416015625001,0.1400560224089636,-1.050420168067227,-0.42016806722689076,IMU0,48.995
3.6308496093750002,0.11496093750000001,9.321416015625001,0.350140056022409,-1.1204481792717087,-0.42016806722689076,IMU0,49.005
3.6404296875,0.12454101562500001,9.321416015625001,0.21008403361344538,-1.050420168067227,-0.42016806722689076,IMU0,49.015
3.6787500000000004,0.10538085937500001,9.311835937500001,0.0700280112044818,-1.050420168067227,-0.350140056022409,IMU0,49.025
3.6116894531250003,0.10538085937500001,9.311835937500001,0.1400560224089636,-1.050420168067227,-0.42016806722689076,IMU0,49.035
3.6212695312500003,0.12454101562500001,9.29267578125,0.1400560224089636,-1.050420168067227,-0.350140056022409,IMU0,49.045
3.650009765625,0.143701171875,9.311835937500001,0.0700280112044818,-1.050420168067227,-0.350140056022409,IMU0,49.055
3.6404296875,0.12454101562500001,9.321416015625001,0.0,-1.050420168067227,-0.42016806722689076,IMU0,49.065
3.6308496093750002,0.11496093750000001,9.340576171875,0.0700280112044818,-0.9803921568627452,-0.350140056022409,IMU0,49.075
3.6404296875,0.086220703125,9.302255859375,0.1400560224089636,-1.050420168067227,-0.350140056022409,IMU0,49.085
3.6212695312500003,0.11496093750000001,9.302255859375,0.2801120448179272,-1.050420168067227,-0.350140056022409,IMU0,49.095
3.6404296875,0.12454101562500001,9.350156250000001,0.1400560224089636,-1.050420168067227,-0.350140056022409,IMU0,49.105
3.6308496093750002,0.09580078125000001,9.311835937500001,0.0700280112044818,-1.050420168067227,-0.42016806722689076,IMU0,49.115
3.650009765625,0.11496093750000001,9.321416015625001,0.1400560224089636,-1.050420168067227,-0.350140056022409,IMU0,49.125
3.6308496093750002,0.09580078125000001,9.340576171875,0.1400560224089636,-1.050420168067227,-0.42016806722689076,IMU0,49.135
3.6308496093750002,0.11496093750000001,9.311835937500001,0.21008403361344538,-1.050420168067227,-0.350140056022409,IMU0,49.145
3.650009765625,0.13412109375,9.311835937500001,0.1400560224089636,-1.050420168067227,-0.350140056022409,IMU0,49.155
3.6404296875,0.09580078125000001,9.321416015625001,0.0,-0.9803921568627452,-0.350140056022409,IMU0,49.165
3.6787500000000004,0.086220703125,9.302255859375,0.21008403361344538,-1.050420168067227,-0.42016806722689076,IMU0,49.175
3.6308496093750002,0.09580078125000001,9.340576171875,0.1400560224089636,-1.050420168067227,-0.42016806722689076,IMU0,49.185
3.65958984375,0.10538085937500001,9.29267578125,0.0700280112044818,-1.050420168067227,-0.350140056022409,IMU0,49.195
3.65958984375,0.12454101562500001,9.340576171875,-0.0700280112044818,-1.050420168067227,-0.350140056022409,IMU0,49.205
3.6404296875,0.143701171875,9.321416015625001,0.0,-1.050420168067227,-0.350140056022409,IMU0,49.215
3.6404296875,0.086220703125,9.340576171875,0.0700280112044818,-1.050420168067227,-0.350140056022409,IMU0,49.225
3.650009765625,0.086220703125,9.311835937500001,0.1400560224089636,-1.050420168067227,-0.350140056022409,IMU0,49.235
3.6404296875,0.11496093750000001,9.302255859375,0.1400560224089636,-1.050420168067227,-0.350140056022409,IMU0,49.245
3.6691699218750005,0.11496093750000001,9.302255859375,-0.0700280112044818,-0.9803921568627452,-0.350140056022409,IMU0,49.255
3.6308496093750002,0.12454101562500001,9.302255859375,0.0700280112044818,-1.050420168067227,-0.350140056022409,IMU0,49.265
3.6308496093750002,0.076640625,9.340576171875,0.21008403361344538,-1.050420168067227,-0.42016806722689076,IMU0,49.275
3.6116894531250003,0.10538085937500001,9.350156250000001,0.2801120448179272,-1.050420168067227,-0.42016806722689076,IMU0,49.285
3.6404296875,0.09580078125000001,9.311835937500001,0.21008403361344538,-1.050420168067227,-0.350140056022409,IMU0,49.295
3.65958984375,0.067060546875,9.321416015625001,0.1400560224089636,-1.050420168067227,-0.350140056022409,IMU0,49.305
3.6212695312500003,0.10538085937500001,9.340576171875,0.1400560224089636,-1.050420168067227,-0.42016806722689076,IMU0,49.315
3.5925292968750004,0.11496093750000001,9.321416015625001,0.1400560224089636,-1.050420168067227,-0.350140056022409,IMU0,49.325
3.6308496093750002,0.09580078125000001,9.340576171875,0.1400560224089636,-1.050420168067227,-0.350140056022409,IMU0,49.335
3.6308496093750002,0.09580078125000001,9.321416015625001,0.21008403361344538,-1.050420168067227,-0.42016806722689076,IMU0,49.345
3.6021093750000004,0.11496093750000001,9.321416015625001,0.21008403361344538,-1.050420168067227,-0.350140056022409,IMU0,49.355
3.650009765625,0.09580078125000001,9.302255859375,0.1400560224089636,-0.9803921568627452,-0.42016806722689076,IMU0,49.365
3.650009765625,0.11496093750000001,9.311835937500001,0.0700280112044818,-1.050420168067227,-0.350140056022409,IMU0,49.375
3.6116894531250003,0.143701171875,9.33099609375,0.0700280112044818,-1.050420168067227,-0.42016806722689076,IMU0,49.385
3.6308496093750002,0.11496093750000001,9.302255859375,0.0,-1.050420168067227,-0.42016806722689076,IMU0,49.395
3.6116894531250003,0.11496093750000001,9.321416015625001,-0.1400560224089636,-0.9803921568627452,-0.42016806722689076,IMU0,49.405
3.6308496093750002,0.11496093750000001,9.302255859375,0.0,-1.050420168067227,-0.350140056022409,IMU0,49.415
3.650009765625,0.10538085937500001,9.29267578125,0.0700280112044818,-1.050420168067227,-0.42016806722689076,IMU0,49.425
3.6212695312500003,0.12454101562500001,9.33099609375,0.1400560224089636,-1.050420168067227,-0.42016806722689076,IMU0,49.435
3.6404296875,0.09580078125000001,9.321416015625001,0.1400560224089636,-1.050420168067227,-0.350140056022409,IMU0,49.445
3.650009765625,0.12454101562500001,9.321416015625001,0.2801120448179272,-1.050420168067227,-0.350140056022409,IMU0,49.455
3.6308496093750002,0.11496093750000001,9.302255859375,0.1400560224089636,-1.050420168067227,-0.42016806722689076,IMU0,49.465
3.6308496093750002,0.12454101562500001,9.311835937500001,0.0,-1.050420168067227,-0.350140056022409,IMU0,49.475
3.5925292968750004,0.13412109375,9.33099609375,0.0700280112044818,-1.050420168067227,-0.42016806722689076,IMU0,49.485
3.6308496093750002,0.11496093750000001,9.311835937500001,0.0700280112044818,-1.050420168067227,-0.42016806722689076,IMU0,49.495
3.6212695312500003,0.10538085937500001,9.311835937500001,0.1400560224089636,-1.050420168067227,-0.350140056022409,IMU0,49.505
3.6308496093750002,0.12454101562500001,9.321416015625001,0.0700280112044818,-1.050420168067227,-0.350140056022409,IMU0,49.515
3.6116894531250003,0.10538085937500001,9.29267578125,0.1400560224089636,-0.9803921568627452,-0.350140056022409,IMU0,49.525
3.6212695312500003,0.076640625,9.311835937500001,0.1400560224089636,-1.050420168067227,-0.42016806722689076,IMU0,49.535
3.6404296875,0.10538085937500001,9.33099609375,0.0700280112044818,-1.050420168067227,-0.350140056022409,IMU0,49.545
3.6308496093750002,0.12454101562500001,9.33099609375,0.0700280112044818,-1.050420168067227,-0.42016806722689076,IMU0,49.555
3.6404296875,0.13412109375,9.311835937500001,0.2801120448179272,-1.1204481792717087,-0.350140056022409,IMU0,49.565
3.6116894531250003,0.10538085937500001,9.33099609375,0.1400560224089636,-1.1204481792717087,-0.42016806722689076,IMU0,49.575
3.65958984375,0.13412109375,9.321416015625001,0.0,-1.050420168067227,-0.42016806722689076,IMU0,49.585
3.6308496093750002,0.11496093750000001,9.33099609375,-0.0700280112044818,-0.9803921568627452,-0.42016806722689076,IMU0,49.595
3.65958984375,0.13412109375,9.29267578125,0.0700280112044818,-0.9803921568627452,-0.350140056022409,IMU0,49.605
3.6404296875,0.11496093750000001,9.311835937500001,0.1400560224089636,-1.050420168067227,-0.350140056022409,IMU0,49.615
3.6308496093750002,0.10538085937500001,9.311835937500001,0.1400560224089636,-1.050420168067227,-0.350140056022409,IMU0,49.625
3.650009765625,0.11496093750000001,9.33099609375,0.21008403361344538,-1.050420168067227,-0.42016806722689076,IMU0,49.635
3.6404296875,0.12454101562500001,9.321416015625001,0.21008403361344538,-1.050420168067227,-0.350140056022409,IMU0,49.645
3.6404296875,0.086220703125,9.321416015625001,-0.1400560224089636,-0.9803921568627452,-0.42016806722689076,IMU0,49.655
3.6691699218750005,0.10538085937500001,9.311835937500001,0.0700280112044818,-1.050420168067227,-0.42016806722689076,IMU0,49.665
3.6404296875,0.09580078125000001,9.311835937500001,0.0,-1.050420168067227,-0.42016806722689076,IMU0,49.675
3.650009765625,0.10538085937500001,9.29267578125,-0.0700280112044818,-0.9803921568627452,-0.350140056022409,IMU0,49.685
3.6212695312500003,0.11496093750000001,9.321416015625001,0.0700280112044818,-0.9803921568627452,-0.350140056022409,IMU0,49.695
3.65958984375,0.086220703125,9.321416015625001,-0.0700280112044818,-1.050420168067227,-0.350140056022409,IMU0,49.705
3.6404296875,0.13412109375,9.302255859375,0.1400560224089636,-1.050420168067227,-0.350140056022409,IMU0,49.715
3.65958984375,0.10538085937500001,9.321416015625001,0.1400560224089636,-1.050420168067227,-0.350140056022409,IMU0,49.725
3.6308496093750002,0.12454101562500001,9.33099609375,0.0700280112044818,-1.050420168067227,-0.350140056022409,IMU0,49.735
3.6212695312500003,0.10538085937500001,9.321416015625001,0.0700280112044818,-1.050420168067227,-0.350140056022409,IMU0,49.745
3.6021093750000004,0.10538085937500001,9.302255859375,0.1400560224089636,-1.050420168067227,-0.350140056022409,IMU0,49.755
3.6404296875,0.09580078125000001,9.33099609375,0.1400560224089636,-1.050420168067227,-0.42016806722689076,IMU0,49.765
3.6116894531250003,0.10538085937500001,9.321416015625001,0.0,-1.050420168067227,-0.42016806722689076,IMU0,49.775
3.65958984375,0.12454101562500001,9.311835937500001,0.1400560224089636,-1.050420168067227,-0.350140056022409,IMU0,49.785
3.6404296875,0.10538085937500001,9.29267578125,0.0700280112044818,-1.050420168067227,-0.42016806722689076,IMU0,49.795
3.6404296875,0.11496093750000001,9.311835937500001,0.0700280112044818,-1.050420168067227,-0.350140056022409,IMU0,49.805
3.6404296875,0.11496093750000001,9.350156250000001,0.0700280112044818,-1.050420168067227,-0.42016806722689076,IMU0,49.815
3.650009765625,0.12454101562500001,9.302255859375,0.1400560224089636,-1.050420168067227,-0.42016806722689076,IMU0,49.825
3.6404296875,0.10538085937500001,9.311835937500001,0.1400560224089636,-1.050420168067227,-0.350140056022409,IMU0,49.835
3.65958984375,0.13412109375,9.311835937500001,0.1400560224089636,-1.050420168067227,-0.42016806722689076,IMU0,49.845
3.6691699218750005,0.12454101562500001,9.302255859375,0.1400560224089636,-1.050420168067227,-0.350140056022409,IMU0,49.855
3.6212695312500003,0.11496093750000001,9.311835937500001,0.0700280112044818,-1.050420168067227,-0.350140056022409,IMU0,49.865
3.6308496093750002,0.10538085937500001,9.283095703125001,0.1400560224089636,-1.050420168067227,-0.42016806722689076,IMU0,49.875
3.6404296875,0.11496093750000001,9.302255859375,0.21008403361344538,-1.050420168067227,-0.42016806722689076,IMU0,49.885
3.650009765625,0.09580078125000001,9.321416015625001,0.0,-0.9803921568627452,-0.350140056022409,IMU0,49.895
3.6404296875,0.12454101562500001,9.340576171875,-0.2801120448179272,-0.9103641456582633,-0.350140056022409,IMU0,49.905
3.650009765625,0.13412109375,9.321416015625001,0.1400560224089636,-1.050420168067227,-0.350140056022409,IMU0,49.915
3.6691699218750005,0.09580078125000001,9.311835937500001,0.1400560224089636,-1.050420168067227,-0.350140056022409,IMU0,49.925
3.6308496093750002,0.12454101562500001,9.29267578125,0.1400560224089636,-1.050420168067227,-0.350140056022409,IMU0,49.935
3.6883300781250004,0.10538085937500001,9.321416015625001,0.1400560224089636,-0.9803921568627452,-0.350140056022409,IMU0,49.945
3.6212695312500003,0.10538085937500001,9.302255859375,0.21008403361344538,-1.050420168067227,-0.42016806722689076,IMU0,49.955
3.6308496093750002,0.11496093750000001,9.29267578125,0.1400560224089636,-1.050420168067227,-0.42016806722689076,IMU0,49.965
3.6212695312500003,0.10538085937500001,9.311835937500001,0.1400560224089636,-1.050420168067227,-0.42016806722689076,IMU0,49.975
3.6404296875,0.067060546875,9.29267578125,0.0,-1.050420168067227,-0.350140056022409,IMU0,49.985
3.650009765625,0.12454101562500001,9.302255859375,0.0700280112044818,-1.050420168067227,-0.42016806722689076,IMU0,49.995
3.6404296875,0.11496093750000001,9.311835937500001,0.0700280112044818,-1.050420168067227,-0.350140056022409,IMU0,50.005
3.65958984375,0.11496093750000001,9.302255859375,0.1400560224089636,-1.050420168067227,-0.350140056022409,IMU0,50.015
3.6308496093750002,0.13412109375,9.302255859375,0.1400560224089636,-1.050420168067227,-0.42016806722689076,IMU0,50.025
3.650009765625,0.13412109375,9.33099609375,0.0700280112044818,-1.050420168067227,-0.350140056022409,IMU0,50.035
3.65958984375,0.11496093750000001,9.33099609375,0.21008403361344538,-1.050420168067227,-0.42016806722689076,IMU0,50.045
3.650009765625,0.143701171875,9.33099609375,0.21008403361344538,-1.050420168067227,-0.42016806722689076,IMU0,50.055
3.6308496093750002,0.11496093750000001,9.340576171875,0.21008403361344538,-1.050420168067227,-0.350140056022409,IMU0,50.065
3.6212695312500003,0.10538085937500001,9.321416015625001,0.0700280112044818,-1.050420168067227,-0.42016806722689076,IMU0,50.075
3.6404296875,0.09580078125000001,9.302255859375,0.2801120448179272,-1.1204481792717087,-0.42016806722689076,IMU0,50.085
3.650009765625,0.11496093750000001,9.283095703125001,0.0700280112044818,-1.050420168067227,-0.42016806722689076,IMU0,50.095
3.650009765625,0.11496093750000001,9.302255859375,0.0,-1.050420168067227,-0.350140056022409,IMU0,50.105
3.6308496093750002,0.11496093750000001,9.311835937500001,0.2801120448179272,-1.050420168067227,-0.42016806722689076,IMU0,50.115
3.6404296875,0.12454101562500001,9.302255859375,0.1400560224089636,-1.050420168067227,-0.350140056022409,IMU0,50.125
3.6212695312500003,0.11496093750000001,9.311835937500001,0.0700280112044818,-1.050420168067227,-0.42016806722689076,IMU0,50.135
3.6308496093750002,0.09580078125000001,9.302255859375,0.1400560224089636,-1.050420168067227,-0.42016806722689076,IMU0,50.145
3.6404296875,0.12454101562500001,9.311835937500001,0.1400560224089636,-1.050420168067227,-0.350140056022409,IMU0,50.155
3.650009765625,0.12454101562500001,9.29267578125,0.1400560224089636,-1.050420168067227,-0.42016806722689076,IMU0,50.165
3.6308496093750002,0.10538085937500001,9.302255859375,0.0,-1.050420168067227,-0.42016806722689076,IMU0,50.175
3.6212695312500003,0.12454101562500001,9.29267578125,0.0700280112044818,-0.9803921568627452,-0.350140056022409,IMU0,50.185
3.6116894531250003,0.10538085937500001,9.321416015625001,0.21008403361344538,-1.050420168067227,-0.42016806722689076,IMU0,50.195
3.6404296875,0.09580078125000001,9.350156250000001,0.42016806722689076,-1.1204481792717087,-0.350140056022409,IMU0,50.205
3.6404296875,0.11496093750000001,9.311835937500001,0.2801120448179272,-1.050420168067227,-0.350140056022409,IMU0,50.215
3.6308496093750002,0.10538085937500001,9.321416015625001,0.1400560224089636,-1.050420168067227,-0.350140056022409,IMU0,50.225
3.65958984375,0.15328125,9.29267578125,0.0700280112044818,-1.050420168067227,-0.350140056022409,IMU0,50.235
3.6883300781250004,0.12454101562500001,9.302255859375,0.1400560224089636,-1.050420168067227,-0.42016806722689076,IMU0,50.245
3.6404296875,0.12454101562500001,9.350156250000001,0.21008403361344538,-1.050420168067227,-0.42016806722689076,IMU0,50.255
3.6308496093750002,0.10538085937500001,9.311835937500001,0.1400560224089636,-1.050420168067227,-0.42016806722689076,IMU0,50.265
3.6021093750000004,0.12454101562500001,9.311835937500001,0.0,-1.050420168067227,-0.42016806722689076,IMU0,50.275
3.6212695312500003,0.11496093750000001,9.321416015625001,-0.0700280112044818,-1.050420168067227,-0.42016806722689076,IMU0,50.285
3.6308496093750002,0.076640625,9.311835937500001,0.1400560224089636,-1.050420168067227,-0.350140056022409,IMU0,50.295
3.6212695312500003,0.09580078125000001,9.340576171875,0.21008403361344538,-1.050420168067227,-0.350140056022409,IMU0,50.305
3.6308496093750002,0.11496093750000001,9.321416015625001,0.21008403361344538,-0.9803921568627452,-0.350140056022409,IMU0,50.315
3.6212695312500003,0.10538085937500001,9.302255859375,0.1400560224089636,-1.050420168067227,-0.42016806722689076,IMU0,50.325
3.6212695312500003,0.12454101562500001,9.302255859375,0.0700280112044818,-1.050420168067227,-0.350140056022409,IMU0,50.335
3.650009765625,0.086220703125,9.311835937500001,0.0700280112044818,-1.050420168067227,-0.42016806722689076,IMU0,50.345
3.6308496093750002,0.11496093750000001,9.29267578125,0.0700280112044818,-1.050420168067227,-0.42016806722689076,IMU0,50.355
3.6404296875,0.076640625,9.311835937500001,0.350140056022409,-1.050420168067227,-0.350140056022409,IMU0,50.365
3.6021093750000004,0.09580078125000001,9.321416015625001,0.0700280112044818,-1.050420168067227,-0.42016806722689076,IMU0,50.375
3.6308496093750002,0.12454101562500001,9.33099609375,0.0700280112044818,-1.050420168067227,-0.350140056022409,IMU0,50.385
3.6212695312500003,0.11496093750000001,9.311835937500001,0.0700280112044818,-0.9803921568627452,-0.350140056022409,IMU0,50.395
3.6404296875,0.12454101562500001,9.340576171875,0.21008403361344538,-1.050420168067227,-0.42016806722689076,IMU0,50.405
3.650009765625,0.13412109375,9.340576171875,0.0700280112044818,-1.050420168067227,-0.350140056022409,IMU0,50.415
3.6308496093750002,0.10538085937500001,9.321416015625001,0.1400560224089636,-1.050420168067227,-0.350140056022409,IMU0,50.425
3.6308496093750002,0.11496093750000001,9.29267578125,0.0700280112044818,-1.050420168067227,-0.350140056022409,IMU0,50.435
3.6404296875,0.13412109375,9.340576171875,0.21008403361344538,-1.050420168067227,-0.350140056022409,IMU0,50.445
3.6308496093750002,0.11496093750000001,9.311835937500001,0.21008403361344538,-1.050420168067227,-0.350140056022409,IMU0,50.455
3.6404296875,0.12454101562500001,9.302255859375,0.1400560224089636,-0.9803921568627452,-0.350140056022409,IMU0,50.465
3.6691699218750005,0.13412109375,9.302255859375,0.1400560224089636,-1.050420168067227,-0.350140056022409,IMU0,50.475
3.6116894531250003,0.11496093750000001,9.311835937500001,0.1400560224089636,-1.050420168067227,-0.350140056022409,IMU0,50.485
3.6116894531250003,0.09580078125000001,9.311835937500001,0.0700280112044818,-0.9803921568627452,-0.350140056022409,IMU0,50.495
3.6404296875,0.12454101562500001,9.311835937500001,0.1400560224089636,-1.050420168067227,-0.42016806722689076,IMU0,50.505
3.6404296875,0.12454101562500001,9.302255859375,0.21008403361344538,-1.1204481792717087,-0.42016806722689076,IMU0,50.515
3.6308496093750002,0.12454101562500001,9.321416015625001,0.1400560224089636,-1.050420168067227,-0.350140056022409,IMU0,50.525
3.6212695312500003,0.11496093750000001,9.321416015625001,0.1400560224089636,-0.9803921568627452,-0.350140056022409,IMU0,50.535
3.6308496093750002,0.09580078125000001,9.283095703125001,0.1400560224089636,-1.050420168067227,-0.350140056022409,IMU0,50.545
3.6021093750000004,0.13412109375,9.311835937500001,0.0700280112044818,-1.050420168067227,-0.350140056022409,IMU0,50.555
3.6404296875,0.10538085937500001,9.283095703125001,0.1400560224089636,-1.050420168067227,-0.350140056022409,IMU0,50.565
3.6212695312500003,0.11496093750000001,9.311835937500001,0.21008403361344538,-1.050420168067227,-0.42016806722689076,IMU0,50.575
3.6404296875,0.12454101562500001,9.321416015625001,0.21008403361344538,-1.050420168067227,-0.350140056022409,IMU0,50.585
3.6691699218750005,0.10538085937500001,9.321416015625001,0.350140056022409,-1.1204481792717087,-0.42016806722689076,IMU0,50.595
3.6404296875,0.12454101562500001,9.29267578125,0.1400560224089636,-1.050420168067227,-0.350140056022409,IMU0,50.605
3.6404296875,0.13412109375,9.321416015625001,0.0700280112044818,-1.050420168067227,-0.350140056022409,IMU0,50.615
3.65958984375,0.09580078125000001,9.29267578125,0.0700280112044818,-1.050420168067227,-0.42016806722689076,IMU0,50.625
3.650009765625,0.09580078125000001,9.321416015625001,0.0700280112044818,-1.050420168067227,-0.42016806722689076,IMU0,50.635
3.6308496093750002,0.12454101562500001,9.302255859375,0.1400560224089636,-1.050420168067227,-0.42016806722689076,IMU0,50.645
3.6691699218750005,0.11496093750000001,9.302255859375,0.1400560224089636,-1.050420168067227,-0.42016806722689076,IMU0,50.655
3.650009765625,0.11496093750000001,9.33099609375,0.21008403361344538,-1.050420168067227,-0.350140056022409,IMU0,50.665
3.6116894531250003,0.11496093750000001,9.33099609375,0.1400560224089636,-1.050420168067227,-0.350140056022409,IMU0,50.675
3.65958984375,0.076640625,9.350156250000001,0.0,-1.050420168067227,-0.350140056022409,IMU0,50.685
3.650009765625,0.13412109375,9.33099609375,0.1400560224089636,-0.9803921568627452,-0.350140056022409,IMU0,50.695
3.6116894531250003,0.12454101562500001,9.311835937500001,0.2801120448179272,-1.050420168067227,-0.350140056022409,IMU0,50.705
3.65958984375,0.10538085937500001,9.33099609375,0.1400560224089636,-1.050420168067227,-0.42016806722689076,IMU0,50.715
3.65958984375,0.10538085937500001,9.340576171875,0.1400560224089636,-1.050420168067227,-0.350140056022409,IMU0,50.725
3.650009765625,0.11496093750000001,9.33099609375,0.0700280112044818,-1.050420168067227,-0.42016806722689076,IMU0,50.735
3.650009765625,0.10538085937500001,9.311835937500001,0.0,-1.050420168067227,-0.350140056022409,IMU0,50.745
3.6212695312500003,0.13412109375,9.321416015625001,0.0700280112044818,-1.1204481792717087,-0.42016806722689076,IMU0,50.755
3.6116894531250003,0.086220703125,9.340576171875,0.1400560224089636,-1.050420168067227,-0.42016806722689076,IMU0,50.765
3.65958984375,0.12454101562500001,9.311835937500001,0.1400560224089636,-1.050420168067227,-0.42016806722689076,IMU0,50.775
3.6308496093750002,0.15328125,9.350156250000001,0.0,-0.9803921568627452,-0.350140056022409,IMU0,50.785
3.6212695312500003,0.143701171875,9.321416015625001,0.1400560224089636,-1.050420168067227,-0.42016806722689076,IMU0,50.795
3.6212695312500003,0.11496093750000001,9.33099609375,0.21008403361344538,-1.050420168067227,-0.42016806722689076,IMU0,50.805
3.6308496093750002,0.09580078125000001,9.311835937500001,0.2801120448179272,-1.1204481792717087,-0.42016806722689076,IMU0,50.815
3.6212695312500003,0.11496093750000001,9.302255859375,0.1400560224089636,-1.050420168067227,-0.42016806722689076,IMU0,50.825
3.65958984375,0.11496093750000001,9.33099609375,0.1400560224089636,-1.050420168067227,-0.42016806722689076,IMU0,50.835
3.6404296875,0.09580078125000001,9.302255859375,0.1400560224089636,-1.050420168067227,-0.42016806722689076,IMU0,50.845
3.6212695312500003,0.12454101562500001,9.321416015625001,0.0700280112044818,-1.050420168067227,-0.42016806722689076,IMU0,50.855
3.6308496093750002,0.11496093750000001,9.311835937500001,0.1400560224089636,-1.1204481792717087,-0.350140056022409,IMU0,50.865
3.6404296875,0.11496093750000001,9.29267578125,0.1400560224089636,-1.1204481792717087,-0.350140056022409,IMU0,50.875
3.6691699218750005,0.10538085937500001,9.33099609375,0.0,-1.050420168067227,-0.42016806722689076,IMU0,50.885
3.6308496093750002,0.10538085937500001,9.33099609375,0.2801120448179272,-1.1204481792717087,-0.350140056022409,IMU0,50.895
3.6404296875,0.12454101562500001,9.311835937500001,0.1400560224089636,-1.050420168067227,-0.350140056022409,IMU0,50.905
3.6212695312500003,0.09580078125000001,9.311835937500001,0.0700280112044818,-1.050420168067227,-0.42016806722689076,IMU0,50.915
3.650009765625,0.09580078125000001,9.321416015625001,0.0700280112044818,-1.050420168067227,-0.42016806722689076,IMU0,50.925
3.6116894531250003,0.086220703125,9.29267578125,0.0700280112044818,-1.050420168067227,-0.42016806722689076,IMU0,50.935
3.6212695312500003,0.11496093750000001,9.33099609375,0.1400560224089636,-1.050420168067227,-0.42016806722689076,IMU0,50.945
3.65958984375,0.13412109375,9.302255859375,0.1400560224089636,-0.9803921568627452,-0.350140056022409,IMU0,50.955
3.6212695312500003,0.10538085937500001,9.33099609375,0.0,-1.050420168067227,-0.42016806722689076,IMU0,50.965
3.6308496093750002,0.11496093750000001,9.302255859375,0.0,-0.9803921568627452,-0.42016806722689076,IMU0,50.975
3.650009765625,0.12454101562500001,9.311835937500001,0.21008403361344538,-1.050420168067227,-0.42016806722689076,IMU0,50.985
3.6308496093750002,0.12454101562500001,9.321416015625001,0.0700280112044818,-1.050420168067227,-0.42016806722689076,IMU0,50.995
3.6021093750000004,0.09580078125000001,9.340576171875,0.2801120448179272,-1.1204481792717087,-0.42016806722689076,IMU0,51.005
3.6308496093750002,0.10538085937500001,9.311835937500001,0.1400560224089636,-1.050420168067227,-0.350140056022409,IMU0,51.015
3.650009765625,0.09580078125000001,9.321416015625001,0.0700280112044818,-0.9803921568627452,-0.350140056022409,IMU0,51.025
3.6212695312500003,0.12454101562500001,9.311835937500001,0.0700280112044818,-1.050420168067227,-0.42016806722689076,IMU0,51.035
3.6116894531250003,0.11496093750000001,9.302255859375,0.0700280112044818,-1.050420168067227,-0.42016806722689076,IMU0,51.045
3.6404296875,0.09580078125000001,9.321416015625001,-0.0700280112044818,-1.050420168067227,-0.42016806722689076,IMU0,51.055
3.6308496093750002,0.11496093750000001,9.302255859375,0.0700280112044818,-1.050420168067227,-0.350140056022409,IMU0,51.065
3.6212695312500003,0.11496093750000001,9.311835937500001,0.0700280112044818,-1.050420168067227,-0.350140056022409,IMU0,51.075
3.6308496093750002,0.10538085937500001,9.311835937500001,0.0,-1.050420168067227,-0.350140056022409,IMU0,51.085
3.65958984375,0.13412109375,9.311835937500001,-0.1400560224089636,-0.9803921568627452,-0.350140056022409,IMU0,51.095
3.6404296875,0.143701171875,9.29267578125,0.21008403361344538,-1.050420168067227,-0.42016806722689076,IMU0,51.105
3.6212695312500003,0.11496093750000001,9.321416015625001,0.1400560224089636,-0.9803921568627452,-0.42016806722689076,IMU0,51.115
3.6212695312500003,0.09580078125000001,9.302255859375,0.1400560224089636,-1.050420168067227,-0.42016806722689076,IMU0,51.125
3.6212695312500003,0.10538085937500001,9.321416015625001,0.0700280112044818,-1.050420168067227,-0.42016806722689076,IMU0,51.135
3.6212695312500003,0.11496093750000001,9.321416015625001,0.1400560224089636,-1.050420168067227,-0.42016806722689076,IMU0,51.145
3.6308496093750002,0.10538085937500001,9.33099609375,0.0700280112044818,-1.050420168067227,-0.42016806722689076,IMU0,51.155
3.6021093750000004,0.09580078125000001,9.321416015625001,0.0700280112044818,-1.050420168067227,-0.350140056022409,IMU0,51.165
3.6212695312500003,0.11496093750000001,9.311835937500001,0.1400560224089636,-1.050420168067227,-0.42016806722689076,IMU0,51.175
3.6308496093750002,0.13412109375,9.33099609375,0.0,-1.050420168067227,-0.42016806722689076,IMU0,51.185
3.6212695312500003,0.13412109375,9.302255859375,0.1400560224089636,-1.050420168067227,-0.350140056022409,IMU0,51.195
3.6404296875,0.12454101562500001,9.311835937500001,0.0,-0.9803921568627452,-0.2801120448179272,IMU0,51.205
3.6404296875,0.13412109375,9.311835937500001,0.0700280112044818,-0.9803921568627452,-0.350140056022409,IMU0,51.215
3.6212695312500003,0.09580078125000001,9.321416015625001,0.1400560224089636,-1.050420168067227,-0.42016806722689076,IMU0,51.225
3.6212695312500003,0.12454101562500001,9.311835937500001,0.1400560224089636,-1.050420168067227,-0.350140056022409,IMU0,51.235
3.6116894531250003,0.10538085937500001,9.311835937500001,0.1400560224089636,-1.050420168067227,-0.350140056022409,IMU0,51.245
3.6308496093750002,0.11496093750000001,9.311835937500001,0.1400560224089636,-1.050420168067227,-0.350140056022409,IMU0,51.255
3.6212695312500003,0.12454101562500001,9.302255859375,0.0700280112044818,-1.050420168067227,-0.350140056022409,IMU0,51.265
3.650009765625,0.12454101562500001,9.311835937500001,0.1400560224089636,-1.050420168067227,-0.350140056022409,IMU0,51.275
3.650009765625,0.11496093750000001,9.33099609375,0.2801120448179272,-1.050420168067227,-0.350140056022409,IMU0,51.285
3.6404296875,0.086220703125,9.302255859375,0.1400560224089636,-1.050420168067227,-0.350140056022409,IMU0,51.295
3.6212695312500003,0.11496093750000001,9.321416015625001,0.0700280112044818,-1.050420168067227,-0.42016806722689076,IMU0,51.305
3.650009765625,0.11496093750000001,9.321416015625001,0.0700280112044818,-1.050420168067227,-0.42016806722689076,IMU0,51.315
3.6404296875,0.11496093750000001,9.321416015625001,0.1400560224089636,-1.050420168067227,-0.42016806722689076,IMU0,51.325
3.6404296875,0.13412109375,9.321416015625001,0.0700280112044818,-1.050420168067227,-0.350140056022409,IMU0,51.335
3.6308496093750002,0.13412109375,9.321416015625001,0.1400560224089636,-1.050420168067227,-0.350140056022409,IMU0,51.345
3.6404296875,0.11496093750000001,9.321416015625001,0.1400560224089636,-1.050420168067227,-0.350140056022409,IMU0,51.355
3.6212695312500003,0.12454101562500001,9.302255859375,0.0700280112044818,-0.9803921568627452,-0.350140056022409,IMU0,51.365
3.6116894531250003,0.086220703125,9.321416015625001,0.1400560224089636,-1.050420168067227,-0.350140056022409,IMU0,51.375
3.6212695312500003,0.13412109375,9.29267578125,0.0700280112044818,-1.050420168067227,-0.350140056022409,IMU0,51.385
3.650009765625,0.12454101562500001,9.321416015625001,0.2801120448179272,-1.1204481792717087,-0.42016806722689076,IMU0,51.395
3.6021093750000004,0.13412109375,9.302255859375,0.21008403361344538,-1.050420168067227,-0.42016806722689076,IMU0,51.405
3.6404296875,0.09580078125000001,9.321416015625001,0.0,-1.050420168067227,-0.350140056022409,IMU0,51.415
3.650009765625,0.11496093750000001,9.311835937500001,0.0700280112044818,-1.050420168067227,-0.42016806722689076,IMU0,51.425
3.6404296875,0.13412109375,9.33099609375,0.0700280112044818,-1.050420168067227,-0.350140056022409,IMU0,51.435
3.6404296875,0.13412109375,9.321416015625001,0.1400560224089636,-1.050420168067227,-0.42016806722689076,IMU0,51.445
3.650009765625,0.13412109375,9.302255859375,0.0,-1.050420168067227,-0.350140056022409,IMU0,51.455
3.6021093750000004,0.10538085937500001,9.302255859375,-0.0700280112044818,-1.050420168067227,-0.350140056022409,IMU0,51.465
3.6308496093750002,0.086220703125,9.33099609375,0.1400560224089636,-1.050420168067227,-0.42016806722689076,IMU0,51.475
3.650009765625,0.143701171875,9.302255859375,0.0,-0.9803921568627452,-0.350140056022409,IMU0,51.485
3.6404296875,0.12454101562500001,9.311835937500001,0.21008403361344538,-1.050420168067227,-0.42016806722689076,IMU0,51.495
3.6212695312500003,0.11496093750000001,9.311835937500001,0.1400560224089636,-1.1204481792717087,-0.42016806722689076,IMU0,51.505
3.58294921875,0.09580078125000001,9.311835937500001,0.0700280112044818,-1.050420168067227,-0.350140056022409,IMU0,51.515
3.6116894531250003,0.12454101562500001,9.321416015625001,0.0700280112044818,-1.050420168067227,-0.350140056022409,IMU0,51.525
3.6116894531250003,0.10538085937500001,9.302255859375,0.1400560224089636,-1.050420168067227,-0.350140056022409,IMU0,51.535
3.6116894531250003,0.11496093750000001,9.302255859375,0.21008403361344538,-1.050420168067227,-0.42016806722689076,IMU0,51.545
3.6308496093750002,0.12454101562500001,9.321416015625001,0.2801120448179272,-1.050420168067227,-0.350140056022409,IMU0,51.555
3.6212695312500003,0.11496093750000001,9.321416015625001,0.0,-0.9803921568627452,-0.350140056022409,IMU0,51.565
3.6212695312500003,0.11496093750000001,9.311835937500001,0.21008403361344538,-1.050420168067227,-0.350140056022409,IMU0,51.575
3.6308496093750002,0.10538085937500001,9.29267578125,0.1400560224089636,-1.050420168067227,-0.42016806722689076,IMU0,51.585
3.6212695312500003,0.12454101562500001,9.321416015625001,-0.1400560224089636,-0.9803921568627452,-0.42016806722689076,IMU0,51.595
3.6308496093750002,0.12454101562500001,9.311835937500001,0.0,-0.9803921568627452,-0.350140056022409,IMU0,51.605
3.6116894531250003,0.12454101562500001,9.29267578125,0.0700280112044818,-0.9803921568627452,-0.42016806722689076,IMU0,51.615
3.6404296875,0.13412109375,9.33099609375,0.0700280112044818,-1.050420168067227,-0.350140056022409,IMU0,51.625
3.650009765625,0.11496093750000001,9.33099609375,0.0700280112044818,-1.050420168067227,-0.350140056022409,IMU0,51.635
3.65958984375,0.11496093750000001,9.302255859375,0.21008403361344538,-1.050420168067227,-0.42016806722689076,IMU0,51.645
3.6212695312500003,0.09580078125000001,9.33099609375,0.0,-1.050420168067227,-0.350140056022409,IMU0,51.655
3.6308496093750002,0.09580078125000001,9.311835937500001,0.1400560224089636,-1.050420168067227,-0.350140056022409,IMU0,51.665
3.6308496093750002,0.11496093750000001,9.302255859375,0.1400560224089636,-1.050420168067227,-0.42016806722689076,IMU0,51.675
3.6212695312500003,0.10538085937500001,9.321416015625001,0.0,-0.9803921568627452,-0.350140056022409,IMU0,51.685
3.5925292968750004,0.11496093750000001,9.311835937500001,-0.1400560224089636,-0.9803921568627452,-0.350140056022409,IMU0,51.695
3.650009765625,0.10538085937500001,9.33099609375,0.21008403361344538,-1.050420168067227,-0.42016806722689076,IMU0,51.705
3.650009765625,0.10538085937500001,9.340576171875,0.1400560224089636,-1.050420168067227,-0.42016806722689076,IMU0,51.715
3.6116894531250003,0.09580078125000001,9.311835937500001,0.1400560224089636,-1.050420168067227,-0.42016806722689076,IMU0,51.725
3.6404296875,0.13412109375,9.33099609375,0.1400560224089636,-1.050420168067227,-0.350140056022409,IMU0,51.735
3.6404296875,0.09580078125000001,9.321416015625001,0.1400560224089636,-1.050420168067227,-0.42016806722689076,IMU0,51.745
3.6404296875,0.10538085937500001,9.311835937500001,0.1400560224089636,-1.050420168067227,-0.42016806722689076,IMU0,51.755
3.650009765625,0.13412109375,9.33099609375,0.2801120448179272,-1.050420168067227,-0.42016806722689076,IMU0,51.765
3.6212695312500003,0.11496093750000001,9.283095703125001,0.1400560224089636,-1.050420168067227,-0.42016806722689076,IMU0,51.775
3.6116894531250003,0.10538085937500001,9.302255859375,0.0700280112044818,-1.050420168067227,-0.42016806722689076,IMU0,51.785
3.6404296875,0.12454101562500001,9.33099609375,0.1400560224089636,-1.050420168067227,-0.350140056022409,IMU0,51.795
3.6308496093750002,0.076640625,9.33099609375,0.21008403361344538,-1.1204481792717087,-0.42016806722689076,IMU0,51.805
3.6308496093750002,0.086220703125,9.29267578125,0.1400560224089636,-1.050420168067227,-0.350140056022409,IMU0,51.815
3.6308496093750002,0.09580078125000001,9.321416015625001,0.1400560224089636,-1.050420168067227,-0.42016806722689076,IMU0,51.825
3.6308496093750002,0.11496093750000001,9.311835937500001,0.1400560224089636,-1.050420168067227,-0.350140056022409,IMU0,51.835
3.6308496093750002,0.09580078125000001,9.321416015625001,0.0700280112044818,-0.9803921568627452,-0.350140056022409,IMU0,51.845
3.6308496093750002,0.11496093750000001,9.302255859375,0.0,-0.9803921568627452,-0.350140056022409,IMU0,51.855
3.6116894531250003,0.12454101562500001,9.302255859375,0.1400560224089636,-1.050420168067227,-0.350140056022409,IMU0,51.865
3.650009765625,0.10538085937500001,9.321416015625001,0.1400560224089636,-1.050420168067227,-0.350140056022409,IMU0,51.875
3.6212695312500003,0.076640625,9.302255859375,0.1400560224089636,-1.050420168067227,-0.350140056022409,IMU0,51.885
3.650009765625,0.11496093750000001,9.359736328125,0.0700280112044818,-1.050420168067227,-0.350140056022409,IMU0,51.895
3.6308496093750002,0.11496093750000001,9.302255859375,0.21008403361344538,-1.050420168067227,-0.42016806722689076,IMU0,51.905
3.6404296875,0.143701171875,9.33099609375,0.21008403361344538,-1.1204481792717087,-0.42016806722689076,IMU0,51.915
3.6308496093750002,0.10538085937500001,9.321416015625001,0.0700280112044818,-1.050420168067227,-0.350140056022409,IMU0,51.925
3.6308496093750002,0.11496093750000001,9.340576171875,0.1400560224089636,-1.050420168067227,-0.42016806722689076,IMU0,51.935
3.6308496093750002,0.09580078125000001,9.33099609375,0.21008403361344538,-1.050420168067227,-0.350140056022409,IMU0,51.945
3.6691699218750005,0.09580078125000001,9.311835937500001,0.21008403361344538,-1.050420168067227,-0.42016806722689076,IMU0,51.955
3.65958984375,0.10538085937500001,9.29267578125,0.0700280112044818,-0.9803921568627452,-0.350140056022409,IMU0,51.965
3.6404296875,0.13412109375,9.302255859375,0.1400560224089636,-0.9803921568627452,-0.350140056022409,IMU0,51.975
3.6212695312500003,0.11496093750000001,9.33099609375,0.21008403361344538,-1.050420168067227,-0.350140056022409,IMU0,51.985
3.6404296875,0.086220703125,9.311835937500001,0.42016806722689076,-1.1204481792717087,-0.42016806722689076,IMU0,51.995
3.650009765625,0.11496093750000001,9.311835937500001,0.2801120448179272,-1.1204481792717087,-0.350140056022409,IMU0,52.005
3.65958984375,0.13412109375,9.311835937500001,0.2801120448179272,-1.1204481792717087,-0.350140056022409,IMU0,52.015
3.6308496093750002,0.12454101562500001,9.340576171875,0.0700280112044818,-1.050420168067227,-0.42016806722689076,IMU0,52.025
3.6308496093750002,0.10538085937500001,9.311835937500001,0.0700280112044818,-0.9803921568627452,-0.350140056022409,IMU0,52.035
3.650009765625,0.11496093750000001,9.321416015625001,0.1400560224089636,-1.050420168067227,-0.350140056022409,IMU0,52.045
3.6308496093750002,0.11496093750000001,9.321416015625001,0.1400560224089636,-1.050420168067227,-0.350140056022409,IMU0,52.055
3.6308496093750002,0.12454101562500001,9.283095703125001,0.1400560224089636,-1.050420168067227,-0.350140056022409,IMU0,52.065
3.6308496093750002,0.10538085937500001,9.311835937500001,0.0700280112044818,-1.050420168067227,-0.42016806722689076,IMU0,52.075
3.65958984375,0.12454101562500001,9.350156250000001,0.0,-0.9803921568627452,-0.350140056022409,IMU0,52.085
3.6404296875,0.12454101562500001,9.302255859375,-0.0700280112044818,-0.9803921568627452,-0.42016806722689076,IMU0,52.095
3.6404296875,0.11496093750000001,9.29267578125,0.0700280112044818,-1.050420168067227,-0.350140056022409,IMU0,52.105
3.650009765625,0.09580078125000001,9.311835937500001,0.0700280112044818,-1.050420168067227,-0.350140056022409,IMU0,52.115
3.65958984375,0.11496093750000001,9.302255859375,0.0700280112044818,-1.050420168067227,-0.42016806722689076,IMU0,52.125
3.6308496093750002,0.11496093750000001,9.29267578125,0.1400560224089636,-1.050420168067227,-0.350140056022409,IMU0,52.135
3.6212695312500003,0.12454101562500001,9.29267578125,0.1400560224089636,-1.050420168067227,-0.350140056022409,IMU0,52.145
3.650009765625,0.13412109375,9.321416015625001,0.1400560224089636,-1.050420168067227,-0.350140056022409,IMU0,52.155
3.650009765625,0.10538085937500001,9.302255859375,0.1400560224089636,-1.050420168067227,-0.350140056022409,IMU0,52.165
3.6308496093750002,0.11496093750000001,9.321416015625001,0.1400560224089636,-1.050420168067227,-0.2801120448179272,IMU0,52.175
3.650009765625,0.11496093750000001,9.302255859375,0.21008403361344538,-1.050420168067227,-0.350140056022409,IMU0,52.185
3.6308496093750002,0.10538085937500001,9.29267578125,0.0700280112044818,-1.050420168067227,-0.350140056022409,IMU0,52.195
3.650009765625,0.11496093750000001,9.321416015625001,0.0700280112044818,-1.050420168067227,-0.350140056022409,IMU0,52.205
3.650009765625,0.10538085937500001,9.302255859375,0.1400560224089636,-1.050420168067227,-0.350140056022409,IMU0,52.215
3.65958984375,0.12454101562500001,9.33099609375,0.1400560224089636,-1.050420168067227,-0.350140056022409,IMU0,52.225
3.6212695312500003,0.11496093750000001,9.33099609375,0.0700280112044818,-1.050420168067227,-0.42016806722689076,IMU0,52.235
3.6308496093750002,0.11496093750000001,9.29267578125,0.1400560224089636,-1.050420168067227,-0.350140056022409,IMU0,52.245
3.6212695312500003,0.09580078125000001,9.311835937500001,0.1400560224089636,-1.050420168067227,-0.350140056022409,IMU0,52.255
3.6308496093750002,0.10538085937500001,9.302255859375,0.1400560224089636,-1.050420168067227,-0.350140056022409,IMU0,52.265
3.6787500000000004,0.10538085937500001,9.33099609375,0.1400560224089636,-1.050420168067227,-0.42016806722689076,IMU0,52.275
3.6404296875,0.09580078125000001,9.311835937500001,0.1400560224089636,-1.050420168067227,-0.350140056022409,IMU0,52.285
3.6787500000000004,0.11496093750000001,9.321416015625001,0.1400560224089636,-1.050420168067227,-0.350140056022409,IMU0,52.295
3.6404296875,0.11496093750000001,9.33099609375,0.1400560224089636,-1.050420168067227,-0.350140056022409,IMU0,52.305
3.65958984375,0.09580078125000001,9.321416015625001,0.0700280112044818,-1.050420168067227,-0.350140056022409,IMU0,52.315
3.650009765625,0.13412109375,9.311835937500001,0.0700280112044818,-1.050420168067227,-0.42016806722689076,IMU0,52.325
3.6404296875,0.10538085937500001,9.311835937500001,0.0700280112044818,-1.050420168067227,-0.42016806722689076,IMU0,52.335
3.6212695312500003,0.11496093750000001,9.311835937500001,0.21008403361344538,-1.050420168067227,-0.42016806722689076,IMU0,52.345
3.6404296875,0.143701171875,9.311835937500001,0.0700280112044818,-1.050420168067227,-0.42016806722689076,IMU0,52.355
3.6691699218750005,0.13412109375,9.321416015625001,0.1400560224089636,-1.050420168067227,-0.42016806722689076,IMU0,52.365
3.6691699218750005,0.12454101562500001,9.302255859375,0.21008403361344538,-1.050420168067227,-0.42016806722689076,IMU0,52.375
3.65958984375,0.13412109375,9.283095703125001,0.1400560224089636,-1.050420168067227,-0.350140056022409,IMU0,52.385
3.6116894531250003,0.11496093750000001,9.311835937500001,0.21008403361344538,-1.050420168067227,-0.350140056022409,IMU0,52.395
3.650009765625,0.15328125,9.311835937500001,0.1400560224089636,-1.050420168067227,-0.350140056022409,IMU0,52.405
3.6212695312500003,0.11496093750000001,9.321416015625001,0.2801120448179272,-1.1204481792717087,-0.350140056022409,IMU0,52.415
3.6308496093750002,0.10538085937500001,9.321416015625001,0.1400560224089636,-1.050420168067227,-0.350140056022409,IMU0,52.425
3.6404296875,0.11496093750000001,9.29267578125,0.1400560224089636,-1.050420168067227,-0.42016806722689076,IMU0,52.435
3.6404296875,0.10538085937500001,9.321416015625001,0.0700280112044818,-1.050420168067227,-0.42016806722689076,IMU0,52.445
3.6404296875,0.12454101562500001,9.29267578125,0.1400560224089636,-1.050420168067227,-0.350140056022409,IMU0,52.455
3.6308496093750002,0.13412109375,9.33099609375,0.1400560224089636,-1.050420168067227,-0.350140056022409,IMU0,52.465
3.6404296875,0.11496093750000001,9.321416015625001,0.21008403361344538,-1.050420168067227,-0.350140056022409,IMU0,52.475
3.6404296875,0.09580078125000001,9.321416015625001,0.1400560224089636,-1.050420168067227,-0.350140056022409,IMU0,52.485
3.6116894531250003,0.11496093750000001,9.29267578125,0.0,-0.9803921568627452,-0.350140056022409,IMU0,52.495
3.65958984375,0.13412109375,9.321416015625001,0.0700280112044818,-0.9803921568627452,-0.350140056022409,IMU0,52.505
3.6212695312500003,0.10538085937500001,9.302255859375,0.350140056022409,-0.9803921568627452,-0.350140056022409,IMU0,52.515
3.650009765625,0.12454101562500001,9.302255859375,0.21008403361344538,-1.050420168067227,-0.42016806722689076,IMU0,52.525
3.650009765625,0.11496093750000001,9.302255859375,0.1400560224089636,-1.050420168067227,-0.350140056022409,IMU0,52.535
3.65958984375,0.12454101562500001,9.311835937500001,0.1400560224089636,-1.050420168067227,-0.42016806722689076,IMU0,52.545
3.6404296875,0.143701171875,9.311835937500001,0.1400560224089636,-1.050420168067227,-0.350140056022409,IMU0,52.555
3.6404296875,0.09580078125000001,9.302255859375,0.1400560224089636,-0.9803921568627452,-0.350140056022409,IMU0,52.565
3.6212695312500003,0.11496093750000001,9.33099609375,0.21008403361344538,-1.050420168067227,-0.350140056022409,IMU0,52.575
3.6404296875,0.143701171875,9.29267578125,0.21008403361344538,-1.050420168067227,-0.42016806722689076,IMU0,52.585
3.65958984375,0.10538085937500001,9.311835937500001,0.1400560224089636,-1.050420168067227,-0.350140056022409,IMU0,52.595
3.6404296875,0.12454101562500001,9.311835937500001,0.0,-1.050420168067227,-0.350140056022409,IMU0,52.605
3.6308496093750002,0.10538085937500001,9.302255859375,0.1400560224089636,-1.050420168067227,-0.350140056022409,IMU0,52.615
3.6212695312500003,0.10538085937500001,9.311835937500001,0.1400560224089636,-1.050420168067227,-0.350140056022409,IMU0,52.625
3.65958984375,0.10538085937500001,9.302255859375,0.1400560224089636,-1.050420168067227,-0.42016806722689076,IMU0,52.635
3.650009765625,0.10538085937500001,9.311835937500001,0.21008403361344538,-1.050420168067227,-0.350140056022409,IMU0,52.645
3.6212695312500003,0.11496093750000001,9.33099609375,0.1400560224089636,-1.050420168067227,-0.350140056022409,IMU0,52.655
3.650009765625,0.11496093750000001,9.283095703125001,0.0700280112044818,-1.050420168067227,-0.350140056022409,IMU0,52.665
3.6212695312500003,0.12454101562500001,9.321416015625001,0.1400560224089636,-0.9803921568627452,-0.350140056022409,IMU0,52.675
3.650009765625,0.13412109375,9.33099609375,0.2801120448179272,-1.050420168067227,-0.350140056022409,IMU0,52.685
3.6308496093750002,0.09580078125000001,9.33099609375,0.2801120448179272,-1.050420168067227,-0.42016806722689076,IMU0,52.695
3.6116894531250003,0.10538085937500001,9.302255859375,0.0700280112044818,-1.050420168067227,-0.350140056022409,IMU0,52.705
3.65958984375,0.12454101562500001,9.311835937500001,0.1400560224089636,-1.050420168067227,-0.350140056022409,IMU0,52.715
3.6116894531250003,0.10538085937500001,9.283095703125001,0.0700280112044818,-1.050420168067227,-0.42016806722689076,IMU0,52.725
3.6404296875,0.12454101562500001,9.340576171875,0.1400560224089636,-1.050420168067227,-0.350140056022409,IMU0,52.735
3.6308496093750002,0.12454101562500001,9.311835937500001,0.0700280112044818,-1.050420168067227,-0.42016806722689076,IMU0,52.745
3.6212695312500003,0.10538085937500001,9.321416015625001,0.0700280112044818,-1.050420168067227,-0.350140056022409,IMU0,52.755
3.6404296875,0.12454101562500001,9.321416015625001,0.21008403361344538,-1.050420168067227,-0.350140056022409,IMU0,52.765
3.65958984375,0.12454101562500001,9.283095703125001,0.21008403361344538,-1.050420168067227,-0.350140056022409,IMU0,52.775
3.6691699218750005,0.12454101562500001,9.311835937500001,0.21008403361344538,-1.050420168067227,-0.42016806722689076,IMU0,52.785
3.6787500000000004,0.12454101562500001,9.321416015625001,0.2801120448179272,-1.1204481792717087,-0.350140056022409,IMU0,52.795
3.6404296875,0.11496093750000001,9.311835937500001,0.21008403361344538,-1.050420168067227,-0.350140056022409,IMU0,52.805
3.6404296875,0.13412109375,9.311835937500001,0.0,-0.9803921568627452,-0.42016806722689076,IMU0,52.815
3.6308496093750002,0.143701171875,9.311835937500001,0.1400560224089636,-1.050420168067227,-0.350140056022409,IMU0,52.825
3.6404296875,0.13412109375,9.321416015625001,0.0700280112044818,-1.050420168067227,-0.350140056022409,IMU0,52.835
3.650009765625,0.12454101562500001,9.302255859375,0.1400560224089636,-1.050420168067227,-0.350140056022409,IMU0,52.845
3.6787500000000004,0.11496093750000001,9.33099609375,0.1400560224089636,-1.050420168067227,-0.350140056022409,IMU0,52.855
3.6308496093750002,0.10538085937500001,9.350156250000001,0.0,-1.050420168067227,-0.42016806722689076,IMU0,52.865
3.6404296875,0.143701171875,9.33099609375,0.1400560224089636,-1.1204481792717087,-0.42016806722689076,IMU0,52.875
3.6404296875,0.086220703125,9.321416015625001,0.21008403361344538,-1.050420168067227,-0.42016806722689076,IMU0,52.885
3.65958984375,0.09580078125000001,9.340576171875,0.1400560224089636,-1.050420168067227,-0.42016806722689076,IMU0,52.895
3.6021093750000004,0.10538085937500001,9.311835937500001,-0.1400560224089636,-0.9803921568627452,-0.350140056022409,IMU0,52.905
3.6404296875,0.09580078125000001,9.321416015625001,0.0,-0.9803921568627452,-0.350140056022409,IMU0,52.915
3.650009765625,0.13412109375,9.33099609375,0.1400560224089636,-1.050420168067227,-0.350140056022409,IMU0,52.925
3.65958984375,0.09580078125000001,9.321416015625001,0.0700280112044818,-1.050420168067227,-0.350140056022409,IMU0,52.935
3.6404296875,0.11496093750000001,9.321416015625001,0.0700280112044818,-1.050420168067227,-0.350140056022409,IMU0,52.945
3.6404296875,0.12454101562500001,9.29267578125,0.0700280112044818,-1.050420168067227,-0.350140056022409,IMU0,52.955
3.650009765625,0.09580078125000001,9.311835937500001,0.0,-1.050420168067227,-0.350140056022409,IMU0,52.965
3.58294921875,0.11496093750000001,9.311835937500001,0.0700280112044818,-1.050420168067227,-0.350140056022409,IMU0,52.975
3.6404296875,0.10538085937500001,9.311835937500001,0.0700280112044818,-1.050420168067227,-0.350140056022409,IMU0,52.985
3.6116894531250003,0.11496093750000001,9.321416015625001,0.21008403361344538,-1.050420168067227,-0.42016806722689076,IMU0,52.995
3.6404296875,0.10538085937500001,9.302255859375,0.21008403361344538,-1.050420168067227,-0.350140056022409,IMU0,53.005
3.6404296875,0.13412109375,9.283095703125001,0.0700280112044818,-0.9803921568627452,-0.42016806722689076,IMU0,53.015
3.6308496093750002,0.143701171875,9.302255859375,0.1400560224089636,-1.050420168067227,-0.42016806722689076,IMU0,53.025
3.6116894531250003,0.10538085937500001,9.283095703125001,0.1400560224089636,-1.050420168067227,-0.42016806722689076,IMU0,53.035
3.650009765625,0.10538085937500001,9.29267578125,0.1400560224089636,-1.050420168067227,-0.350140056022409,IMU0,53.045
3.6404296875,0.086220703125,9.311835937500001,0.1400560224089636,-1.050420168067227,-0.350140056022409,IMU0,53.055
3.65958984375,0.086220703125,9.311835937500001,0.1400560224089636,-1.050420168067227,-0.42016806722689076,IMU0,53.065
3.6308496093750002,0.11496093750000001,9.29267578125,0.0700280112044818,-1.050420168067227,-0.350140056022409,IMU0,53.075
3.6212695312500003,0.12454101562500001,9.321416015625001,0.0700280112044818,-1.050420168067227,-0.350140056022409,IMU0,53.085
3.65958984375,0.12454101562500001,9.311835937500001,0.1400560224089636,-1.050420168067227,-0.42016806722689076,IMU0,53.095
3.650009765625,0.11496093750000001,9.321416015625001,0.21008403361344538,-1.050420168067227,-0.42016806722689076,IMU0,53.105
3.6212695312500003,0.076640625,9.33099609375,0.1400560224089636,-1.050420168067227,-0.42016806722689076,IMU0,53.115
3.650009765625,0.09580078125000001,9.33099609375,0.1400560224089636,-1.050420168067227,-0.350140056022409,IMU0,53.125
3.6212695312500003,0.10538085937500001,9.311835937500001,0.1400560224089636,-1.050420168067227,-0.350140056022409,IMU0,53.135
3.6212695312500003,0.10538085937500001,9.321416015625001,0.0700280112044818,-0.9803921568627452,-0.42016806722689076,IMU0,53.145
3.65958984375,0.10538085937500001,9.29267578125,0.0700280112044818,-1.050420168067227,-0.42016806722689076,IMU0,53.155
3.650009765625,0.10538085937500001,9.33099609375,0.1400560224089636,-1.050420168067227,-0.42016806722689076,IMU0,53.165
3.6787500000000004,0.13412109375,9.33099609375,0.2801120448179272,-1.050420168067227,-0.42016806722689076,IMU0,53.175
3.6404296875,0.11496093750000001,9.321416015625001,0.0,-1.050420168067227,-0.350140056022409,IMU0,53.185
3.6116894531250003,0.13412109375,9.321416015625001,0.21008403361344538,-1.050420168067227,-0.350140056022409,IMU0,53.195
3.6212695312500003,0.09580078125000001,9.311835937500001,0.21008403361344538,-1.050420168067227,-0.350140056022409,IMU0,53.205
3.6116894531250003,0.11496093750000001,9.340576171875,0.1400560224089636,-1.050420168067227,-0.42016806722689076,IMU0,53.215
3.65958984375,0.10538085937500001,9.311835937500001,0.0700280112044818,-1.050420168067227,-0.42016806722689076,IMU0,53.225
3.6404296875,0.12454101562500001,9.321416015625001,0.1400560224089636,-1.050420168067227,-0.350140056022409,IMU0,53.235
3.6116894531250003,0.09580078125000001,9.29267578125,0.1400560224089636,-1.050420168067227,-0.350140056022409,IMU0,53.245
3.6212695312500003,0.11496093750000001,9.321416015625001,0.0700280112044818,-1.050420168067227,-0.350140056022409,IMU0,53.255
3.6116894531250003,0.11496093750000001,9.302255859375,0.21008403361344538,-1.050420168067227,-0.350140056022409,IMU0,53.265
3.650009765625,0.10538085937500001,9.321416015625001,0.2801120448179272,-1.050420168067227,-0.350140056022409,IMU0,53.275
3.6404296875,0.10538085937500001,9.29267578125,0.0700280112044818,-1.050420168067227,-0.350140056022409,IMU0,53.285
3.6212695312500003,0.12454101562500001,9.311835937500001,0.1400560224089636,-1.050420168067227,-0.2801120448179272,IMU0,53.295
3.6116894531250003,0.10538085937500001,9.33099609375,0.0,-1.050420168067227,-0.350140056022409,IMU0,53.305
3.6404296875,0.11496093750000001,9.302255859375,0.4901960784313726,-1.1204481792717087,-0.350140056022409,IMU0,53.315
3.6212695312500003,0.10538085937500001,9.321416015625001,0.1400560224089636,-1.050420168067227,-0.42016806722689076,IMU0,53.325
3.6404296875,0.11496093750000001,9.321416015625001,0.1400560224089636,-1.050420168067227,-0.350140056022409,IMU0,53.335
3.6212695312500003,0.09580078125000001,9.29267578125,0.1400560224089636,-1.050420168067227,-0.42016806722689076,IMU0,53.345
3.65958984375,0.086220703125,9.302255859375,0.21008403361344538,-1.050420168067227,-0.350140056022409,IMU0,53.355
3.6404296875,0.10538085937500001,9.321416015625001,0.1400560224089636,-1.050420168067227,-0.350140056022409,IMU0,53.365
3.65958984375,0.13412109375,9.311835937500001,0.0,-1.050420168067227,-0.350140056022409,IMU0,53.375
3.6691699218750005,0.13412109375,9.311835937500001,0.0,-1.050420168067227,-0.350140056022409,IMU0,53.385
3.650009765625,0.12454101562500001,9.321416015625001,0.1400560224089636,-1.050420168067227,-0.350140056022409,IMU0,53.395
3.6404296875,0.09580078125000001,9.283095703125001,0.1400560224089636,-1.050420168067227,-0.350140056022409,IMU0,53.405
3.6404296875,0.10538085937500001,9.321416015625001,0.21008403361344538,-1.050420168067227,-0.42016806722689076,IMU0,53.415
3.650009765625,0.11496093750000001,9.311835937500001,0.1400560224089636,-1.050420168067227,-0.42016806722689076,IMU0,53.425
3.6404296875,0.09580078125000001,9.321416015625001,0.1400560224089636,-1.050420168067227,-0.42016806722689076,IMU0,53.435
3.6691699218750005,0.09580078125000001,9.311835937500001,0.1400560224089636,-1.050420168067227,-0.42016806722689076,IMU0,53.445
3.6212695312500003,0.086220703125,9.311835937500001,0.1400560224089636,-1.050420168067227,-0.42016806722689076,IMU0,53.455
3.6116894531250003,0.12454101562500001,9.321416015625001,0.1400560224089636,-1.050420168067227,-0.350140056022409,IMU0,53.465
3.6212695312500003,0.086220703125,9.302255859375,0.0700280112044818,-1.050420168067227,-0.350140056022409,IMU0,53.475
3.650009765625,0.13412109375,9.311835937500001,0.21008403361344538,-1.050420168067227,-0.350140056022409,IMU0,53.485
3.650009765625,0.10538085937500001,9.350156250000001,0.0700280112044818,-1.050420168067227,-0.350140056022409,IMU0,53.495
3.6404296875,0.09580078125000001,9.283095703125001,-0.0700280112044818,-1.050420168067227,-0.350140056022409,IMU0,53.505
3.650009765625,0.086220703125,9.283095703125001,0.1400560224089636,-0.9803921568627452,-0.42016806722689076,IMU0,53.515
3.6308496093750002,0.09580078125000001,9.302255859375,0.1400560224089636,-1.050420168067227,-0.350140056022409,IMU0,53.525
3.6404296875,0.10538085937500001,9.29267578125,0.1400560224089636,-1.050420168067227,-0.350140056022409,IMU0,53.535
3.65958984375,0.13412109375,9.283095703125001,0.1400560224089636,-1.050420168067227,-0.350140056022409,IMU0,53.545
3.6308496093750002,0.09580078125000001,9.302255859375,0.21008403361344538,-1.050420168067227,-0.350140056022409,IMU0,53.555
3.6404296875,0.09580078125000001,9.321416015625001,0.21008403361344538,-1.050420168067227,-0.42016806722689076,IMU0,53.565
3.6212695312500003,0.10538085937500001,9.33099609375,0.21008403361344538,-1.050420168067227,-0.42016806722689076,IMU0,53.575
3.650009765625,0.10538085937500001,9.33099609375,0.0700280112044818,-1.050420168067227,-0.350140056022409,IMU0,53.585
3.6116894531250003,0.13412109375,9.33099609375,0.1400560224089636,-1.050420168067227,-0.350140056022409,IMU0,53.595
3.650009765625,0.11496093750000001,9.311835937500001,0.2801120448179272,-1.050420168067227,-0.350140056022409,IMU0,53.605
3.650009765625,0.12454101562500001,9.311835937500001,0.21008403361344538,-1.050420168067227,-0.42016806722689076,IMU0,53.615
3.650009765625,0.086220703125,9.33099609375,0.1400560224089636,-1.050420168067227,-0.42016806722689076,IMU0,53.625
3.6404296875,0.13412109375,9.29267578125,0.1400560224089636,-1.050420168067227,-0.42016806722689076,IMU0,53.635
3.6404296875,0.12454101562500001,9.29267578125,0.0,-0.9803921568627452,-0.350140056022409,IMU0,53.645
3.6404296875,0.10538085937500001,9.311835937500001,0.0,-0.9803921568627452,-0.350140056022409,IMU0,53.655
3.6308496093750002,0.09580078125000001,9.311835937500001,0.21008403361344538,-1.050420168067227,-0.350140056022409,IMU0,53.665
3.650009765625,0.11496093750000001,9.350156250000001,0.1400560224089636,-1.050420168067227,-0.350140056022409,IMU0,53.675
3.6308496093750002,0.12454101562500001,9.311835937500001,0.0700280112044818,-1.050420168067227,-0.350140056022409,IMU0,53.685
3.650009765625,0.12454101562500001,9.302255859375,0.0,-1.050420168067227,-0.350140056022409,IMU0,53.695
3.6691699218750005,0.10538085937500001,9.340576171875,0.21008403361344538,-1.1204481792717087,-0.42016806722689076,IMU0,53.705
3.6308496093750002,0.086220703125,9.302255859375,0.2801120448179272,-1.1204481792717087,-0.42016806722689076,IMU0,53.715
3.6212695312500003,0.09580078125000001,9.311835937500001,0.1400560224089636,-1.050420168067227,-0.42016806722689076,IMU0,53.725
3.6308496093750002,0.13412109375,9.29267578125,0.1400560224089636,-0.9803921568627452,-0.350140056022409,IMU0,53.735
3.6308496093750002,0.12454101562500001,9.33099609375,0.0,-1.050420168067227,-0.42016806722689076,IMU0,53.745
3.650009765625,0.09580078125000001,9.311835937500001,0.1400560224089636,-1.050420168067227,-0.42016806722689076,IMU0,53.755
3.6212695312500003,0.086220703125,9.33099609375,0.2801120448179272,-1.050420168067227,-0.42016806722689076,IMU0,53.765
3.6116894531250003,0.13412109375,9.321416015625001,0.0700280112044818,-1.050420168067227,-0.350140056022409,IMU0,53.775
3.650009765625,0.11496093750000001,9.321416015625001,0.0,-1.050420168067227,-0.350140056022409,IMU0,53.785
3.650009765625,0.143701171875,9.29267578125,0.0700280112044818,-1.050420168067227,-0.350140056022409,IMU0,53.795
3.6404296875,0.10538085937500001,9.283095703125001,0.21008403361344538,-1.050420168067227,-0.42016806722689076,IMU0,53.805
3.6308496093750002,0.10538085937500001,9.311835937500001,0.1400560224089636,-1.050420168067227,-0.350140056022409,IMU0,53.815
3.650009765625,0.12454101562500001,9.321416015625001,0.0700280112044818,-1.050420168067227,-0.350140056022409,IMU0,53.825
3.65958984375,0.11496093750000001,9.273515625,0.1400560224089636,-1.050420168067227,-0.350140056022409,IMU0,53.835
3.6404296875,0.15328125,9.33099609375,-0.0700280112044818,-1.050420168067227,-0.350140056022409,IMU0,53.845
3.6212695312500003,0.11496093750000001,9.302255859375,0.21008403361344538,-1.050420168067227,-0.42016806722689076,IMU0,53.855
3.65958984375,0.11496093750000001,9.340576171875,0.1400560224089636,-1.050420168067227,-0.42016806722689076,IMU0,53.865
3.6308496093750002,0.12454101562500001,9.29267578125,0.1400560224089636,-1.050420168067227,-0.42016806722689076,IMU0,53.875
3.6404296875,0.09580078125000001,9.33099609375,0.1400560224089636,-1.050420168067227,-0.42016806722689076,IMU0,53.885
3.6212695312500003,0.13412109375,9.311835937500001,0.350140056022409,-1.1204481792717087,-0.42016806722689076,IMU0,53.895
3.65958984375,0.11496093750000001,9.33099609375,0.350140056022409,-1.1204481792717087,-0.350140056022409,IMU0,53.905
3.6787500000000004,0.10538085937500001,9.302255859375,0.0700280112044818,-1.050420168067227,-0.42016806722689076,IMU0,53.915
3.650009765625,0.11496093750000001,9.321416015625001,0.1400560224089636,-1.050420168067227,-0.42016806722689076,IMU0,53.925
3.6404296875,0.12454101562500001,9.311835937500001,0.1400560224089636,-1.050420168067227,-0.42016806722689076,IMU0,53.935
3.6212695312500003,0.12454101562500001,9.311835937500001,0.1400560224089636,-1.050420168067227,-0.350140056022409,IMU0,53.945
3.6212695312500003,0.11496093750000001,9.340576171875,0.0700280112044818,-0.9803921568627452,-0.42016806722689076,IMU0,53.955
3.6404296875,0.11496093750000001,9.311835937500001,0.0700280112044818,-0.9803921568627452,-0.350140056022409,IMU0,53.965
3.6308496093750002,0.11496093750000001,9.302255859375,0.21008403361344538,-1.050420168067227,-0.350140056022409,IMU0,53.975
3.6308496093750002,0.12454101562500001,9.29267578125,0.0700280112044818,-1.050420168067227,-0.350140056022409,IMU0,53.985
3.6212695312500003,0.10538085937500001,9.321416015625001,-0.0700280112044818,-0.9803921568627452,-0.2801120448179272,IMU0,53.995
3.6212695312500003,0.12454101562500001,9.340576171875,0.0700280112044818,-1.050420168067227,-0.350140056022409,IMU0,54.005
3.650009765625,0.12454101562500001,9.302255859375,0.0700280112044818,-1.050420168067227,-0.42016806722689076,IMU0,54.015
3.6212695312500003,0.10538085937500001,9.29267578125,0.0700280112044818,-1.050420168067227,-0.42016806722689076,IMU0,54.025
3.6212695312500003,0.09580078125000001,9.321416015625001,0.1400560224089636,-1.050420168067227,-0.42016806722689076,IMU0,54.035
3.6404296875,0.13412109375,9.311835937500001,0.0700280112044818,-1.050420168067227,-0.42016806722689076,IMU0,54.045
3.650009765625,0.086220703125,9.33099609375,0.1400560224089636,-0.9803921568627452,-0.350140056022409,IMU0,54.055
3.6308496093750002,0.10538085937500001,9.311835937500001,0.0700280112044818,-1.050420168067227,-0.42016806722689076,IMU0,54.065
3.6404296875,0.12454101562500001,9.29267578125,0.0700280112044818,-1.050420168067227,-0.42016806722689076,IMU0,54.075
3.65958984375,0.09580078125000001,9.302255859375,0.0700280112044818,-1.050420168067227,-0.42016806722689076,IMU0,54.085
3.650009765625,0.086220703125,9.311835937500001,0.0700280112044818,-0.9803921568627452,-0.350140056022409,IMU0,54.095
3.6308496093750002,0.11496093750000001,9.340576171875,0.1400560224089636,-1.050420168067227,-0.350140056022409,IMU0,54.105
3.6021093750000004,0.12454101562500001,9.29267578125,0.1400560224089636,-1.050420168067227,-0.350140056022409,IMU0,54.115
3.6404296875,0.11496093750000001,9.321416015625001,0.1400560224089636,-0.9803921568627452,-0.350140056022409,IMU0,54.125
3.650009765625,0.086220703125,9.340576171875,0.1400560224089636,-1.050420168067227,-0.350140056022409,IMU0,54.135
3.6308496093750002,0.09580078125000001,9.302255859375,0.0700280112044818,-1.1204481792717087,-0.42016806722689076,IMU0,54.145
3.6404296875,0.11496093750000001,9.33099609375,0.0700280112044818,-1.050420168067227,-0.350140056022409,IMU0,54.155
3.6404296875,0.10538085937500001,9.321416015625001,0.0700280112044818,-1.050420168067227,-0.42016806722689076,IMU0,54.165
3.6308496093750002,0.11496093750000001,9.33099609375,0.1400560224089636,-1.050420168067227,-0.350140056022409,IMU0,54.175
3.650009765625,0.13412109375,9.321416015625001,0.0700280112044818,-1.050420168067227,-0.350140056022409,IMU0,54.185
3.6308496093750002,0.11496093750000001,9.29267578125,0.1400560224089636,-1.050420168067227,-0.350140056022409,IMU0,54.195
3.6308496093750002,0.11496093750000001,9.311835937500001,0.0,-1.050420168067227,-0.42016806722689076,IMU0,54.205
3.6308496093750002,0.09580078125000001,9.311835937500001,-0.1400560224089636,-0.9803921568627452,-0.350140056022409,IMU0,54.215
3.6308496093750002,0.10538085937500001,9.321416015625001,0.0700280112044818,-1.050420168067227,-0.42016806722689076,IMU0,54.225
3.6404296875,0.11496093750000001,9.311835937500001,0.0700280112044818,-1.050420168067227,-0.42016806722689076,IMU0,54.235
3.6404296875,0.10538085937500001,9.302255859375,0.0700280112044818,-1.050420168067227,-0.350140056022409,IMU0,54.245
3.6308496093750002,0.12454101562500001,9.311835937500001,0.0700280112044818,-1.050420168067227,-0.42016806722689076,IMU0,54.255
3.6404296875,0.09580078125000001,9.29267578125,0.0700280112044818,-0.9803921568627452,-0.350140056022409,IMU0,54.265
3.6308496093750002,0.09580078125000001,9.311835937500001,0.0700280112044818,-1.050420168067227,-0.42016806722689076,IMU0,54.275
3.650009765625,0.12454101562500001,9.302255859375,0.0700280112044818,-0.9803921568627452,-0.42016806722689076,IMU0,54.285
3.6404296875,0.10538085937500001,9.350156250000001,0.0700280112044818,-0.9803921568627452,-0.42016806722689076,IMU0,54.295
3.6308496093750002,0.11496093750000001,9.321416015625001,0.0700280112044818,-1.050420168067227,-0.350140056022409,IMU0,54.305
3.6404296875,0.13412109375,9.311835937500001,-0.0700280112044818,-0.9803921568627452,-0.350140056022409,IMU0,54.315
3.6308496093750002,0.12454101562500001,9.311835937500001,0.21008403361344538,-1.050420168067227,-0.350140056022409,IMU0,54.325
3.65958984375,0.11496093750000001,9.321416015625001,0.0700280112044818,-1.050420168067227,-0.350140056022409,IMU0,54.335
3.6308496093750002,0.13412109375,9.302255859375,0.1400560224089636,-1.050420168067227,-0.350140056022409,IMU0,54.345
3.65958984375,0.15328125,9.29267578125,0.21008403361344538,-1.050420168067227,-0.350140056022409,IMU0,54.355
3.65958984375,0.13412109375,9.311835937500001,0.2801120448179272,-1.050420168067227,-0.350140056022409,IMU0,54.365
3.65958984375,0.10538085937500001,9.311835937500001,0.2801120448179272,-1.050420168067227,-0.350140056022409,IMU0,54.375
3.6404296875,0.12454101562500001,9.29267578125,0.0,-0.9803921568627452,-0.350140056022409,IMU0,54.385
3.6116894531250003,0.11496093750000001,9.33099609375,0.21008403361344538,-1.050420168067227,-0.350140056022409,IMU0,54.395
3.6308496093750002,0.09580078125000001,9.29267578125,0.1400560224089636,-1.050420168067227,-0.42016806722689076,IMU0,54.405
3.650009765625,0.13412109375,9.321416015625001,0.2801120448179272,-0.9803921568627452,-0.350140056022409,IMU0,54.415
3.6212695312500003,0.12454101562500001,9.311835937500001,0.0700280112044818,-1.050420168067227,-0.42016806722689076,IMU0,54.425
3.6404296875,0.09580078125000001,9.29267578125,0.1400560224089636,-1.050420168067227,-0.42016806722689076,IMU0,54.435
3.6691699218750005,0.10538085937500001,9.311835937500001,0.1400560224089636,-1.1204481792717087,-0.42016806722689076,IMU0,54.445
3.650009765625,0.10538085937500001,9.302255859375,0.1400560224089636,-1.1204481792717087,-0.350140056022409,IMU0,54.455
3.6116894531250003,0.11496093750000001,9.311835937500001,0.0,-1.050420168067227,-0.42016806722689076,IMU0,54.465
3.6212695312500003,0.12454101562500001,9.359736328125,0.0,-0.9803921568627452,-0.42016806722689076,IMU0,54.475
3.6212695312500003,0.143701171875,9.33099609375,0.1400560224089636,-1.050420168067227,-0.350140056022409,IMU0,54.485
3.6404296875,0.143701171875,9.311835937500001,0.21008403361344538,-1.050420168067227,-0.42016806722689076,IMU0,54.495
3.6308496093750002,0.10538085937500001,9.350156250000001,0.2801120448179272,-1.050420168067227,-0.350140056022409,IMU0,54.505
3.6212695312500003,0.10538085937500001,9.321416015625001,0.1400560224089636,-1.050420168067227,-0.350140056022409,IMU0,54.515
3.6404296875,0.13412109375,9.33099609375,0.0700280112044818,-1.050420168067227,-0.350140056022409,IMU0,54.525
3.6212695312500003,0.12454101562500001,9.29267578125,0.0700280112044818,-1.050420168067227,-0.42016806722689076,IMU0,54.535
3.6404296875,0.09580078125000001,9.311835937500001,0.0700280112044818,-1.050420168067227,-0.42016806722689076,IMU0,54.545
3.6308496093750002,0.10538085937500001,9.29267578125,0.1400560224089636,-1.050420168067227,-0.42016806722689076,IMU0,54.555
3.6308496093750002,0.11496093750000001,9.321416015625001,0.0700280112044818,-1.050420168067227,-0.42016806722689076,IMU0,54.565
3.650009765625,0.09580078125000001,9.321416015625001,0.0700280112044818,-0.9803921568627452,-0.350140056022409,IMU0,54.575
3.650009765625,0.10538085937500001,9.321416015625001,0.1400560224089636,-1.050420168067227,-0.350140056022409,IMU0,54.585
3.650009765625,0.10538085937500001,9.321416015625001,0.1400560224089636,-1.050420168067227,-0.42016806722689076,IMU0,54.595
3.6308496093750002,0.12454101562500001,9.33099609375,0.0700280112044818,-1.050420168067227,-0.42016806722689076,IMU0,54.605
3.6404296875,0.13412109375,9.311835937500001,0.1400560224089636,-1.050420168067227,-0.350140056022409,IMU0,54.615
3.6404296875,0.12454101562500001,9.350156250000001,0.21008403361344538,-1.050420168067227,-0.350140056022409,IMU0,54.625
3.65958984375,0.12454101562500001,9.283095703125001,0.1400560224089636,-1.050420168067227,-0.350140056022409,IMU0,54.635
3.6308496093750002,0.11496093750000001,9.321416015625001,0.21008403361344538,-1.050420168067227,-0.42016806722689076,IMU0,54.645
3.6404296875,0.11496093750000001,9.321416015625001,0.0700280112044818,-1.050420168067227,-0.350140056022409,IMU0,54.655
3.6212695312500003,0.12454101562500001,9.29267578125,0.0,-1.050420168067227,-0.350140056022409,IMU0,54.665
3.650009765625,0.10538085937500001,9.311835937500001,0.21008403361344538,-1.050420168067227,-0.42016806722689076,IMU0,54.675
3.6404296875,0.11496093750000001,9.311835937500001,0.21008403361344538,-1.050420168067227,-0.42016806722689076,IMU0,54.685
3.6212695312500003,0.11496093750000001,9.340576171875,-0.1400560224089636,-0.9803921568627452,-0.350140056022409,IMU0,54.695
3.6404296875,0.10538085937500001,9.321416015625001,-0.21008403361344538,-0.9803921568627452,-0.350140056022409,IMU0,54.705
3.6404296875,0.11496093750000001,9.311835937500001,0.21008403361344538,-1.050420168067227,-0.42016806722689076,IMU0,54.715
3.6308496093750002,0.11496093750000001,9.321416015625001,0.0700280112044818,-1.050420168067227,-0.350140056022409,IMU0,54.725
3.6212695312500003,0.11496093750000001,9.321416015625001,0.0700280112044818,-1.050420168067227,-0.350140056022409,IMU0,54.735
3.6212695312500003,0.11496093750000001,9.311835937500001,0.0,-1.050420168067227,-0.42016806722689076,IMU0,54.745
3.6212695312500003,0.09580078125000001,9.29267578125,0.0700280112044818,-1.050420168067227,-0.42016806722689076,IMU0,54.755
3.65958984375,0.11496093750000001,9.321416015625001,0.0700280112044818,-1.050420168067227,-0.42016806722689076,IMU0,54.765
3.65958984375,0.15328125,9.321416015625001,0.0,-1.050420168067227,-0.42016806722689076,IMU0,54.775
3.65958984375,0.11496093750000001,9.321416015625001,-0.1400560224089636,-0.9803921568627452,-0.350140056022409,IMU0,54.785
3.6308496093750002,0.12454101562500001,9.33099609375,0.1400560224089636,-1.050420168067227,-0.350140056022409,IMU0,54.795
3.6212695312500003,0.13412109375,9.311835937500001,0.1400560224089636,-1.050420168067227,-0.42016806722689076,IMU0,54.805
3.6691699218750005,0.086220703125,9.302255859375,0.21008403361344538,-1.050420168067227,-0.350140056022409,IMU0,54.815
3.65958984375,0.09580078125000001,9.33099609375,0.1400560224089636,-0.9803921568627452,-0.350140056022409,IMU0,54.825
3.650009765625,0.10538085937500001,9.33099609375,0.1400560224089636,-1.050420168067227,-0.42016806722689076,IMU0,54.835
3.6404296875,0.09580078125000001,9.311835937500001,0.0700280112044818,-1.050420168067227,-0.350140056022409,IMU0,54.845
3.6404296875,0.11496093750000001,9.33099609375,0.1400560224089636,-0.9803921568627452,-0.350140056022409,IMU0,54.855
3.6116894531250003,0.11496093750000001,9.321416015625001,0.1400560224089636,-1.050420168067227,-0.350140056022409,IMU0,54.865
3.6308496093750002,0.10538085937500001,9.321416015625001,0.0700280112044818,-1.050420168067227,-0.42016806722689076,IMU0,54.875
3.6404296875,0.10538085937500001,9.321416015625001,0.0700280112044818,-0.9803921568627452,-0.350140056022409,IMU0,54.885
3.650009765625,0.09580078125000001,9.321416015625001,0.2801120448179272,-1.1204481792717087,-0.350140056022409,IMU0,54.895
3.6404296875,0.12454101562500001,9.321416015625001,0.0,-0.9803921568627452,-0.350140056022409,IMU0,54.905
3.65958984375,0.10538085937500001,9.321416015625001,0.0,-1.050420168067227,-0.42016806722689076,IMU0,54.915
3.6404296875,0.13412109375,9.29267578125,0.0700280112044818,-1.050420168067227,-0.350140056022409,IMU0,54.925
3.65958984375,0.11496093750000001,9.33099609375,0.1400560224089636,-1.050420168067227,-0.42016806722689076,IMU0,54.935
3.6116894531250003,0.12454101562500001,9.340576171875,0.1400560224089636,-1.050420168067227,-0.42016806722689076,IMU0,54.945
3.6404296875,0.11496093750000001,9.302255859375,0.0700280112044818,-1.050420168067227,-0.350140056022409,IMU0,54.955
3.6308496093750002,0.10538085937500001,9.321416015625001,0.1400560224089636,-1.050420168067227,-0.350140056022409,IMU0,54.965
3.6404296875,0.10538085937500001,9.311835937500001,0.0700280112044818,-1.050420168067227,-0.42016806722689076,IMU0,54.975
3.6308496093750002,0.10538085937500001,9.283095703125001,0.0700280112044818,-1.050420168067227,-0.350140056022409,IMU0,54.985
3.650009765625,0.10538085937500001,9.311835937500001,0.0,-0.9803921568627452,-0.350140056022409,IMU0,54.995
3.6308496093750002,0.12454101562500001,9.283095703125001,0.0700280112044818,-0.9803921568627452,-0.350140056022409,IMU0,55.005
3.6404296875,0.12454101562500001,9.321416015625001,0.0700280112044818,-0.9803921568627452,-0.350140056022409,IMU0,55.015
3.6308496093750002,0.11496093750000001,9.321416015625001,0.0700280112044818,-1.050420168067227,-0.42016806722689076,IMU0,55.025
3.6308496093750002,0.143701171875,9.33099609375,0.0700280112044818,-1.050420168067227,-0.42016806722689076,IMU0,55.035
3.6212695312500003,0.09580078125000001,9.302255859375,0.21008403361344538,-1.050420168067227,-0.42016806722689076,IMU0,55.045
3.6404296875,0.12454101562500001,9.33099609375,0.21008403361344538,-1.050420168067227,-0.350140056022409,IMU0,55.055
3.6404296875,0.11496093750000001,9.33099609375,0.0700280112044818,-1.050420168067227,-0.350140056022409,IMU0,55.065
3.65958984375,0.12454101562500001,9.321416015625001,0.1400560224089636,-1.050420168067227,-0.42016806722689076,IMU0,55.075
3.65958984375,0.11496093750000001,9.321416015625001,0.1400560224089636,-1.050420168067227,-0.42016806722689076,IMU0,55.085
3.6212695312500003,0.11496093750000001,9.283095703125001,0.1400560224089636,-1.050420168067227,-0.42016806722689076,IMU0,55.095
3.6404296875,0.11496093750000001,9.311835937500001,0.0700280112044818,-1.1204481792717087,-0.42016806722689076,IMU0,55.105
3.6691699218750005,0.09580078125000001,9.340576171875,-0.0700280112044818,-0.9803921568627452,-0.42016806722689076,IMU0,55.115
3.6404296875,0.13412109375,9.302255859375,0.1400560224089636,-0.9803921568627452,-0.350140056022409,IMU0,55.125
3.6404296875,0.10538085937500001,9.283095703125001,0.1400560224089636,-1.050420168067227,-0.350140056022409,IMU0,55.135
3.6021093750000004,0.11496093750000001,9.283095703125001,0.1400560224089636,-1.050420168067227,-0.42016806722689076,IMU0,55.145
3.65958984375,0.11496093750000001,9.311835937500001,0.0,-0.9803921568627452,-0.350140056022409,IMU0,55.155
3.6404296875,0.13412109375,9.321416015625001,0.1400560224089636,-0.9803921568627452,-0.350140056022409,IMU0,55.165
3.6404296875,0.086220703125,9.302255859375,0.1400560224089636,-1.050420168067227,-0.350140056022409,IMU0,55.175
3.6308496093750002,0.143701171875,9.29267578125,0.0700280112044818,-1.1204481792717087,-0.42016806722689076,IMU0,55.185
3.6212695312500003,0.143701171875,9.29267578125,-0.0700280112044818,-1.050420168067227,-0.42016806722689076,IMU0,55.195
3.6212695312500003,0.10538085937500001,9.321416015625001,0.0700280112044818,-0.9803921568627452,-0.350140056022409,IMU0,55.205
3.6404296875,0.10538085937500001,9.321416015625001,0.21008403361344538,-1.050420168067227,-0.350140056022409,IMU0,55.215
3.6404296875,0.13412109375,9.33099609375,0.1400560224089636,-1.050420168067227,-0.42016806722689076,IMU0,55.225
3.6404296875,0.12454101562500001,9.302255859375,0.0700280112044818,-1.050420168067227,-0.350140056022409,IMU0,55.235
3.6116894531250003,0.11496093750000001,9.283095703125001,0.0700280112044818,-1.050420168067227,-0.350140056022409,IMU0,55.245
3.6691699218750005,0.10538085937500001,9.311835937500001,0.0,-0.9803921568627452,-0.350140056022409,IMU0,55.255
3.6308496093750002,0.09580078125000001,9.321416015625001,0.0,-1.050420168067227,-0.42016806722689076,IMU0,55.265
3.6212695312500003,0.12454101562500001,9.29267578125,0.1400560224089636,-1.1204481792717087,-0.350140056022409,IMU0,55.275
3.6212695312500003,0.13412109375,9.33099609375,0.1400560224089636,-1.050420168067227,-0.42016806722689076,IMU0,55.285
3.6308496093750002,0.10538085937500001,9.302255859375,0.2801120448179272,-1.050420168067227,-0.350140056022409,IMU0,55.295
3.6404296875,0.11496093750000001,9.302255859375,0.1400560224089636,-1.050420168067227,-0.42016806722689076,IMU0,55.305
3.65958984375,0.11496093750000001,9.33099609375,0.1400560224089636,-1.050420168067227,-0.42016806722689076,IMU0,55.315
3.5925292968750004,0.11496093750000001,9.302255859375,0.0700280112044818,-1.050420168067227,-0.350140056022409,IMU0,55.325
3.650009765625,0.11496093750000001,9.302255859375,0.0700280112044818,-0.9803921568627452,-0.350140056022409,IMU0,55.335
3.6116894531250003,0.10538085937500001,9.311835937500001,0.1400560224089636,-1.050420168067227,-0.350140056022409,IMU0,55.345
3.6116894531250003,0.076640625,9.311835937500001,0.21008403361344538,-1.1204481792717087,-0.350140056022409,IMU0,55.355
3.65958984375,0.11496093750000001,9.311835937500001,0.0700280112044818,-1.050420168067227,-0.42016806722689076,IMU0,55.365
3.6404296875,0.11496093750000001,9.321416015625001,0.0700280112044818,-1.050420168067227,-0.350140056022409,IMU0,55.375
3.6212695312500003,0.09580078125000001,9.321416015625001,0.1400560224089636,-1.050420168067227,-0.350140056022409,IMU0,55.385
3.6404296875,0.11496093750000001,9.283095703125001,0.0,-0.9803921568627452,-0.350140056022409,IMU0,55.395
3.65958984375,0.086220703125,9.311835937500001,0.1400560224089636,-0.9803921568627452,-0.350140056022409,IMU0,55.405
3.650009765625,0.10538085937500001,9.321416015625001,0.1400560224089636,-1.050420168067227,-0.42016806722689076,IMU0,55.415
3.5925292968750004,0.09580078125000001,9.33099609375,0.1400560224089636,-1.050420168067227,-0.350140056022409,IMU0,55.425
3.6308496093750002,0.12454101562500001,9.321416015625001,0.1400560224089636,-1.050420168067227,-0.350140056022409,IMU0,55.435
3.650009765625,0.10538085937500001,9.321416015625001,0.0700280112044818,-1.050420168067227,-0.350140056022409,IMU0,55.445
3.6404296875,0.12454101562500001,9.321416015625001,0.1400560224089636,-1.050420168067227,-0.350140056022409,IMU0,55.455
3.650009765625,0.10538085937500001,9.33099609375,0.21008403361344538,-0.9803921568627452,-0.350140056022409,IMU0,55.465
3.650009765625,0.12454101562500001,9.33099609375,0.1400560224089636,-1.050420168067227,-0.350140056022409,IMU0,55.475
3.6308496093750002,0.12454101562500001,9.302255859375,0.0,-0.9803921568627452,-0.350140056022409,IMU0,55.485
3.6116894531250003,0.12454101562500001,9.302255859375,0.0700280112044818,-0.9803921568627452,-0.350140056022409,IMU0,55.495
3.650009765625,0.11496093750000001,9.321416015625001,0.1400560224089636,-1.050420168067227,-0.350140056022409,IMU0,55.505
3.65958984375,0.09580078125000001,9.283095703125001,0.42016806722689076,-1.1204481792717087,-0.42016806722689076,IMU0,55.515
3.650009765625,0.10538085937500001,9.29267578125,0.1400560224089636,-1.050420168067227,-0.350140056022409,IMU0,55.525
3.6308496093750002,0.11496093750000001,9.311835937500001,0.1400560224089636,-1.050420168067227,-0.350140056022409,IMU0,55.535
3.6404296875,0.10538085937500001,9.29267578125,0.1400560224089636,-0.9803921568627452,-0.350140056022409,IMU0,55.545
3.6308496093750002,0.11496093750000001,9.302255859375,0.0700280112044818,-0.9803921568627452,-0.350140056022409,IMU0,55.555
3.65958984375,0.11496093750000001,9.302255859375,0.0,-1.050420168067227,-0.350140056022409,IMU0,55.565
3.58294921875,0.10538085937500001,9.29267578125,0.2801120448179272,-1.050420168067227,-0.42016806722689076,IMU0,55.575
3.6308496093750002,0.09580078125000001,9.302255859375,0.2801120448179272,-1.050420168067227,-0.350140056022409,IMU0,55.585
3.6404296875,0.09580078125000001,9.311835937500001,0.0700280112044818,-0.9803921568627452,-0.350140056022409,IMU0,55.595
3.6116894531250003,0.11496093750000001,9.321416015625001,0.0,-0.9803921568627452,-0.42016806722689076,IMU0,55.605
3.6308496093750002,0.086220703125,9.29267578125,-0.1400560224089636,-0.9803921568627452,-0.350140056022409,IMU0,55.615
3.6404296875,0.11496093750000001,9.302255859375,0.1400560224089636,-1.050420168067227,-0.350140056022409,IMU0,55.625
3.65958984375,0.11496093750000001,9.311835937500001,0.1400560224089636,-1.050420168067227,-0.350140056022409,IMU0,55.635
3.6308496093750002,0.10538085937500001,9.29267578125,0.0700280112044818,-1.050420168067227,-0.350140056022409,IMU0,55.645
3.6308496093750002,0.13412109375,9.311835937500001,0.0700280112044818,-1.050420168067227,-0.350140056022409,IMU0,55.655
3.65958984375,0.12454101562500001,9.283095703125001,0.0,-1.050420168067227,-0.42016806722689076,IMU0,55.665
3.6308496093750002,0.10538085937500001,9.311835937500001,0.0700280112044818,-1.050420168067227,-0.42016806722689076,IMU0,55.675
3.6212695312500003,0.11496093750000001,9.321416015625001,0.0,-0.9803921568627452,-0.42016806722689076,IMU0,55.685
3.65958984375,0.12454101562500001,9.302255859375,0.0700280112044818,-0.9803921568627452,-0.350140056022409,IMU0,55.695
3.65958984375,0.11496093750000001,9.321416015625001,0.1400560224089636,-1.050420168067227,-0.350140056022409,IMU0,55.705
3.6308496093750002,0.13412109375,9.33099609375,0.1400560224089636,-1.050420168067227,-0.350140056022409,IMU0,55.715
3.6404296875,0.11496093750000001,9.311835937500001,0.1400560224089636,-1.050420168067227,-0.350140056022409,IMU0,55.725
3.6404296875,0.11496093750000001,9.273515625,0.1400560224089636,-1.050420168067227,-0.42016806722689076,IMU0,55.735
3.5925292968750004,0.12454101562500001,9.33099609375,0.0700280112044818,-1.050420168067227,-0.350140056022409,IMU0,55.745
3.6212695312500003,0.10538085937500001,9.302255859375,0.1400560224089636,-0.9803921568627452,-0.350140056022409,IMU0,55.755
3.6308496093750002,0.10538085937500001,9.302255859375,0.21008403361344538,-1.050420168067227,-0.42016806722689076,IMU0,55.765
3.6308496093750002,0.10538085937500001,9.29267578125,0.1400560224089636,-1.050420168067227,-0.42016806722689076,IMU0,55.775
3.6116894531250003,0.13412109375,9.302255859375,0.0700280112044818,-0.9803921568627452,-0.350140056022409,IMU0,55.785
3.650009765625,0.10538085937500001,9.340576171875,0.350140056022409,-1.050420168067227,-0.350140056022409,IMU0,55.795
3.6212695312500003,0.11496093750000001,9.311835937500001,0.350140056022409,-1.1204481792717087,-0.350140056022409,IMU0,55.805
3.6116894531250003,0.09580078125000001,9.33099609375,0.0,-1.050420168067227,-0.350140056022409,IMU0,55.815
3.6308496093750002,0.12454101562500001,9.33099609375,0.1400560224089636,-1.050420168067227,-0.350140056022409,IMU0,55.825
3.650009765625,0.10538085937500001,9.359736328125,0.1400560224089636,-1.050420168067227,-0.42016806722689076,IMU0,55.835
3.650009765625,0.11496093750000001,9.33099609375,0.1400560224089636,-0.9803921568627452,-0.42016806722689076,IMU0,55.845
3.650009765625,0.11496093750000001,9.302255859375,0.2801120448179272,-1.050420168067227,-0.350140056022409,IMU0,55.855
3.65958984375,0.12454101562500001,9.321416015625001,0.1400560224089636,-1.050420168067227,-0.350140056022409,IMU0,55.865
3.6404296875,0.09580078125000001,9.311835937500001,0.1400560224089636,-1.050420168067227,-0.350140056022409,IMU0,55.875
3.6308496093750002,0.11496093750000001,9.311835937500001,0.1400560224089636,-1.050420168067227,-0.350140056022409,IMU0,55.885
3.650009765625,0.10538085937500001,9.311835937500001,0.0700280112044818,-1.050420168067227,-0.42016806722689076,IMU0,55.895
3.6212695312500003,0.143701171875,9.302255859375,0.0700280112044818,-1.050420168067227,-0.350140056022409,IMU0,55.905
3.6212695312500003,0.11496093750000001,9.311835937500001,0.0,-0.9803921568627452,-0.350140056022409,IMU0,55.915
3.6691699218750005,0.09580078125000001,9.29267578125,0.1400560224089636,-1.050420168067227,-0.42016806722689076,IMU0,55.925
3.6691699218750005,0.12454101562500001,9.311835937500001,0.1400560224089636,-0.9803921568627452,-0.42016806722689076,IMU0,55.935
3.6404296875,0.11496093750000001,9.321416015625001,0.1400560224089636,-1.050420168067227,-0.350140056022409,IMU0,55.945
3.6404296875,0.11496093750000001,9.33099609375,0.0700280112044818,-1.1204481792717087,-0.350140056022409,IMU0,55.955
3.6212695312500003,0.13412109375,9.350156250000001,0.1400560224089636,-1.050420168067227,-0.350140056022409,IMU0,55.965
3.65958984375,0.10538085937500001,9.321416015625001,0.21008403361344538,-1.1204481792717087,-0.350140056022409,IMU0,55.975
3.6404296875,0.11496093750000001,9.311835937500001,0.1400560224089636,-1.050420168067227,-0.42016806722689076,IMU0,55.985
3.6404296875,0.12454101562500001,9.302255859375,0.21008403361344538,-1.050420168067227,-0.42016806722689076,IMU0,55.995
3.6691699218750005,0.09580078125000001,9.29267578125,0.21008403361344538,-1.050420168067227,-0.350140056022409,IMU0,56.005
3.6308496093750002,0.12454101562500001,9.311835937500001,0.1400560224089636,-1.050420168067227,-0.42016806722689076,IMU0,56.015
3.6021093750000004,0.11496093750000001,9.29267578125,0.1400560224089636,-1.050420168067227,-0.350140056022409,IMU0,56.025
3.650009765625,0.11496093750000001,9.29267578125,0.0700280112044818,-1.050420168067227,-0.350140056022409,IMU0,56.035
3.6308496093750002,0.10538085937500001,9.311835937500001,0.0700280112044818,-1.050420168067227,-0.42016806722689076,IMU0,56.045
3.6212695312500003,0.12454101562500001,9.29267578125,0.1400560224089636,-1.050420168067227,-0.42016806722689076,IMU0,56.055
3.6308496093750002,0.12454101562500001,9.302255859375,-0.0700280112044818,-1.050420168067227,-0.42016806722689076,IMU0,56.065
3.6691699218750005,0.12454101562500001,9.311835937500001,0.2801120448179272,-0.9803921568627452,-0.350140056022409,IMU0,56.075
3.6404296875,0.11496093750000001,9.311835937500001,0.0700280112044818,-1.050420168067227,-0.42016806722689076,IMU0,56.085
3.650009765625,0.11496093750000001,9.302255859375,0.1400560224089636,-1.050420168067227,-0.42016806722689076,IMU0,56.095
3.650009765625,0.13412109375,9.302255859375,0.0700280112044818,-1.050420168067227,-0.350140056022409,IMU0,56.105
3.6404296875,0.13412109375,9.321416015625001,0.21008403361344538,-1.1204481792717087,-0.350140056022409,IMU0,56.115
3.6308496093750002,0.086220703125,9.311835937500001,0.1400560224089636,-1.050420168067227,-0.42016806722689076,IMU0,56.125
3.6404296875,0.11496093750000001,9.283095703125001,0.1400560224089636,-1.050420168067227,-0.42016806722689076,IMU0,56.135
3.6116894531250003,0.11496093750000001,9.302255859375,0.0700280112044818,-1.050420168067227,-0.350140056022409,IMU0,56.145
3.6404296875,0.12454101562500001,9.311835937500001,0.1400560224089636,-1.1204481792717087,-0.42016806722689076,IMU0,56.155
3.650009765625,0.09580078125000001,9.302255859375,0.1400560224089636,-1.050420168067227,-0.42016806722689076,IMU0,56.165
3.6212695312500003,0.09580078125000001,9.283095703125001,0.0700280112044818,-1.1204481792717087,-0.350140056022409,IMU0,56.175
3.6308496093750002,0.10538085937500001,9.302255859375,0.0700280112044818,-1.050420168067227,-0.42016806722689076,IMU0,56.185
3.6212695312500003,0.13412109375,9.33099609375,0.21008403361344538,-1.050420168067227,-0.42016806722689076,IMU0,56.195
3.6691699218750005,0.10538085937500001,9.302255859375,0.21008403361344538,-1.050420168067227,-0.350140056022409,IMU0,56.205
3.650009765625,0.10538085937500001,9.302255859375,0.1400560224089636,-1.050420168067227,-0.42016806722689076,IMU0,56.215
3.6404296875,0.11496093750000001,9.29267578125,0.21008403361344538,-1.050420168067227,-0.350140056022409,IMU0,56.225
3.6308496093750002,0.11496093750000001,9.311835937500001,0.1400560224089636,-1.050420168067227,-0.350140056022409,IMU0,56.235
3.6308496093750002,0.13412109375,9.311835937500001,0.1400560224089636,-1.050420168067227,-0.42016806722689076,IMU0,56.245
3.6212695312500003,0.10538085937500001,9.29267578125,0.0700280112044818,-1.050420168067227,-0.42016806722689076,IMU0,56.255
3.6404296875,0.13412109375,9.311835937500001,-0.0700280112044818,-1.050420168067227,-0.42016806722689076,IMU0,56.265
3.6308496093750002,0.12454101562500001,9.311835937500001,0.0,-0.9803921568627452,-0.42016806722689076,IMU0,56.275
3.6308496093750002,0.10538085937500001,9.33099609375,0.1400560224089636,-1.050420168067227,-0.42016806722689076,IMU0,56.285
3.650009765625,0.10538085937500001,9.33099609375,0.1400560224089636,-1.050420168067227,-0.350140056022409,IMU0,56.295
3.6691699218750005,0.10538085937500001,9.29267578125,-0.1400560224089636,-0.9803921568627452,-0.350140056022409,IMU0,56.305
3.6404296875,0.12454101562500001,9.321416015625001,0.0700280112044818,-1.050420168067227,-0.42016806722689076,IMU0,56.315
3.65958984375,0.13412109375,9.302255859375,0.0700280112044818,-1.050420168067227,-0.42016806722689076,IMU0,56.325
3.6212695312500003,0.10538085937500001,9.311835937500001,0.0700280112044818,-1.050420168067227,-0.42016806722689076,IMU0,56.335
3.6116894531250003,0.09580078125000001,9.311835937500001,0.1400560224089636,-1.050420168067227,-0.42016806722689076,IMU0,56.345
3.6308496093750002,0.10538085937500001,9.29267578125,0.21008403361344538,-1.050420168067227,-0.350140056022409,IMU0,56.355
3.6787500000000004,0.10538085937500001,9.29267578125,0.1400560224089636,-1.050420168067227,-0.350140056022409,IMU0,56.365
3.6308496093750002,0.13412109375,9.321416015625001,0.0700280112044818,-1.050420168067227,-0.42016806722689076,IMU0,56.375
3.650009765625,0.12454101562500001,9.340576171875,0.0,-1.050420168067227,-0.42016806722689076,IMU0,56.385
3.650009765625,0.11496093750000001,9.302255859375,0.1400560224089636,-1.050420168067227,-0.42016806722689076,IMU0,56.395
3.6404296875,0.13412109375,9.311835937500001,0.1400560224089636,-1.1204481792717087,-0.42016806722689076,IMU0,56.405
3.65958984375,0.10538085937500001,9.321416015625001,0.0700280112044818,-1.050420168067227,-0.350140056022409,IMU0,56.415
3.6404296875,0.143701171875,9.311835937500001,0.0700280112044818,-1.050420168067227,-0.350140056022409,IMU0,56.425
3.650009765625,0.09580078125000001,9.321416015625001,0.0700280112044818,-1.050420168067227,-0.42016806722689076,IMU0,56.435
3.650009765625,0.13412109375,9.311835937500001,0.1400560224089636,-1.050420168067227,-0.42016806722689076,IMU0,56.445
3.6404296875,0.11496093750000001,9.302255859375,0.0,-1.050420168067227,-0.350140056022409,IMU0,56.455
3.6404296875,0.10538085937500001,9.321416015625001,0.0700280112044818,-1.050420168067227,-0.350140056022409,IMU0,56.465
3.6691699218750005,0.12454101562500001,9.311835937500001,0.0700280112044818,-1.050420168067227,-0.42016806722689076,IMU0,56.475
3.650009765625,0.10538085937500001,9.302255859375,0.21008403361344538,-1.050420168067227,-0.42016806722689076,IMU0,56.485
3.6308496093750002,0.12454101562500001,9.29267578125,0.1400560224089636,-0.9803921568627452,-0.350140056022409,IMU0,56.495
3.6308496093750002,0.10538085937500001,9.311835937500001,0.1400560224089636,-1.050420168067227,-0.42016806722689076,IMU0,56.505
3.6404296875,0.13412109375,9.33099609375,0.1400560224089636,-1.050420168067227,-0.42016806722689076,IMU0,56.515
3.650009765625,0.10538085937500001,9.311835937500001,0.1400560224089636,-1.1204481792717087,-0.42016806722689076,IMU0,56.525
3.6308496093750002,0.10538085937500001,9.302255859375,0.0700280112044818,-1.050420168067227,-0.42016806722689076,IMU0,56.535
3.6308496093750002,0.12454101562500001,9.321416015625001,0.1400560224089636,-1.050420168067227,-0.42016806722689076,IMU0,56.545
3.6116894531250003,0.11496093750000001,9.29267578125,0.1400560224089636,-1.050420168067227,-0.350140056022409,IMU0,56.555
3.6212695312500003,0.10538085937500001,9.33099609375,0.21008403361344538,-1.050420168067227,-0.350140056022409,IMU0,56.565
3.6308496093750002,0.11496093750000001,9.311835937500001,0.1400560224089636,-1.1204481792717087,-0.42016806722689076,IMU0,56.575
3.6308496093750002,0.12454101562500001,9.33099609375,0.1400560224089636,-1.050420168067227,-0.42016806722689076,IMU0,56.585
3.650009765625,0.10538085937500001,9.33099609375,-0.0700280112044818,-0.9803921568627452,-0.350140056022409,IMU0,56.595
3.6404296875,0.11496093750000001,9.311835937500001,0.0700280112044818,-0.9803921568627452,-0.42016806722689076,IMU0,56.605
3.650009765625,0.09580078125000001,9.321416015625001,0.0,-1.050420168067227,-0.42016806722689076,IMU0,56.615
3.650009765625,0.12454101562500001,9.311835937500001,0.0,-1.050420168067227,-0.2801120448179272,IMU0,56.625
3.65958984375,0.12454101562500001,9.321416015625001,0.1400560224089636,-1.050420168067227,-0.350140056022409,IMU0,56.635
3.6212695312500003,0.13412109375,9.29267578125,0.0700280112044818,-1.050420168067227,-0.42016806722689076,IMU0,56.645
3.6212695312500003,0.10538085937500001,9.311835937500001,0.21008403361344538,-1.050420168067227,-0.350140056022409,IMU0,56.655
3.6212695312500003,0.12454101562500001,9.321416015625001,0.21008403361344538,-1.050420168067227,-0.42016806722689076,IMU0,56.665
3.6116894531250003,0.10538085937500001,9.321416015625001,0.0,-1.050420168067227,-0.350140056022409,IMU0,56.675
3.6308496093750002,0.11496093750000001,9.321416015625001,0.0700280112044818,-1.050420168067227,-0.42016806722689076,IMU0,56.685
3.6308496093750002,0.09580078125000001,9.340576171875,0.0,-1.050420168067227,-0.350140056022409,IMU0,56.695
3.6116894531250003,0.15328125,9.340576171875,0.0700280112044818,-1.050420168067227,-0.350140056022409,IMU0,56.705
3.6404296875,0.11496093750000001,9.302255859375,0.0,-1.050420168067227,-0.350140056022409,IMU0,56.715
3.650009765625,0.13412109375,9.321416015625001,0.0700280112044818,-1.050420168067227,-0.350140056022409,IMU0,56.725
3.65958984375,0.13412109375,9.321416015625001,0.0700280112044818,-1.050420168067227,-0.350140056022409,IMU0,56.735
3.6404296875,0.10538085937500001,9.33099609375,0.0700280112044818,-1.050420168067227,-0.42016806722689076,IMU0,56.745
3.6404296875,0.10538085937500001,9.33099609375,0.1400560224089636,-1.050420168067227,-0.42016806722689076,IMU0,56.755
3.650009765625,0.10538085937500001,9.302255859375,0.1400560224089636,-1.050420168067227,-0.42016806722689076,IMU0,56.765
3.6308496093750002,0.067060546875,9.311835937500001,0.0700280112044818,-1.050420168067227,-0.350140056022409,IMU0,56.775
3.6308496093750002,0.11496093750000001,9.302255859375,0.0,-1.050420168067227,-0.350140056022409,IMU0,56.785
3.650009765625,0.09580078125000001,9.302255859375,0.0700280112044818,-1.050420168067227,-0.350140056022409,IMU0,56.795
3.6308496093750002,0.10538085937500001,9.302255859375,0.0,-1.050420168067227,-0.42016806722689076,IMU0,56.805
3.65958984375,0.12454101562500001,9.350156250000001,0.0700280112044818,-1.050420168067227,-0.350140056022409,IMU0,56.815
3.650009765625,0.13412109375,9.359736328125,0.1400560224089636,-1.050420168067227,-0.350140056022409,IMU0,56.825
3.6116894531250003,0.09580078125000001,9.33099609375,0.0700280112044818,-1.050420168067227,-0.350140056022409,IMU0,56.835
3.6404296875,0.076640625,9.311835937500001,0.1400560224089636,-1.050420168067227,-0.350140056022409,IMU0,56.845
3.6308496093750002,0.11496093750000001,9.321416015625001,0.0700280112044818,-1.050420168067227,-0.350140056022409,IMU0,56.855
3.6308496093750002,0.13412109375,9.311835937500001,0.0700280112044818,-0.9803921568627452,-0.350140056022409,IMU0,56.865
3.6404296875,0.09580078125000001,9.321416015625001,0.21008403361344538,-1.050420168067227,-0.350140056022409,IMU0,56.875
3.6404296875,0.13412109375,9.321416015625001,0.2801120448179272,-1.1204481792717087,-0.42016806722689076,IMU0,56.885
3.6404296875,0.10538085937500001,9.321416015625001,0.2801120448179272,-1.1204481792717087,-0.350140056022409,IMU0,56.895