q0_estimated,q1_estimated,q2_estimated,q3_estimated,ts
0.8915869473407116,-0.35423454486604605,-0.272826605983787,-0.07180700260130465,-0.75
0.8915690145707126,-0.35422742003471275,-0.2729211262774509,-0.07170555058297262,-0.74
0.8915690145707126,-0.35422742003471275,-0.2729211262774509,-0.07170555058297262,-0.73
0.8915690145707126,-0.35422742003471275,-0.2729211262774509,-0.07170555058297262,-0.72
0.8915446764231314,-0.35421775029621216,-0.27301368105834534,-0.07170359315708191,-0.71
0.8914925684793273,-0.3543367926993781,-0.273028350005448,-0.07170744577066161,-0.7
0.8914925684793273,-0.3543367926993781,-0.273028350005448,-0.07170744577066161,-0.69
0.8914861707604534,-0.3543342498322063,-0.2730263906412428,-0.07180694083531586,-0.68
0.8914861707604534,-0.3543342498322063,-0.2730263906412428,-0.07180694083531586,-0.67
0.8914682222161575,-0.3543271159201084,-0.2731209013767474,-0.07170548747240127,-0.66
0.8914233324927407,-0.3543490258074476,-0.27323780369911,-0.07170992139541064,-0.65
0.8913673765495811,-0.3544267903614625,-0.2733206597228773,-0.07170542005902049,-0.64
0.8913430083377535,-0.3544171010376975,-0.2734131925048152,-0.07170345977540325,-0.63
0.8913250198444655,-0.3544099484268805,-0.2735076774682613,-0.0716020098966271,-0.62
0.8913430083377535,-0.3544171010376975,-0.2734131925048152,-0.07170345977540325,-0.61
0.8913430083377535,-0.3544171010376975,-0.2734131925048152,-0.07170345977540325,-0.6
0.8913673765495811,-0.3544267903614625,-0.2733206597228773,-0.07170542005902049,-0.59
0.8913673765495811,-0.3544267903614625,-0.2733206597228773,-0.07170542005902049,-0.58
0.8913566073988365,-0.35432250196500364,-0.2735173702721662,-0.0716045473911777,-0.57
0.8913116660638875,-0.35434439327472544,-0.27363428168209114,-0.07160897137586887,-0.56
0.8912800761992301,-0.35443184358730606,-0.27362458353692704,-0.07160643341097944,-0.55
0.8912484807797039,-0.354519284600993,-0.2736148836864082,-0.07160389499980564,-0.54
0.8912484807797039,-0.354519284600993,-0.2736148836864082,-0.07160389499980564,-0.53
0.891266477589439,-0.3545264433409516,-0.27352040127997257,-0.07170534834286667,-0.52
0.8912908539073442,-0.35453613971067494,-0.27342787192355017,-0.07170730949860478,-0.51
0.8912528528613085,-0.35462102965060593,-0.2734162140622551,-0.07180425811876341,-0.5
0.891277219146966,-0.3546307247638175,-0.2733236804228746,-0.07180622120147236,-0.49
0.891277219146966,-0.3546307247638175,-0.2733236804228746,-0.07180622120147236,-0.48
0.8912528528613085,-0.35462102965060593,-0.2734162140622551,-0.07180425811876341,-0.47
0.891266477589439,-0.3545264433409516,-0.27352040127997257,-0.07170534834286667,-0.46
0.891234874702984,-0.3546138763124755,-0.2735107026831981,-0.07170280578568666,-0.45
0.8912143011077883,-0.3546454844269125,-0.273535081756234,-0.07170919693572936,-0.44
0.8911583059395615,-0.3547232085251515,-0.2736179020368803,-0.07170469143291051,-0.43
0.8911133256320393,-0.35474511403107106,-0.27373481170088565,-0.07170911947005298,-0.42
0.8910817070277478,-0.3548325360869191,-0.27372509900504444,-0.07170657507731708,-0.41
0.8911202954958475,-0.35480808084606297,-0.2736062314528828,-0.07180163530086618,-0.4
0.8911519111107773,-0.3547206630804542,-0.27361593859264804,-0.0718041827154683,-0.39
0.8911762924121577,-0.3547303679930337,-0.2735234159743296,-0.07180614722836148,-0.38
0.8911762924121577,-0.3547303679930337,-0.2735234159743296,-0.07180614722836148,-0.37
0.8911446742023048,-0.35481778746153936,-0.27351371158605137,-0.07180359960467454,-0.36
0.8911446742023048,-0.35481778746153936,-0.27351371158605137,-0.07180359960467454,-0.35
0.8910753124126775,-0.3548299897239259,-0.2737231346883836,-0.07180606894638634,-0.34
0.8910889262011399,-0.3547354008120587,-0.273827326592449,-0.0717071560141658,-0.33
0.8910645198624254,-0.35472568484310024,-0.2739198338836345,-0.0717051920023972,-0.32
0.8910401066178185,-0.354715966124961,-0.2740123335727074,-0.0717032274349019,-0.31
0.8910464915635776,-0.35471850792098875,-0.2740142970689341,-0.07160373602239299,-0.3
0.8910401066178185,-0.354715966124961,-0.2740123335727074,-0.0717032274349019,-0.29
0.8910401066178185,-0.354715966124961,-0.2740123335727074,-0.0717032274349019,-0.28
0.8910401066178185,-0.354715966124961,-0.2740123335727074,-0.0717032274349019,-0.27
0.8910645198624254,-0.35472568484310024,-0.2739198338836345,-0.0717051920023972,-0.26
0.8910059023451146,-0.35484217549898606,-0.27393255881953854,-0.07180853495159864,-0.25
0.8909878824689856,-0.35483499910202726,-0.2740270286188148,-0.07170707281740518,-0.24
0.8909562612094772,-0.3549224122833578,-0.2740173033689491,-0.07170452792537829,-0.23
0.8909878824689856,-0.35483499910202726,-0.2740270286188148,-0.07170707281740518,-0.22
0.8909562612094772,-0.3549224122833578,-0.2740173033689491,-0.07170452792537829,-0.21
0.8909112149340396,-0.3549443086889208,-0.2741342209400766,-0.07170895162861544,-0.2
0.8909112149340396,-0.3549443086889208,-0.2741342209400766,-0.07170895162861544,-0.19
0.8909634611326093,-0.3548252733301715,-0.2741195248585118,-0.07170510737816599,-0.18
0.8909634611326093,-0.3548252733301715,-0.2741195248585118,-0.07170510737816599,-0.17
0.8909634611326093,-0.3548252733301715,-0.2741195248585118,-0.07170510737816599,-0.16
0.8909562612094772,-0.3549224122833578,-0.2740173033689491,-0.07170452792537829,-0.15
0.8909562612094772,-0.3549224122833578,-0.2740173033689491,-0.07170452792537829,-0.14
0.8908795858282618,-0.3550317163999023,-0.2741244886344034,-0.07170640581936054,-0.13
0.8908976120898637,-0.35503890019297446,-0.27403002437429574,-0.07180786770100159,-0.12
0.8909534053477228,-0.35512128660789805,-0.2737164070531729,-0.07190431007352259,-0.11
0.8909670522486204,-0.3550267185410936,-0.2738206071452153,-0.07180540391901555,-0.1
0.8909040057500212,-0.35504144818282163,-0.27403199099181164,-0.07170837136537553,-0.09
0.8908551590048076,-0.355021981866532,-0.27421697866986783,-0.07170443971783196,-0.08
0.8907848290244581,-0.3551338192282307,-0.27432612394903877,-0.07160681908403638,-0.07
0.8907035547614882,-0.35514128935077977,-0.27463192919100005,-0.07140830205476112,-0.06
0.8907035547614882,-0.35514128935077977,-0.27463192919100005,-0.07140830205476112,-0.05
0.8907208255677258,-0.3552481891327826,-0.2744372271904154,-0.0714096866668938,-0.04
0.8906891758109781,-0.3553355762021564,-0.27442747568216075,-0.07140714928464387,-0.03
0.8906330742733312,-0.3554131985141948,-0.2745101941253418,-0.07140265158670092,-0.02
0.8905517024799248,-0.3554206345439251,-0.2748159549034063,-0.07120413387599174,-0.01
0.8904004695532893,-0.3554401065699641,-0.27533106735709373,-0.07100801228606486,0.0
0.9999994999003602,0.0,-0.0010000995098513453,0.0,0.01
0.9999973544814188,0.0,-0.0023002239377010333,0.0,0.02
0.9999938738311116,0.0,-0.0035003285912680177,0.0,0.03
0.9999911783524689,0.0,-0.004200382987379107,0.0,0.04
0.999990753278977,0.0,-0.004300390278127414,0.0,0.05
0.9999919984957971,0.0,-0.0040003680307862674,0.0,0.06
0.9999935187668156,0.0,-0.0036003367012306595,0.0,0.07
0.9999942188939587,0.0,-0.0034003203762770873,0.0,0.08
0.9999931537011031,0.0,-0.0037003447031643977,0.0,0.09
0.9999915834230068,0.0001000091592582265,-0.004100375529587286,0.0001000091592582265,0.1
0.9999911533481309,0.00010000911624643774,-0.0042003828823503845,0.00020001823249287548,0.11
0.9999934687577903,-0.00010000934781056008,-0.003600336521180163,0.0003000280434316802,0.12
0.9999957041685525,-0.00030002871412197795,-0.002900277569845787,0.00030002871412197795,0.13
0.9999926786161852,-0.0004000370751539895,-0.0038003522139629002,0.00020001853757699474,0.14
0.9999914133933384,-0.0006000548535213552,-0.004100374832395927,0.0,0.15
0.999998254655517,-0.0003000294793445895,-0.0018001768760675372,-0.00040003930579278604,0.16
0.999999274855767,-0.0003000297854352736,0.0010000992847842454,-0.0006000595708705472,0.17
0.9999938088193109,-0.0001000093818201131,0.0034003189818838453,-0.0009000844363810179,0.18
0.9999861475174268,0.0,0.005100439396278504,-0.0013001120029729521,0.19
0.9999780513329787,0.00020001561182777852,0.006400499578488913,-0.0017001327005361174,0.2
0.9999589443172604,0.0005000294751061408,0.008800518761868078,-0.0021001237954457914,0.21
0.9998901091574629,0.0009000811144646096,0.014601315856870333,-0.002400216305238959,0.22
0.9997814705125724,0.001300105943449379,0.020701686945693958,-0.002600211886898758,0.23
0.9996538128131546,0.0016000861349550293,0.026101405076453914,-0.0029001561196059906,0.24
0.9994970408810495,0.0019001844883670144,0.031503058622926815,-0.003100301007335655,0.25
0.9993183126758711,0.00210003848355782,0.03670067254598666,-0.0034000623067126606,0.26
0.9991125139626065,0.0022000275555177,0.04190052480735983,-0.0037000463433706776,0.27
0.9988846640577055,0.0022001864847086025,0.047003983991501956,-0.003900330586528886,0.28
0.9986305335953543,0.0022000672680850984,0.052101593030560736,-0.004200128420889734,0.29
0.998362070099407,0.0021001305691763545,0.057003544020501055,-0.004400273573512362,0.3
0.9980694830256754,0.0020001392445404315,0.06190430961852636,-0.0046003202624429924,0.31
0.9977593285335643,0.0017001010910163972,0.06670396633576099,-0.0049002913799884385,0.32
0.9974264421254757,0.0014000371154759034,0.07150189554037649,-0.005100135206376505,0.33
0.9970851995849733,0.0009000769103575487,0.0761065031980105,-0.005300452916550009,0.34
0.9967224763452652,0.00040000902030511295,0.08070181984655654,-0.0056001262842715815,0.35
0.9963551099252371,-0.00020001106291784345,0.08510470727154239,-0.00580032082461746,0.36
0.9959760058291178,-0.0010000763187359351,0.0894068228949926,-0.006100465544289205,0.37
0.9955867293376535,-0.0019001655306293739,0.09360815456153126,-0.006400557576856839,0.38
0.9951882771154439,-0.002900257264229512,0.09770866714318045,-0.006700594369081976,0.39
0.9947912961865688,-0.004100376308801581,0.10160932511566843,-0.007000642478441723,0.4
0.9943775048032042,-0.005300413130299691,0.10550822363143723,-0.0073005690285259895,0.41
0.9939883645234211,-0.006800604566615619,0.10900969084722095,-0.007600675692099809,0.42
0.9935932729785073,-0.008500798007365185,0.11241055247386433,-0.00800075106575547,0.43
0.9932078463729797,-0.010200080580954885,0.11560091325082204,-0.008400066360786376,0.44
0.9928183822025214,-0.012000222186170684,0.11870219779153836,-0.008800162936525168,0.45
0.992426071375347,-0.014000367794493006,0.12170319718498562,-0.009100239066420454,0.46
0.9920288436579501,-0.016200471035543135,0.12460362290300461,-0.0095002762245469,0.47
0.9916434250163929,-0.01840080578892863,0.12730557483318558,-0.009900433549477904,0.48
0.991254431275273,-0.02080114222207998,0.12990713339654758,-0.010300565619587684,0.49
0.990861212342147,-0.02340144566896068,0.13240817976796554,-0.010700661053755525,0.5
0.9904655610853041,-0.02610172773053962,0.1348089232979594,-0.011100734781953631,0.51
0.9900673912305542,-0.028901967279356584,0.13710933266435252,-0.011500782827425629,0.52
0.9896634048171096,-0.03190204386991289,0.13930892511219015,-0.011900762446770012,0.53
0.9892559489523343,-0.035001979592935405,0.14140799755545902,-0.0123006956855173,0.54
0.9888396878773255,-0.0383015372630477,0.14340575570551017,-0.012800513758929778,0.55
0.9884032045666645,-0.04170435457900426,0.14541518359201966,-0.01320137842788624,0.56
0.987947472016573,-0.045202172016549344,0.14740708308051712,-0.01370065833244969,0.57
0.9874385108528995,-0.04880190331134444,0.14960583474133457,-0.014200553832399406,0.58
0.9869051652831287,-0.0525055950317838,0.15181617763475774,-0.014601555951696066,0.59
0.9863197167282082,-0.05630112547074736,0.15420308255043058,-0.015000299858991303,0.6
0.9856715623532345,-0.06020437099600722,0.15681138491983276,-0.015401118161769289,0.61
0.984955454553181,-0.06410360913479429,0.1597089918693705,-0.015700883984653205,0.62
0.9841653999638136,-0.06820453234176617,0.16281081913840956,-0.016101069951648613,0.63
0.9833126006563764,-0.0723082801337022,0.16611902254782762,-0.016501889657068967,0.64
0.9823757097014646,-0.07650589615408943,0.16971307944247027,-0.016801294841682385,0.65
0.981385590369667,-0.0807070387677898,0.17341512419250002,-0.017201500208252597,0.66
0.9803378956938013,-0.08500328586552393,0.17720685006318637,-0.01760068036744966,0.67
0.9792350866217419,-0.0893031997909738,0.18110648916176209,-0.018000644974664373,0.68
0.9780102202602029,-0.09370097918034868,0.18540193746036973,-0.018500193328030424,0.69
0.9767236663011553,-0.09810237704939422,0.1898045990211521,-0.019000460386732823,0.7
0.9754014909282102,-0.10261067668331217,0.19412019828685081,-0.01950202919419676,0.71
0.9740005317830958,-0.10711105550258708,0.19862050067986736,-0.020002064519624104,0.72
0.9725185023405122,-0.11160212325059245,0.20330386789288032,-0.020500390023630334,0.73
0.9708751971961471,-0.11610899298977409,0.20851615020127387,-0.021001626638977224,0.74
0.9690800202410433,-0.12070996743353346,0.2141176804268394,-0.02160178373292728,0.75
0.9671702481262747,-0.1252090942667869,0.2200159803409993,-0.022301619825474024,0.76
0.965188463576716,-0.1298118978056758,0.22592070658168079,-0.0228020899073144,0.77
0.9631463429012098,-0.13440646712275214,0.23181115386200854,-0.023401125972264885,0.78
0.9610639272932565,-0.1390092465075574,0.2376158055409758,-0.023901589867126774,0.79
0.958947747197029,-0.14360715037803043,0.24331211481180223,-0.024401214966740546,0.8
0.9568662030784691,-0.14811024736195785,0.24871720809533368,-0.024701709046862655,0.81
0.9546830132971662,-0.15271327899693826,0.25422210557316116,-0.025102182729686645,0.82
0.9525123922668357,-0.15710204391088703,0.2596033774619113,-0.025400330460448952,0.83
0.9503599743585827,-0.16151019242229936,0.26471670547481513,-0.025601615640934144,0.84
0.9482009982672746,-0.16581766217984825,0.2697287303371838,-0.025802748397105457,0.85
0.946032558270749,-0.170105854293715,0.27460945084687916,-0.026000894836193944,0.86
0.9438072697921642,-0.17421980120567448,0.27963178195813193,-0.026102966770769828,0.87
0.9416021976325645,-0.1783193540497995,0.28443087095772845,-0.02620284394898905,0.88
0.9393451084351866,-0.1823087546766044,0.28931389318673423,-0.02630126301697584,0.89
0.9369464081049186,-0.18610921821787316,0.2946145926221678,-0.02640130768915557,0.9
0.9343905935597814,-0.18991841348282404,0.30022910862318997,-0.02660257924509278,0.91
0.9316813300131003,-0.1934168840967514,0.30632674042830893,-0.026902348408493343,0.92
0.9286987584334963,-0.19692094070165347,0.3130332881646396,-0.027402914043805512,0.93
0.9253682067773635,-0.20011475000124332,0.3207236398070901,-0.02800206396818997,0.94
0.9217499740295497,-0.2032110173839693,0.32901783818565894,-0.028801561518987776,0.95
0.9177687664010804,-0.2061154437782093,0.33812533498987174,-0.029802233015966215,0.96
0.9132859533858,-0.2088196529423511,0.34833278314090466,-0.0311029272342295,0.97
0.9082295815192131,-0.21130688237724038,0.3597117160013884,-0.032801068348194434,0.98
0.9024009346773741,-0.2135238829143515,0.3726416804397535,-0.03490390404548416,0.99
0.8957855023278491,-0.21552057134269453,0.3869369329581834,-0.03740357015413817,1.0
0.8882392388350825,-0.21710959102803018,0.4028177948691412,-0.04040178478826541,1.01
0.8795849280248992,-0.21842108957434678,0.4203405858429393,-0.044004248815344586,1.02
0.8695989485978775,-0.2193249562133577,0.43975003760608017,-0.04810547375222301,1.03
0.8582493378813228,-0.21991264204160207,0.4607264856233109,-0.052703029720747745,1.04
0.8453848893588248,-0.22012210357018497,0.4832485254207786,-0.05780580457227029,1.05
0.8310846669077465,-0.21972238425948484,0.5069516457948696,-0.06340645954506755,1.06
0.8152787678868322,-0.21902116065654592,0.5315513556573249,-0.06930669604337275,1.07
0.7985618190632131,-0.21781686185593965,0.5560430449582299,-0.07530582964991854,1.08
0.7811921392346726,-0.21632551493593608,0.5799684055078563,-0.08110956662646517,1.09
0.7634618352781601,-0.2146173825657495,0.6029488348037763,-0.08670702268616254,1.1
0.7458264884981168,-0.21280755799463563,0.6245221802991069,-0.09180326045069338,1.11
0.7285880551875256,-0.21102550397332587,0.6444778898597687,-0.09631163996507716,1.12
0.7119648985583902,-0.20921907118754773,0.6627604133651429,-0.10040915271142349,1.13
0.6959599421313852,-0.20751787324653317,0.6795585294988882,-0.103808940930073,1.14
0.68033713721623,-0.20591123997180916,0.6952379505993285,-0.10670582469641592,1.15
0.6651405581820904,-0.20441246443003952,0.7098432840139043,-0.1092066590790622,1.16
0.6499609204422865,-0.20291901947644242,0.7238678476936867,-0.11131043305928064,1.17
0.6342818625284937,-0.20142599670961628,0.7377952223072688,-0.11301458603866256,1.18
0.6181671582373008,-0.20002173054111014,0.7514816416429507,-0.1146124516000561,1.19
0.6014726141572362,-0.19862397933426523,0.7650923675262482,-0.11581398190789484,1.2
0.5837617127126487,-0.19722084931803036,0.7788823400044728,-0.1169123594588121,1.21
0.5650462396257603,-0.1958160242809272,0.7927648746041419,-0.11790964894137547,1.22
0.545159984527378,-0.19442139239061143,0.8067887718184478,-0.11871306212327971,1.23
0.5244693105768718,-0.19312552225856972,0.8206084464689615,-0.11931576802406715,1.24
0.5034534444198383,-0.19192037342901663,0.8338885219651593,-0.11971270817849552,1.25
0.48204525653312474,-0.1908179148268054,0.8466794900019573,-0.11981124840802561,1.26
0.46002964986643163,-0.18991224023833775,0.8590553679027495,-0.11970771541089535,1.27
0.43781555805228795,-0.18910672002669635,0.8708309455274837,-0.1192042359977906,1.28
0.4155572240919783,-0.18842594709730137,0.8819214445350336,-0.11841630645605351,1.29
0.3935463428104595,-0.18802214091071512,0.8922050633321753,-0.11721380273795644,1.3
0.37151656629304475,-0.18780837456213675,0.9018402139517301,-0.11570515940808958,1.31
0.3492202640937532,-0.18771089224054258,0.9109528595733097,-0.11390660962279062,1.32
0.3272097493597254,-0.18780559575108935,0.9193273917677126,-0.11180333122988173,1.33
0.30522560950300104,-0.18801577518533485,0.9270777850893904,-0.10960919659740798,1.34
0.28342503603919883,-0.1884166435772232,0.9341825199866466,-0.1071094613966062,1.35
0.2615155200990741,-0.18891121126850896,0.9407558308114684,-0.10440619616957297,1.36
0.2396117184976467,-0.18950926817739588,0.9467463017601091,-0.10170497400338344,1.37
0.2174124928807717,-0.1902109298340514,0.9522547181282006,-0.09880567753735163,1.38
0.1952062291301589,-0.19090609191059085,0.9572305457140784,-0.09570305393317728,1.39
0.17240596276333506,-0.1917066302884648,0.9617332621200656,-0.09270320619583039,1.4
0.14871710493791493,-0.19242213174213066,0.965811084321079,-0.0898103296800589,1.41
0.12411241744798644,-0.1931193215890909,0.9693969881735154,-0.08700870522139259,1.42
0.0987034729427943,-0.1937068156942174,0.9724342156998296,-0.08430296625205227,1.43
0.072602425687564,-0.19430649188834279,0.9748325697002397,-0.08170272973380137,1.44
0.04460391171156384,-0.19481708523346716,0.9765856454336791,-0.07960698144036954,1.45
0.016400626925946595,-0.19530746577057134,0.9775373670800486,-0.07750296260736958,1.46
-0.011800714613910822,-0.1958118577460796,0.9776592039456966,-0.07550457231781925,1.47
-0.03990383853485188,-0.1962188752014521,0.9769939815713484,-0.07340706136486537,1.48
-0.06740458333047064,-0.19661336918057162,0.9755663358883399,-0.07120484173782654,1.49
-0.09430873386471804,-0.19711825498129293,0.9733901449685054,-0.06900639063272052,1.5
-0.12000722645271783,-0.19751189353676477,0.9706584499583993,-0.06640399863717053,1.51
-0.14430566410847656,-0.198007771957577,0.9674379726856565,-0.06350249252174818,1.52
-0.16660857139843907,-0.19851021262058915,0.9639495916623975,-0.06030310237290442,1.53
-0.18720877093638236,-0.19910932849056479,0.9602449885315937,-0.056902665952351265,1.54
-0.20611779594815294,-0.19961723469796858,0.956482581488663,-0.053004576347656984,1.55
-0.22340485352316475,-0.20010434731416862,0.9527206980820012,-0.048701058041979065,1.56
-0.23892053610265498,-0.20051723519707962,0.9490815770674742,-0.04420379947985496,1.57
-0.2533275141288391,-0.20072180057504146,0.945502691896583,-0.039504290596483,1.58
-0.2668165898372257,-0.20081248590447873,0.9419585680947635,-0.034602151455652215,1.59
-0.2804246363865074,-0.2007176338187305,0.9381824229464428,-0.029802618275028246,1.6
-0.29463630584927564,-0.20042469685062742,0.9340150917604837,-0.025203105591995064,1.61
-0.3104112293293352,-0.19980722815722027,0.9291336120163831,-0.020800752480831738,1.62
-0.32791837870056584,-0.19901115389268864,0.9233517506990925,-0.016900947240132854,1.63
-0.34624197226465625,-0.19802400493472544,0.9169111501220014,-0.013301612452686101,1.64
-0.366630224408375,-0.1967162169697964,0.9092749591710162,-0.010200840940985884,1.65
-0.3891153353375545,-0.19520769328679166,0.9002354789793537,-0.00770030347494004,1.66
-0.4142381468762135,-0.1933178024895511,0.8893819025036617,-0.0059005433765563975,1.67
-0.440517299454031,-0.19120750886631266,0.8771344457460399,-0.0044001727981787435,1.68
-0.4673312047463462,-0.1889126141163809,0.8636576683478377,-0.003000200330064281,1.69
-0.4956559404079102,-0.18632102844631493,0.8482957398183807,-0.002000225748215941,1.7
-0.5243307712542431,-0.18331075790750095,0.8315488008733608,-0.0010000586901663991,1.71
-0.5515353710975591,-0.18021155733777,0.8144522324965587,0.00030001924085089343,1.72
-0.5761578635590678,-0.17681775781503764,0.7979801411799691,0.002300231012299698,1.73
-0.595842952887444,-0.17331249368142676,0.7841565279608005,0.005700410928933252,1.74
-0.6106444779103819,-0.1696123541657399,0.7734563367440048,0.010500764851062905,1.75
-0.6200586169117159,-0.16571566584237313,0.7666724769750346,0.01670157887488009,1.76
-0.6256335786552738,-0.161508668402856,0.7628409427721273,0.023901282816274048,1.77
-0.6288519044339871,-0.15691295134493094,0.7608628004029538,0.031802624937978356,1.78
-0.6329182694495252,-0.15200438766997604,0.7581218835040056,0.03950114021686878,1.79
-0.640249666092973,-0.1469113963590405,0.7525583782176853,0.04640359966684465,1.8
-0.6528612379918608,-0.1417132926217014,0.7422696244447903,0.05220489678795211,1.81
-0.6715657125621257,-0.13701340673270473,0.7259710361114625,0.056505529053998665,1.82
-0.6964581601670985,-0.13251106579859356,0.7027586863145033,0.059304952466842246,1.83
-0.7266410454787134,-0.12850725893753742,0.6721379667853611,0.060903440227984655,1.84
-0.7599613275538403,-0.12501008809610478,0.6348512313872585,0.06160497141376044,1.85
-0.7946383263307407,-0.12180587483901864,0.5915285301090273,0.061702976006300904,1.86
-0.8286907548941249,-0.11891302287824215,0.5434595175108224,0.061506735971504564,1.87
-0.8593326767463116,-0.11560439594073504,0.4943187968296309,0.06190235388176038,1.88
-0.8841852793618503,-0.11211081304882188,0.44904331007066034,0.06330610585183251,1.89
-0.9044959087860825,-0.10771142124752442,0.4073431928887344,0.06600699909319045,1.9
-0.920619434481395,-0.10270216806565205,0.3702078151694682,0.06970147141359248,1.91
-0.9342442094820138,-0.09680458090115493,0.33521586278994975,0.07380349246389704,1.92
-0.9460261941206656,-0.09031204707590243,0.30124018360201343,0.07831044613558316,1.93
-0.9561189409038309,-0.0830016442788599,0.268405317162,0.08310164625991878,1.94
-0.9643274547934625,-0.07490213249406859,0.23800677614937682,0.08840251685548282,1.95
-0.9713233411803363,-0.06560157642482246,0.20830500562942864,0.09400225890142243,1.96
-0.9770622945924509,-0.055603545117032006,0.17971145786925632,0.09980636335755026,1.97
-0.981181971365975,-0.04430370128581458,0.15511295867787453,0.10610886470485163,1.98
-0.9841165923456217,-0.03230054459177277,0.13330224749483932,0.11270190017005545,1.99
-0.9865544642425893,-0.019501076586650273,0.11030608961577051,0.11900656993904524,2.0
-0.9882995910261874,-0.006500655071514084,0.08670873764619555,0.12531262776318688,2.01
-0.9893658246980487,0.006400425834496625,0.06180411196435804,0.13150874956817285,2.02
-0.989651176185515,0.019701018766021268,0.03520182033319536,0.13770712101934662,2.03
-0.9889662876869728,0.03320222545374406,0.008700583176131727,0.1441096592736301,2.04
-0.9873616231619122,0.04680292106145801,-0.01460091127130955,0.15070940606755817,2.05
-0.9851004164034269,0.06120623906993881,-0.03290335400982004,0.15731603604087213,2.06
-0.9824814903943601,0.07620632081438339,-0.046403848894847624,0.1636135706723507,2.07
-0.9797845884549395,0.09160790885217154,-0.05380464515553307,0.1695146348301646,2.08
-0.977028417284781,0.10710311513940639,-0.057901684094973205,0.1749050871884424,2.09
-0.9739540169877148,0.12130672785769565,-0.06470358856053511,0.18031000026993016,2.1
-0.9698502492431538,0.1324068601771433,-0.0823042642944025,0.1873097047672125,2.11
-0.9633414727431215,0.13860596711532924,-0.11760506300694601,0.19730849431352424,2.12
-0.952620347367302,0.13911757513783907,-0.16982145405035998,0.21052659645230137,2.13
-0.9371994936934098,0.13661450308240294,-0.22842424966340286,0.2254239311476839,2.14
-0.9194805960065148,0.13551187813670085,-0.28032457152558854,0.2400210387661122,2.15
-0.9025018937032591,0.13781555956594538,-0.3200361325188862,0.25312857856415655,2.16
-0.8870838112022821,0.14541373861196372,-0.3492329953459266,0.26452499217926,2.17
-0.8787646926441113,0.16241195639627137,-0.3566262540080688,0.2724200549405439,2.18
-0.8770649095905402,0.18771389228066634,-0.34472551235559773,0.27692049425954457,2.19
-0.8769325391855608,0.2183081004723548,-0.3252120672176353,0.27851033431768585,2.2
-0.8717972238886851,0.2484277049603641,-0.3154351777153737,0.280631296344115,2.21
-0.8560561077560138,0.2698176844305754,-0.33222177452867735,0.2898189953594542,2.22
-0.8283487000516562,0.28031648029032863,-0.3740219893991542,0.3088181559530984,2.23
-0.787097921072451,0.2826351620013655,-0.4330538752533307,0.3362418310858425,2.24
-0.7379586589753556,0.28032228230219836,-0.4918390953843067,0.367329198321789,2.25
-0.6882619979918294,0.28462563880917563,-0.5379484578898649,0.39483556641553946,2.26
-0.6449836372260829,0.29443818080223105,-0.5657733657602654,0.42095458661568974,2.27
-0.6086554693004912,0.31512871898880185,-0.5789527623694617,0.4416402485098537,2.28
-0.5849617488965292,0.35003695010050473,-0.5738605770504847,0.45384790844459727,2.29
-0.5753756726308888,0.39985258807201346,-0.5502723710785938,0.4541597304739903,2.3
-0.5760477966686167,0.4591380962683367,-0.5123425108217575,0.44143662751654067,2.31
-0.578068210292436,0.5239618259034727,-0.4684552762992682,0.41454891551248224,2.32
-0.572787820833234,0.5848896763109398,-0.42886575444960845,0.3819585625566825,2.33
-0.5539611551475614,0.6332699105243471,-0.40564478159929757,0.3571394267976064,2.34
-0.5207710510375373,0.6652907684850582,-0.4009547039772397,0.35414831798039553,2.35
-0.4783493801635326,0.6752697083136467,-0.4131426488512551,0.38013924189872206,2.36
-0.43232593601087527,0.6672400289300392,-0.4260255580398632,0.43172590001363603,2.37
-0.37824013340734475,0.663470397944031,-0.43884656409080613,0.47345023573515865,2.38
-0.347726089128542,0.6795509852253215,-0.44003301471544,0.4729354833157536,2.39
-0.3254477776135296,0.6972023533324876,-0.4300631357523593,0.4722693318657304,2.4
-0.3048275119244828,0.7194649346406592,-0.4169376303192811,0.4643419087484822,2.41
-0.27582521571469454,0.7543689637911315,-0.39483609559159316,0.44604077668148573,2.42
-0.2612287027744474,0.8019881192757632,-0.36554016410436646,0.39364325196026984,2.43
-0.2554199682365558,0.8541667770980514,-0.3328260196911738,0.3072240181764681,2.44
-0.2532182349016665,0.899364765588739,-0.29942156212306065,0.1933139210366988,2.45
-0.24541687421730016,0.9265637080779486,-0.2738188270607041,0.07920544595766166,2.46
-0.2215173510260553,0.9345732033130866,-0.2779217690751276,0.01620126901409524,2.47
-0.18970872395626132,0.937243100114961,-0.29191342394745745,-0.01930088757172295,2.48
-0.14921399842181873,0.9373879404877393,-0.31342940419167553,-0.02830265519663184,2.49
-0.0982092763042411,0.9357883893877637,-0.3384319664089123,-0.010901029650878085,2.5
-0.035504010582035735,0.9309051563312356,-0.3622409192341787,0.030603457008740665,2.51
0.035301518880525455,0.9205396070686594,-0.379516329041343,0.08560368317770478,2.52
0.10460410422254533,0.9063355607733541,-0.3888152554658282,0.12820503022304314,2.53
0.16471507294240595,0.8920816336650036,-0.39533617689212547,0.14411318768063566,2.54
0.2146253079621807,0.8791036612244028,-0.4029475143427894,0.1369161447344946,2.55
0.25721605464109126,0.8660540564509528,-0.41332579853484847,0.1138071034920536,2.56
0.29302749752540597,0.8515799117504547,-0.4278401482640569,0.0768072075424955,2.57
0.3202428017095429,0.8344115223806109,-0.4477598448637175,0.026703569036991864,2.58
0.337521374217805,0.8121514311178649,-0.4745300505669584,-0.036202292582769004,2.59
0.3418154486983138,0.7819353403663298,-0.5090230058146334,-0.1124050802624063,2.6
0.3302201423918965,0.7398451282299365,-0.5512336235203312,-0.19931215741582367,2.61
0.30601404942752125,0.683731390828746,-0.5968274009749825,-0.2875132000340273,2.62
0.2794401388699259,0.6187888830308631,-0.6390917993481842,-0.3613519047018762,2.63
0.25983263572945536,0.5526694168748923,-0.6749847800377576,-0.41405200612776955,2.64
0.24952805352075388,0.4905551513103398,-0.7045792132479803,-0.44795036141060385,2.65
0.25001127451264193,0.43461959961277674,-0.7287328629494487,-0.4664210337307848,2.66
0.26160935400968194,0.38411373423210565,-0.7476267318717057,-0.47441696308177794,2.67
0.2810229028947452,0.3382275649786577,-0.7619620986316952,-0.4754387474596507,2.68
0.30682184342457774,0.29612108161022643,-0.7716549360704178,-0.47193359814882085,2.69
0.33863349250869557,0.2574254606371478,-0.7762767775701404,-0.4652460151064536,2.7
0.3762079606446717,0.2218046934369702,-0.7752164037526569,-0.45640965773053743,2.71
0.41905166806543004,0.18882328145764485,-0.7677946672406459,-0.44635503450501535,2.72
0.466944179678858,0.15871501673813398,-0.7528712325171221,-0.4358412368902255,2.73
0.5190395886591981,0.1314100230246987,-0.729555645331185,-0.4255324565982443,2.74
0.5746302579528697,0.10700563453003317,-0.6967366876362067,-0.4158218956783906,2.75
0.6331649217278078,0.08590880868175436,-0.6524669008611937,-0.4074417771472262,2.76
0.6924805228544645,0.06820793133835136,-0.5958692887300548,-0.4009466227792531,2.77
0.7514048621084849,0.0551076905393019,-0.5245732066762949,-0.3964553272192246,2.78
0.8081944874999146,0.04800561242419985,-0.4347508275166599,-0.3943461037262917,2.79
0.8588044670351582,0.04880593687121896,-0.3232393196061059,-0.3944479815985401,2.8
0.896423876410455,0.05830805756412979,-0.1891261352551791,-0.39655479972860136,2.81
0.912568714448379,0.07500564776288046,-0.03960298201880088,-0.4000301214020291,2.82
0.902971992311995,0.09420751099323284,0.10710853956873925,-0.4053323164071897,2.83
0.8719168185217904,0.11211502105562365,0.23803189126885307,-0.4129553273315522,2.84
0.8244311723319498,0.12980490801635988,0.35371337415551996,-0.4223159680686347,2.85
0.7609851171406561,0.15111690261526237,0.4602514797057825,-0.4315482692156566,2.86
0.6799348033536373,0.17760909115400203,0.5605286913953724,-0.4381224258703169,2.87
0.5822604679781088,0.2107218835503049,0.6487673747464774,-0.44234593779924,2.88
0.47352874169924264,0.2476150294503326,0.7182435951180487,-0.44562704815455656,2.89
0.36534495115468096,0.2822347254745441,0.7649941230172884,-0.4490552506664433,2.9
0.2644246957755616,0.3133292631863973,0.7916739378817494,-0.45294230225700394,2.91
0.17011625878781564,0.34193268006792576,0.8032767728299443,-0.4570436817520973,2.92
0.078905533444556,0.37142604716486816,0.803356337338553,-0.45873216972139214,2.93
-0.010800926003081067,0.4031345622075906,0.7927679669113298,-0.4570391836488933,2.94
-0.10101178623777907,0.4393512642995677,0.771089972171561,-0.44965246626243033,2.95
-0.19292043617961083,0.48025087326826915,0.7369780685368337,-0.43474605291486174,2.96
-0.28443130765491037,0.5247577606418125,0.6889758362991131,-0.4111452551931563,2.97
-0.36733818678937835,0.5691591671708011,0.6288653739536104,-0.38163967350619865,2.98
-0.4354498683971828,0.6086697058027686,0.5623644028473492,-0.3516402703914779,2.99
-0.4893545146826638,0.6436717058037245,0.4924548600648756,-0.3220358751845856,3.0
-0.5318827540972039,0.6756051154431388,0.4194652633854218,-0.2910452828926031,3.01
-0.5641640955030612,0.7050801051757812,0.3437390526934979,-0.25772928099829623,3.02
-0.5872546289664978,0.7326681559619488,0.264424597920201,-0.22002046725584049,3.03
-0.6015696718182736,0.7586878687304112,0.1791207451748176,-0.17442020077324508,3.04
-0.6056444983359992,0.7823574819158722,0.08600631911640676,-0.11710860428524687,3.05
-0.5966559510519182,0.8008751015795778,-0.010500984723508449,-0.049904679781244916,3.06
-0.574238966307133,0.8121551106548637,-0.10180690834215629,0.017001153652422957,3.07
-0.5400521256464815,0.8165788159080596,-0.18641799300093365,0.08240795398753718,3.08
-0.4952357498829545,0.8139587577337171,-0.2653191527543373,0.14771066287906376,3.09
-0.4389352874261913,0.8035646011550347,-0.338027175096953,0.21761749497365968,3.1
-0.36924681977260665,0.7829992827734933,-0.4044512836295832,0.2949373974835907,3.11
-0.28512049947524115,0.749053855162945,-0.46223323345302164,0.37942727990496844,3.12
-0.1906192525636681,0.703371040545791,-0.5050510102027932,0.4624467071639041,3.13
-0.09390693340484936,0.6510480686534285,-0.5298391194663385,0.5353395255763138,3.14
0.0018001814584356153,0.5933598107165836,-0.5378542157481522,0.5988603651729147,3.15
0.09600968450526606,0.5297534362754107,-0.5297534362754107,0.6553661068364672,3.16
0.19001238826149225,0.45592972530744375,-0.5052329397352942,0.7076461364938521,3.17
0.28221726093553434,0.3708226802087035,-0.4622282707455846,0.7544461433372329,3.18
0.3653256558950595,0.28171978446657064,-0.4029282966332315,0.7904555116875308,3.19
0.43482003479466536,0.19560901289290833,-0.33241531638856203,0.8137374938188114,3.2
0.490617265125345,0.11140392037293809,-0.25310890705916184,0.8263290790319456,3.21
0.5328251659268941,0.024501157216983684,-0.16440776516212724,0.8297391895074026,3.22
0.56015395102516,-0.06860660782061413,-0.06500626105451776,0.8229792649501949,3.23
0.5691184653481671,-0.16470534395157815,0.04140134328837484,0.8045261032728879,3.24
0.5588281600604961,-0.2551128554606882,0.1476074381262155,0.7751390602413931,3.25
0.5307311415633736,-0.3380198338956478,0.2496146465690938,0.736043188601174,3.26
0.48545699114148155,-0.41434864324251297,0.3454405536470287,0.6879807668031008,3.27
0.42212546548683144,-0.48592931457012883,0.4347262256506174,0.6298379961232088,3.28
0.33951822073423665,-0.5525296522994573,0.5151276450668787,0.5604300762870875,3.29
0.24171927304599056,-0.6090485613777751,0.5809463206967973,0.48283849824825914,3.3
0.13301203746902077,-0.6530591012576734,0.6290569290828125,0.40013621196507676,3.31
0.015301372059041269,-0.6852614467225541,0.65755896266795,0.31272804201713755,3.32
-0.10950937166548756,-0.7062604408234459,0.6640568290948287,0.21961879468256684,3.33
-0.2374115883424474,-0.7151349065867065,0.646031533568749,0.12190595037466023,3.34
-0.36090916179535976,-0.7107180418064898,0.6033153153536729,0.025200639726359286,3.35
-0.4713219570448153,-0.6940323322493143,0.5405251809520957,-0.0633029490365729,3.36
-0.567328755786749,-0.667333824672127,0.4602233270105093,-0.14490734481491263,3.37
-0.648143488646355,-0.6320424083081259,0.36262433109576964,-0.22121484290784404,3.38
-0.7111446755118176,-0.5889369981843754,0.24871562480634093,-0.2925183765816434,3.39
-0.7525746929820414,-0.5403536300574046,0.12461236776818918,-0.3551352471467414,3.4
-0.7713233753090885,-0.49011485315569076,-0.0013000393982909569,-0.4060123043893296,3.41
-0.7692841527498245,-0.44034817011927685,-0.12491366442856615,-0.44574876089521165,3.42
-0.7480035158892888,-0.3911541316543667,-0.24493389629801687,-0.47696600712341464,3.43
-0.707304147593821,-0.34175032131336064,-0.36145322248360706,-0.5022739577511551,3.44
-0.6469936752907512,-0.2918422545213189,-0.4722683776044099,-0.5226756758493533,3.45
-0.5688370637863759,-0.24251580163184977,-0.572637311399576,-0.5382350698485012,3.46
-0.47644811177725266,-0.19521971330587684,-0.6582664718131565,-0.5491554537718082,3.47
-0.3726524097938431,-0.1501211130167897,-0.7275023158455219,-0.5561782208436826,3.48
-0.25411079104386736,-0.10910463322662704,-0.775232920964998,-0.5679241174097296,3.49
-0.12550353234662756,-0.06570184920456916,-0.8039226267207481,-0.5776162572383432,3.5
0.00960090185506886,-0.020101888259050425,-0.8109761785703478,-0.5846549192159641,3.51
0.14501016701922706,0.02670187213388526,-0.7950557433123139,-0.5883412500511123,3.52
0.2754089550677634,0.07370239647238258,-0.75662460204891,-0.5884191327591576,3.53
0.3974412227542378,0.12201265519883496,-0.69707230060318,-0.5841605893577008,3.54
0.5076442888197192,0.17221502469416006,-0.6176538864756868,-0.5754502044658519,3.55
0.6035680802833793,0.22582547229161068,-0.5198586381628841,-0.5607632520545001,3.56
0.6818775543446342,0.28153202045763354,-0.4052460912590874,-0.5399614133040012,3.57
0.7379710183683108,0.33683241494301003,-0.2800269482899133,-0.5133494019900446,3.58
0.770071539118594,0.3894361783542604,-0.15121404768146937,-0.48214479092087553,3.59
0.779080319530424,0.43924528413063185,-0.0227023405049302,-0.44674605742521234,3.6
0.7661625903786164,0.4868397715654751,0.10310842327115957,-0.4066332192245731,3.61
0.7319508906548207,0.532737039830336,0.22511565170979658,-0.3602250455169646,3.62
0.6771517228239594,0.5757439770045095,0.3397259492590445,-0.307523489541231,3.63
0.604573048928924,0.6141742090111699,0.4411533033623629,-0.25033024672772486,3.64
0.5185606907091583,0.6466756848843622,0.5258615451781591,-0.19072232153951107,3.65
0.4217530957306445,0.6733847743785699,0.5934747142674044,-0.12831615409590155,3.66
0.3158253775886748,0.6941557776576922,0.6438517355655125,-0.06210499033646835,3.67
0.20190762821429364,0.7083267610905606,0.6763255520620445,0.009500358930340711,3.68
0.0825060866985319,0.7146527218760109,0.6891508405328284,0.0868064039446372,3.69
-0.03660337407151473,0.7122656561129178,0.6809627706364585,0.16621532160343575,3.7
-0.15021323361774902,0.7010617627566049,0.6526574983950932,0.24492157731682246,3.71
-0.25612325192426244,0.680761802361755,0.6057549929345013,0.3225292805371911,3.72
-0.35222138400935454,0.6507395075947956,0.5415328774590161,0.39902422549611716,3.73
-0.4367299650708905,0.6098418426842891,0.46073161188037387,0.4744325519341206,3.74
-0.5071436289073459,0.5567478962980072,0.36443135155558437,0.5477471219730888,3.75
-0.5590576138558147,0.49335084242410265,0.25762654978400334,0.6145633340150235,3.76
-0.5903329798731567,0.4215235490708717,0.1453081178647631,0.6728375891219038,3.77
-0.6011393308273711,0.3403222663126841,0.02970194331321398,0.7224472676587804,3.78
-0.5905627594863824,0.24872643231882016,-0.08680922527251142,0.7627810612366873,3.79
-0.5581225151163989,0.1489060069894854,-0.19950804831700694,0.7915319310421604,3.8
-0.5054444254629168,0.045203973151808144,-0.30212655506993896,0.8069709277919025,3.81
-0.4355445933383158,-0.05910605158735813,-0.3907400060098277,0.8087828074229529,3.82
-0.35122238762850394,-0.1632104033626761,-0.4630295144419058,0.7972508183867977,3.83
-0.2545199678747504,-0.2666209172314674,-0.5177406183448262,0.77206057052773,3.84
-0.14791944824837586,-0.36844844310143116,-0.5528726909513332,0.7325963207703537,3.85
-0.03670405143327776,-0.46485131079529984,-0.5664625267522758,0.6794750011926134,3.86
0.07320366905984221,-0.551827658295368,-0.5582279790874853,0.6152308361422805,3.87
0.17861607438383326,-0.628956602351583,-0.5293476381375304,0.5406486551618155,3.88
0.27742505816293106,-0.6966629254372666,-0.4802433775408777,0.45504110116847013,3.89
0.3663335118908204,-0.7534689267227521,-0.4118376745745014,0.35843278913914833,3.9
0.44034187409980685,-0.7963757309690579,-0.327031098865857,0.2548242323884415,3.91
0.4964378970333602,-0.8242629225118765,-0.22931750561996272,0.14681120726127575,3.92
0.5328304121636861,-0.8365477473253067,-0.1224069865781441,0.036002054875924734,3.93
0.5477470589713411,-0.8330715722532904,-0.009000773289651397,-0.07670659014625135,3.94
0.5402315018173333,-0.8125473810192211,0.10780628636784251,-0.19051110902666046,3.95
0.5097555204972707,-0.7753844517197056,0.22142411661388214,-0.29983265655303465,3.96
0.4578199316245944,-0.7222314430303235,0.3271142412284946,-0.4022175109205152,3.97
0.3859342223048049,-0.6540579978941239,0.4208373172994608,-0.4961439950386466,3.98
0.29653746987662793,-0.572272311175064,0.4986630100522316,-0.5795732337049102,3.99
0.19412030895848809,-0.48025024400755273,0.5566582378479881,-0.6494679476437,4.0
0.08370826199464645,-0.3810376083627276,0.5926584953169354,-0.7046695507936427,4.01
-0.03050237851570076,-0.2774216327952587,0.6060472583775298,-0.7448580825735713,4.02
-0.14581614055282507,-0.1695187642229345,0.5965660345662562,-0.7707853190950773,4.03
-0.2582279017410469,-0.05950642971956735,0.564160958063999,-0.7819844940794909,4.04
-0.3622282657744106,0.049003823917576246,0.5107398545858406,-0.7781607222503282,4.05
-0.4538234927811715,0.1537079568983386,0.438522700715169,-0.7603393599857309,4.06
-0.530583783141431,0.25364005165818454,0.3500552763421317,-0.7291151327240399,4.07
-0.5904475831358078,0.34872810338661275,0.24671988272290613,-0.6847551832199993,4.08
-0.63022716967894,0.4373188532221524,0.13190568657672513,-0.627827066208249,4.09
-0.6478911841429682,0.5161726460885858,0.010701506128943748,-0.5600788254400466,4.1
-0.6423693218139772,0.5842630512279706,-0.11251214184037434,-0.48305212896800714,4.11
-0.6135670419977132,0.640770014356862,-0.23432560381428558,-0.39754343796917846,4.12
-0.5612691947252325,0.6849844466630645,-0.3508432528681603,-0.30443753185025085,4.13
-0.48635115467293055,0.7154752540674779,-0.4576481356741374,-0.205221585315413,4.14
-0.3923230830076531,0.7308430004129312,-0.5488322914978334,-0.10360609584397874,4.15
-0.2827188084943734,0.7313486545876735,-0.6206412895352252,-0.0019001264101142891,4.16
-0.16080859625327523,0.7170383303084473,-0.670935865835338,0.09920530316122451,4.17
-0.03080247769694434,0.6883553700911296,-0.6972560860490128,0.19761589587390266,4.18
0.10110833824293398,0.6464533119706481,-0.6983575924336379,0.290123926056134,4.19
0.22892361354399132,0.5935612260304013,-0.6748696130165371,0.373938571883348,4.2
0.34902537855794596,0.531038613221402,-0.6283456886760959,0.44873262853567436,4.21
0.4584332215671449,0.45993333027646144,-0.5601405920588086,0.5143372728010092,4.22
0.5538591857856147,0.3812407396559702,-0.4721504543325906,0.5700609171141212,4.23
0.6307621015860022,0.298129352279669,-0.3690363334156252,0.6140604572281677,4.24
0.6872351976519947,0.21251088402364504,-0.2548130505845871,0.6462330976756678,4.25
0.7224420437381387,0.12470725755003584,-0.13260771733067164,0.66703881945368,4.26
0.7353510792600096,0.035302452193496994,-0.005100354282913164,0.6767470084798702,4.27
0.7252783016458094,-0.05480591689215438,0.12401338858808655,0.6749728706298356,4.28
0.6924283728338773,-0.14290585568740766,0.2492102115976346,0.6618271189218081,4.29
0.6380633181647481,-0.2277225980346601,0.3664363632845826,0.6377632883913165,4.3
0.5629894464239237,-0.3089490850956653,0.4732751928367395,0.60299580253861,4.31
0.4695609271352432,-0.3849499485715764,0.5660734499649578,0.5575723469177808,4.32
0.3596354707975474,-0.45474485142281645,0.6419633167545764,0.501749487483675,4.33
0.238218475750358,-0.5159400152796377,0.6970540621242634,0.43723391099100134,4.34
0.10950481722286678,-0.5674249615731015,0.7299321104198216,0.36501605740955595,4.35
-0.021902719720051547,-0.6085755684772313,0.7395918371222885,0.28663559231811747,4.36
-0.15172053904099503,-0.6387864751844663,0.7262983220274924,0.20352755237206652,4.37
-0.27521492668633424,-0.6577356732616352,0.6912374902819557,0.11760637855491607,4.38
-0.3860225694693053,-0.6657389235640325,0.6377372864004559,0.0327019119731769,4.39
-0.48113537918519506,-0.6640488293056943,0.5702419314308839,-0.04870358130600499,4.4
-0.5601435388486512,-0.6541508458505674,0.4923382684791841,-0.1262098100387427,4.41
-0.6236223822089534,-0.6370228631608457,0.40651459007046115,-0.20010718197564398,4.42
-0.6719419909670643,-0.6130383099610216,0.3155197174432338,-0.270416898880033,4.43
-0.7053392779113161,-0.5833324837738135,0.22221237424059898,-0.3359187061539928,4.44
-0.7243285608382419,-0.5492216562368666,0.12990512225995807,-0.3960156152035673,4.45
-0.7304764885453094,-0.511153523131856,0.03990417838575828,-0.4511472398450015,4.46
-0.7251873033026737,-0.46895645637653244,-0.047105670922018936,-0.5019604296339979,4.47
-0.7092930192395169,-0.4228554547863336,-0.13101718206482899,-0.5485719416989214,4.48
-0.6832936552303163,-0.3725510634854988,-0.2114289793847905,-0.591281043577522,4.49
-0.6480217220521909,-0.3184106733046568,-0.28680961401939564,-0.6296211052531782,4.5
-0.6045580554747993,-0.26112507573940463,-0.355534141805279,-0.6632636929543207,4.51
-0.5548478382686534,-0.20101733145637948,-0.4128355941551913,-0.693759815081047,4.52
-0.5001493696801718,-0.1381136331790276,-0.4624456479506327,-0.7189709695322445,4.53
-0.4414238772632992,-0.07250392184320162,-0.5044272852098054,-0.7385399487062675,4.54
-0.37981344943237083,-0.004700166435840291,-0.538819079921436,-0.7519266261932586,4.55
-0.31553539716862744,0.06520731504087007,-0.5656634568576091,-0.7590851551536869,4.56
-0.24971986101035062,0.1366108650941686,-0.5848465146930438,-0.7595604102417353,4.57
-0.18511561516073596,0.20681744578735928,-0.5956502452173654,-0.7537635826399066,4.58
-0.12330524181724685,0.27521169949802377,-0.5988254566112523,-0.7419315401801738,4.59
-0.06510672098817892,0.3407351742038795,-0.5951614387106801,-0.724874829066545,4.6
-0.01200102031011434,0.4030342654146733,-0.5856497911335798,-0.7031597816701161,4.61
0.035802021081136656,0.46202608210852336,-0.5711322413250599,-0.6775382481136896,4.62
0.07780910419781788,0.5174605464261051,-0.5528646889531327,-0.6484758761165181,4.63
0.11320582798604094,0.5690292943821316,-0.531427358584648,-0.6172317759097568,4.64
0.14191588553415152,0.6162689828480913,-0.5080568699883649,-0.5847654564610175,4.65
0.1637194788651698,0.6590784152238662,-0.4836575441612469,-0.5521656950608446,4.66
0.17892308614595792,0.6973899830607962,-0.458959218738849,-0.520567167909285,4.67
0.1872155320448344,0.7308606347134882,-0.43483607549729697,-0.4916407882117553,4.68
0.1895176269066238,0.7599706843606513,-0.41183830480289013,-0.4657433184718454,4.69
0.18641768814941725,0.7852745103804851,-0.39003700846712835,-0.4432420568016187,4.7
0.1785133711522677,0.8069604436009233,-0.36952767865973624,-0.42473181360430307,4.71
0.1666240072502114,0.825618955492494,-0.35015044980971793,-0.4098590526478789,4.72
0.15100979179236002,0.8412545487134653,-0.33182151600466925,-0.3992258866457624,4.73
0.13201730992433067,0.8541119899649877,-0.3143412159789176,-0.3927514970248837,4.74
0.11020559142252483,0.8643438535978967,-0.2972150795896042,-0.39041980845148544,4.75
0.08610528401288516,0.8719535090689264,-0.28021719605587014,-0.39212406343150136,4.76
0.060305359877049186,0.8774779893221054,-0.2628233594641547,-0.3966352525246718,4.77
0.033403777512753786,0.88109964038132,-0.24482768668030322,-0.40324560159108763,4.78
0.0057004969054700915,0.8829769680420253,-0.22591969314836732,-0.4114358643702449,4.79
-0.022300953163107724,0.8831377461139206,-0.20590880073021883,-0.420917990419374,4.8
-0.05050588276276802,0.8817026978941839,-0.1848215274170204,-0.43115021899067907,4.81
-0.07860451438689559,0.8787504680886151,-0.1625093331790144,-0.4418253747599296,4.82
-0.10630521014602702,0.8742428476919738,-0.1391068177922141,-0.4528221933595582,4.83
-0.13340638364819,0.8680415367813262,-0.11450547921827403,-0.46432221834973475,4.84
-0.15971039828398143,0.8599559892573302,-0.08880578188865092,-0.4765310255624117,4.85
-0.18491504622487903,0.8499691605544872,-0.061705020833288465,-0.4894398248915944,4.86
-0.20771898742185763,0.8382766261771837,-0.03450315390493061,-0.5029459738779596,4.87
-0.2289113199446638,0.8246407794948439,-0.006700331339577315,-0.517225577437222,4.88
-0.2477178672955413,0.8086583265852834,0.021701565281845966,-0.5331384539977919,4.89
-0.26403028469035345,0.7903906590560088,0.05060580456565108,-0.5504631389907975,4.9
-0.27752204445152096,0.769861152500111,0.07980633926930224,-0.5691452089994975,4.91
-0.2880310960755559,0.7476807202294637,0.1088117474063211,-0.5883635202126719,4.92
-0.2957151395241118,0.7244370885061434,0.13700701425364667,-0.6074310982311313,4.93
-0.3007272005017797,0.7011634195936074,0.16351478976402056,-0.6254565719780946,4.94
-0.3036347590604183,0.6788777155804083,0.18792151260689263,-0.6415734451161342,4.95
-0.30492993644136285,0.6582646250105116,0.20962057946247833,-0.655564359912474,4.96
-0.3050331222947258,0.6398694808005428,0.2286248254313912,-0.6672724563771838,4.97
-0.3046136728915685,0.624128014614668,0.24491099307664188,-0.6765303667470324,4.98
-0.3039185487150594,0.6111372988475577,0.25841577159582546,-0.6836417239276559,4.99
-0.3031250891863027,0.6009497396636401,0.26942229965948516,-0.6887570073329156,5.0
-0.30253545015566374,0.593669564338519,0.27783255554791203,-0.6919810841742273,5.01
-0.30232501087107927,0.5897487889866868,0.2834234471745414,-0.6931573438132486,5.02
-0.30243091909336917,0.5893602533787118,0.2860292422642314,-0.6923707846836622,5.03
-0.3026188461754867,0.5918368577880139,0.2856177874015829,-0.6903429924485738,5.04
-0.3026383678980018,0.596075569290182,0.28293587005401427,-0.6877871963101647,5.05
-0.30212458941035447,0.6016489671938737,0.27852266848985013,-0.6849557473920946,5.06
-0.30121663514802677,0.6079335740587167,0.27271506110513577,-0.6821376720931908,5.07
-0.2996328880125348,0.6146674665303867,0.26592918865999,-0.6794745798254878,5.08
-0.29733087495443455,0.6214645331203688,0.25822681437347794,-0.6772703280159539,5.09
-0.2942407419225796,0.6280869678021074,0.249734579395201,-0.6756935596291461,5.1
-0.2902296150897406,0.6343647307078651,0.24062455337901995,-0.6748688637579495,5.11
-0.28522994358507425,0.6400671945808118,0.23102425304401178,-0.6749708587852967,5.12
-0.27943283388984014,0.6451758093855973,0.22102597097227872,-0.6758794171179455,5.13
-0.2729127480521992,0.649630344942135,0.2105098331439646,-0.6776316529137787,5.14
-0.2656325406512227,0.6534800529424281,0.1997244667471731,-0.6800833119082509,5.15
-0.2576240219837669,0.6566612299477537,0.18861758752382932,-0.6832637104786861,5.16
-0.24891474241219194,0.6589390268195793,0.17721049560241228,-0.6873407089590178,5.17
-0.23962509365559204,0.6604691646500541,0.16551733305509383,-0.6920724741638968,5.18
-0.2298241029175757,0.6611693404647925,0.153516100077667,-0.6974731478447228,5.19
-0.2196169441008813,0.6611510097681814,0.14121089484082167,-0.7033542658749992,5.2
-0.20911937057884136,0.6603611687862695,0.1287119224940071,-0.7096657358333134,5.21
-0.19820601762604406,0.6588200020788992,0.11580351584811252,-0.7164217508945407,5.22
-0.18711562667850315,0.6565548311835239,0.10260856919943571,-0.7234604187024541,5.23
-0.1758134484850316,0.6535499919508996,0.08920682369092615,-0.7307558976564994,5.24
-0.1644091060505149,0.6499359977021267,0.07550418191492625,-0.7381408830649943,5.25
-0.15290922223329773,0.6456389396587116,0.06150370940057429,-0.7456449712043609,5.26
-0.14151821527417074,0.6408824900896721,0.04730608892203728,-0.7529969207061706,5.27
-0.1301164093645196,0.6356801675026031,0.03290414963945192,-0.7601958705455139,5.28
-0.11881264887383963,0.6300670773612708,0.01820193779043671,-0.7671816746727473,5.29
-0.10760775341796071,0.6241449712653279,0.003300237790699538,-0.7738557583161524,5.3
-0.09650647194101983,0.6177414271292015,-0.011500771267582675,-0.780352332182153,5.31
-0.0857071521317269,0.6109509829319949,-0.02660221991486506,-0.7865656377083221,5.32
-0.07500583418068268,0.6038469690439493,-0.041803251583367146,-0.7924616400636394,5.33
-0.06460552982395658,0.5962510353102618,-0.05690487069633327,-0.7981683181501509,5.34
-0.05440682141082722,0.5882737565045694,-0.0721090408772177,-0.8036007537426411,5.35
-0.04470201208284679,0.5798260985600574,-0.0871039206357037,-0.8088364065460063,5.36
-0.035303054728971356,0.5709494035345537,-0.10190881804198813,-0.813870423185181,5.37
-0.026402856283476054,0.5613607284816329,-0.11661261525201923,-0.8188885880647799,5.38
-0.01800141631714532,0.5511433629099325,-0.1310103076414465,-0.8238648201146841,5.39
-0.010300886532444115,0.5403465042213161,-0.1451124889182176,-0.8287713271297513,5.4
-0.0032002070280891873,0.5287342049221104,-0.1590102867081815,-0.833753937286861,5.41
0.0032001727979954677,0.5166278960763933,-0.17250931489194318,-0.8386452838746872,5.42
0.009000899864941497,0.5041504024352231,-0.1856185572147935,-0.8433843173450182,5.43
0.014200892554146423,0.4913308811163477,-0.1984124706156796,-0.8479532955394896,5.44
0.018700760201353594,0.47861945627635455,-0.2108085695425314,-0.852134639977187,5.45
0.022702972013567597,0.46596099828727505,-0.22272915715513233,-0.8560120593133262,5.46
0.026301228953634955,0.45372120061840987,-0.23411093908919936,-0.8594401582796153,5.47
0.02960184336418122,0.4420275259110844,-0.2451152638027303,-0.8623537004369414,5.48
0.0326022705011793,0.43123003190516923,-0.25561780184360217,-0.8646602170343444,5.49
0.03540107674012383,0.42131281442412905,-0.26560807859256746,-0.8664263527582848,5.5
0.03820545899495872,0.41245893428065383,-0.2750392990474777,-0.8676239706315887,5.51
0.04100224841993985,0.40472219354999167,-0.2840155744210468,-0.8682476116632142,5.52
0.04390528102528207,0.3982479021473194,-0.29243517475609293,-0.8683044415979475,5.53
0.04700457165193483,0.39423834351473847,-0.2997291515762738,-0.867484371295495,5.54
0.05030360136373706,0.3914280233353218,-0.3066219518513277,-0.8661620107581047,5.55
0.05390578035721482,0.38994181375283965,-0.31283354537545077,-0.86439268947571,5.56
0.057604466823542956,0.38943019758832687,-0.31862470711772195,-0.8622668627649086,5.57
0.0615057578234974,0.39003651302705666,-0.3238303151747717,-0.8597804878188734,5.58
0.0655050617716922,0.3914302469838218,-0.32852538613741816,-0.8570662280662629,5.59
0.06970794088384488,0.39354483124523615,-0.3328379157265936,-0.8540972957647565,5.6
0.07400811136347168,0.39624342867847945,-0.33663689574249417,-0.8509932697186223,5.61
0.07840891677698578,0.39954543689293137,-0.3400386696961118,-0.8476964012777187,5.62
0.08280625293624773,0.40323044908085853,-0.3429258953120694,-0.8443637603149029,5.63
0.08720518319409928,0.4073242100339064,-0.34562054256743935,-0.8408499774036545,5.64
0.09160408471720834,0.41161835447164796,-0.3479155138986548,-0.8373373377043509,5.65
0.09590854966919325,0.4161370961141951,-0.34993119425704605,-0.8337743259562712,5.66
0.10020585570027177,0.42072458575952426,-0.3516205475470614,-0.8302485169896768,5.67
0.10441351824916546,0.4254550829807949,-0.35304570825627785,-0.8267070324210745,5.68
0.10851493756669281,0.4302592271077534,-0.3541487501600546,-0.8232133189967267,5.69
0.11261441951036211,0.4350557059236902,-0.35514547396207446,-0.819704957643808,5.7
0.11651326171161551,0.439850064384279,-0.35584050229178366,-0.8162929116654127,5.71
0.12041451985615027,0.44465361734256154,-0.3563429686440726,-0.8128980210886955,5.72
0.12411263282668637,0.44934573673674605,-0.35673631046961346,-0.8095824034907544,5.73
0.12771086865740378,0.4539386318214219,-0.35693037606756,-0.8063686248900914,5.74
0.13111744305812137,0.4583609775250727,-0.35694748609796734,-0.8033068670044478,5.75
0.13440992653962597,0.4627341741806915,-0.35692635998506334,-0.800259101317029,5.76
0.1375170043413177,0.466957740559718,-0.3566440999862828,-0.7973986004460552,5.77
0.14051223141954905,0.4709409948431718,-0.3563310181835254,-0.7946691749891364,5.78
0.14330725583004866,0.47482404094980535,-0.3559180205855849,-0.7920401020055725,5.79
0.14600747139347167,0.47852448672449455,-0.3554181872139715,-0.7895404018160678,5.8
0.14841357675292863,0.48194408785199666,-0.354832459783956,-0.787272019002058,5.81
0.15070765991147744,0.4852246621701981,-0.3541179985046726,-0.7851399057498404,5.82
0.15281342907014522,0.4882429062306603,-0.35343105911904005,-0.7831688239844943,5.83
0.15471237206951857,0.4910392675251042,-0.3527282070389089,-0.7813624841494173,5.84
0.15641807437066507,0.49355703134222007,-0.3519406673339964,-0.7797901060537568,5.85
0.1579179918321376,0.4958564936692452,-0.35114000590413874,-0.778388682982601,5.86
0.1592124548814437,0.49793895279818357,-0.35032740543322693,-0.777160795781218,5.87
0.16041167438442044,0.49983637691604327,-0.34952543763937,-0.7760564795655254,5.88
0.16141986474375927,0.5014617111680353,-0.34864290489265476,-0.7751953975395774,5.89
0.1622180980605858,0.5028561017562425,-0.3478388070620946,-0.7744864065235366,5.9
0.16291961099928792,0.5041606869535976,-0.3469417621587046,-0.773893155256286,5.91
0.16351708597538886,0.505152783646293,-0.34613616792710755,-0.7734808213661514,5.92
0.16392083074352798,0.5060643096780059,-0.3452438729265763,-0.7731982565455856,5.93
0.16421257177466675,0.5067387948734692,-0.34442636857000747,-0.7730591838113118,5.94
0.16431345042799972,0.5072415219542389,-0.3436281288317754,-0.7730632816849895,5.95
0.16441545413483533,0.5076477160513528,-0.3427322149148909,-0.7731726739150924,5.96
0.16432104840956466,0.5078650540619412,-0.34194380067699426,-0.773399067164433,5.97
0.1642094464201158,0.5079292194687991,-0.3411196234707765,-0.773744510933274,5.98
0.1639197576195024,0.5078612136618872,-0.3403410220739272,-0.7741933152730738,5.99
0.16360453272636963,0.5077140664130676,-0.33950940623840153,-0.7747214639554925,6.0
0.16331842499084342,0.5074572494816532,-0.33873821521370895,-0.7752874651126873,6.01
0.1628120916890006,0.5071376639772248,-0.33792509693927086,-0.7759576286332651,6.02
0.16232201073375427,0.506668703867652,-0.3371457166872986,-0.7767053206151174,6.03
0.16181902294428638,0.5061595025469922,-0.33633953903685726,-0.7774913994863302,6.04
0.16112469344586566,0.5054774678307915,-0.3355514255188574,-0.7784192980069351,6.05
0.16041204900151776,0.5047379122884414,-0.3348251496615221,-0.7793585398184713,6.06
0.15972055576106645,0.5038648465399204,-0.33404299075889915,-0.7804004361951168,6.07
0.1588158267857481,0.5029501214770322,-0.3333332183103894,-0.78147787815103,6.08
0.15791937315783078,0.5018615671348923,-0.3325407952816893,-0.782696019210376,6.09
0.15701702392352304,0.5007542922197961,-0.3318359779479296,-0.7838849894984545,6.1
0.1560172205710041,0.49955513894369574,-0.33103653851924586,-0.7851866658352263,6.11
0.154909481524984,0.49823049513071027,-0.33032021786767085,-0.7865481421523558,6.12
0.15380926113442775,0.4967299090082592,-0.3295198409869567,-0.7880474497654686,6.13
0.1525152561015255,0.4951495298089526,-0.3288328931552891,-0.7895789815878975,6.14
0.15121558961874212,0.4934508724728,-0.32813382906024663,-0.7911815671123472,6.15
0.14991025646105569,0.4916336362658771,-0.3274224013699108,-0.7928542449788188,6.16
0.14841577446681004,0.4896520429848396,-0.3266347165826156,-0.7946844635534183,6.17
0.14692206714785636,0.487573231685364,-0.32594895632053356,-0.7965196342855875,6.18
0.1453172080294645,0.48545748642465286,-0.3252385137727588,-0.7983945434956745,6.19
0.14371324809784264,0.48314453831640763,-0.32452991654662444,-0.800373781855974,6.2
0.1421144516428103,0.48074888743630484,-0.3238329306259112,-0.8023815943210887,6.21
0.14041578713235242,0.4783537819473231,-0.32313633064432384,-0.8043904386791385,6.22
0.13861471750587787,0.4757505131136083,-0.3225342452788284,-0.8064856291251077,6.23
0.13680499005301994,0.47311725726669396,-0.3218117382972355,-0.8086294952987714,6.24
0.13490796317754677,0.47032776191549475,-0.3211189546057099,-0.8108478617075976,6.25
0.13300402143738316,0.46741413247994656,-0.32040968773336514,-0.8131245851935056,6.26
0.13101174310882585,0.4643416208047927,-0.3197286585640582,-0.8154730941292869,6.27
0.128810830225846,0.46103876346362577,-0.3190268233078018,-0.8179687736158341,6.28
0.12660426536955166,0.4575154139539485,-0.3184107274381141,-0.8205276440419994,6.29
0.12431169641621186,0.4538427017994927,-0.31772989502357607,-0.82317745229432,6.3
0.12191254239798197,0.4500463008949293,-0.3170326164082058,-0.8258849672867392,6.31
0.11941218006649051,0.4460454967307769,-0.31633226595503305,-0.8286845259890623,6.32
0.11681476807241782,0.44195587338357395,-0.3156399041408824,-0.831505121364796,6.33
0.11420905542395315,0.43773470717219176,-0.31492496981613705,-0.8343661553432935,6.34
0.11160921595345762,0.4335357985288878,-0.3142259467076737,-0.8371691279089549,6.35
0.10890717340722247,0.42912826546408783,-0.3135206507177617,-0.8400553320667298,6.36
0.10631260357468043,0.42475035501568,-0.31273707561432335,-0.8428999274952086,6.37
0.10361082271567851,0.42024389676764584,-0.31193258306003985,-0.8457883472070398,6.38
0.10090228546264889,0.41570941592490723,-0.3112070489194879,-0.848619221443051,6.39
0.0982060609740853,0.41112537338540184,-0.3104191581095323,-0.8514525490156437,6.4
0.09541088127738669,0.40644635378542926,-0.3096353128247266,-0.8542974296346301,6.41
0.09270305786079613,0.4017132507301166,-0.308810186271994,-0.8571282728423772,6.42
0.08990710114328351,0.3969313508761872,-0.3079243208233259,-0.8599679229489376,6.43
0.08710476824552423,0.39212146531653325,-0.30711681203444874,-0.8627472280759327,6.44
0.08431239778492948,0.38725694451156223,-0.30624503204917447,-0.865527272159881,6.45
0.08150917559680565,0.3823430408669792,-0.305334371898218,-0.8682977454373825,6.46
0.0787059291409717,0.37732842522094817,-0.3044229330433518,-0.8710656198448075,6.47
0.07590920113236867,0.3722451207044482,-0.3035367924067706,-0.8738059160652241,6.48
0.07310274030758161,0.3671137615172806,-0.3026113435988262,-0.8765328574500039,6.49
0.07020297737140682,0.36191534915544343,-0.30171279591101763,-0.8792372892441721,6.5
0.06730467952052115,0.35662479520085943,-0.3007209083480046,-0.881961320492535,6.51
0.0644056019208512,0.3512305496056357,-0.2997260698086817,-0.8846769481239901,6.52
0.0615036020639354,0.34582025355624163,-0.29871749490239846,-0.8873519692899168,6.53
0.058506622154264346,0.3403385216939514,-0.2977336994072563,-0.8900007359842708,6.54
0.05560495545641809,0.3347298307781139,-0.29662643504269076,-0.8926795546834314,6.55
0.05250506330739387,0.3288317107708782,-0.29562850883172626,-0.8953863462687569,6.56
0.04940397668613164,0.32292599335935035,-0.29452370716732323,-0.898072288747899,6.57
0.046303473353809285,0.31682376584204713,-0.2934220104105323,-0.9007675691096334,6.58
0.0431033973281459,0.3106244828334598,-0.29222303246599146,-0.9034712098897217,6.59
0.03990467490697901,0.3043356534885642,-0.29113410690279673,-0.9061061520231323,6.6
0.03670240408620405,0.29791951436730757,-0.2899189903158189,-0.9087595256984637,6.61
0.03340259047134047,0.2914226006990603,-0.2887223912897004,-0.9113706795369033,6.62
0.030202491053178654,0.2848234917862676,-0.2874237062477995,-0.9139753832284758,6.63
0.02690149737901733,0.27811548033846545,-0.2861159256556453,-0.9165510166494195,6.64
0.02350202149580702,0.2713233375239338,-0.2848244988087591,-0.9190790533892191,6.65
0.020201516180686177,0.26441984545412994,-0.2835212790705213,-0.9215691663615005,6.66
0.01690087227652787,0.2574132854425014,-0.282114560308196,-0.9240476913320563,6.67
0.013500730004207526,0.25041354022618995,-0.28071517868007795,-0.926450094510952,6.68
0.010101311083744027,0.24323156985807398,-0.27933625600888184,-0.9288205547993146,6.69
0.006800279293205975,0.23600969311714856,-0.2779114140561677,-0.9311382426329535,6.7
0.0034003284025739835,0.22882209956144922,-0.276426697197485,-0.9333901465065585,6.71
0.0,0.2215229830941335,-0.2749285239394009,-0.9355970685533268,6.72
-0.0032002143255303113,0.21421434641518522,-0.27331830473982316,-0.937762804078054,6.73
-0.006500341959483405,0.20691088483340253,-0.27171429390640633,-0.9398494420803852,6.74
-0.009900794521135802,0.1995160108047063,-0.2701216767837152,-0.9418755838389594,6.75
-0.013200479582134985,0.19210697937334323,-0.26850975513660935,-0.9438342901226515,6.76
-0.0165009889339011,0.18461106407261474,-0.26681599076150386,-0.9457566808963801,6.77
-0.019802072296288845,0.17711853553902798,-0.26512774574475617,-0.9475991667037211,6.78
-0.02310214963952447,0.16951577332897824,-0.2634245114740582,-0.949388339948077,6.79
-0.026400866754683568,0.16190531543876022,-0.26160858875095533,-0.9511312261507402,6.8
-0.029602694263813,0.15431404476034954,-0.25982364762630467,-0.9527867170653597,6.81
-0.032902372511107954,0.14671057894770628,-0.2580186051023055,-0.9543688172446906,6.82
-0.03610424141437305,0.1390163312076968,-0.25613008936900106,-0.9559122976137885,6.83
-0.039402773067735396,0.13140924825127998,-0.2542178912136634,-0.9573673771000786,6.84
-0.04260261098102341,0.12370758165146938,-0.2523154636270471,-0.9587587593311535,6.85
-0.04580396358846138,0.11611004743712591,-0.25032166127056515,-0.9600830795834701,6.86
-0.049002397745984,0.10840530440131971,-0.248312150210772,-0.9613470398615188,6.87
-0.05210143306962514,0.10080277261839182,-0.24630677476101098,-0.962526474654783,6.88
-0.05530268418091666,0.09320452379134599,-0.24421185310994303,-0.9636467717311266,6.89
-0.05840573893783285,0.0856084118677824,-0.24212379104194065,-0.9646947907437255,6.9
-0.06150562094801723,0.07810713814699424,-0.23992192626714365,-0.965688253453747,6.91
-0.06450702261674389,0.07070769765897354,-0.23772588024806238,-0.9666052303733794,6.92
-0.06750384276562726,0.06330360366021046,-0.23551340698229956,-0.9674550739476713,6.93
-0.07050189018101397,0.05600150142037989,-0.23330625502454694,-0.9682259584859252,6.94
-0.07340413056664374,0.04870274058032085,-0.2310129994672303,-0.9689545246051924,6.95
-0.07630815815974543,0.041604447961276665,-0.22872445309480705,-0.9696036610206185,6.96
-0.07910978015557162,0.034504265681001525,-0.22632798039451146,-0.9702199460040458,6.97
-0.08200349588354586,0.02750117239996965,-0.22400954973066187,-0.9707413835872922,6.98
-0.08470277617898465,0.020600675198194612,-0.2216072632970838,-0.971231832644981,6.99
-0.08750621053615044,0.01380097949027287,-0.2191155511825207,-0.9716689617934146,7.0
-0.09020520499049625,0.007000403934960907,-0.21661249890179035,-0.9720560892545717,7.01
-0.0929075908602726,0.0003000245130041096,-0.21411749411393288,-0.9723794466463191,7.02
-0.09550553900435649,-0.006200359600282829,-0.2116122728096527,-0.9726564108443678,7.03
-0.09820639688199814,-0.012800833809466153,-0.209113621059326,-0.9728633695194276,7.04
-0.1008046245182271,-0.019400890036246086,-0.20650947383942356,-0.9730446394467754,7.05
-0.10330823812737551,-0.025902065513059302,-0.20391626093099582,-0.9731776042763709,7.06
-0.10590718869440723,-0.03240219937392629,-0.20121365784055462,-0.9732660626760823,7.07
-0.10851095039253404,-0.03880391590074028,-0.19852003366744708,-0.973298220479393,7.08
-0.1110094933827573,-0.045303874326476624,-0.19581674598508,-0.9732832338747694,7.09
-0.11350440519144989,-0.05170200659381462,-0.19300749076607776,-0.9732377720909166,7.1
-0.11600331252188427,-0.058201661972186756,-0.19020543139364127,-0.9731277880607377,7.11
-0.11850778740257374,-0.06460424528444104,-0.18741231526786767,-0.9729639355608776,7.12
-0.12100715475954399,-0.07110420416036015,-0.18451090953004848,-0.9727575159884996,7.13
-0.12351242473973828,-0.07750779690145519,-0.18161826990070018,-0.9724978284770972,7.14
-0.1259124583949809,-0.08390830229816439,-0.17871768320240733,-0.9721961938503647,7.15
-0.12830765313821396,-0.0903053864254148,-0.1757104805641792,-0.9718579681973213,7.16
-0.13071058864011656,-0.09650781793245025,-0.1727139912635664,-0.9714786978195044,7.17
-0.13310741362385842,-0.10280572592436246,-0.169609446661205,-0.9710540843633848,7.18
-0.1354130910162934,-0.10901053855816825,-0.16651609788931207,-0.9705938318413054,7.19
-0.1378112727340988,-0.11510941575975885,-0.163413366943046,-0.9700793508858913,7.2
-0.14010393767650337,-0.12120340646960891,-0.16030450542143818,-0.9695272489462528,7.21
-0.14230877004818965,-0.12720783942466427,-0.15710968218250596,-0.9689597139823679,7.22
-0.144508240094782,-0.13310759001117983,-0.1539087761286294,-0.968355217188771,7.23
-0.14671468540783048,-0.13911392460960614,-0.15061507581744563,-0.9676968616265629,7.24
-0.1489034613011874,-0.14490336831794529,-0.14730342410789055,-0.9670224786987791,7.25
-0.1510035448498235,-0.15060353545949284,-0.144003380519037,-0.9663226846912878,7.26
-0.15311556805124588,-0.1562158832763201,-0.14061429698239825,-0.9655981773577916,7.27
-0.1552179613095148,-0.16191873670109824,-0.13721587816794736,-0.964811644815006,7.28
-0.15720526332032542,-0.1674056048334763,-0.13380447984897928,-0.9640322763409269,7.29
-0.15931576507496983,-0.17281710109827236,-0.13041290499545555,-0.9631953128920493,7.3
-0.16131398733568422,-0.17801543549753124,-0.1269110042957119,-0.9623834470745748,7.31
-0.16321362482602225,-0.1830152778380029,-0.12341030210497025,-0.9615802712636053,7.32
-0.16511570325010413,-0.18771785281674466,-0.11991140411682305,-0.9607913756049367,7.33
-0.1670069225804144,-0.19210796304010547,-0.1163048209347437,-0.9600397944742386,7.34
-0.16891794172743693,-0.1962208417224578,-0.112711971774317,-0.9593018928653493,7.35
-0.17071746358257048,-0.19962042021722945,-0.10911116155160187,-0.9586980702416641,7.36
-0.17251657360075268,-0.2024194463582165,-0.10551013631814149,-0.9581920531413399,7.37
-0.1743197306237312,-0.20452314924012066,-0.10191153500033397,-0.9578084108912643,7.38
-0.17601960087389673,-0.20572290852136682,-0.0984109586704059,-0.9576066354361144,7.39
-0.17770382955879094,-0.20590443728843585,-0.0948020430060404,-0.9576206369470917,7.4
-0.17941563854861353,-0.20481785270209618,-0.0912079500314022,-0.9578834927640025,7.41
-0.181112364057563,-0.2021137977693732,-0.08770598745360726,-0.9584654318761369,7.42
-0.18291424042794754,-0.1976153849566016,-0.08420655573555595,-0.9593746902270645,7.43
-0.1849153171701081,-0.19121583906395168,-0.08080669349564486,-0.9605795681010753,7.44
-0.18702028812619143,-0.18271982160778166,-0.07740839733137549,-0.9621043699325997,7.45
-0.18942336302413149,-0.17232125369090737,-0.07400912810868918,-0.9638188751127535,7.46
-0.1920193123534139,-0.16051614392043193,-0.07060710131328657,-0.9655971149855267,7.47
-0.19492305588798337,-0.14761746048776986,-0.06720794949036676,-0.9673144158792073,7.48
-0.19811423898205185,-0.13400963161834906,-0.06390459298815303,-0.9688696351631088,7.49
-0.20152089577742419,-0.12011245450555158,-0.06060628428839655,-0.9702006004649092,7.5
-0.20522131744542207,-0.10571098076988847,-0.057305952678473125,-0.9713008942641029,7.51
-0.20922088861017363,-0.09130911630071153,-0.054005391897463555,-0.972097054154344,7.52
-0.2136171103477074,-0.07680615203513075,-0.05060405329397937,-0.9725779017469355,7.53
-0.2183085382138976,-0.06240244060717916,-0.04720184610030218,-0.9727380445288969,7.54
-0.22341143225549023,-0.048302471700717005,-0.04360223118325593,-0.9725497666448714,7.55
-0.2289241630760051,-0.03470366299142585,-0.040004222468502416,-0.9720025954284375,7.56
-0.23471267600036033,-0.021501161201566883,-0.036201955139382375,-0.9711524485042604,7.57
-0.2410105106975623,-0.010400453573670738,-0.031901391250009285,-0.9699423001060816,7.58
-0.24811051514645258,0.0007000296678860009,-0.027501165524092888,-0.968341039162878,7.59
-0.25582428271424545,0.011001044213669663,-0.022802164370151666,-0.9663917294244542,7.6
-0.26401185571857755,0.020300911632905774,-0.017700794872040994,-0.9641432958268206,7.61
-0.2727272045318417,0.02840283318190064,-0.012101207095105553,-0.9615959191689247,7.62
-0.28192237001795883,0.035102785341008705,-0.006000476126668155,-0.9587760771061268,7.63
-0.2916205935153423,0.04070287433496033,0.0006000423734883587,-0.9556674868424592,7.64
-0.30161038311616123,0.045101552647675305,0.0077002650861884665,-0.9523327846204256,7.65
-0.3119176394412797,0.048402737252189604,0.01520085963291905,-0.9487536535362041,7.66
-0.32232615460532005,0.05090413052873345,0.023101874562156045,-0.9449766785186687,7.67
-0.3327148909881767,0.05260235427104928,0.031201396449747863,-0.9410421172824596,7.68
-0.3433156366667661,0.053702445933601343,0.03970180826003675,-0.9368426694710937,7.69
-0.3539210412313704,0.053803198695246475,0.04870289547320639,-0.9324554361235653,7.7
-0.36473512568398647,0.05290509500598543,0.05810559583833182,-0.9277893504168748,7.71
-0.3756224009098373,0.050803029729019525,0.06830407343488255,-0.9228550361011657,7.72
-0.3865179232516614,0.04740219809088939,0.0793036773967833,-0.9176425520717322,7.73
-0.3976387279216603,0.042904178641446744,0.09120888326573294,-0.9119888229169064,7.74
-0.4085202917068461,0.03710184289430597,0.10400516606490084,-0.9060450043730786,7.75
-0.4194171293453508,0.030201233443561265,0.11760480307823858,-0.899636741914825,7.76
-0.43013194493512996,0.02240166372133669,0.13210981149949003,-0.8927663037516635,7.77
-0.4404493727374403,0.013901558313011854,0.14731651363357165,-0.8854992611755895,7.78
-0.4504601809956374,0.0049006547221994295,0.16332181961942183,-0.8777172620820857,7.79
-0.46013872920603405,-0.004600387207884713,0.18011516003044278,-0.8693731738726481,7.8
-0.4693600209035548,-0.014401841681251202,0.19752525916993835,-0.8605100404547593,7.81
-0.47821990870920794,-0.024501019998694258,0.2155089718252495,-0.8510354293424006,7.82
-0.48661648197937174,-0.03450116857436976,0.234207932757026,-0.8409284827300734,7.83
-0.4945546067888698,-0.044404903016027945,0.25342798252841175,-0.8301916665226305,7.84
-0.5021645448462061,-0.05380691597834274,0.2729350812358686,-0.818805243707606,7.85
-0.5095496452926568,-0.06240608020856091,0.2925285009776292,-0.8067786042347128,7.86
-0.5167382012835969,-0.06980516053724611,0.3121230745512108,-0.7941587103528244,7.87
-0.523842040010634,-0.07600609973426534,0.3315266060777495,-0.7809626747695764,7.88
-0.530971667427718,-0.0807108938809886,0.35064732831071377,-0.7672035526159399,7.89
-0.5383477589481384,-0.0839074437595185,0.3692327560907536,-0.7528667897755128,7.9
-0.5459525586529599,-0.08550823184617709,0.38713726956321814,-0.7380710538301601,7.91
-0.5538444921151492,-0.08550686904269637,0.40443248936685866,-0.7227580614872126,7.92
-0.5621696374552322,-0.08411041898236085,0.4209521444670116,-0.7068875640515178,7.93
-0.5708525522506575,-0.08120747589830657,0.43664019676355476,-0.6905635727559197,7.94
-0.5801162637874361,-0.07700215878578276,0.45141265553119925,-0.6736188851701723,7.95
-0.58977346085961,-0.07160891944641017,0.4652579514870113,-0.656181732524996,7.96
-0.6000319165464842,-0.06510346294529354,0.47802542684869914,-0.638133943247186,7.97
-0.6108472386435171,-0.057504446990835345,0.48973787289412296,-0.6194479037586681,7.98
-0.6221592417126838,-0.04900466620144913,0.5004476523919418,-0.6000571371606016,7.99
-0.6339268695598115,-0.040001695507796906,0.5101216219631801,-0.5799245806242856,8.0
-0.6460411315179988,-0.03050194196795505,0.518933038923668,-0.5589355857668878,8.01
-0.6585544284799555,-0.0207017109636068,0.526643526252915,-0.5371443941330054,8.02
-0.6711934836266504,-0.010801504430290307,0.5335743160703591,-0.5144716554575309,8.03
-0.6839809641987746,-0.0010001183860195565,0.5395638692575507,-0.49095811569700026,8.04
-0.6966480459892945,0.008500586263148154,0.5449375829164034,-0.46653217550101334,8.05
-0.7092328737055621,0.01770082045204237,0.5496254757312139,-0.4411204464065474,8.06
-0.7214256471376418,0.026500942125239128,0.5537196850847134,-0.4150147540367637,8.07
-0.7333596282287084,0.034702821627623316,0.5571453005403155,-0.3880315501878342,8.08
-0.7448905655760996,0.042405155720229085,0.5599680822584024,-0.36024379930251216,8.09
-0.7561363445668733,0.04960238419589594,0.5619270096708453,-0.3317159443100541,8.1
-0.766988477224066,0.05620648379187966,0.5630649532887589,-0.30253489941358713,8.11
-0.7775070700958359,0.06220856670949446,0.5632775686621749,-0.27263754477505125,8.12
-0.7875730310953695,0.06740625053438463,0.562552165068121,-0.24232247039289906,8.13
-0.7971986434911162,0.07180888546313154,0.5608694006646819,-0.21152617375281782,8.14
-0.8061717444159454,0.0753067018416086,0.5584496986501227,-0.18041605593925886,8.15
-0.8142630182535683,0.07780602164103122,0.5555429951361548,-0.14931155566845708,8.16
-0.8213703492762247,0.07930679252113065,0.552347307811103,-0.11821012453969286,8.17
-0.8271827968699155,0.07960796836034974,0.549354987692715,-0.08740874917957998,8.18
-0.8312802639844187,0.07890761889842472,0.547252839812649,-0.05710551380354945,8.19
-0.8330851414867736,0.07690786000039963,0.5470559092356124,-0.02800286189871508,8.2
-0.8325611372090403,0.07420544910619915,0.5489403101670177,-0.00020001468761778748,8.21
-0.8295579964268661,0.0713049851057692,0.5532386782680438,0.026001817850631125,8.22
-0.8239476667513221,0.06840395728339657,0.560232410382438,0.05070293324953518,8.23
-0.8157458666008107,0.06560368867109621,0.5699320453301484,0.07370414413200901,8.24
-0.804534458948831,0.06320270702991437,0.5828249629277548,0.0951040733946971,8.25
-0.7903696464899859,0.06160542860152237,0.5986527526115469,0.11461009931387117,8.26
-0.7732850157615685,0.06080668515041821,0.617067841082369,0.13251456878997392,8.27
-0.7534517224687943,0.061104194641416684,0.6375437656939957,0.1487102085626622,8.28
-0.7311498112776478,0.06230424462125216,0.6594449262159499,0.16331112594944586,8.29
-0.7066710876202353,0.06460649909463233,0.6821686227933237,0.17631773669324582,8.3
-0.6804832077690319,0.06770827919747716,0.7049862039335547,0.18802299097674605,8.31
-0.6534340774757337,0.07150372901670488,0.7270379160160062,0.19831034215402205,8.32
-0.6261459451443993,0.07560554776060786,0.7478548758648487,0.20721520497351786,8.33
-0.5993461064726788,0.07980613932341027,0.7669590005905179,0.21491653309023642,8.34
-0.5737493187423798,0.0838072039578376,0.784067397409841,0.22141903289099338,8.35
-0.5502430416941478,0.08720682158438693,0.7988624894679849,0.22681774237774033,8.36
-0.5288631024213494,0.09001073982209049,0.8115968373958492,0.23132760134277253,8.37
-0.5099512730786225,0.09190924101966153,0.8223826865121618,0.23492362040825346,8.38
-0.4935422588973876,0.0929079551196906,0.8313711850484262,0.23792037161436377,8.39
-0.47984279188903517,0.0931083033031871,0.838674792159535,0.2402214227005966,8.4
-0.46865093106416844,0.0922100210075039,0.8445917867769746,0.24192629155873313,8.41
-0.46012253045131885,0.09050443165799686,0.8491415792354159,0.24301189936898607,8.42
-0.4539383003901741,0.08780740862361155,0.8525719345288023,0.2436205551333915,8.43
-0.4502464498197687,0.08420868741631392,0.8548881948155004,0.24362513366525024,8.44
-0.4487205384090752,0.07970364811946355,0.8562391909646763,0.24321113202827524,8.45
-0.4492273610256603,0.07450453783706966,0.8567521820807729,0.24211474644771228,8.46
-0.45141937759268363,0.06870294913738895,0.8565367676298927,0.2405103241272495,8.47
-0.45493988177813166,0.062305461936200485,0.8557750205265932,0.23832089212514568,8.48
-0.4593479905914966,0.05550579899374714,0.8546892940550687,0.2354245960923978,8.49
-0.46445865089700694,0.048506125255178376,0.853307753973571,0.2319292875603271,8.5
-0.4698277018579764,0.0414024411598983,0.8518502265700816,0.22781343227596215,8.51
-0.475332459185251,0.03420233558623098,0.8503580686833978,0.22311523594409743,8.52
-0.4804294848622568,0.02700165714254982,0.8491521140644094,0.21771336147900355,8.53
-0.48502785837509166,0.020001148798972853,0.8482487205644387,0.21171216003712764,8.54
-0.48862265551464656,0.013300616697390093,0.8479393156178241,0.2051095101229104,8.55
-0.4911409874256724,0.006800567531041687,0.8482707911514057,0.19791651682252204,8.56
-0.4921538273469026,0.0007000765680610279,0.8494929098729102,0.19012079369771628,8.57
-0.4917581636777307,-0.00500059145492913,0.8515007129453324,0.18192151713032176,8.58
-0.48983096319380615,-0.010400657446336432,0.8543540054235782,0.17331095533174073,8.59
-0.4864377052478573,-0.0155012015446994,0.8579665035611365,0.1644127441257149,8.6
-0.4800220215153671,-0.020000917563140295,0.8632396020251352,0.1549071065265216,8.61
-0.47204901539403465,-0.024302523462023395,0.8691902527096516,0.14521507846443607,8.62
-0.46245158935234887,-0.028403168550187517,0.8757977006830707,0.13531509524085814,8.63
-0.45143438932446006,-0.032402468352043655,0.8828672549748191,0.1253095458182429,8.64
-0.43913215004159994,-0.036302657814871506,0.8902651786996864,0.1152084347182699,8.65
-0.42543603383089257,-0.04020340517160762,0.8979760573031463,0.10500889410494528,8.66
-0.41043232692315285,-0.04420348160332201,0.9058713492373095,0.09480746733020197,8.67
-0.3941376931899858,-0.048204610027295904,0.9138873992311826,0.0845080818943258,8.68
-0.37663793311646243,-0.05230526792881303,0.9218928485043948,0.07430748388357185,8.69
-0.35803708382125654,-0.05660586297285787,0.9297963039905648,0.06390661915133601,8.7
-0.3384253456232361,-0.0611045762930843,0.9374702097731133,0.053704022044822046,8.71
-0.3178227124225736,-0.06580470257207471,0.9448675226458386,0.04340310169647481,8.72
-0.2963239350508901,-0.07080571920892008,0.9518768862012731,0.03330268996690733,8.73
-0.2738252081398564,-0.07600699714619827,0.9584882376962687,0.023302145177716047,8.74
-0.2505227096603224,-0.0814073795063882,0.9645874389915408,0.013501223873909592,8.75
-0.22631039807011447,-0.08710400208531582,0.9701445743164739,0.004000183792666628,8.76
-0.2014159749344832,-0.09290736877563799,0.9750773364504526,-0.004900388665238172,8.77
-0.17600305719965556,-0.098901717937761,0.9793170108842199,-0.013400232764064686,8.78
-0.15020491403414526,-0.10500343524357691,0.9828321538798799,-0.02130069686369703,8.79
-0.12421295919298697,-0.11111159232158496,0.9856028283791357,-0.02850297372785933,8.8
-0.0980036453133824,-0.11720435949722875,0.9876367358315966,-0.035101305617344106,8.81
-0.07160413955496497,-0.12310711702815905,0.9889571732668276,-0.04100237041555257,8.82
-0.04510280841380156,-0.12890802670818227,0.989561616972431,-0.04600286445753595,8.83
-0.018601628643884777,-0.1343117595093401,0.9894866333472904,-0.05030440434340884,8.84
0.007600333471946783,-0.1394061165775502,0.9887433820676031,-0.05380236063036012,8.85
0.0338023528946627,-0.14411003112783713,0.987368728192322,-0.05650393309314919,8.86
0.05960093067579881,-0.148302315758741,0.9854153873814119,-0.05840091193735991,8.87
0.08490184323902529,-0.1520033000274658,0.9829213394539218,-0.0596012939581379,8.88
0.10980328865774369,-0.15510464545369804,0.9799293493235249,-0.06020180307100337,8.89
0.13410313000358184,-0.1575036761787035,0.9765227923079618,-0.06010140278311162,8.9
0.15780135315240496,-0.1594013668725814,0.9727083410097864,-0.059400509361551675,8.91
0.1807148201265116,-0.16061317162323058,0.9685794316133176,-0.0583047814796659,8.92
0.20281856077578375,-0.16121475343716146,0.9641882369030232,-0.05670518932932416,8.93
0.22402671117705508,-0.16111921058314094,0.9596144168499301,-0.054706522774039784,8.94
0.24432057998921525,-0.16051352062328714,0.9548804329664459,-0.05240441420972116,8.95
0.2636208941019759,-0.1593126268226281,0.9500753012021135,-0.049803947368279214,8.96
0.28191872848322036,-0.15751046376767366,0.945262795893366,-0.04680310923382303,8.97
0.29901985408233955,-0.15501029225004226,0.9405624507171918,-0.043602895110334466,8.98
0.31481336725936676,-0.15200645433107926,0.9360397450913828,-0.04020170700071964,8.99
0.3293331210508115,-0.14821490598156775,0.9317937105467388,-0.036503671176297055,9.0
0.3423155928303882,-0.14380655053756886,0.927942268733033,-0.032601485031465545,9.01
0.3537268506556872,-0.13871052922234609,0.9245701821633667,-0.028402155947473893,9.02
0.36351702026534255,-0.1329062228150317,0.9217431570249415,-0.024101128441251046,9.03
0.37213889612944967,-0.12661323367371224,0.9192960852517875,-0.019402027908925888,9.04
0.3797160357467915,-0.1195050468046921,0.9172387358097371,-0.014400608150523566,9.05
0.3864257870531838,-0.1119074678345012,0.9154610907569473,-0.00910060730378875,9.06
0.3921187535278419,-0.10370495980830707,0.9140437151860431,-0.003500167399508918,9.07
0.39723577467860555,-0.09500855638083466,0.9127822043030294,0.0024002161612000335,9.08
0.40161361091591485,-0.08590291129899673,0.9117308990837638,0.008600291468816901,9.09
0.40564940096388674,-0.07630929313004083,0.9107109085742487,0.015201851318173271,9.1
0.4097510212761864,-0.06630825655506752,0.9095132505456771,0.0222027646383484,9.11
0.41411164084183844,-0.05590157141525904,0.9080255249562649,0.02960083209108529,9.12
0.4187499954527389,-0.045205397168530684,0.9062081941240189,0.03730445385810165,9.13
0.423708122562565,-0.03410065371579765,0.9040173301783307,0.04540087034302679,9.14
0.42892656209981245,-0.022701405828085202,0.9014558243804406,0.05370332568141742,9.15
0.4344373175961613,-0.011000944966753624,0.8984771780119505,0.062305351948068244,9.16
0.4400308340408497,0.000800056061892454,0.8951627262499195,0.07110498250069185,9.17
0.4456232955666795,0.012800669172471944,0.8915466068170889,0.08000418232794965,9.18
0.45132040465675227,0.025001130326653683,0.8875401265962057,0.08920403300550034,9.19
0.45704834456024146,0.0373039458470394,0.8831934203088604,0.09841040941953558,9.2
0.4627584894280131,0.04970628252555058,0.8785110376346806,0.107713614245509,9.21
0.4683264658764012,0.06200350391701233,0.8735493656695205,0.11720662353344911,9.22
0.47392357828454407,0.07430369670086859,0.8682431961735412,0.12660629882005334,9.23
0.47941776515443774,0.08660320914137319,0.8626319654197289,0.13610504346583016,9.24
0.48482254962118654,0.09870459085728364,0.8567398478970101,0.14560677232847516,9.25
0.49021819233468256,0.11070410830569025,0.8505315638120104,0.15500575237020767,9.26
0.49564456540640356,0.12251101546062236,0.843975885283422,0.16441478319776584,9.27
0.5012275156397272,0.13410736202571313,0.8370459508987464,0.17360953055677705,9.28
0.507241823812631,0.14551199795886793,0.829568400734577,0.18261505723222876,9.29
0.5138350832880082,0.15691071344470314,0.8214560868290578,0.19121305551706338,9.3
0.5211203683876554,0.1681065705737188,0.8126317623331583,0.1995077979146752,9.31
0.5293298471049172,0.17931011068564454,0.8029452753458115,0.20721168396020942,9.32
0.5384461495049497,0.19051632890173278,0.7923679128023249,0.21431836894299913,9.33
0.5485723834157169,0.20172661756599833,0.7808030259483139,0.22072912492224012,9.34
0.5595375070561891,0.2128142654183325,0.7683515043275605,0.22641517711800038,9.35
0.5712768133316759,0.22373008253203064,0.7550015167788553,0.2314311180058645,9.36
0.5836671343364056,0.23462698717498415,0.7407852063107876,0.23562710220983063,9.37
0.5966258195410231,0.24521061171883818,0.7258314110339835,0.23891033906863965,9.38
0.6098765870118487,0.2555320891792839,0.7101891840556145,0.24163034342745593,9.39
0.6234404251877963,0.26561722317914455,0.6938449903678106,0.2436157965603901,9.4
0.6370608262862232,0.2752262784834672,0.6770646458332388,0.24492338517660292,9.41
0.6506344129641766,0.284315037820036,0.6599349048802031,0.24561299081463536,9.42
0.6638589466529261,0.29292601005520047,0.6426570640541885,0.24592183636931988,9.43
0.676669270795539,0.3009308063588201,0.6253640186645736,0.24592517541918862,9.44
0.6889736552208251,0.30833296255563997,0.608165016315552,0.24572626954239618,9.45
0.7007588557040982,0.3149264502086778,0.5912496581879019,0.2453206041161914,9.46
0.7118558188032144,0.3209251647287883,0.5747450675276866,0.24481919702588772,9.47
0.7224703142326382,0.32603173095215954,0.5586543708891912,0.24422376901385695,9.48
0.7324444241015234,0.3305200466487623,0.543032935946378,0.24371478174978328,9.49
0.741983218084624,0.33423748683634097,0.5278592027295654,0.2431272682522875,9.5
0.751081609450541,0.33723664275196064,0.5131557574022272,0.2425263519197819,9.51
0.7598527888069213,0.3397236014184143,0.4987346482995679,0.24181679959662225,9.52
0.7683485957437053,0.34152160021668015,0.4846306514348557,0.2411152498162272,9.53
0.7765540422762685,0.34282385794244025,0.47083276639235955,0.24031672422277825,9.54
0.7845876040967691,0.34353835819915896,0.4572510549305836,0.23942673348727408,9.55
0.7924711472910154,0.3437308598232231,0.4438398475110457,0.2384214052425266,9.56
0.8003063597796963,0.3435456568162031,0.4303571939680122,0.2372315277927318,9.57
0.8081473790289341,0.34292010428043745,0.416824437048954,0.23571381912773143,9.58
0.8159818062768245,0.3418342706035281,0.40324042687929357,0.23392345200165368,9.59
0.8238615035569464,0.3404254137057351,0.3893290644995378,0.23191731327367793,9.6
0.831693666456669,0.3386381378814672,0.37534227155024996,0.22962586077254835,9.61
0.8395964289893989,0.33653865200111105,0.36094145470193456,0.22702607430684163,9.62
0.8477782662633918,0.3340308374802087,0.3458319269480723,0.2238206629582955,9.63
0.8559759284324273,0.3313293902204267,0.3301292837662627,0.2203195432102626,9.64
0.864181293036924,0.3283308858974912,0.3139295311703396,0.2164203585385839,9.65
0.8723035703899569,0.32513860437259223,0.2971352794804588,0.21232520980714037,9.66
0.8804131975998418,0.32184138019723857,0.27953594084875133,0.20772670810120092,9.67
0.8884987443524948,0.31833537857654104,0.2610290097658725,0.20272252980667568,9.68
0.8964813190262306,0.31472854874782996,0.24152190823832517,0.1973178985317663,9.69
0.9042650642121394,0.311022378865268,0.22111590986209248,0.19151377991221488,9.7
0.9117993687508594,0.3072334825932478,0.19962175496618575,0.18542020726819056,9.71
0.9190525069696276,0.303317329014024,0.17711011859012082,0.17881021571944442,9.72
0.9258349185224405,0.29931128873813617,0.1538058008951732,0.17200648734700774,9.73
0.9321668014665754,0.2951211491393481,0.12950928096762312,0.16491181800433247,9.74
0.9379266797038616,0.29090827500357536,0.10420296409547114,0.15750448027866318,9.75
0.9430682381711487,0.28652073195761835,0.07800564430259767,0.14981083995550168,9.76
0.9475000565514863,0.28202978250740884,0.050905375636975565,0.14181497574308713,9.77
0.9511253668518054,0.27740739855398044,0.023000613434540556,0.13370356592165533,9.78
0.9538680227541404,0.272719448317314,-0.00570040651048291,0.12540894323062404,9.79
0.9556956221307307,0.26782679741168863,-0.03530353229511803,0.11691169760054669,9.8
0.9564697052697498,0.2629191609320548,-0.06580479569923624,0.10820788593704196,9.81
0.9561493290163587,0.2578133009313014,-0.0971050097766849,0.09940512844286796,9.82
0.9545991211728942,0.2527262419281198,-0.12921341692565524,0.09040938769411172,9.83
0.951790662378593,0.24742356821736253,-0.16211544223134383,0.08120773540521357,9.84
0.9475817324492877,0.24202087520076795,-0.1958168899351668,0.07190620217741825,9.85
0.941918782047773,0.23650471595105457,-0.23010458833123745,0.06250124628727659,9.86
0.9347029164569648,0.23082541527741007,-0.26502918131938336,0.053005836263876664,9.87
0.9258604328827458,0.2249146806603257,-0.30051961555548184,0.04340283299536743,9.88
0.9153206269827462,0.2188049308246748,-0.33640758103025875,0.033800761708747754,9.89
0.9029941781740187,0.2125221650924565,-0.37263886453387907,0.024002503351618618,9.9
0.8888853326434573,0.206019777817903,-0.40893925800844927,0.014401382527076716,9.91
0.8728809590990015,0.19931848665035634,-0.44534130509485037,0.0047004359621509026,9.92
0.8550969350074131,0.19232180187359713,-0.4814545783772733,-0.004800544196532845,9.93
0.8354615548976693,0.18511363874977085,-0.517238108921564,-0.01420104630063072,9.94
0.8141474580385339,0.17761035320924165,-0.5523321963821181,-0.023401364105271705,9.95
0.7912522322838365,0.16981120960793153,-0.586538718698774,-0.032502145537442725,9.96
0.7668908512716813,0.16181917023442624,-0.6196734108606334,-0.041204881419396544,9.97
0.741251136973587,0.1535105902933697,-0.6515449483786994,-0.049703428909319045,9.98
0.7144997475548759,0.14502024551435752,-0.6819952097671751,-0.057808070280895615,9.99
0.6869174135771541,0.13630345533638974,-0.7108180194651931,-0.06560166302323674,10.0
0.6586709229166112,0.12731370860504798,-0.7379794625268257,-0.0730078611796426,10.01
0.6298583118324518,0.11821094388471864,-0.7634706815701711,-0.0801074162873601,10.02
0.6006607749285107,0.10891101962989479,-0.7872796570491568,-0.08680878332300153,10.03
0.5713643335321724,0.09951120459732392,-0.8092911232176334,-0.09321049516050844,10.04
0.5421712297134785,0.09001182563035061,-0.8295089797534755,-0.09931304761215351,10.05
0.5133214187830574,0.08050335907273742,-0.8479353808419139,-0.10500438139922273,10.06
0.4848516176265779,0.07080753821774281,-0.864692055692944,-0.1105117651562229,10.07
0.4569170547473586,0.06110228068519066,-0.8798328403736619,-0.11570431874429721,10.08
0.42974011811262613,0.0514047988619711,-0.8933834012334394,-0.12061125958664815,10.09
0.4034476701585102,0.04170492772833385,-0.9054069801549313,-0.12541481863628454,10.1
0.3780306198301299,0.03200259215493163,-0.9160742004349179,-0.1299105225289256,10.11
0.35352374698765454,0.022401504759613753,-0.9254621653815432,-0.13430902184000568,10.12
0.3301130298184355,0.012800505245913281,-0.9336368513737999,-0.13850546691867105,10.13
0.3077047217651835,0.00320004910513028,-0.940714435373767,-0.14270218978190344,10.14
0.2863061184271269,-0.006200132498247247,-0.9468202337645957,-0.14670313507949534,10.15
0.2659305478669219,-0.015601792202797974,-0.9520093588361149,-0.15071731313856762,10.16
0.24670892238952025,-0.02500090417404948,-0.9563345864657407,-0.15470559502901818,10.17
0.22840800584090953,-0.03420119877302586,-0.9599336462639626,-0.1587055627274621,10.18
0.21110691914266422,-0.043401422504934284,-0.9628315573214453,-0.16280533603233413,10.19
0.1947103101838936,-0.05240277480039047,-0.9651511061041382,-0.1668088327615483,10.2
0.17890789180116487,-0.06140270853321142,-0.9669426527811421,-0.17100754330910672,10.21
0.1638110772795811,-0.07020474740553477,-0.9682654763253384,-0.17521184822577907,10.22
0.1491152709312696,-0.07890808099582276,-0.9691992559322159,-0.17941837427947532,10.23
0.1346097797557618,-0.08760636483361615,-0.9697704563830774,-0.18371334725953523,10.24
0.12030403386188422,-0.09620322574823992,-0.970032525735891,-0.18790630060389063,10.25
0.10590822409291362,-0.10480813866796361,-0.9699753215081861,-0.19221492606853632,10.26
0.09140512020121612,-0.11330634703279854,-0.9696543167078682,-0.1964110022704469,10.27
0.07670462619551298,-0.1218073464226008,-0.9690584456773413,-0.20051209324902677,10.28
0.06170626998410878,-0.13021323098753587,-0.96819837879442,-0.2045207813897933,10.29
0.04640305017273508,-0.13870911764996455,-0.9670635671774745,-0.20831369290906718,10.3
0.030701408305899226,-0.14710674794129563,-0.9656442951197489,-0.21200972510914123,10.31
0.014500791257263017,-0.15550848555202754,-0.9639525995086774,-0.21541175426306577,10.32
-0.002100099557579346,-0.16390777023202613,-0.9619456021121777,-0.21861036346992624,10.33
-0.019500802864581245,-0.17230709402909478,-0.9596395091719058,-0.22140911560093782,10.34
-0.037601882773406876,-0.18070904832858037,-0.9569479155817298,-0.22401121652242392,10.35
-0.05640577004134139,-0.18911934600740526,-0.953897579174316,-0.22612313131821432,10.36
-0.07580360492615044,-0.19750939278251597,-0.9504451994962188,-0.2278108338018083,10.37
-0.09611010218321285,-0.20592164453198258,-0.9464994870571555,-0.22912408335248766,10.38
-0.11711118816623381,-0.2143204750130137,-0.9420900021570644,-0.22982195594022656,10.39
-0.13901492474841257,-0.22272391180914733,-0.9371006078364214,-0.23002469562686972,10.4
-0.1617180956501401,-0.2311258621196498,-0.9315042318400771,-0.22962569425647594,10.41
-0.18520812248032095,-0.23951050396348203,-0.9252405773152967,-0.2286100259125344,10.42
-0.2096237297012013,-0.24782805448453094,-0.9182039419784014,-0.22702569962868654,10.43
-0.23482838189924532,-0.2560309444898075,-0.9104100342541865,-0.22462714895472954,10.44
-0.2608320099642747,-0.26413241499833184,-0.9017106602139189,-0.22162719865062602,10.45
-0.28761331105206034,-0.27221259829058003,-0.8920412846260007,-0.21781008048379258,10.46
-0.3150296803443437,-0.28002638252830553,-0.8813830390078415,-0.21332009783316988,10.47
-0.343137206668809,-0.2877311989467104,-0.8695942908730091,-0.2080225560685289,10.48
-0.37182104380747827,-0.29511670260243905,-0.8566484833929152,-0.20201143316059875,10.49
-0.40083892735844545,-0.3023293606298854,-0.8424818173821219,-0.19531896834606888,10.5
-0.4301587938203017,-0.30914225335934725,-0.8271130492661928,-0.1878256718889855,10.51
-0.4596430567817876,-0.31552955703797647,-0.8104759208354235,-0.17971683486441956,10.52
-0.48913812491124126,-0.32152506063987746,-0.7925617746721707,-0.1709133215034372,10.53
-0.5184667050326797,-0.32704207666991947,-0.7733995042472439,-0.16152078098529662,10.54
-0.5475406427126139,-0.33202464544399607,-0.7529558902252549,-0.15171126118630784,10.55
-0.5760536878252719,-0.33633134586048424,-0.7314681723531317,-0.14141317961544,10.56
-0.6041377628110837,-0.34002125369271385,-0.7087443014471362,-0.13070817016952263,10.57
-0.6314708107922438,-0.3431384782749744,-0.6849768107564267,-0.11961341300404238,10.58
-0.6579672509797552,-0.3455353172419903,-0.6602674860872996,-0.1083110704987194,10.59
-0.6835591782797065,-0.3472300610076285,-0.6346549444569154,-0.09690838972246313,10.6
-0.7080850956992325,-0.3481418387187893,-0.6083731125901739,-0.08541026436824076,10.61
-0.731561841536308,-0.3484294539866708,-0.5813491435202404,-0.07380623910509847,10.62
-0.7538661244977968,-0.347930518324202,-0.5538485801895461,-0.06230546505202009,10.63
-0.7749609492006191,-0.34672726943844967,-0.5259413642852053,-0.051004011368217285,10.64
-0.7945767836645876,-0.34463330352525723,-0.49824814804493084,-0.040303894753534145,10.65
-0.8129821763266682,-0.3418345526737055,-0.470447552889734,-0.0298030124917391,10.66
-0.8302645099072432,-0.33842629505253086,-0.44243437627434884,-0.019501515229090872,10.67
-0.8464207121682432,-0.33440818306836073,-0.41431013829312757,-0.009500232473532976,10.68
-0.8614973503934723,-0.32983727206845503,-0.38604362346398924,0.00010001130141554125,10.69
-0.8754564293627906,-0.3246209241160176,-0.3579230706750545,0.009400605935583997,10.7
-0.8883025959915588,-0.318936836142432,-0.32993810675255036,0.01840212538419802,10.71
-0.8999759791793789,-0.3127264014772661,-0.3025255402842117,0.02690227118560428,10.72
-0.9106489851264004,-0.30591645568873915,-0.27551482034078995,0.035001882801915234,10.73
-0.9201959722426788,-0.2984311250051248,-0.24972604528746536,0.04260444344912304,10.74
-0.9285721296416137,-0.2902225439116815,-0.22601755659558934,0.049403837592133244,10.75
-0.9359424833935038,-0.28131276907638914,-0.2044092783477211,0.055602523855838026,10.76
-0.942546911727224,-0.27171352351860667,-0.18440917827320966,0.0614030561061555,10.77
-0.9485082025023411,-0.2613298115920094,-0.16601893886059535,0.06690763258899897,10.78
-0.9537698662016426,-0.25041834381555134,-0.14981097405578908,0.07190526725374657,10.79
-0.9585424356129576,-0.23891057680535793,-0.13520598570148343,0.07640338245261342,10.8
-0.9628748953221504,-0.22701765812019958,-0.12180947470942867,0.08060626979950698,10.81
-0.966902443906417,-0.21472275000693808,-0.10871151805195235,0.08470897496780463,10.82
-0.9706071803626102,-0.20212231957885987,-0.09591059103222495,0.08870979587652089,10.83
-0.9739930110336475,-0.18931807884656482,-0.08340796500688592,0.09240882454000311,10.84
-0.9770740161601924,-0.17631335624262223,-0.07100537886118082,0.09590726525052451,10.85
-0.9798544324256238,-0.1631090609600115,-0.05830323883487841,0.09940552213013575,10.86
-0.9823276725603095,-0.14980422004431881,-0.04520127333780514,0.10270289318125195,10.87
-0.9844785054461612,-0.1364108778371154,-0.03160252008543143,0.10580843750122294,10.88
-0.9862796255683879,-0.122909922918632,-0.01750141294610301,0.10880878448777186,10.89
-0.9877196656943179,-0.10930217622799326,-0.002800055749664969,0.11160222202236092,10.9
-0.9887529837482393,-0.09560512313778868,0.012700680584204146,0.11430612525783732,10.91
-0.9893070982903986,-0.08190886711482374,0.029503193893617833,0.11701266730689107,10.92
-0.9893271178279546,-0.06820186943886232,0.047701307510758545,0.11960327837079082,10.93
-0.9887064117818707,-0.05450035343593805,0.06750043774175814,0.1222007924747088,10.94
-0.9873683973779116,-0.04080282650969188,0.08880615181521175,0.1247086388666318,10.95
-0.9852211775568198,-0.02700058038371309,0.11160239891934744,0.12710273210259013,10.96
-0.9821172510410231,-0.013300233620655338,0.1361023906594881,0.12940227297088727,10.97
-0.9778891190963199,0.0003000273427376723,0.16251481064957252,0.13161199434759224,10.98
-0.9723848151025212,0.013901212516635857,0.1909166524766752,0.13351164539358898,10.99
-0.9653474817836161,0.027501352687298707,0.22151089528133322,0.13520665030264672,11.0
-0.95654720676951,0.041002023499790805,0.2543125506340683,0.13660674170905912,11.01
-0.9458774705373854,0.054404455907415696,0.2888236556261333,0.1376112708246397,11.02
-0.9331814002978663,0.06770590590522511,0.3248283343872543,0.13811204734876792,11.03
-0.9183830531349123,0.08080730773527268,0.3619327310568711,0.13801248103301525,11.04
-0.9012935501126013,0.09370972663731773,0.4000415224645367,0.13731425258595223,11.05
-0.8818292595802573,0.10640353052771533,0.4388145601086606,0.13600451270459854,11.06
-0.8600017012146085,0.11881405059227293,0.4778565098736364,0.13391583648405173,11.07
-0.8356997801534845,0.13091563095032446,0.5169617237450169,0.13121566677374003,11.08
-0.8091454266994181,0.14250800062373883,0.5555311883963995,0.12790718091071016,11.09
-0.7805787604675065,0.15361549981782063,0.5930598397914559,0.12401251287376144,11.1
-0.7500247174718531,0.16420541147850437,0.6294207429023791,0.11970394490850776,11.11
-0.7177791000263812,0.17421919914253253,0.6642732036192315,0.11481265247739803,11.12
-0.6839534120074969,0.18371434681353588,0.6974544663459985,0.1096085596666496,11.13
-0.6486555824349735,0.19251649648278196,0.7289624638249339,0.10390890381590154,11.14
-0.6120639976970937,0.2008209979372164,0.758579317407264,0.09801024799724704,11.15
-0.5743539717067963,0.20851959446433402,0.7862738856971674,0.09170861780517713,11.16
-0.5354146973351656,0.21570592120880688,0.812122293062921,0.08520233883630203,11.17
-0.4955120559549838,0.22220540632330454,0.836020340622334,0.07850190997470481,11.18
-0.4547122091867272,0.2282061274167828,0.8579230355427606,0.07160192253743054,11.19
-0.41331462539678404,0.23360826637476106,0.877731059063047,0.06470228953102329,11.2
-0.3715132242485799,0.23840848630110753,0.8954318734648141,0.05780205750085577,11.21
-0.3294115872563762,0.24270853742295842,0.9110320461158431,0.05100179401965752,11.22
-0.2873106508032416,0.2464091345559301,0.9245342731207686,0.04440164599952637,11.23
-0.24571235227043076,0.24971255336559448,0.9358470462135495,0.03820192045881341,11.24
-0.20491895383060021,0.25252335696547856,0.9450874151777316,0.03240299709180794,11.25
-0.16491894120351624,0.2549292790344226,0.9524093857374683,0.02700310134927191,11.26
-0.12520551605051708,0.2569113184774588,0.9580422074791962,0.021800960462470226,11.27
-0.08590902135045524,0.25862715857075347,0.962001020221221,0.016901774864059294,11.28
-0.046905372145385045,0.2599297701617393,0.9644104554327249,0.012201397445068178,11.29
-0.008500801705909096,0.26092460765549214,0.9652910360639364,0.007700726251235299,11.3
0.029303539202157072,0.26163159915646045,0.9647165158498537,0.003500422771588729,11.31
0.06690121895131404,0.2621047755925173,0.9627175408733936,-0.0005000091102489839,11.32
0.10400551087799467,0.2623138990701731,0.9593508325505797,-0.004500238451451693,11.33
0.14081654198671378,0.2623308164993965,0.9546121401016925,-0.008300975131319065,11.34
0.1770109307624723,0.2622161923498318,0.948558575300593,-0.012100747244214206,11.35
0.2128074313652572,0.2618091425348888,0.9412328684256582,-0.015800551764901614,11.36
0.2482231429224723,0.26132436440629336,0.9325869491345907,-0.019401808914971647,11.37
0.28313146756431884,0.26062896660989576,0.9227025502466992,-0.023002556531188035,11.38
0.31791367535087417,0.2598111760181098,0.9114392064007132,-0.026601144272831875,11.39
0.3522158800109335,0.2587116642783319,0.8989405296474393,-0.030301366167891215,11.4
0.38612332448389447,0.2574155496559296,0.8851534693102693,-0.03390204791505833,11.41
0.41933433230723655,0.2560209612941869,0.8701712438362188,-0.0376030786900837,11.42
0.4519217402182324,0.2543122339842808,0.8540410846345883,-0.04130198687986943,11.43
0.4839387118058979,0.25252019989871716,0.8366669276644229,-0.04500359998194959,11.44
0.5154405255272381,0.25041968876992704,0.818064318745209,-0.048803837108516136,11.45
0.5463443403742376,0.2480201288903733,0.798264785807645,-0.052604269272716275,11.46
0.5765669606094292,0.24532849165219944,0.7772902719612288,-0.05660657410319808,11.47
0.6061605524020203,0.24242421696460933,0.7550754282519804,-0.06050604425065538,11.48
0.6350465633210965,0.2392175400730808,0.7316536468121485,-0.06460473699298085,11.49
0.6632251897710704,0.23560894859780485,0.7070268533898473,-0.0688026131728734,11.5
0.6905400766563068,0.23181345368418815,0.6812395368838178,-0.07300423692383838,11.51
0.7168650046815829,0.22762064043739993,0.6544593457918915,-0.07730701013097985,11.52
0.7420931162653132,0.22312799762640348,0.6267786468510401,-0.08161024027931207,11.53
0.7660620765251932,0.21831769099928156,0.5984484942463127,-0.08570694511515542,11.54
0.7886933907702286,0.2133252602730025,0.5695674436262302,-0.0897106228152289,11.55
0.8098844065018647,0.20792166968601833,0.5404563265912665,-0.09360975604911648,11.56
0.8296039600379769,0.2023253539670678,0.5112640679583047,-0.09711216940287831,11.57
0.8477504765661069,0.19651170065499587,0.4823287187068932,-0.10030597239539993,11.58
0.864378091444331,0.19051721210244713,0.4537409928130198,-0.10330933338678629,11.59
0.8794997057382841,0.18422088446326124,0.4258482768971587,-0.10581199552775808,11.6
0.8932151115827592,0.1779229295158133,0.39855136263098145,-0.10801392011078041,11.61
0.9055465960989343,0.17140882006776073,0.37221915302929137,-0.10980565019509993,11.62
0.9165750064017864,0.1648134872395138,0.3469283903118164,-0.11120910061306999,11.63
0.9264151466624492,0.1581196531224584,0.32274011424805393,-0.11221394737722855,11.64
0.9351059488305492,0.15141715577855097,0.2998339716143301,-0.112912793179646,11.65
0.9427778059490364,0.14461193459237368,0.27832296955088237,-0.11310933473303916,11.66
0.9495149504904186,0.1377166723009592,0.25823126207776076,-0.11301368169940731,11.67
0.9551271976341845,0.13080372468909154,0.24080685707288413,-0.1124032007267117,11.68
0.9600953374000258,0.12371228462123249,0.22462230497921437,-0.111611082972753,11.69
0.9644832192023841,0.11661006155018455,0.20961808662880516,-0.11060954380317677,11.7
0.9683584664074173,0.10940660562322777,0.19581182249568554,-0.10940660562322777,11.71
0.9718232074152929,0.1020024358472524,0.18300437019654106,-0.10800257913238488,11.72
0.9748966852986594,0.09460938287777305,0.17111697051149016,-0.10651056317635127,11.73
0.9776527066781638,0.08710469594074066,0.16000862629757184,-0.10490565561634553,11.74
0.9801306785703665,0.07950248846683414,0.14950467956970695,-0.10330323344181089,11.75
0.982345591716892,0.0718033324699917,0.13970648392838217,-0.10160471558427794,11.76
0.9843710200092003,0.06390461056444977,0.1301093870803586,-0.10000721528082905,11.77
0.9862061510808686,0.0560060282532488,0.12081300380343671,-0.09831058173739923,11.78
0.9878699980086513,0.048003401401513726,0.11160790825851942,-0.09670685240679953,11.79
0.9894051892573021,0.039804231812837994,0.10221086661487545,-0.09511011169348978,11.8
0.9907980641373516,0.03160312791636248,0.09260916598275841,-0.09350925506898393,11.81
0.992061876828947,0.023301453356970224,0.0826051522440232,-0.09190573233929458,11.82
0.9931707113060267,0.015001068039059914,0.07220514082800839,-0.09040643671540108,11.83
0.9941505289847361,0.006700340553463164,0.06110310564426856,-0.0888045136041088,11.84
0.9949546145577307,-0.0016000878312316504,0.04940271178927721,-0.08730479229157694,11.85
0.9955769063085563,-0.010100780264908507,0.03690285067080435,-0.08580662838902475,11.86
0.9959883929123176,-0.018501642001082313,0.02360209466084014,-0.08430748219952643,11.87
0.9961665112775122,-0.02690179615838277,0.009400627653858663,-0.08270552201852249,11.88
0.9960644175688936,-0.03530228307247183,-0.005600362187134341,-0.08110524524582055,11.89
0.9956577249299526,-0.04360252792983722,-0.02180126396491861,-0.07930459781734155,11.9
0.9948846981396824,-0.051804410297180886,-0.03890331197992928,-0.07750659841759688,11.91
0.9936871998778518,-0.060005265693107,-0.05730502873691718,-0.07550662599715964,11.92
0.9920202721413939,-0.06800138962259555,-0.07680156945610792,-0.0733014979314155,11.93
0.9897994897468229,-0.07580761980681942,-0.09750980120270307,-0.07100713728607096,11.94
0.9869716024521941,-0.08350605816674253,-0.11930865556038783,-0.06840496261802621,11.95
0.9834306441763163,-0.09100283569254096,-0.14240443739140476,-0.06560204419154601,11.96
0.9790820603063555,-0.09830823955885061,-0.16681398126567937,-0.06250523878360288,11.97
0.9738399282556045,-0.10540432166578426,-0.19240788888516974,-0.059202427349283,11.98
0.9675718981011818,-0.1123083453816669,-0.21931629690293455,-0.055604131818527865,11.99
0.9602031793752337,-0.11881276711777707,-0.24742658741530343,-0.051705556060514093,12.0
0.9516326558348871,-0.12500428959579749,-0.27660949201758067,-0.047501630046403044,12.01
0.9417592479379904,-0.13080822940457593,-0.30681930260950985,-0.04290269909370265,12.02
0.9304231631729744,-0.13620339082562244,-0.33810841731382485,-0.038000946045327846,12.03
0.9175237687610986,-0.14120365792813855,-0.37030959299426136,-0.03290085230761869,12.04
0.9030187423484982,-0.14570302409764804,-0.40320836867653875,-0.027400568704705263,12.05
0.8868510619198774,-0.1496086139639306,-0.43662513941612363,-0.021701249485409718,12.06
0.8689614594726587,-0.1531108291463506,-0.47033326549659493,-0.015801117573561983,12.07
0.849487302048623,-0.15591602353352993,-0.5039517912671311,-0.009700996974183711,12.08
0.8284536026821965,-0.1582102365334663,-0.5372347602135151,-0.003600232942607324,12.09
0.8059666602293154,-0.15991322617032824,-0.5699471394275801,0.002400198516627816,12.1
0.7822974177400631,-0.16102005146529041,-0.6016749252268243,0.008401046163406457,12.11
0.7574487585459319,-0.1615103967588698,-0.6324407115189429,0.014300920579887544,12.12
0.7314581751821003,-0.16161285358138833,-0.6621526630955272,0.02010159874372466,12.13
0.7045503137344198,-0.16111150538341382,-0.6906493210290849,0.025601828291839813,12.14
0.6766829698020808,-0.16011963267116927,-0.7179880343200026,0.030903789191374955,12.15
0.6481821460877744,-0.1587201150812063,-0.7438942759760632,0.03590455029247199,12.16
0.618992156222456,-0.1568233480298612,-0.76851441725858,0.04050603058169246,12.17
0.5892430958697823,-0.1546113079115213,-0.7917579073321566,0.04480327680747836,12.18
0.5591444481588465,-0.1520120839208454,-0.8135646728263666,0.048603863674691355,12.19
0.5286654554788243,-0.1491184627542427,-0.8340032601660831,0.05210645143860526,12.2
0.4980087127386447,-0.14600255433703238,-0.8530149236266344,0.05510096399979784,12.21
0.4672297354465758,-0.14260907593039748,-0.8706554102735208,0.0576036660139614,12.22
0.43633006417716835,-0.13910958498061912,-0.886961113726176,0.05970411375516147,12.23
0.4055477885115464,-0.13541595700237577,-0.9019062778784526,0.06130722425587618,12.24
0.37491826271337597,-0.13160641070440193,-0.9155445972635256,0.06240303972609939,12.25
0.3447115876747828,-0.12780429621362704,-0.9278311895696649,0.06300211785178798,12.26
0.31492713844082953,-0.12391067784318445,-0.9388809068537656,0.0630054294117887,12.27
0.2859143632688173,-0.12000602865427798,-0.9486476565120674,0.06260314494798168,12.28
0.2576146071623509,-0.11620658910040829,-0.9572542778563753,0.06160349301708391,12.29
0.23011727094930143,-0.11240843656975873,-0.9647724088865324,0.060204518518678606,12.3
0.20341654555762675,-0.10880885032777675,-0.9712790021905954,0.058304742409093606,12.31
0.17761138081385017,-0.10520674133793377,-0.9768625944761758,0.0559035821367918,12.32
0.1527135890597587,-0.10170905047398468,-0.9815873455281806,0.05310472546871767,12.33
0.12870470810433526,-0.09830359601131435,-0.9855360515681616,0.04990182544216262,12.34
0.10580581842193693,-0.09500522448094526,-0.9887543730980061,0.046302546247029105,12.35
0.08390287665944024,-0.09180314752487025,-0.9913339884684519,0.042301450330087274,12.36
0.06290321349274401,-0.08870453158674711,-0.9933507466191196,0.037801931160981295,12.37
0.04300194523699019,-0.08570387690255951,-0.9948450028315777,0.0330014928562948,12.38
0.023802162167605202,-0.08280752216292903,-0.9958904658193807,0.02790253464185652,12.39
0.00530014154216985,-0.08000213648558265,-0.9965266125985389,0.02250060088657012,12.4
-0.01260116503156324,-0.07720713812989541,-0.9967921576951653,0.016901562621699902,12.41
-0.030200312725857423,-0.07440077042396663,-0.9967103209888111,0.011000113906769261,12.42
-0.04750388170076713,-0.07170585932515797,-0.9962814094800888,0.00500040860008075,12.43
-0.0648005994083168,-0.06900063825885586,-0.9955092085027681,-0.0011000101751411802,12.44
-0.08210725244337223,-0.06630585672345407,-0.9943878331844702,-0.007400653691607241,12.45
-0.09950994054446628,-0.06370636394655782,-0.9928991856537299,-0.013801378688579244,12.46
-0.1174111035060294,-0.06110577874121292,-0.9909937177523385,-0.020301919941843244,12.47
-0.13570744307882907,-0.058503208696473845,-0.9886542242279324,-0.026901475451882845,12.48
-0.15460214434661324,-0.05610077812318889,-0.9858136733304743,-0.03350046465466716,12.49
-0.17420460777281419,-0.053701420421355464,-0.9824259855109797,-0.04010106068708295,12.5
-0.1944124972369965,-0.05140330431060504,-0.9784628976166532,-0.04660299573685204,12.51
-0.21511988014672898,-0.04930455644460129,-0.9738900013337269,-0.0532049168935657,12.52
-0.2364148000297373,-0.04720295499747716,-0.9686606400541605,-0.059803743831549454,12.53
-0.25842246176443884,-0.04540394645551673,-0.9626836752881146,-0.06630576321587575,12.54
-0.28113087267628595,-0.04370479948756207,-0.9559049736890577,-0.07280799548500043,12.55
-0.3043114331953218,-0.042201585543353855,-0.9483356296389209,-0.0792029757116973,12.56
-0.32811935797255226,-0.04100241900906627,-0.9398554484078165,-0.08560505041892859,12.57
-0.35272070178549947,-0.04000234780669118,-0.9303546041141202,-0.09180538821635627,12.58
-0.3780262756294631,-0.0393027318313172,-0.9197639304138022,-0.09790680524900645,12.59
-0.4038349615059919,-0.0389033680103593,-0.908078615768798,-0.10390899579116532,12.6
-0.43032421287302514,-0.038902188893238855,-0.8951503670523933,-0.10960616716449816,12.61
-0.45732104868565976,-0.03910179970174786,-0.8809405462217312,-0.11520530244607043,12.62
-0.48502417178191615,-0.03980198358127889,-0.8652431204653893,-0.12050600556643483,12.63
-0.5132645085709268,-0.0408051285068079,-0.848006579924569,-0.12561578775625176,12.64
-0.5419436309283325,-0.04210338966983355,-0.8291667547567456,-0.13041049911986446,12.65
-0.5709325469375337,-0.04390250273350452,-0.808646098184778,-0.13490769063211297,12.66
-0.6000330717341481,-0.04600253549961802,-0.7864433460195568,-0.13910766713036665,12.67
-0.6290566459561425,-0.04850436777245296,-0.7625686685875337,-0.14291286916873255,12.68
-0.6577648127601592,-0.05130505533616568,-0.7370726273441346,-0.1464144269242623,12.69
-0.6863646929211054,-0.054605146777637115,-0.7096668892566171,-0.14931407351467438,12.7
-0.7139446015124282,-0.05820363609472381,-0.6810425460568198,-0.15190949008227742,12.71
-0.7403687834551228,-0.06190575131145766,-0.6513605142027847,-0.1541143178852282,12.72
-0.765598469951738,-0.06560843844393731,-0.6206798307668825,-0.15592005416783272,12.73
-0.7894017407056727,-0.06940894565434395,-0.5892759478319807,-0.15742028884717202,12.74
-0.8118439016460044,-0.07320395861109574,-0.5571301276262491,-0.15860857699070743,12.75
-0.832778488907455,-0.0769072484652135,-0.5245494384916057,-0.15941502477704855,12.76
-0.8521812423104288,-0.0806076846968907,-0.4916468709304152,-0.15991524544705735,12.77
-0.8700752343078423,-0.08410727264975809,-0.458539649344995,-0.16011384484216729,12.78
-0.8865671555726445,-0.08750662844061635,-0.42513220285835446,-0.16001212057712705,12.79
-0.9015623361749592,-0.09070627164844015,-0.3917270849470122,-0.15971104280326232,12.8
-0.9150975500227941,-0.09381000020998698,-0.3584382097575622,-0.15911696197664102,12.81
-0.9272863900243294,-0.09660900051375132,-0.325230299866169,-0.15821473997179564,12.82
-0.9381044543652474,-0.0992110467729558,-0.29223253898243634,-0.15721750557165978,12.83
-0.947665798720687,-0.10170706176645616,-0.25931800507416014,-0.15601083220813336,12.84
-0.9559793161143286,-0.10390862113639371,-0.22671881050645287,-0.1546128279854328,12.85
-0.9630977112194563,-0.10601075533672105,-0.19431971473514056,-0.15311553435898106,12.86
-0.9691012957614261,-0.10801128993006606,-0.1620169348950991,-0.15141582680937038,12.87
-0.9739468577105138,-0.10960527323654616,-0.13050627880811383,-0.14960719777543163,12.88
-0.9777193134792852,-0.1109135350499721,-0.09971216811976752,-0.14771802639207285,12.89
-0.98051609017228,-0.11191325019408215,-0.06970825324868209,-0.14561724064574047,12.9
-0.9824057469339131,-0.11281214318858333,-0.039804284564766104,-0.1434154373514437,12.91
-0.9834202488313872,-0.11340233497811604,-0.0107002203198046,-0.14110290533873168,12.92
-0.9836103968168418,-0.11370120182805502,0.017000179692849036,-0.1389014681962783,12.93
-0.9830970462993968,-0.11371122498905535,0.044204363628111226,-0.1365134759103435,12.94
-0.9819161722925376,-0.11340186774414275,0.07050116116368663,-0.13420221032860633,12.95
-0.9801379712805255,-0.1129043740001748,0.09610372313035251,-0.13170510235449975,12.96
-0.9777534552426371,-0.11230613994451073,0.12120662654741497,-0.12920706394328393,12.97
-0.9748766234394473,-0.11140875651534102,0.14551143692084487,-0.12660995130019903,12.98
-0.9715474563945398,-0.11020538311341048,0.1691082602947161,-0.12390605233894336,12.99
-0.9676342258278621,-0.10900385553455659,0.19270681616063354,-0.12110428353426425,13.0
-0.9631926057888949,-0.10771035577142973,0.21612077885056608,-0.11811135577164207,13.01
-0.9583752210311998,-0.10620833608839968,0.238718736575339,-0.11510903468714505,13.02
-0.9530489832112705,-0.10460537633147837,0.26121342540900716,-0.11190575154390468,13.03
-0.9471637699475398,-0.10300693517537389,0.28371910203158807,-0.10850730550027249,13.04
-0.9406777314125526,-0.10130837145661448,0.3063253127064266,-0.10500867722551353,13.05
-0.9335415855361623,-0.09960443697847002,0.32911466073910123,-0.10130451271003024,13.06
-0.9256687936326932,-0.09790727624961178,0.35222617666101397,-0.09740723908796922,13.07
-0.9170608719356291,-0.09620638591080428,0.37552492629425166,-0.09340620004229855,13.08
-0.907589047929953,-0.09450927275964799,0.39923917127673525,-0.08920875270011218,13.09
-0.8972884321326947,-0.09290915664860382,0.42314170266979845,-0.08480835827558239,13.1
-0.8861721595060014,-0.0912074268671113,0.44713640956453354,-0.08030653922619559,13.11
-0.8741370467130761,-0.08950379325113868,0.4713199749638174,-0.07570320836995752,13.12
-0.8610404483251124,-0.08790412939346967,0.4958232918462146,-0.0710033354600267,13.13
-0.846961229040451,-0.08620623207378306,0.5204376237957854,-0.06610477888720488,13.14
-0.831677661527637,-0.08460790063159944,0.5453509245202266,-0.06120571535051874,13.15
-0.8152741403250789,-0.08300754863466825,0.5703518673054373,-0.056005093054715925,13.16
-0.7975665597067273,-0.08140679368041077,0.5955497006963713,-0.05080423979072319,13.17
-0.7786714152303864,-0.07990732863717939,0.62065692305674,-0.045504173379119675,13.18
-0.7583699894041072,-0.07830722691591928,0.6458596059042232,-0.040103701140847554,13.19
-0.7366366080658794,-0.07670381189065022,0.6710333478308513,-0.034601719575182495,13.2
-0.7135570618720201,-0.0751060060919253,0.6959556543191854,-0.029002319263193528,13.21
-0.6890770534588395,-0.0734082085977922,0.7205805762221973,-0.023402616909922853,13.22
-0.6632442697162226,-0.07170478609567726,0.7447497099783941,-0.017701181504790622,13.23
-0.6360601423298203,-0.06990660998247554,0.7683726530691839,-0.012001134760940007,13.24
-0.6076451952921623,-0.06810506550262714,0.791258852065765,-0.006200461176450635,13.25
-0.5781356894176957,-0.06620408690443082,0.8132502034846395,-0.0005000308678582388,13.26
-0.5475597584573386,-0.06410699637829298,0.8342910511508893,0.0052005675689098824,13.27
-0.5163401470072053,-0.06200482106226367,0.8540664062447286,0.01090084757384958,13.28
-0.48414896203955454,-0.05970603807841646,0.8727882651764496,0.016601678929676938,13.29
-0.4513216955553706,-0.057302754609622725,0.8902427949997582,0.022201067230953307,13.3
-0.41810998667629906,-0.05470130655631083,0.9063216477510878,0.027800664026790513,13.31
-0.3846389909075702,-0.05210528191961624,0.9209933612240806,0.03330337596781614,13.32
-0.3510247797138309,-0.04930348045553237,0.9342659521614268,0.03870273212229417,13.33
-0.31752997465675337,-0.04640438054826254,0.9460893103158698,0.04400415396817999,13.34
-0.28411289049426924,-0.043401969192014375,0.9565433993585657,0.04920223235592413,13.35
-0.2506059832892774,-0.040200959809373306,0.9657230569132289,0.05440129884651512,13.36
-0.21722439023769777,-0.03700415487474594,0.973609318123383,0.05940667025837591,13.37
-0.18400634004767139,-0.033701161193513726,0.9802337745365625,0.06440221901668498,13.38
-0.15090763989265926,-0.03030153405399321,0.9856498997892973,0.06930350857893497,13.39
-0.11800961286453976,-0.02680218326075988,0.9898806340111987,0.07410603655307116,13.4
-0.08540464400377998,-0.023201261602900418,0.9929539933413718,0.07880428509950659,13.41
-0.05320550466024167,-0.019502017685614898,0.9949029330076768,0.08340862948616833,13.42
-0.021501539672874388,-0.015801131480530948,0.9957713047572572,0.08790629475561204,13.43
0.009500040992765326,-0.01200005178033515,0.9956042960418062,0.09240039870858065,13.44
0.0401028574303915,-0.008200584312449135,0.9944708585730999,0.09670689061144284,13.45
0.07020749048570502,-0.004300458818924951,0.9924058804695882,0.10091076623942502,13.46
0.09980406360517621,-0.00040001628699469423,0.9894402858813762,0.10510427940785591,13.47
0.1288042705763876,0.0035001160482714022,0.985632679193227,0.10920362070606776,13.48
0.1573037635375645,0.00750017944393982,0.9810234712673285,0.11310270601461249,13.49
0.18551560715695573,0.011500967559595638,0.9755820742943951,0.1170098438671904,13.5
0.21322040830196462,0.015601493290387656,0.9693927850238946,0.12071155385575577,13.51
0.24051291709307804,0.019701058073736538,0.9624516898560428,0.12430667606931227,13.52
0.26723314163696904,0.023902964390432487,0.9548184143743053,0.1278158514266641,13.53
0.29352749747629947,0.028002623268607786,0.9464886664789431,0.13121229188719077,13.54
0.31921245272067567,0.032201256195506754,0.9375365740151423,0.1345052471520391,13.55
0.3445060444115743,0.036400638654807846,0.9279162804339616,0.13770241601008354,13.56
0.3692437044251089,0.04050479422864819,0.9177086218322859,0.14081666734305345,13.57
0.3936285430405213,0.0447032415495714,0.906865759220388,0.14371042082043423,13.58
0.4174381180149134,0.04890446567064989,0.8954817701738224,0.14651337874744805,13.59
0.4408507360222202,0.05300610029305279,0.8835016792242044,0.14921717290044295,13.6
0.4638346613401514,0.05710426727581424,0.8709650852978392,0.1517113370532578,13.61
0.48634844758191564,0.06120609704300481,0.857885458226953,0.15411535219488628,13.62
0.5083161570858336,0.06530207565946278,0.8443268373550448,0.1564049714110257,13.63
0.5298411119668781,0.06930537761288157,0.8302644227159348,0.1585122994464896,13.64
0.550832976603246,0.07330438849858013,0.8157488362659183,0.1605096091953903,13.65
0.5713463437814924,0.07720626245393175,0.8007649526795745,0.16241317386682017,13.66
0.591343045426972,0.08100589663383179,0.7853571682289888,0.16421195342315034,13.67
0.6109440353783321,0.08480611262085866,0.7694554605010454,0.16581195132710339,13.68
0.6300424001300231,0.0886059629389207,0.753150684980826,0.16721125285990454,13.69
0.6486394190152767,0.09230560958234665,0.7364447551076931,0.16851024067849849,13.7
0.6668383543109541,0.09600552191639411,0.7192413683569858,0.16970976113762581,13.71
0.6844647636975708,0.09960942499163947,0.7017664007694118,0.17061614361017766,13.72
0.7017574938378704,0.10310844750560702,0.6837560190066296,0.17141404367081514,13.73
0.7184706722511549,0.10661048672323652,0.665465458401891,0.1720169204164792,13.74
0.7347509824656889,0.11000763314444778,0.6467448759501307,0.17251197015833858,13.75
0.7504734824561771,0.11331109483246916,0.6277614671345181,0.17281692133319215,13.76
0.7656784209714314,0.11651193318073635,0.6084623188597424,0.17301772051731665,13.77
0.7803738971031408,0.11971133600313462,0.5888557613921944,0.17301638369709516,13.78
0.7945824064416616,0.12271272658324969,0.5689590069536329,0.17281792301210713,13.79
0.8082744980523278,0.12571158674236277,0.5487505779278795,0.17251590066076036,13.8
0.8214430858198065,0.1285067403553021,0.5283277115152225,0.1720090221098207,13.81
0.8340389129932497,0.13120612156440573,0.5077236884012865,0.17140799722667027,13.82
0.8461565886141086,0.13380894877268376,0.4868325580160124,0.17061141001958036,13.83
0.8577285070806571,0.13620452683267517,0.46581548163480246,0.16960563693701694,13.84
0.8687506713606538,0.13850807871929383,0.44462593356388475,0.16850982862238997,13.85
0.8792066762216316,0.14061706140002433,0.4233513662206992,0.1673203013671698,13.86
0.8890819059979446,0.14261313812745433,0.4020370373579007,0.16601529403336196,13.87
0.8983956887287635,0.14441538177939825,0.3807405529322501,0.16451752287195992,13.88
0.9071675048456468,0.14601086507272013,0.35942674593928503,0.16291212274209665,13.89
0.9153440703011725,0.14730709227069017,0.3383162886298336,0.16120776153452313,13.9
0.9229826752610005,0.14851330293234216,0.31722841542181096,0.15941427937653427,13.91
0.9300560050085631,0.1494089969336337,0.296417849338213,0.15750948471919216,13.92
0.9366397096822558,0.15020636813396843,0.2756116848050712,0.15550659284175825,13.93
0.9426882303204067,0.15071410599330076,0.2551238781611879,0.15341435872178058,13.94
0.9482807163484043,0.15101285400612638,0.23471997904131037,0.15121287103130007,13.95
0.953349341872066,0.15120782596355437,0.21461110748530932,0.1490077120937143,13.96
0.9579942377382706,0.1511148651448509,0.19471915449174368,0.1466144224370294,13.97
0.9621483587917998,0.15070757475306543,0.17530881124228512,0.14430725306481315,13.98
0.9658803162875879,0.15011248237188543,0.15621298965015656,0.14191180045683238,13.99
0.9692047233820624,0.14931613373330094,0.13751485859563883,0.13941506391441494,14.0
0.9721392314702949,0.1482059809730457,0.11920481060720003,0.1370055289696846,14.01
0.9747093670020256,0.147001412690364,0.10120097254601929,0.13450129256363236,14.02
0.9769535238649977,0.14550797187261455,0.08360458040240946,0.13190722673538047,14.03
0.9789029223693994,0.14381512079762937,0.06610695051963353,0.12921358558451818,14.04
0.9805305390992177,0.14200442279662306,0.048901523061654,0.12650394002656914,14.05
0.981865870681476,0.14010939955436422,0.03170212680851781,0.12370829924964208,14.06
0.9829150829476726,0.13800211765874332,0.014700225576692224,0.12090185525320339,14.07
0.9836925403101052,0.13571276710052996,-0.0021001975748792404,0.1180111018265478,14.08
0.9841909483668199,0.13341232853585386,-0.01910176518017098,0.11491061880636887,14.09
0.9843989813718732,0.13091316332579317,-0.03600362016599353,0.1119112526826299,14.1
0.984315576917258,0.12840203197823422,-0.05310084032744732,0.10870172021833378,14.11
0.9839383497445364,0.12580490334166347,-0.07020273620496642,0.1054041082051775,14.12
0.9832324373731722,0.12310406126997306,-0.08760289006701576,0.10210336844568846,14.13
0.9821872810398621,0.12031069128306222,-0.10530935820537367,0.0987087716511907,14.14
0.9807855086081232,0.11751024498975679,-0.12331075069988946,0.09510829190234783,14.15
0.9789722312359292,0.11470846350266736,-0.14171045578315578,0.09150675161721067,14.16
0.9767324329389125,0.11190371582457695,-0.1605053296679589,0.08780291554421678,14.17
0.9740812174073931,0.10900908901171032,-0.17951496768442204,0.08400700437599694,14.18
0.9709408531958654,0.10600446023149833,-0.19900837345347328,0.0802033746279827,14.19
0.9672964539383732,0.10311028163879887,-0.21882181981153437,0.07630760901106066,14.2
0.9631337536138534,0.1001035081889178,-0.23900837619531823,0.07230253388670087,14.21
0.9583841737865064,0.0971085289310965,-0.25962280237397173,0.06830599923783616,14.22
0.9530102982645966,0.09401088050883837,-0.28073249105139286,0.06420743115603642,14.23
0.9470141978573816,0.09091096270486428,-0.3021364338079153,0.060107248169002675,14.24
0.9403732673354983,0.0878068412975186,-0.32382523020656634,0.05590435567803292,14.25
0.9330402988807817,0.08470365843001308,-0.3458149360696402,0.05170223306767033,14.26
0.9249726409538532,0.08160640880293484,-0.36812891029853323,0.047403722760528316,14.27
0.9161504492135171,0.07840431745261406,-0.39072151567265706,0.04310237349754676,14.28
0.9064932965586701,0.07520774040292584,-0.41364257221609213,0.038904004011619885,14.29
0.8959872286027634,0.07200701022368453,-0.4368425286903527,0.0345033590655155,14.3
0.8845671986997208,0.068705219390244,-0.4603349706743714,0.03020229440444496,14.31
0.8721556976413339,0.06550418323071594,-0.4841309175876273,0.025901654132451036,14.32
0.8587590889519929,0.0622042801127448,-0.5081349634290295,0.021501479460193137,14.33
0.8443207578810018,0.05890144810990289,-0.5323130870781206,0.017200422877594733,14.34
0.828739266596699,0.05550262977689972,-0.556726378320722,0.012900611245441557,14.35
0.812025887797961,0.05220166421558321,-0.5812185295420874,0.00860027418111141,14.36
0.7941523760763602,0.04880321867841126,-0.605739949867084,0.004400290208709212,14.37
0.7750626896056055,0.04540367239754128,-0.630250976760584,0.0002000161779627369,14.38
0.7548515807708314,0.04190286332047938,-0.654544726569302,-0.003800259680616268,14.39
0.7334826021270002,0.03840432495456342,-0.6785764187935228,-0.007900889769298203,14.4
0.7109162161838389,0.03480079381516049,-0.7023160200111268,-0.011800269167209592,14.41
0.6871612631575374,0.031202781852008685,-0.7256646958915867,-0.01570139984219668,14.42
0.662284774565428,0.027503520538431397,-0.7484958098531658,-0.019402483579838876,14.43
0.6362544084407981,0.023802035399074183,-0.7707659110111963,-0.023101975534395528,14.44
0.609255734217548,0.02010183889982389,-0.7922724764398251,-0.02660243356892117,14.45
0.5812226274373378,0.01630063459605748,-0.8130316519383269,-0.0299011640749766,14.46
0.552341532121259,0.012500939981017088,-0.8328626252952825,-0.03320249658958139,14.47
0.5226273602584831,0.008600450245355825,-0.8517445899964601,-0.036301900454234474,14.48
0.4921183809648,0.00470017555483552,-0.8696324813797807,-0.03920146420203243,14.49
0.46104303345988573,0.0008000746784553332,-0.8863827343937022,-0.04200392061890499,14.5
0.4294397121263554,-0.0030002774484840854,-0.9019834102625989,-0.04470413398241287,14.51
0.397317265796936,-0.007000304204828975,-0.9164398247578961,-0.047202051209703944,14.52
0.3649224014491906,-0.010900669158115038,-0.9296570687508018,-0.04950303883731141,14.53
0.3321321818462242,-0.014901443870848359,-0.9416912448852895,-0.05180501963153993,14.54
0.29901362038061957,-0.018900860953825115,-0.952543389339599,-0.05380245075744927,14.55
0.26571775319615637,-0.022801523420671304,-0.9621642843433272,-0.05580372837164293,14.56
0.232220541976601,-0.02680237090858272,-0.9705858569693854,-0.05760509568411808,14.57
0.19871610063073608,-0.030702487616324096,-0.977779222882087,-0.05930480506996804,14.58
0.16530861693624255,-0.03460180366602536,-0.9837512793719407,-0.06090317466072094,14.59
0.1320052941784867,-0.038501544135391946,-0.9885396461775309,-0.06230249869181606,14.6
0.09890562096616379,-0.04240240979742512,-0.9921563858496573,-0.06360361469613769,14.61
0.06600237975870407,-0.04630166943678785,-0.9946358622425313,-0.064802336490364,14.62
0.03330059042470239,-0.05010088829662432,-0.996017659549657,-0.06580116666502754,14.63
0.0010000209906608933,-0.05380112929755606,-0.996320912995448,-0.06670140007708159,14.64
-0.03090230122554433,-0.057504282215818735,-0.995574138188653,-0.06760503439633646,14.65
-0.0624021747536859,-0.061102129446317446,-0.9938346357405938,-0.06830238037943505,14.66
-0.09360188609700747,-0.0647013037444058,-0.9911199712686336,-0.06880138636190293,14.67
-0.12440697631680094,-0.06820382463670277,-0.9874553731126146,-0.06930388632439152,14.68
-0.1548120812321568,-0.07170559576450673,-0.9828767017762514,-0.06960543187182244,14.69
-0.18470453732268965,-0.0751018448994802,-0.9774240107157384,-0.0699017171567732,14.7
-0.214202418358955,-0.07840088515099007,-0.9711109639046741,-0.07010079144240311,14.71
-0.24322164525736004,-0.08160726255345634,-0.9639857889127029,-0.07010623903182953,14.72
-0.27181558499336117,-0.08470485669219166,-0.9560548169744418,-0.07000401379519972,14.73
-0.2998221606748735,-0.08780649001752465,-0.9473700227061629,-0.0699051668818334,14.74
-0.32723486873299423,-0.09070966562983672,-0.9379999492196678,-0.06960741706545354,14.75
-0.3542351826143288,-0.09350928733608059,-0.9278921581862627,-0.06920687362199761,14.76
-0.3807352443891708,-0.0963089152473789,-0.9170848938924865,-0.06870636009859742,14.77
-0.40671320415851303,-0.09890321094486584,-0.9056294017357989,-0.0681022109741695,14.78
-0.4323262883992235,-0.10150617227046307,-0.8934543281421843,-0.06730409254977503,14.79
-0.45734639785886555,-0.10391054173963729,-0.8806893460627969,-0.06650674711920962,14.8
-0.4818187117930157,-0.10620412451726499,-0.867333683557664,-0.06560254772441228,14.81
-0.5057563696887778,-0.1084120832000465,-0.8533951161863439,-0.06460720087382846,14.82
-0.5291152069895765,-0.110503175906914,-0.8389241110254313,-0.06350182506867909,14.83
-0.5518491250363949,-0.11241000662212902,-0.8239733492524208,-0.062405555277765576,14.84
-0.5740649763512433,-0.11421292735071774,-0.8084915102479879,-0.06120692779215347,14.85
-0.5956546746735875,-0.11591063934632101,-0.7925727496286402,-0.059905498678555893,14.86
-0.6166348377692675,-0.11740663307510867,-0.7762438551354288,-0.05850330523759674,14.87
-0.6369495884557671,-0.11880924966014307,-0.7595591339804602,-0.057004437968250464,14.88
-0.656735169109984,-0.12000642651621453,-0.7424397587136472,-0.055502972263749215,14.89
-0.6757382782789404,-0.12100685462742605,-0.7251410767797243,-0.053903053424944336,14.9
-0.6940738707427498,-0.12191297527887782,-0.7075753077096477,-0.052305566916204346,14.91
-0.7117696749848708,-0.12261200246332045,-0.6897675211986306,-0.050704963498289936,14.92
-0.7286466385206956,-0.12310787977202528,-0.6719430090887392,-0.049103142947249726,14.93
-0.7448307770435744,-0.12340509920405085,-0.6540270249550183,-0.04740195868940041,14.94
-0.7602856738168605,-0.12361392960242562,-0.6360716765950056,-0.0458051616164328,14.95
-0.7750505078120661,-0.12350804866424536,-0.6181402824240491,-0.04410287405743499,14.96
-0.7890906796202921,-0.12331417084560459,-0.6002689808721158,-0.04250488451693589,14.97
-0.8024415314362171,-0.12280635600743701,-0.5825301496281112,-0.040802111767943246,14.98
-0.8150788667713162,-0.12221182517724521,-0.5649546648332718,-0.03920379334654674,14.99
-0.8270674211488644,-0.12140989713116342,-0.5475446349201974,-0.037603065338811734,15.0
-0.8383543187360234,-0.12040780147419446,-0.5304343679560859,-0.036102339146332395,15.01
-0.8490191851886245,-0.11921673562785257,-0.5135720951753548,-0.03460485782486324,15.02
-0.8590461105375078,-0.11790632879205142,-0.49702667862298183,-0.03320178215348692,15.03
-0.8684763728279146,-0.11631022818964355,-0.48084228472554275,-0.031802796701897375,15.04
-0.8773681653807556,-0.1146089043116774,-0.4649361222905657,-0.03040236205126521,15.05
-0.88569042475143,-0.11271150730520117,-0.449445886272914,-0.02910297127401379,15.06
-0.8935450268683844,-0.11070557859466162,-0.4342218809918887,-0.027801400947891537,15.07
-0.9009415343621231,-0.10850500219590449,-0.4193193310667535,-0.026501221734483587,15.08
-0.9079444449683984,-0.10620519887173027,-0.40461980662431324,-0.025301238525939507,15.09
-0.914581053764636,-0.10370919111579306,-0.3901345752581569,-0.02410213602594612,15.1
-0.9208393667244091,-0.10110432230216959,-0.3759160707555445,-0.02280097476250709,15.11
-0.9267584107895681,-0.09830619594325514,-0.3619228109040085,-0.0216013614687112,15.12
-0.9323586378786622,-0.09540600027204159,-0.34812189407439914,-0.020401283077040342,15.13
-0.9376845407608303,-0.09240833144869957,-0.3344301519095794,-0.01910172219340002,15.14
-0.9427833881645624,-0.08930789918648077,-0.3207283680750771,-0.017801574529892023,15.15
-0.9476373708165917,-0.08600339161062356,-0.3071121112049127,-0.016400646772258446,15.16
-0.9522581561814512,-0.08260504484413764,-0.2935179256870993,-0.01510092224148279,15.17
-0.9566892776256067,-0.07910738224982804,-0.27982611319218564,-0.013601269261664491,15.18
-0.960951224870349,-0.075604030180246,-0.2659141749329023,-0.012100645042076412,15.19
-0.9650190207123491,-0.07190141719089939,-0.2519049650957935,-0.0106002089321771,15.2
-0.9689292717954581,-0.06810205739423128,-0.23760717822128272,-0.009000271902321316,15.21
-0.972642724270016,-0.0643028245636048,-0.22310980031322286,-0.007300320673628538,15.22
-0.9761841751096547,-0.060305200040069847,-0.2083179629908217,-0.0056004829224608815,15.23
-0.9795718150422377,-0.05630412780691983,-0.19301415038606623,-0.0038002786086375733,15.24
-0.9827673071238715,-0.05220357528428421,-0.17731214363799983,-0.0019001301348685823,15.25
-0.9857634260593146,-0.04810309505270673,-0.1611103661744502,-0.00010000643462101193,15.26
-0.9885424785829767,-0.043901886504595526,-0.1444062052679634,0.0018000773509856936,15.27
-0.9910866297129707,-0.03970347043350649,-0.12711111063220845,0.003700323440906147,15.28
-0.9933610786836921,-0.03540217676976009,-0.10930672093036096,0.005700350496825777,15.29
-0.9953388936271677,-0.031001211396003415,-0.09100355603342937,0.007600296987407288,15.3
-0.9969896034821784,-0.02660239086430529,-0.07220648948882864,0.009500853880109033,15.31
-0.9982811985035547,-0.022201805857322093,-0.05300431128099419,0.011500935466630814,15.32
-0.9992036720802423,-0.0178000654153606,-0.033100121643170555,0.013400049245271464,15.33
-0.9997153407496066,-0.013300204093197727,-0.012700194885985798,0.01520023324936883,15.34
-0.9997839153856752,-0.00880073867699704,0.008100679918599548,0.017001426989653373,15.35
-0.9993804933465318,-0.004300346363844778,0.02950237621707464,0.01870150627997613,15.36
-0.9984644130169925,0.00010000645162429813,0.051503322586513536,0.020401316131356817,15.37
-0.9970043070619102,0.004600481304528827,0.07400774272502895,0.02200230189122482,15.38
-0.9949573161670943,0.009100524250799635,0.09710559392886205,0.023401348073484776,15.39
-0.9922726965607226,0.013600996445500732,0.12080885078062416,0.024801817047677806,15.4
-0.9889238234618642,0.01810043604475654,0.14500349317622643,0.026000626362633707,15.41
-0.9848451808090282,0.022601036846348534,0.16980779011106112,0.027101243298055102,15.42
-0.9800045573638512,0.027002880956040393,0.19512081757494373,0.028102998328323518,15.43
-0.9743346138519966,0.031501119097134246,0.22100785144338628,0.02890102672721205,15.44
-0.9677929851780411,0.035803439980752166,0.24742377238095212,0.029602844229895647,15.45
-0.9603596641975151,0.040102491444673906,0.27421703626258315,0.030101870136775177,15.46
-0.9519421814926136,0.0444019674947705,0.3015133603530024,0.03040134711353656,15.47
-0.9425024508721489,0.048605283438440616,0.32923578822910804,0.030503315738116023,15.48
-0.9319892702076555,0.052705048331305335,0.3573342271114876,0.030502921709768743,15.49
-0.9203692327776323,0.056704265455277354,0.38572901562787437,0.030302279423190547,15.5
-0.9075680792350308,0.0606045461175128,0.41443108764186976,0.02990224305138008,15.51
-0.8936008306704077,0.06440726748200812,0.44325001472090064,0.0293033064786155,15.52
-0.8783316029396208,0.06810245037024727,0.4723169942711863,0.028501025485345773,15.53
-0.8618501008025818,0.07160416247095017,0.5013291431101581,0.027501598714401252,15.54
-0.8441034047802408,0.07490917656165881,0.5302649587849333,0.02640323446232033,15.55
-0.8250678151107005,0.07810641983047965,0.559045949875008,0.02510206322336798,15.56
-0.8048433822274846,0.08120437703388637,0.5874316634200105,0.023601272142853676,15.57
-0.7833238369070411,0.08400255623668,0.6155187305199589,0.02200066949055905,15.58
-0.7606061499953646,0.0866120875602874,0.643089749437238,0.020302833458127417,15.59
-0.7367352683614649,0.08910426552328833,0.6700320752031783,0.018400880871251465,15.6
-0.7117643214892484,0.09130825144297931,0.6962629206418641,0.016501491224634814,15.61
-0.6856649698339835,0.09330884143160831,0.7217683907951953,0.014401364593945977,15.62
-0.658622400128749,0.09520323791718327,0.7463253829579188,0.012300418344341956,15.63
-0.6307483234801636,0.09680741670030099,0.769858981155906,0.0101007738499281,15.64
-0.6019344767845151,0.09820562488825282,0.7924453886094861,0.0078004467833846436,15.65
-0.572223046747321,0.09940400357686772,0.8140327858306874,0.0055002215258830225,15.66
-0.5417272306036366,0.10030504195965434,0.8345419493053993,0.003200160860128553,15.67
-0.5107407612929974,0.10110806925146276,0.8537681376852004,0.0010000798145545278,15.68
-0.4791200324273424,0.10170425234368759,0.8718364522441183,-0.001200050175146756,15.69
-0.4469523993013352,0.10211197128813229,0.888704188899455,-0.0034003986521023485,15.7
-0.41423771598985665,0.10230931517566956,0.9043823432390811,-0.0057005190273833484,15.71
-0.38114325649708464,0.10231161149213266,0.9188042764205502,-0.007800885333710995,15.72
-0.34763368385952276,0.10220990359736257,0.9319903049156768,-0.009900959350429447,15.73
-0.31384141096782486,0.10181343415081126,0.9439245496221578,-0.012001583593415865,15.74
-0.27973112041958287,0.101411282125655,0.9546062010743362,-0.013901546563575982,15.75
-0.24550288099321277,0.10080118290882219,0.9640113127391329,-0.015800185416263796,15.76
-0.21161255640356236,0.1001059399621767,0.9720576787536039,-0.01740103252089785,15.77
-0.1777155881178807,0.09920870197689233,0.9788858618445788,-0.01890165793712969,15.78
-0.1440104886658482,0.09830715997120056,0.9844717016851456,-0.020301478610532768,15.79
-0.1104084217235627,0.0973074224067269,0.9888754293501703,-0.021601647728523136,15.8
-0.07720722616246063,0.09630901398244766,0.9920928543155564,-0.022702124791293476,15.81
-0.04420465455312975,0.0951100146606932,0.9942046853227667,-0.02360248523651272,15.82
-0.011600064032530189,0.09400051888429636,0.9952054935494865,-0.024400134689115224,15.83
0.02030128978191107,0.09280589614587918,0.9951632247280643,-0.025001588401368312,15.84
0.05180167166691747,0.09150295284793337,0.9941320811598969,-0.025400819697677678,15.85
0.08270346203938297,0.09030378019536013,0.9921415319138072,-0.02570107586955432,15.86
0.1131062357186675,0.0890049069757861,0.9892545391061529,-0.025701416958176435,15.87
0.142802406954854,0.08780147990641583,0.9855166110224692,-0.0256004314989094,15.88
0.17191403219598514,0.08650706099448932,0.980980070861209,-0.025302065238850636,15.89
0.20022287677058123,0.08530974719545743,0.9757114814054897,-0.02490284531262474,15.9
0.22790913933973497,0.08410337261286403,0.9697388873090873,-0.024300974488615883,15.91
0.2547180397703874,0.08290587160174762,0.9631682139884574,-0.02350166444681627,15.92
0.28082872322657715,0.08180836737868237,0.9559977796733798,-0.022602311769660408,15.93
0.30610844258727143,0.08070222579808169,0.9483261551960454,-0.021500592994532296,15.94
0.3305392604795892,0.07960945577662723,0.9402116755729555,-0.020202399581505905,15.95
0.35431090408586247,0.0786024190266689,0.9316286713135464,-0.01880057859670961,15.96
0.3773221437997824,0.07770456022592921,0.9226541475475198,-0.017301015339878704,15.97
0.3997321677418594,0.07680618084206856,0.9132734940752214,-0.01570126353151662,15.98
0.42142903535362053,0.07600523656116553,0.9035622530659614,-0.01400096462968839,15.99
0.4425105363013055,0.07520179057595068,0.8935212749948395,-0.012200290492374977,16.0
0.4629501240086606,0.0744080562243343,0.8831956243509358,-0.010301115310626927,16.01
0.4828355693923772,0.0737054297104768,0.8725642798153461,-0.008300611487068623,16.02
0.5022616488669427,0.07300896130483238,0.8616057556727821,-0.00620076109712275,16.03
0.5212251158373246,0.07230348402731882,0.8503409746670703,-0.004100197572780182,16.04
0.5397435401688224,0.07170578438040498,0.8387676619225335,-0.002000161349523151,16.05
0.5578152118282427,0.07100193624920265,0.8269225504854318,0.00010000272711155301,16.06
0.5755763092098033,0.07040933478430955,0.8147080130014,0.0023003049716464772,16.07
0.593136220969284,0.06990426883451854,0.8020489786163645,0.004500274817672868,16.08
0.6104614307723628,0.06930697436521091,0.7889793950463909,0.006700674289277246,16.09
0.6275589023050434,0.06880645813320636,0.7754727854140728,0.008800826040293837,16.1
0.644480123527144,0.06820847986429426,0.7614946710949215,0.010901355286228848,16.11
0.6612670095812933,0.06770686108386806,0.746975694882438,0.013001317490255314,16.12
0.6778561627097172,0.0672055682119991,0.7319606454518176,0.015101251190493846,16.13
0.6941838555326706,0.06680807023423484,0.7164865496378119,0.017102065883314605,16.14
0.7103557864304486,0.06630520715238455,0.7004550088918573,0.019001492245781394,16.15
0.7263458520291597,0.06590416033143554,0.6838431689626042,0.020901319437435548,16.16
0.7420525280473625,0.0655046369098413,0.666747197370858,0.022701606990128208,16.17
0.7576490593649423,0.06520422211007687,0.6489420203562711,0.024301573577835398,16.18
0.7729384082637837,0.06480322015201602,0.6306313368497114,0.02590128706693233,16.19
0.7880356318366585,0.06450291656531024,0.6116276553696705,0.027401238975031016,16.2
0.8028389707494833,0.06420311649491384,0.5920287377724142,0.02880139805379312,16.21
0.8173726717479662,0.06400569067890596,0.5717508337676647,0.030102676397422957,16.22
0.8315277776493764,0.063802131345797,0.5509184037366703,0.031301045628894145,16.23
0.8453487357594652,0.06360366685709451,0.5294305225494628,0.032301862256040134,16.24
0.8587655134261328,0.06340483702249543,0.5073387038093364,0.03330254058121605,16.25
0.871763161529162,0.06320457933766553,0.48463511308596063,0.0341024708135189,16.26
0.8842476401249522,0.06310339978724777,0.46142485993401144,0.03480187500152492,16.27
0.8961509879609812,0.06300358469092938,0.4378249107569664,0.03540201425490318,16.28
0.9075230695296449,0.06290159897896933,0.4137105166550018,0.035900912612798076,16.29
0.9182840911245127,0.06270574222773573,0.3892356439399481,0.036303324447636474,16.3
0.9283990793946685,0.06260668142853199,0.364438893171838,0.036603906394317424,16.31
0.9378685513177153,0.06250456862588741,0.3393248021562175,0.0368026900069225,16.32
0.9466221180841865,0.06230145569051851,0.31410733920372175,0.03690086219871803,16.33
0.9547007453382527,0.06220656438302882,0.2886304578929601,0.037003904858071805,16.34
0.9620679099602214,0.06190436967415562,0.26311857287997326,0.03690260486229956,16.35
0.9686964627531571,0.061706144695302285,0.23762366255435693,0.036803664907408815,16.36
0.9746089966189786,0.061306856329136364,0.2122237343073856,0.03660409366470459,16.37
0.9798066136589643,0.06100663818842179,0.18692033897403332,0.036303950266224766,16.38
0.9843057545699185,0.06050650086514943,0.16181738578481286,0.036003868283394705,16.39
0.9881320061140254,0.06010194673358256,0.1368044311672894,0.03560115314002561,16.4
0.9913022581021569,0.05950613837477637,0.11201155458781434,0.03510362112528825,16.41
0.9938314751412346,0.058901865451618754,0.08740276808949879,0.034501092666907415,16.42
0.9957315900858011,0.05820184648286997,0.06310200194276795,0.03390107552868199,16.43
0.9970312324925444,0.05750180127213772,0.03890121859975926,0.033301043171516276,16.44
0.9977533263515784,0.05660302522952725,0.0151008070842025,0.032501737101760346,16.45
0.9979032431908105,0.05580018135088408,-0.008400027300133088,0.031700103025502246,16.46
0.9975186238465625,0.05480102314465326,-0.03160058998852268,0.030900576919156673,16.47
0.9966063982336151,0.053800345399326197,-0.05460035053537566,0.03000019260185476,16.48
0.9951907705137758,0.0527048071611657,-0.07730705111115956,0.029002645306903326,16.49
0.9932730877227909,0.051603797147096266,-0.09980734409457766,0.02800206046741658,16.5
0.9908830345229627,0.050404223798907265,-0.12201022427513265,0.026902254368861216,16.51
0.9880000400688419,0.04920498225669301,-0.14411459234124924,0.025802612646802434,16.52
0.9846528132699975,0.047902569323210326,-0.16600890412636563,0.024601319527160208,16.53
0.9808419907444549,0.0466019950741146,-0.18770803595303243,0.0233009975370573,16.54
0.9765944852041777,0.04520437350868288,-0.2091202323156104,0.022102138374820612,16.55
0.9718843972461114,0.04380380386847055,-0.23042000939031085,0.02070179771866074,16.56
0.9667372587719434,0.04230163033625034,-0.2515096933703773,0.019300743865003113,16.57
0.9611441223336769,0.04090187764379084,-0.27241250538309597,0.0179008217560845,16.58
0.9551564752962022,0.03930232381859569,-0.2930173251615404,0.016500975649028728,16.59
0.9486791183942553,0.03770314438484443,-0.31362615594395793,0.01500125108150309,16.6
0.9418032320009253,0.03620396835343899,-0.33393660312743867,0.013501479910812884,16.61
0.9344500598305936,0.03450184831352256,-0.3542189760188316,0.01190063753422952,16.62
0.92662250793408,0.03290079917011788,-0.37440909450735976,0.010300250196115933,16.63
0.9183572246215549,0.031201944253721563,-0.39442457736114694,0.008700542147672359,16.64
0.9096118936931489,0.029503629317149963,-0.41435097037610946,0.007000861193899991,16.65
0.9003577462958974,0.027801783124542873,-0.4342278500962775,0.0054003463623212775,16.66
0.8906519888739302,0.02600151775288815,-0.4539264964629204,0.003700215987911006,16.67
0.8803815755342468,0.024202242562681782,-0.47364388750768976,0.002000185335758825,16.68
0.8695944517828907,0.02250244412319154,-0.4932535751803585,0.00020002172553948034,16.69
0.8582422565977811,0.020701019239774025,-0.5128252495727594,-0.0014000689340909968,16.7
0.8462545767175355,0.018901218978919193,-0.5324343377977026,-0.0031001999383412433,16.71
0.8336058329786715,0.0172021839558886,-0.5520700897471226,-0.004900622173479892,16.72
0.820340730928461,0.015400764666949042,-0.571628382053771,-0.006700332679776532,16.73
0.8063902764127725,0.013601522707694042,-0.5911661818027902,-0.008500951692308776,16.74
0.7917526928951266,0.01190079202406468,-0.6106406394868817,-0.010200678877769724,16.75
0.7764710581179414,0.010100924377886667,-0.6299576500624565,-0.012001098270756436,16.76
0.7604273264469726,0.00830029827657795,-0.6492233302595668,-0.013800495929732011,16.77
0.7436050416592737,0.0066000447484550915,-0.6684045317980883,-0.01560010576907567,16.78
0.725787081529223,0.004800575983657532,-0.6876825096589414,-0.01740208794075855,16.79
0.7072243466172057,0.003100106723010941,-0.7067243294038168,-0.019100657551454507,16.8
0.6878488871576772,0.001400099508608241,-0.725551566782342,-0.020901485521365882,16.81
0.6678469579704804,-0.00020001406348322265,-0.7439523091258466,-0.02270159620534577,16.82
0.6471536286074938,-0.00200016575060267,-0.7619631426920871,-0.024502030444882708,16.83
0.6257544054531179,-0.0037003217199561072,-0.7795677785691313,-0.026302286820228546,16.84
0.6038601051875528,-0.005500547496739882,-0.7965792874824211,-0.02800278725613031,16.85
0.5813523182492848,-0.007300657015688593,-0.8130731717472365,-0.029802682064043844,16.86
0.5585242795781613,-0.009100395602795467,-0.8288360302853718,-0.03160137374157547,16.87
0.5352426551868554,-0.010900868724844403,-0.8439672584308433,-0.033402661964202114,16.88
0.5117208121086513,-0.012800520607759892,-0.8583349091906496,-0.035201431671339704,16.89
0.4879394807806495,-0.01460118142938611,-0.8719705539919006,-0.03700299403337576,16.9
0.4639361443532936,-0.016501285582731933,-0.8848689384000737,-0.038703015275862174,16.91
0.4398360350433168,-0.018501515798775264,-0.8969734875633262,-0.040503318370291794,16.92
0.41544922326276185,-0.020402417319596394,-0.9084076299700689,-0.042205000533674895,16.93
0.39094050744457326,-0.022402321224759377,-0.9190952323907977,-0.04390454918602396,16.94
0.3662324038454588,-0.02450216792521502,-0.9290822041846838,-0.04560403499550224,16.95
0.3413302653897807,-0.026502349935040106,-0.9383832054357785,-0.0472041855446752,16.96
0.31632049348702734,-0.028701859510204503,-0.9469613508784893,-0.04880316181526062,16.97
0.29111787227478525,-0.03090189712569861,-0.9548586205701305,-0.0504030943409453,16.98
0.2658155692738519,-0.03310193883733822,-0.9620563492906153,-0.05190304005008621,16.99
0.24041546041328882,-0.03530227018547876,-0.9685622854004584,-0.053303427787139326,17.0
0.21472469905540972,-0.03770433700227735,-0.9744120833241067,-0.054706292679696844,17.01
0.18891516482894566,-0.0400032111866481,-0.9795786339330453,-0.05600449566130734,17.02
0.16291124044881553,-0.04240292569079053,-0.9840678981070256,-0.05720394692248157,17.03
0.13671021058338037,-0.044903353732214914,-0.9878737821087281,-0.05830435462334364,17.04
0.11031101510481478,-0.04740473359898659,-0.9909989561864094,-0.059205912005485355,17.05
0.08370203942503619,-0.04990121585793675,-0.9934242050756386,-0.06010146439002001,17.06
0.05680275102384974,-0.05250254275972027,-0.9951481961942408,-0.060802944757923666,17.07
0.029701272726805096,-0.0552023654720418,-0.9961426856286383,-0.06140263115911895,17.08
0.0023002398930265185,-0.05780602861605773,-0.9964039154010089,-0.06190645625145283,17.09
-0.025200240159433084,-0.06050057657324212,-0.9959094910626749,-0.06220059277447372,17.1
-0.05300228736306779,-0.06320272757256386,-0.9946429247416458,-0.062302688730549505,17.11
-0.08100642608963445,-0.06590522813959149,-0.992578739431632,-0.06230494253560773,17.12
-0.10931000122953967,-0.06860627707544759,-0.9896905509309465,-0.062105682308823545,17.13
-0.13780740734722272,-0.0714038380594463,-0.9859529963978728,-0.061703316642406685,17.14
-0.16641040929666245,-0.07410463538992,-0.9813613860746085,-0.06120382841920518,17.15
-0.19531229236594225,-0.07680483386433366,-0.975861417771052,-0.060403801632887416,17.16
-0.22421719699741086,-0.07940609028365041,-0.9694743566872885,-0.059504563877546594,17.17
-0.25330802999182817,-0.08210260269375874,-0.9621305000202837,-0.058301848197882276,17.18
-0.28241548244113274,-0.08460463815339883,-0.9538522916159788,-0.05700312499697085,17.19
-0.3116264301583601,-0.08710738789086382,-0.9445801132367495,-0.05540469907180087,17.2
-0.34071621336677876,-0.0896042639203504,-0.9343444618391001,-0.05370255549690643,17.21
-0.3697146872076798,-0.09190365094505214,-0.9231366723327271,-0.0518020578776246,17.22
-0.3985229575762258,-0.0942054268599259,-0.9109524769289438,-0.0497028632159057,17.23
-0.4271426843654594,-0.09630962422007432,-0.8977897161200489,-0.047404737155052154,17.24
-0.4553221565152172,-0.09830478362715979,-0.8837430039808861,-0.04490218499348397,17.25
-0.4831351179523689,-0.10020728383114752,-0.8687631483444895,-0.04230307491075389,17.26
-0.5104259456102398,-0.1019051799719503,-0.8529433562127224,-0.03960201302148412,17.27
-0.5371179292957249,-0.10350345500299296,-0.8363279170918166,-0.036701225107341466,17.28
-0.5632655172226838,-0.10491220304804605,-0.8188952512463308,-0.0337039203309738,17.29
-0.5887410543451291,-0.10600739215319124,-0.8007558386515116,-0.030602133961204266,17.3
-0.6135154546489564,-0.10700269543184732,-0.781919696805247,-0.02740069023208053,17.31
-0.6373752083380094,-0.10781272157357198,-0.7625899833010077,-0.024202855863454935,17.32
-0.6604268072681716,-0.10840440022390944,-0.7427301480285752,-0.020900848382654127,17.33
-0.6826732206295794,-0.10871165995082811,-0.7223774791396793,-0.01760188790372194,17.34
-0.7040350301344082,-0.1088054137480449,-0.7016349107134954,-0.014300711549605166,17.35
-0.7244832805172937,-0.10871249667618695,-0.6805782335615935,-0.010901253116563365,17.36
-0.7440413103203553,-0.10840601886925606,-0.6592366018322288,-0.007600421987143414,17.37
-0.7627440955107792,-0.10780623245845285,-0.6376368628525931,-0.004300248604557952,17.38
-0.7805143342773747,-0.10700196510913401,-0.6159113113150994,-0.0011000202020565177,17.39
-0.7973470049914572,-0.1060062492525956,-0.5941350252921419,0.002000117910426332,17.4
-0.8132223435908394,-0.10480287949867188,-0.5724157273381659,0.005100140128275063,17.41
-0.8281551776768804,-0.10330688305038249,-0.5508367007178188,0.008100539716438511,17.42
-0.8422332562366968,-0.10170401586235106,-0.5293209006484013,0.010900430411992394,17.43
-0.8553984663077727,-0.09991150097526774,-0.5080584834377979,0.013701577210822503,17.44
-0.8677759337164456,-0.09790856737448429,-0.48694260934255773,0.016301426437222613,17.45
-0.8793719267714563,-0.0957078282634236,-0.4660381188166708,0.018801537840672556,17.46
-0.8902143553788944,-0.09341199954206127,-0.4453572098081358,0.021202723664793352,17.47
-0.9002899884817479,-0.09090908681736379,-0.4250424851196877,0.023502349177206262,17.48
-0.9096765252080862,-0.08820742032030915,-0.4050340728993787,0.0256021537437632,17.49
-0.9183222052993895,-0.08550206746498726,-0.38550932172810043,0.027500664974118707,17.5
-0.9263515853243331,-0.08260459996522716,-0.36632039911940323,0.029301631706793653,17.51
-0.9337954667906044,-0.07970814898062673,-0.34743552014893003,0.031003169616053053,17.52
-0.9407090721331012,-0.07660888254879392,-0.3288381277029169,0.03260378030144493,17.53
-0.9470829112672373,-0.07340642627984711,-0.31062719349482987,0.03400297675088286,17.54
-0.9530230289187945,-0.0701090506109849,-0.2925377646749369,0.03540457049399237,17.55
-0.9584731342903259,-0.06680509742340753,-0.2748209696400058,0.03660279289965143,17.56
-0.9634794084278031,-0.06340522575703002,-0.2574212162438411,0.03770310742965349,17.57
-0.9680940355407298,-0.05990581893480343,-0.2402233340257059,0.03870375947874612,17.58
-0.9722828809253057,-0.05640480815077889,-0.22341904505113483,0.039603375935653266,17.59
-0.9761247060289684,-0.052801336418737355,-0.2068052343067213,0.04030102003172567,17.6
-0.979615493678726,-0.0491057894227927,-0.19042245022606374,0.04100483434489818,17.61
-0.9827631445606222,-0.04540291723115116,-0.17431119985439752,0.04160267305761869,17.62
-0.9856110635462829,-0.04170046809038149,-0.15830177694741943,0.04210047258045709,17.63
-0.9881681711327596,-0.037902614802076295,-0.1424098244806244,0.04250293216591669,17.64
-0.9904332345447872,-0.03400114092742605,-0.1267042516324965,0.04280143622628926,17.65
-0.992414578677242,-0.030200443647775806,-0.1111016320949633,0.04310063315295156,17.66
-0.9941432511429819,-0.026301144256171836,-0.09550415499864678,0.04320187953865488,17.67
-0.9956011084266017,-0.02240227506655538,-0.08000812523769778,0.04330439778490392,17.68
-0.9968055274189945,-0.0185019587210308,-0.06450682905440469,0.0433045844659802,17.69
-0.9977521339110308,-0.014600762909793575,-0.04910256567608661,0.04320225737692345,17.7
-0.9984447562893234,-0.010700479659751364,-0.033701510704076725,0.04310193208740969,17.71
-0.9988884155266606,-0.0068006019479187945,-0.018301619948075578,0.04290379758319357,17.72
-0.9990839215786376,-0.002800235215635821,-0.0029002436161942435,0.04260357863788785,17.73
-0.9990304259349398,0.001000030456391331,0.01250038070489164,0.04220128525971417,17.74
-0.998721987106572,0.004800105675489682,0.02800061644035648,0.04180092025738932,17.75
-0.9981569215214708,0.008700496159940684,0.043602486502691246,0.041302355333971294,17.76
-0.9973304040808098,0.012600384128565328,0.05930180784316857,0.0407012407962388,17.77
-0.9962341614551046,0.016400562384926435,0.0751025753114619,0.04010137509972866,17.78
-0.9948654444014698,0.02020132888712273,0.0910059865707014,0.03940259198775423,17.79
-0.993208635986635,0.024000208682721746,0.1071009312466458,0.03860033563137748,17.8
-0.9912612320975184,0.027701711187551714,0.12330761694675546,0.03780233512236299,17.81
-0.9889706446963161,0.03130223599857892,0.140010001271599,0.036802628905677454,17.82
-0.9863313954279828,0.03490111092004116,0.15700499754860922,0.03580113956840898,17.83
-0.9833510126569568,0.038401992155015906,0.1742090373282232,0.03460179501467579,17.84
-0.9800017147564729,0.04190434926859497,0.19161988830221474,0.03350347733885278,17.85
-0.9762718513709497,0.04520332686126504,0.20931540513413213,0.032202370020635716,17.86
-0.9721192141261527,0.048600960607479704,0.2273044927176983,0.030900610756607466,17.87
-0.9675342996988973,0.05180183640765155,0.24560870698299656,0.02950104583061237,17.88
-0.962519885866265,0.05490113426915112,0.26410545647509676,0.02810058056399174,17.89
-0.9570250456731721,0.058001517919586194,0.28290740378363677,0.026500693532224725,17.9
-0.9510543923560928,0.06100348888929723,0.30191726714227596,0.024901424153172147,17.91
-0.9445646954515631,0.06380437011096847,0.32122200124832406,0.023301595980964977,17.92
-0.9375559972041995,0.06660397804138633,0.34072035013063545,0.02150128420254964,17.93
-0.9299963758681828,0.06930718232892254,0.3604373522560416,0.01970204172986687,17.94
-0.9218834434468706,0.071806499500418,0.38033442562686576,0.01790162034899,17.95
-0.9132224564163083,0.07430182710439302,0.4003098437400878,0.01600039345451263,17.96
-0.9039746126238564,0.0766063229638095,0.42043470201025473,0.014001155633072231,17.97
-0.8941391730952787,0.07890345683616765,0.4406193039545686,0.012000525754550212,17.98
-0.88373475797156,0.08100318591795445,0.46081812433325203,0.009900389389972212,17.99
-0.8727438390240788,0.08290416438076789,0.48102416245053503,0.00780039182352219,18.0
-0.8611352297628891,0.08480346938090001,0.5012205053503195,0.005700233201310496,18.01
-0.8489069313533919,0.0865007062811502,0.5214042572831411,0.003500028577850008,18.02
-0.8360947934404032,0.08810998959581282,0.5414613889576965,0.0013001474060676125,18.03
-0.8227395459266852,0.08950430212767513,0.561326980829766,-0.0008000384547725151,18.04
-0.8087691082290551,0.09090776794611241,0.5810496499085953,-0.003100264913453779,18.05
-0.7942534312255383,0.09210619619223379,0.6005403997115787,-0.005400363294658659,18.06
-0.77914840609839,0.09310578437653717,0.6198385086635633,-0.007700478407082022,18.07
-0.763566910482175,0.09410824659642784,0.6387559734446171,-0.010000876365188932,18.08
-0.7474729195401252,0.09490925884982322,0.6573641289988283,-0.012201190284171163,18.09
-0.7308534967796168,0.09560699821036038,0.675649455971961,-0.014501061444040016,18.1
-0.7137547399500906,0.09620737842678817,0.6935531906338628,-0.01680128854022912,18.11
-0.6961804935611636,0.09661117034622671,0.7110822165234698,-0.019002197066028025,18.12
-0.6780683900363895,0.09690977432820966,0.7282734537234496,-0.021202138449515427,18.13
-0.6594628728901234,0.0971092583524886,0.7450710347333059,-0.023402231158066254,18.14
-0.640466275676991,0.0972100593313609,0.7613787877465541,-0.025602649371222624,18.15
-0.6209751735949208,0.09711175608965504,0.777294097146034,-0.027803365801157675,18.16
-0.6011542295632769,0.09690874204738235,0.7926715061584649,-0.029902697494496724,18.17
-0.580822858733417,0.0967038058531705,0.8076317849743587,-0.03200125943434805,18.18
-0.5602634982605907,0.09631091553462136,0.8219931617643332,-0.03400385387515188,18.19
-0.5393324229431872,0.09580575953635699,0.8358502486480917,-0.03600216433516547,18.2
-0.5180532948838081,0.09520979473540257,0.8491873603973773,-0.037903899374703336,18.21
-0.4964499304803889,0.0945095052989459,0.8619866943614971,-0.03980400328992643,18.22
-0.4746440134068093,0.09370868954112523,0.8741810621974125,-0.04170386717038337,18.23
-0.4525179766336898,0.09290369067241941,0.8858351905019279,-0.04350172814047626,18.24
-0.43011864174590864,0.09190398320495002,0.8969388741732282,-0.04530196342964348,18.25
-0.4074383132259737,0.0909085485327467,0.9074853348582438,-0.046904410629106934,18.26
-0.3845247911124503,0.08970578351830115,0.9174591504982104,-0.04860313354503273,18.27
-0.3615348120553988,0.08850852245339638,0.9267892401984456,-0.05020483420520337,18.28
-0.3383166929574559,0.08730430770081556,0.9355461609864026,-0.051702551066806005,18.29
-0.31490829636835316,0.08600226575953755,0.9437248627590183,-0.05310139897478423,18.3
-0.29142740712210924,0.08460795690641881,0.9512894634679147,-0.05440511649774449,18.31
-0.2678171167389137,0.08310531143018568,0.9582612444332602,-0.05570356012829534,18.32
-0.24422563771085637,0.08160856690092498,0.9646012595090949,-0.05690597373361068,18.33
-0.22041654618908282,0.08010601338360043,0.9703728437716291,-0.05810436176763027,18.34
-0.19660915531848108,0.07850365560783705,0.9755454273305101,-0.05910275218373465,18.35
-0.17270458364047553,0.07690204100725286,0.9801260128895777,-0.060101595117501905,18.36
-0.14870351316199817,0.07520177666296075,0.9841232501864318,-0.061101443538655605,18.37
-0.12480217469684131,0.07350128077097624,0.9875172076372659,-0.06190107863569292,18.38
-0.1008036839379455,0.07170262042014576,0.9903361924974944,-0.06270229149711491,18.39
-0.07690479016403769,0.06990435412829954,0.9925618236385879,-0.06340394923797125,18.4
-0.05300555977972154,0.06810714379243465,0.9942042825853052,-0.06410672418641793,18.41
-0.02920227012670588,0.0663051544315274,0.9952773708937567,-0.06460502226661644,18.42
-0.005400415712999878,0.06440495776244298,0.9957766528581442,-0.06520501934955408,18.43
0.01810040083781488,0.06250138410847679,0.9957220505089655,-0.06560145276025724,18.44
0.041600355060545664,0.06060051722762182,0.9951084932872354,-0.06600056331721188,18.45
0.06490393102562746,0.058603549431460226,0.9939602010226676,-0.06630401582433128,18.46
0.08810618571190948,0.05670398104273856,0.9922696647373052,-0.06650466912419954,18.47
0.1112052034132044,0.05470255959264641,0.9900463253513702,-0.06670312111205695,18.48
0.13400289315369512,0.05270113782984875,0.9873213164973372,-0.06680144225870771,18.49
0.15671225381020687,0.050703964698005664,0.984076947984962,-0.06680522370467018,18.5
0.1792058547509136,0.04870159110697262,0.9803320279705392,-0.06680218246295218,18.51
0.20152028403743394,0.046604690998235346,0.9760982492334269,-0.06670671436871883,18.52
0.2236187780572233,0.04460374553377531,0.9713815703353353,-0.06650558470843179,18.53
0.2455208812113017,0.042603623379231986,0.9661821724571836,-0.06630563920288922,18.54
0.26720460263892104,0.040500697630525086,0.9605165450399837,-0.06610113860191871,18.55
0.28863215685675175,0.038504289809372635,0.9544063315606313,-0.06570732053183849,18.56
0.30981389701403284,0.03650163731766365,0.947842516429633,-0.06540293371438911,18.57
0.3308096531665211,0.03440100383593811,0.9408274537456562,-0.0650018967830226,18.58
0.35162084118490383,0.0324019205187454,0.9333553216094163,-0.06450382325490983,18.59
0.3721290774414932,0.030402375582427827,0.9254723146045628,-0.06400500122616384,18.6
0.3924242741542399,0.02840175684500615,0.9171567324843359,-0.063403921970894,18.61
0.41242065248127247,0.026301317071429357,0.9084454915470124,-0.06280314494622675,18.62
0.43224227968516515,0.024302377131766573,0.8992879636577984,-0.06210607489229235,18.63
0.4516506102864828,0.022302499135049968,0.8897997076436752,-0.06140688102655014,18.64
0.4708063017845244,0.02030027172095549,0.8799117776979672,-0.06070081248581272,18.65
0.48963944449424085,0.018401482391123433,0.8696700590935291,-0.05990482582762465,18.66
0.5081080332515091,0.016400259290149082,0.8591135826931144,-0.0590009328121217,18.67
0.5262229832907038,0.014400628961205121,0.8482370475620961,-0.05810253768375122,18.68
0.5439477879123444,0.012501098269726613,0.837073540140894,-0.057205025682268984,18.69
0.5613621069255238,0.010601172872635938,0.8255913402227327,-0.05620621843793771,18.7
0.578417430871923,0.008700262186351539,0.8138245249715956,-0.055201663527195965,18.71
0.5950798144818379,0.006800912165506718,0.8018075416304024,-0.05420727049565649,18.72
0.6113484329413624,0.004900388224133283,0.7895625516231076,-0.053104207081934154,18.73
0.6272589462929049,0.00310029134806761,0.7770730249833978,-0.05190487773055128,18.74
0.6428230102614858,0.0012000429563064452,0.7643273595875133,-0.05080181848363951,18.75
0.6579378752839675,-0.0005000287849855355,0.7514432580762627,-0.049502849713568005,18.76
0.6726651911426635,-0.0023002229254060753,0.7383715590553501,-0.04820467174111862,18.77
0.6869627809624884,-0.004000365590114942,0.7251662723480861,-0.046904286544097694,18.78
0.7009383073252716,-0.005800316995985983,0.7117388975936593,-0.045602492244303586,18.79
0.7144498381867547,-0.007500523217246165,0.698248708037503,-0.0442030834936374,18.8
0.7276514868024875,-0.009200651015094674,0.6845484369382939,-0.042803028635440436,18.81
0.7404544328061069,-0.010800793995550992,0.6707493085940788,-0.04130303629780148,18.82
0.7528623508774889,-0.012501035316111332,0.6568543996497538,-0.03980329644649848,18.83
0.7647485095364887,-0.014100894448103165,0.6430407893709458,-0.03820242325656319,18.84
0.7763493230392888,-0.015600991162453828,0.6290399641784268,-0.03670233177320868,18.85
0.787535794315296,-0.01720078179329916,0.6150279536557549,-0.03510159540376748,18.86
0.7983682833675273,-0.018701599522701694,0.6009513985663876,-0.03340285690150997,18.87
0.8088834770378417,-0.020202084861726508,0.5867605538799477,-0.03180328210905461,18.88
0.8190902441435698,-0.021702391084145865,0.5724630717311103,-0.030103316665105555,18.89
0.8289451828885736,-0.0231012591684474,0.558130421727727,-0.028401548068567366,18.9
0.8385160041357032,-0.024503389910931213,0.5436752145135595,-0.026603680474725316,18.91
0.8477708257332962,-0.02590216395716925,0.5291442065536004,-0.024902080406699393,18.92
0.8567059339547107,-0.027303376134676167,0.5145636271535123,-0.02310285672934137,18.93
0.8653364530658942,-0.028601204851132066,0.4999210596182139,-0.021300897319199753,18.94
0.873699069985894,-0.02990339078820768,0.4851550124200517,-0.019502211383613705,18.95
0.8817600895887773,-0.031202126341351766,0.4703320518697992,-0.01770120628980533,18.96
0.8894793139592015,-0.032502898250139474,0.45554062009041635,-0.015901417913145158,18.97
0.8969890081504697,-0.03370334438027743,0.44054371511905666,-0.014001389356791811,18.98
0.9041872854116946,-0.03480335973048,0.4255410794631966,-0.012201177836547587,18.99
0.9111133267679635,-0.03600447833550679,0.4104510530247774,-0.010301281301547777,19.0
0.9177573891638727,-0.03700231382702767,0.3953247204276767,-0.008400525301271146,19.01
0.9241314256234516,-0.038101295656588575,0.38011292595982465,-0.006600224444448415,19.02
0.930211650973893,-0.039100489736700945,0.36490457045836766,-0.004700058868605996,19.03
0.9360318209426386,-0.040101363269016886,0.3496118852580624,-0.002800095190854047,19.04
0.9415971307538142,-0.04100422980446775,0.3342344780647103,-0.0009000928493663652,19.05
0.9468851761525646,-0.041903769413595755,0.3188286799296975,0.0009000809659244912,19.06
0.9518923713580996,-0.04270414399767898,0.30342944470481975,0.00280027173755272,19.07
0.95668703856268,-0.043403948853878646,0.2878261861784856,0.004700427640857826,19.08
0.9611677502966537,-0.04420311576642607,0.27231919509497327,0.0067004722994356255,19.09
0.9654130090279455,-0.04480060369220215,0.25670345910241726,0.008600115887342377,19.1
0.9693950102139423,-0.04550445988314698,0.24102362267776753,0.01050102920380315,19.11
0.9731173406979586,-0.04600554745334645,0.2253271704617164,0.012401495400467304,19.12
0.9765681375360167,-0.046603251622302486,0.20961462532263092,0.014300997815427586,19.13
0.9797584247368525,-0.047002802860704365,0.19391156329128886,0.016200966092412995,19.14
0.9826952130382963,-0.04750460270641062,0.17811725772656276,0.01810175387339015,19.15
0.9853890142101621,-0.047904327393348996,0.16221465351150746,0.020001806844822126,19.16
0.9878097398520526,-0.04820047525902909,0.14640144352534978,0.021800214951179134,19.17
0.9899761320919493,-0.04850373008027027,0.13051003660773752,0.02370182274025578,19.18
0.991899477627421,-0.0487048846142926,0.11451148436009247,0.025502557652247668,19.19
0.9935612549396088,-0.04880300879824148,0.09850607308661447,0.02740168936622575,19.2
0.9949616348075114,-0.04890302939198644,0.08250511093740043,0.029201808962085973,19.21
0.9961134974293357,-0.04900066396349508,0.06630089838325967,0.031000420058537707,19.22
0.9970014700031662,-0.04900498749137842,0.050105099455470585,0.03280333856565739,19.23
0.9976316403892205,-0.04890155093728236,0.03380107201799885,0.03460109739120592,19.24
0.9979949188205964,-0.04880464178619612,0.01750166457496787,0.03630345280407621,19.25
0.9980855845178241,-0.04870417631865535,0.0011000943316328722,0.03810326730473858,19.26
0.9979125787673336,-0.048500611354059205,-0.015300192860146512,0.039800501688485694,19.27
0.9974649071533314,-0.048203136680158985,-0.03190207593562389,0.041502700668601615,19.28
0.9967422827044675,-0.047902032047300085,-0.04850205750091971,0.04310182841834308,19.29
0.995726949714596,-0.04750128563969399,-0.065301767416253,0.044801212561227176,19.3
0.994428271997665,-0.04710133911010662,-0.08210233420254254,0.0464013192082579,19.31
0.9928453691057356,-0.04660212953296462,-0.0989045195452833,0.04800219351034983,19.32
0.9909539688227531,-0.04610251081111002,-0.11590631242966706,0.04950269599023744,19.33
0.9887635004310621,-0.045502922291507354,-0.13290853566024896,0.05110328195815442,19.34
0.9862721336503383,-0.04480327680747836,-0.1500109714536106,0.0525038400087637,19.35
0.9834530046280651,-0.04410237696166125,-0.16720901197255694,0.05400291056529949,19.36
0.9803135333217419,-0.043300597768878325,-0.18450254707524366,0.05540076481283739,19.37
0.9768517891704407,-0.04250225331669096,-0.20181069927784084,0.05680301149148345,19.38
0.9730565313613317,-0.0416024169626222,-0.21921273553381698,0.05810337561366226,19.39
0.9689080150418008,-0.04060452664192518,-0.2367263905454111,0.05940662272242255,19.4
0.964411394587941,-0.03960046788229206,-0.25430300460774924,0.06060071600168936,19.41
0.9595617257933314,-0.038502476751478124,-0.2719174916552442,0.06180397566860644,19.42
0.9543396345480513,-0.03730154916550593,-0.2896120278372793,0.0630026165529993,19.43
0.9487678488148898,-0.03600257463617164,-0.30732197738043177,0.0640045771309718,19.44
0.9427931572803351,-0.034703429041718074,-0.32513212626693216,0.0650064232769935,19.45
0.9364513844972397,-0.033301827321399066,-0.34291881647170386,0.06600362171808823,19.46
0.9297279852335397,-0.03190096023335476,-0.3607108575602213,0.06690201378092267,19.47
0.9226182403429192,-0.030400601025823478,-0.378507483166914,0.06770133846869242,19.48
0.9151501287212386,-0.028801577649624818,-0.39622170363824144,0.06840374691785894,19.49
0.9072727208229777,-0.027202180342135132,-0.4139331780738872,0.06910553903093888,19.5
0.8989839600327243,-0.025602391118965114,-0.4316403127713025,0.06970651019499487,19.51
0.8903341627772512,-0.02380091325856293,-0.4492172367960701,0.07030269756625941,19.52
0.8812840652900429,-0.022102108310156545,-0.46674452254977644,0.07070674468452795,19.53
0.8718630597762799,-0.020301468356800276,-0.48413501633138,0.07110514286544334,19.54
0.8620922919200394,-0.018501980743063494,-0.501353672783661,0.07140764459755315,19.55
0.8519474462744614,-0.016600924531231433,-0.5184288721078539,0.07170399330658396,19.56
0.8414528743525921,-0.014800930045660046,-0.5353336387460691,0.07180451197826968,19.57
0.8305954118220332,-0.012901482013852172,-0.5520634164066975,0.07190826021674195,19.58
0.8193568407556332,-0.010900756211688517,-0.5686394478867973,0.07200499515977736,19.59
0.8078406111683109,-0.009000452464118344,-0.5849294051403132,0.07190361468556765,19.6
0.796044535957381,-0.007100397242835937,-0.600933620171847,0.071704011593146,19.61
0.7838781487081612,-0.0052005184655300315,-0.6167614880177635,0.07150712890103793,19.62
0.771471314247051,-0.0033003050778004513,-0.6322584455107411,0.07120658228466428,19.63
0.7587392505966764,-0.0014000724276200696,-0.6475334977742822,0.07080366276821495,19.64
0.7457751145234294,0.0004000402920871285,-0.6624667236962848,0.07040709140733462,19.65
0.7325818522801745,0.0023002570105725615,-0.6770756505033149,0.06990781088653132,19.66
0.7191645011608097,0.004200376727680991,-0.6913620075823498,0.06930621600673635,19.67
0.7055281158556364,0.006000239114293151,-0.70532810788516,0.06860273387341836,19.68
0.691721668520655,0.00780024434648129,-0.7189225206006923,0.06790212706744611,19.69
0.6777541004915381,0.009500758380802141,-0.7321584432194999,0.06710535656334987,19.7
0.6637393011675677,0.011200663210903659,-0.7449441094466193,0.06620392005016269,19.71
0.6496279508438905,0.012900555058322332,-0.7573325849354653,0.0653028097138332,19.72
0.6354316484613971,0.014500722226456183,-0.7693383178491545,0.06430320270076775,19.73
0.6211518963031055,0.016001336887537736,-0.7809652484673887,0.06330528906132117,19.74
0.6067482930185385,0.017501392991304474,-0.7922630587263659,0.062204951089093616,19.75
0.592448233174074,0.01890153883691762,-0.8030653802140132,0.06110497475850088,19.76
0.5781522470885689,0.020301834658187076,-0.8134735128556339,0.059905413597310636,19.77
0.563818341308969,0.02160070268228757,-0.8235267897622136,0.05870190960417964,19.78
0.5495493352583386,0.02280204703164717,-0.8331747974590025,0.05740515349195384,19.79
0.5353261593519306,0.02390116795910918,-0.8424411668934549,0.05610274152744874,19.8
0.5211299814702758,0.025001438374125686,-0.8513489795157279,0.0548031529160835,19.81
0.5071140218965609,0.026000718929817753,-0.8598237744560502,0.05350147933635576,19.82
0.49313910008363665,0.02700214094962115,-0.8679688196361555,0.05210413123982451,19.83
0.479239153041977,0.027802271399346747,-0.8757715490794225,0.05080415061463362,19.84
0.4654238023818963,0.02860146271620592,-0.8832451703130443,0.049402526509810224,19.85
0.45185834545715375,0.02930378380233423,-0.8903149604381546,0.04800619872054754,19.86
0.4384286895199788,0.02990195669855695,-0.8970587009567085,0.04660304957032622,19.87
0.42501901152558785,0.030501364356542184,-0.9035404162667496,0.04520202193166252,19.88
0.41171432379049133,0.031001078546284266,-0.9097316501146708,0.04380152388152422,19.89
0.39851975511390364,0.03140155661374298,-0.9156453896669766,0.04230209696692127,19.9
0.38543340888863586,0.03180275662340068,-0.9212798553923491,0.04090354546846188,19.91
0.37233993373765534,0.03210344311839575,-0.9266993892057789,0.039504236859085114,19.92
0.3593271122534679,0.03240244485670014,-0.931870312267691,0.03810287497037887,19.93
0.34631140941732796,0.03270107735474047,-0.9368308644012499,0.03670120914125306,19.94
0.3334144404921333,0.032901424991575244,-0.9415407790142277,0.035401533273609835,19.95
0.32042929498528255,0.033003017273765055,-0.946086495181265,0.034003108706303395,19.96
0.3075321018762782,0.03310345551904003,-0.950399207847243,0.03270341376050179,19.97
0.2946077173502353,0.03320086970817316,-0.9545250041099782,0.031400822555320396,19.98
0.2816219645535567,0.033302597370857376,-0.9584747543612526,0.03010234777365787,19.99
0.26870445246966645,0.033300551794714896,-0.9622159440502904,0.02880047722786153,20.0
0.2557217845881197,0.03330283702301286,-0.9657822736673728,0.027602351406461105,20.01
0.24262239265397473,0.033303073682511786,-0.9691894506222873,0.026402436793342674,20.02
0.22952508042819433,0.03330363912095369,-0.972406255774873,0.02520275392937036,20.03
0.21631363900492245,0.03320209345799087,-0.9754615047868764,0.02410151964872229,20.04
0.20310557430898143,0.03310090846689948,-0.978326850548875,0.023000631260987555,20.05
0.18970736932589496,0.03310128584442342,-0.9810381091655401,0.021900850755071692,20.06
0.17621370114791707,0.03300256604926937,-0.9835764760441342,0.02090162516453727,20.07
0.16250946807742334,0.032901916921521404,-0.985957443554041,0.019901159475327536,20.08
0.14870845059781468,0.03280186401888582,-0.9881561535689353,0.01890107408405311,20.09
0.13480883768304094,0.03280215041545804,-0.9901649123885671,0.018001180106044044,20.1
0.12071232535766066,0.032703339181404334,-0.9920012885025983,0.017101746177431626,20.11
0.10650470441669344,0.03260144003741038,-0.993643890219968,0.01630072001870519,20.12
0.09210873140049379,0.03260309059344297,-0.9950943294624466,0.01550146945393761,20.13
0.07740451668532673,0.032601902376507126,-0.9963581391936824,0.014700857820081433,20.14
0.06260049204180118,0.03260025623902106,-0.9974078396564297,0.014000110041297387,20.15
0.047701951526756256,0.032601333747846,-0.9982408388680943,0.013300544136391158,20.16
0.032501963015336255,0.03260196905538345,-0.9988603279913186,0.01260076104594575,20.17
0.01720077603051632,0.032701475360342076,-0.9992450819588319,0.012000541416639294,20.18
0.0017001622202165154,0.03280312989594218,-0.9993953568602141,0.01140108782968722,20.19
-0.013900035306134517,0.03290008356631839,-0.9993025382316707,0.010900027686105485,20.2
-0.029801723483505016,0.03300190855555925,-0.9989577713984282,0.010300595700674552,20.21
-0.04580231742687681,0.03320167988149148,-0.9983505128220768,0.009800495868633028,20.22
-0.06190493959220295,0.03340266530500127,-0.9974795920721038,0.009300742135823707,20.23
-0.0781030667771267,0.033601319381708794,-0.9963391220237046,0.00890034947908358,20.24
-0.09440234262319865,0.03380083877822155,-0.9949246893625036,0.008400208453759201,20.25
-0.11080278727917145,0.034100857817867744,-0.9932249848887462,0.008000201247593606,20.26
-0.12730484722433885,0.034401309854809554,-0.9912377420955591,0.007600289386527693,20.27
-0.14380974128274987,0.03480235741752222,-0.9889669899479231,0.007200487741556321,20.28
-0.16030269871864958,0.03520059260696485,-0.9864166064633558,0.006800114480890936,20.29
-0.17671725286400736,0.035603475959019026,-0.9835960282498656,0.006500634655438867,20.3
-0.1932151090462009,0.03600281535022377,-0.980476671371094,0.006100477045454583,20.31
-0.2095226307139114,0.03650394282127812,-0.9771055379832526,0.005700615728254391,20.32
-0.22581322175121166,0.03690216068476399,-0.973456997575861,0.005300310342256075,20.33
-0.24191577100318432,0.0374024383444361,-0.9695632078858503,0.0050003259818764845,20.34
-0.25780990524684305,0.038001460044142885,-0.9654370928056721,0.0046001767421857175,20.35
-0.2736167116510117,0.03850235160293842,-0.9610586984525668,0.004200256538502372,20.36
-0.28921723062978744,0.039102329590680114,-0.9564569826221601,0.003800226405232338,20.37
-0.3045227700188033,0.03970296870195892,-0.9516711591129497,0.0034002542465153733,20.38
-0.3195388502974809,0.04020488820644361,-0.9467151038860577,0.0030003647915256425,20.39
-0.3343251371804439,0.04080306789399375,-0.9415707946616451,0.0025001879837005976,20.4
-0.34882467324173844,0.04150293560645684,-0.936266224452166,0.0021001485487604664,20.41
-0.3630122881739356,0.04210142515736277,-0.9308315091798877,0.001500050777578246,20.42
-0.37671746691028934,0.042701979923199775,-0.925342904518425,0.001000046368224819,20.43
-0.39020404448588175,0.04330044881147791,-0.9197095328387122,0.0005000051825805763,20.44
-0.40322148219671133,0.043902338959413756,-0.9140486972415529,0.0,20.45
-0.41582512907184765,0.04450268937878119,-0.9083548935448755,-0.0006000362612869375,20.46
-0.4280180862863621,0.04520191004706441,-0.9026381417805385,-0.0013000549349819412,20.47
-0.4398098320586947,0.045801023893333834,-0.8969200508718584,-0.002000044711499294,20.48
-0.4511250606932016,0.046402577734791735,-0.8912495102854827,-0.0027001499974986572,20.49
-0.46205202767724946,0.04700529285894096,-0.8855997197147281,-0.0034003828876680692,20.5
-0.47255584522404015,0.047605625889236634,-0.8800039962172126,-0.004200496401991468,20.51
-0.4826419047893397,0.048204185269055476,-0.8744759252958945,-0.005000434156541025,20.52
-0.49231562142250557,0.04880154849770114,-0.869027574682424,-0.005900187215910588,20.53
-0.5016268954470184,0.04940264879402454,-0.8636463056380485,-0.006700359249391993,20.54
-0.5104213156392209,0.050002088130801425,-0.8584358490295988,-0.007600317395881817,20.55
-0.5188679761576066,0.050606629902804345,-0.853311791167444,-0.008601126821425244,20.56
-0.5269583533293751,0.05120567031782882,-0.8482939367887189,-0.009501052109753395,20.57
-0.5346257000751188,0.05170248539821108,-0.8434405451615323,-0.010500504771396834,20.58
-0.5420321163543692,0.052303099050430825,-0.8386496914663727,-0.011500681435563183,20.59
-0.5490235618517462,0.05290227034964913,-0.834035793414128,-0.012600540763810567,20.6
-0.5557252138249398,0.05340242292289327,-0.8295376369764038,-0.013600617073995288,20.61
-0.5620657374322138,0.05400631640807749,-0.8251965123760135,-0.014701719466643315,20.62
-0.5681470700938637,0.05450451561365177,-0.8209680159127842,-0.01580130911368253,20.63
-0.573877392584937,0.05510743173828865,-0.8169101677646854,-0.016902279426081274,20.64
-0.5793539200817254,0.05560517513644731,-0.8129756631010435,-0.018101684711685186,20.65
-0.5844423502271018,0.05620407269466653,-0.8092586410057679,-0.01920139138323127,20.66
-0.5893303807642127,0.0567029231110315,-0.805641531891481,-0.020401051701323503,20.67
-0.5938410714688033,0.057203956362437774,-0.8022554859081745,-0.02160149401099049,20.68
-0.5981521910556038,0.05780504371010516,-0.7989697131488411,-0.022801989560387505,20.69
-0.6021132135194576,0.05830127943561597,-0.7959174666004589,-0.024000526697337623,20.7
-0.6058677004099693,0.05880657111935655,-0.7929886095329558,-0.025202816194009946,20.71
-0.609447200466231,0.05930459302206678,-0.790161196403625,-0.026502052530940467,20.72
-0.6127303707335068,0.05980296420738323,-0.7875390353397038,-0.02770137305258387,20.73
-0.6158755294475482,0.06030739594947574,-0.7849962699957463,-0.029003556924291813,20.74
-0.6188568693707098,0.060705578491923214,-0.7825719138373957,-0.03020277546056147,20.75
-0.6216508873161571,0.06120501014116605,-0.7802638711133619,-0.03150257874912959,20.76
-0.6242162360754533,0.06170160487961465,-0.7781202391706347,-0.03280085316128623,20.77
-0.6266576645581285,0.06210571492029968,-0.7760714134968205,-0.034003128941871005,20.78
-0.629037161468003,0.06260369842272971,-0.7740457281021214,-0.03530208553230605,20.79
-0.6312440592167232,0.06300439754539539,-0.7721538943619012,-0.03660255476446779,20.8
-0.6333381977785968,0.06340382399994163,-0.7703464609961362,-0.037802279924255416,20.81
-0.6353154701200484,0.06380155358674498,-0.768618716093608,-0.039100952119776315,20.82
-0.6372276403483631,0.064202784856191,-0.7669332664519141,-0.04040175246402051,20.83
-0.6390780489773027,0.06460789039739241,-0.765293463344964,-0.04160508112277901,20.84
-0.6408748457349825,0.06500759202992176,-0.7636891888315117,-0.04280499905970233,20.85
-0.6426668665393731,0.06540680527805011,-0.7620792908543453,-0.04400457847452913,20.86
-0.644454071965052,0.0658055213148672,-0.7604638055900459,-0.04520379275732519,20.87
-0.6461824516793502,0.06610843531342679,-0.7588968338249357,-0.04640592130927387,20.88
-0.6478561618456898,0.06650576530215865,-0.7573656550875902,-0.04750411807297047,20.89
-0.6495298498301392,0.06680307000562478,-0.7558347351834014,-0.04860223356696653,20.9
-0.6512483309320242,0.0671049800453606,-0.7542559754129802,-0.04970368864760689,20.91
-0.6529133522145806,0.06740137837228172,-0.7527153931871876,-0.05080103889186812,20.92
-0.6546231511571182,0.06770239433751436,-0.7511265640606654,-0.05190183554087143,20.93
-0.6563365064517616,0.0679037769131108,-0.7495416906682848,-0.052902942543498685,20.94
-0.6580903982153967,0.06820936954147426,-0.7479027352362823,-0.05390740496019739,20.95
-0.6598517839006922,0.06840536832192687,-0.7462585649389156,-0.05490430878470445,20.96
-0.6616577056848789,0.06860598338872838,-0.7445649363397708,-0.05590487567682094,20.97
-0.663564173076436,0.06880665426926721,-0.7427718332236157,-0.05690550331280966,20.98
-0.6654199628983349,0.06900207009315466,-0.7410222310004001,-0.057801734078033906,20.99
-0.6673245479850047,0.06910254198376117,-0.7392271929724494,-0.05870215939865095,21.0
-0.6692240255737849,0.06920248441378649,-0.7374264740856381,-0.05960213975522651,21.01
-0.6712226776412527,0.06930234141915795,-0.7355248501268494,-0.060502044096090266,21.02
-0.6731650914796948,0.06940671125938319,-0.7336709420732493,-0.061305927956775065,21.03
-0.6752159690465042,0.06940164136822777,-0.7317173053189087,-0.062101468717102946,21.04
-0.6772559775199086,0.06940573662120741,-0.7297603171829258,-0.06290519932959576,21.05
-0.6793442165572987,0.0694045173400214,-0.7277473669788699,-0.06370414631929917,21.06
-0.6814803989852822,0.06930817676794843,-0.7256856141821555,-0.06450761041172688,21.07
-0.683668065962629,0.06920689023495308,-0.7235720388004127,-0.06520649195547602,21.08
-0.6858489645054265,0.06910493357731842,-0.7214515062616137,-0.06590470510485215,21.09
-0.6880772719761286,0.06890773842900473,-0.7192807761703948,-0.06660748010699151,21.1
-0.6903510637049604,0.06870508195933764,-0.7170530387895937,-0.0673049783968475,21.11
-0.6926172983330415,0.06850171085159304,-0.7148178527988133,-0.06800169836362521,21.12
-0.6949349352573152,0.06820342867254123,-0.7125358200760354,-0.0686034487820576,21.13
-0.6972449981579811,0.06790438235072707,-0.7102458371942028,-0.06920446625434924,21.14
-0.699596939370117,0.06760936826507492,-0.7078980896156809,-0.06980967314944127,21.15
-0.701947081169654,0.06720450755748789,-0.705547322645948,-0.07040472220308255,21.16
-0.7042878689144716,0.0668083351938181,-0.703187731658286,-0.07100885926289048,21.17
-0.7066263541213247,0.06640247652654395,-0.7008261377982229,-0.07150266674168512,21.18
-0.7089509824982931,0.06600474657199512,-0.6984502273618394,-0.07210518527031588,21.19
-0.7112727100128162,0.06560670666034975,-0.69607115603054,-0.07260742231008219,21.2
-0.7135368943789604,0.06520337142748174,-0.6937358705405534,-0.07310377992866435,21.21
-0.7157488515262319,0.0647044162271164,-0.6914471928814262,-0.0736050237143086,21.22
-0.7179532489773889,0.06420476192275855,-0.6891511127877402,-0.07410549623795029,21.23
-0.7200531778908534,0.06380471215199507,-0.6869507331850377,-0.0745055024345397,21.24
-0.7220480430648711,0.06330421208588136,-0.6848455677158224,-0.07500499062308218,21.25
-0.7239394050942581,0.06280341848310458,-0.6828371678385957,-0.07550410980054771,21.26
-0.7257729837720093,0.06240627557857707,-0.6808684681713986,-0.07600764333288233,21.27
-0.7275618344701154,0.0619052612421995,-0.6789577036725241,-0.07640649368181004,21.28
-0.7291473159045433,0.061403984633848524,-0.677243947785704,-0.07690499052675817,21.29
-0.7306817751734456,0.060906816463266955,-0.6755756078971564,-0.07740866328829002,21.3
-0.7320728448722775,0.06040601069711143,-0.6740670730108129,-0.07780774225555082,21.31
-0.7333548056525162,0.060004484302674174,-0.6726502690329774,-0.0783058520149898,21.32
-0.7344966881630132,0.05950783353172561,-0.6713883806697042,-0.07881037449243661,21.33
-0.7355332505321525,0.05910267179666922,-0.6702302984454773,-0.07930358499959168,21.34
-0.7363853041325925,0.058606789110647727,-0.6692775302533355,-0.07980924523941448,21.35
-0.7370916777933053,0.0581072272453067,-0.6684831444193288,-0.08030998877449447,21.36
-0.737648490917378,0.057703793283531334,-0.6678439021619103,-0.08080531191177351,21.37
-0.7380623356869518,0.05720483143806727,-0.6673563639619281,-0.08140687550801881,21.38
-0.7383825742485561,0.056806352725610174,-0.6669745886040391,-0.0819091600040048,21.39
-0.7384575982466505,0.05640439943270732,-0.6668520131512277,-0.08250643534039635,21.4
-0.7384477754242965,0.05590361680148724,-0.6668431428127315,-0.08300537020614385,21.41
-0.7382378541164796,0.05550284598139341,-0.667034203055665,-0.08360428691972052,21.42
-0.7378871569994738,0.0551065090141922,-0.6673788287689738,-0.08420994662422837,21.43
-0.7372865256509756,0.05480643191219949,-0.6679783918641978,-0.08490996476908279,21.44
-0.7365509895071841,0.054403766231080536,-0.6687462955647712,-0.08550591935215783,21.45
-0.7355185573673064,0.05410136499465844,-0.6698168996935715,-0.08620217490830974,21.46
-0.7343467096079942,0.05370341591440731,-0.6710426830273242,-0.08690552780189936,21.47
-0.7328776525011417,0.05350566922599765,-0.6725712627006246,-0.08760928269527839,21.48
-0.7312570841560708,0.05320415327831369,-0.6742526342150205,-0.08840690131208515,21.49
-0.729339906924791,0.05300290013302334,-0.6762370013198186,-0.08920488097859777,21.5
-0.7271274495793423,0.05280199331287205,-0.6785256148254487,-0.09000339769239554,21.51
-0.7247591318860107,0.05270430005573722,-0.6809555580256447,-0.09080740882468577,21.52
-0.722034174686251,0.052602489734760116,-0.6837323618185455,-0.09170434046915403,21.53
-0.7190999330705317,0.052607310819902595,-0.686695429827854,-0.09261287037876388,21.54
-0.7158503367862089,0.05260369895914304,-0.6899485154356042,-0.09360658217824692,21.55
-0.7123418904965922,0.05270309929688391,-0.6934407789840475,-0.09450555756272352,21.56
-0.7085606731053132,0.05280452158074882,-0.6971596968549243,-0.09550817823790743,21.57
-0.7043491335875299,0.0530036974018729,-0.7012489173244014,-0.0966067390381306,21.58
-0.6999613543016746,0.053204663593154865,-0.7054618364400648,-0.09770856453103817,21.59
-0.6952400678396976,0.053503083471553255,-0.7099409150739375,-0.09880569433625162,21.6
-0.6902332527879489,0.053802592002306075,-0.7146344283428981,-0.0999048130303044,21.61
-0.6848750732713975,0.054305952801747784,-0.7195788773638587,-0.10101107243050693,21.62
-0.6792697204258175,0.054705614998957916,-0.7246743807723017,-0.10221049091212979,21.63
-0.6732512060677903,0.05530420632137374,-0.7300555264846805,-0.10340786498426845,21.64
-0.6670320016279355,0.05580267719765938,-0.7355352881519439,-0.10460501854615002,21.65
-0.66042884155728,0.05650246751663585,-0.7412323703244336,-0.10590462495595995,21.66
-0.6534478177936646,0.05720418606947906,-0.7471546750438427,-0.10720784522112159,21.67
-0.6461836635841095,0.058007510428537926,-0.7531975190298605,-0.10851404968097181,21.68
-0.6385817468888506,0.0589075409424484,-0.759397212862497,-0.10981405764823148,21.69
-0.6306403307387674,0.05980382457687645,-0.7657489712126136,-0.11110710552660491,21.7
-0.6223301775219797,0.060802948406454074,-0.7722374467017078,-0.11250545552181059,21.71
-0.6136601170897494,0.06180605481770944,-0.7788763024600666,-0.11381114948633227,21.72
-0.6047303007708492,0.0629031518413865,-0.7855393604357567,-0.11520577252985255,21.73
-0.595463607842589,0.0641068479387134,-0.7922846324032566,-0.1166124566248671,21.74
-0.5858799370530903,0.06530891070257219,-0.7991090298829279,-0.11791608838948334,21.75
-0.5759565415492379,0.0666065387518306,-0.8059791228243287,-0.11931171280921009,21.76
-0.5657416344588762,0.06800500467244755,-0.812859820555373,-0.12070888329359439,21.77
-0.5551254225508518,0.06940317839133331,-0.8198375453201016,-0.1220055873738136,21.78
-0.5442432962763967,0.07090564076809357,-0.826765771833328,-0.1234098176415056,21.79
-0.5330613562278959,0.07240833431688491,-0.8336959597590505,-0.1247143548248004,21.8
-0.5215640259140126,0.07400908517284167,-0.8406031903753166,-0.12601546934835206,21.81
-0.5098246123772581,0.0756036498542972,-0.8474409111975059,-0.12730614585254013,21.82
-0.49773721471408916,0.07730577998271869,-0.85426387142611,-0.12850960838006922,21.83
-0.4854323260149198,0.07910526779517955,-0.860957333057776,-0.12980864424544003,21.84
-0.4729244815694491,0.08090418811369937,-0.8675449096246503,-0.13100678174158983,21.85
-0.4601327373081851,0.08270588431946731,-0.8740621873665589,-0.13210939925757717,21.86
-0.4470359408992609,0.08460680223730979,-0.8804707882946518,-0.1333107179460212,21.87
-0.43372641691190755,0.08650526876384598,-0.8867540093977136,-0.1344081863798948,21.88
-0.42023671138145413,0.08850773193064895,-0.8928780007647841,-0.13541182941706068,21.89
-0.40652461581075355,0.0905054802727508,-0.8988544272834079,-0.1364082597702012,21.9
-0.39241699791040474,0.0926040112296215,-0.9047391896267665,-0.1374059518677105,21.91
-0.3781273963223312,0.09470686176071084,-0.9104659656489034,-0.13821001367824962,21.92
-0.36363694375376926,0.09680983541079445,-0.9159930604622587,-0.13911413332274286,21.93
-0.34892269118043523,0.09900643859805987,-0.9213599179837632,-0.13980909208089665,21.94
-0.3340100304718248,0.10120303917290022,-0.9265278240483404,-0.14050421940506405,21.95
-0.3189267638623814,0.10340867790332467,-0.9314781682703732,-0.14121185028964645,21.96
-0.303738402555218,0.10561335301228522,-0.9362183688901534,-0.14171791782046228,21.97
-0.2884337242004126,0.1079126173412778,-0.9407099895385163,-0.14221662822919096,21.98
-0.2729278782773036,0.11011124733723388,-0.9449965268751344,-0.14271457761147388,21.99
-0.2572174643726355,0.11240763217528861,-0.9490644389176948,-0.14310971676409076,22.0
-0.2414250153418265,0.11471188591428128,-0.9528987349531578,-0.1433148496208937,22.01
-0.22542336747029548,0.1169121191538489,-0.9564991510585209,-0.14361488717273485,22.02
-0.20931246911518886,0.11920710137854998,-0.9598571803954049,-0.14370856097397341,22.03
-0.1930156976399418,0.12150988219302036,-0.9629783173963729,-0.14371168782828828,22.04
-0.17670276895408446,0.12380193999159964,-0.9658151344417361,-0.14370225183192947,22.05
-0.16011928993221253,0.12611519338196125,-0.9684166673414203,-0.14361730190047295,22.06
-0.14350895595585336,0.12830800731105216,-0.9707605822045077,-0.14340894971476914,22.07
-0.12680304013933144,0.13060313124760792,-0.9728233237187826,-0.14310343094588587,22.08
-0.10990280970124548,0.13290339771879459,-0.9746249166044936,-0.14270364826540247,22.09
-0.09280536662549216,0.13510781283517231,-0.976156447878695,-0.1423082292112881,22.1
-0.07560165191414168,0.13730300010332874,-0.9774213568899746,-0.14170309624647984,22.11
-0.058205838920567875,0.1395139953508457,-0.9783981480410919,-0.14101414583848917,22.12
-0.040602997829998766,0.14171046286972477,-0.9790722875755861,-0.14031035949627652,22.13
-0.02290127861407853,0.14390803460986468,-0.9794546844815946,-0.13940778335382303,22.14
-0.005000068226396427,0.1461019935753036,-0.97951336555106,-0.13850188987118103,22.15
0.013001016459201724,0.14821158763489967,-0.9792765628346406,-0.13741074319187052,22.16
0.031203089258762494,0.1504148918114705,-0.9786968957892621,-0.13621348580267473,22.17
0.04970376197159262,0.15251154327299546,-0.9777740056262797,-0.13501021863511073,22.18
0.06830217375127,0.15450491719723594,-0.9765310785961223,-0.133604252022982,22.19
0.08720816088550015,0.15661465590217116,-0.9748912297154306,-0.13211236299282764,22.2
0.10630936945761364,0.15861397926601623,-0.9728857441991209,-0.13051150248559343,22.21
0.12561046881272445,0.16061338607741676,-0.9704808832473552,-0.12881073553406774,22.22
0.14511116383126682,0.16261251026164014,-0.967674446058813,-0.12690976354367856,22.23
0.1649045662706609,0.16450455519420087,-0.9644267053452116,-0.12500346139376964,22.24
0.18490458014317593,0.16640412188114911,-0.9607237974231969,-0.12300304682320518,22.25
0.20511619045989474,0.1682132775980219,-0.9565755054845895,-0.12080953587301455,22.26
0.2256243055593628,0.17001831535944892,-0.9519025444654322,-0.11861277765665083,22.27
0.24630957423922967,0.1718066782553782,-0.9467368003746598,-0.11620451695736292,22.28
0.26721549226725927,0.17351005953731097,-0.941054559219652,-0.11360658653278688,22.29
0.28842095598586337,0.17521273054342323,-0.9347679180304663,-0.11100806558401814,22.3
0.30980930526222744,0.17680531042724923,-0.9279278707321525,-0.10820324993341836,22.31
0.3314263328682612,0.1783141676234489,-0.920473134495919,-0.10530836708216022,22.32
0.3533166928414893,0.1798084952530421,-0.9123431046682442,-0.10230483350604119,22.33
0.37532761762219435,0.18131334152652234,-0.9035664868682457,-0.09910729258289225,22.34
0.3975116353358519,0.18260534493667058,-0.8941261714560633,-0.09580280418911852,22.35
0.41982766335613786,0.18391211836873214,-0.8839582459277995,-0.0924060888377969,22.36
0.44223647274592304,0.1851152670856408,-0.8730720052175279,-0.08890733249007815,22.37
0.4648363841677389,0.18631458341318796,-0.8613674218667675,-0.0852066693870296,22.38
0.4874624625672495,0.18732400336242477,-0.8489087776509672,-0.08151044460244324,22.39
0.5101234611174775,0.18830866051445017,-0.8356384318952446,-0.07760356907021419,22.4
0.5327412517522466,0.18921465145771552,-0.8215636161337911,-0.07360569950997813,22.41
0.5553405663333059,0.18991387276552277,-0.8066589245532947,-0.06950507718380111,22.42
0.5778511420892125,0.19061687033957062,-0.7908699950919855,-0.06540578866845707,22.43
0.6002251109427854,0.19120799935398294,-0.7742323906896109,-0.061102556278914005,22.44
0.6223537394537999,0.1917165544806258,-0.7567653457250367,-0.05680490503129653,22.45
0.6441970684855141,0.1920289351796595,-0.7385112798784406,-0.052307881822376,22.46
0.6657622150571649,0.1923179719926285,-0.7193672244113245,-0.04780446729717963,22.47
0.6869264093934734,0.19250740108930503,-0.699426889983688,-0.043301664764503416,22.48
0.7076749573628738,0.1926204024704487,-0.6786718853398053,-0.03870409956181913,22.49
0.7279590107492139,0.1925156059475528,-0.6571532710033088,-0.03410276448213792,22.5
0.7477342283177199,0.19240880771476435,-0.6348290599653451,-0.029401345877412013,22.51
0.76695237313101,0.19221312572145013,-0.6117417742133769,-0.02470168681227793,22.52
0.7855245480256946,0.19180599403097165,-0.588018375861373,-0.019900621904151906,22.53
0.803460739910537,0.19141447052386953,-0.5635426026133777,-0.015201149174309389,22.54
0.820693679323142,0.19082178164130575,-0.5384614634993659,-0.010401187259274526,22.55
0.8371811142218175,0.19021843020545895,-0.51274968015951,-0.005700552324769274,22.56
0.8529279637016924,0.18950621306304458,-0.48641594740825794,-0.0009000295079511351,22.57
0.8678697708554314,0.1887151714224705,-0.45953694365991093,0.003800305518841483,22.58
0.8819504754701081,0.1878107487167324,-0.432224736929562,0.008500486496763713,22.59
0.8951663029476826,0.1869138442865846,-0.40442995521399044,0.013300985173951714,22.6
0.9075497940854662,0.18591020024296218,-0.3761206364248417,0.018000987651281976,22.61
0.9189920002992655,0.1848185021822878,-0.34753479171182367,0.022702272724772366,22.62
0.9295323204006803,0.18360638410496494,-0.31861107829979207,0.02730094927050949,22.63
0.9391513401112992,0.18240997171366305,-0.28931581588137456,0.03190174395650138,22.64
0.9478133699983335,0.1811216643523248,-0.25983107895490876,0.036504366365874404,22.65
0.9555182909313048,0.17982226157572598,-0.23012848936915767,0.04110508871391734,22.66
0.9622847184644492,0.17841570751824748,-0.20021762693471495,0.045704023730851515,22.67
0.9680769264489849,0.17701406609656026,-0.17021352570415005,0.050203989367499015,22.68
0.9729273250476413,0.1755049291251527,-0.1401039348742672,0.05460153350560306,22.69
0.9768084806054914,0.1740193259192746,-0.10991220642832344,0.059006553041593114,22.7
0.979737201327815,0.1725065501980689,-0.07960302258415237,0.06340240743511634,22.71
0.9817103570989013,0.1709018030235329,-0.049400521178247656,0.06780071530131966,22.72
0.9827534878141511,0.16920920946184426,-0.01910103960237131,0.07210392436287809,22.73
0.982821297968293,0.16760363201005893,0.010900236210678057,0.07650165780888728,22.74
0.9819646792337167,0.16591092808317914,0.04110270731897928,0.08080532241784734,22.75
0.9801872209395515,0.16411460356716703,0.07110632732252027,0.08510757320881118,22.76
0.9774744130721505,0.16231235649847559,0.10110769711642564,0.08930679873884084,22.77
0.9738407609580927,0.16050671814928513,0.13080547497773518,0.09360391787397564,22.78
0.9692835122186478,0.15861366594911014,0.16051382966476782,0.09780842704806414,22.79
0.9638330889579257,0.15670537978803378,0.1899065196027289,0.1020035018403283,22.8
0.9574603554158153,0.15470975243662693,0.21921381857859487,0.1062066949500309,22.81
0.9501865564358182,0.15261390223356053,0.24832262073783143,0.11041005771025611,22.82
0.942010052042795,0.15051758449139044,0.27713237649544376,0.11471340160240852,22.83
0.9329536463770444,0.1483085279855458,0.3057175792662262,0.1189068373397262,22.84
0.922975304012142,0.1460119128678868,0.33412726088466427,0.12311004434271826,22.85
0.9121098748128544,0.14361730046395385,0.36224363668554377,0.1273153366926276,22.86
0.9003586242586004,0.14120919442998375,0.39002539538026676,0.13150856280129508,22.87
0.8876922404546157,0.13871441387004868,0.4175433870998221,0.13571410210645712,22.88
0.87418078240772,0.13611257806394084,0.4446410889583255,0.13991292925161883,22.89
0.8597706115610808,0.1333109486112505,0.47143871849469987,0.14411183567052663,22.9
0.8445805979492724,0.13051245474526946,0.49764749027774774,0.14831415355343647,22.91
0.8285549640166175,0.1276084651883167,0.5234347231940828,0.15241011046002717,22.92
0.8116649763821432,0.12470998343377682,0.5487439287098103,0.15661253733544064,22.93
0.7940656679757321,0.12161005695950759,0.5734474231955727,0.16071329073513874,22.94
0.775691963733774,0.1185140506736104,0.5975708462234786,0.1648195405148607,22.95
0.7566015805812474,0.11521546871508222,0.6210833860422401,0.16892267939216482,22.96
0.7368377749568246,0.11190573699466431,0.6439330120720675,0.17290886440015604,22.97
0.7164787811732231,0.10851193154284576,0.666073238779127,0.17671943136977739,22.98
0.69545471357456,0.10500826132489043,0.687554092008211,0.18051420161088305,22.99
0.674029152391275,0.10150439015981368,0.7081306273119612,0.18420796716687368,23.0
0.6520313960675992,0.09790471422548766,0.7280350557319205,0.18770903840780423,23.01
0.6296515579804376,0.09420771404345175,0.7470611718732321,0.19121565737906554,23.02
0.6068325453021303,0.09040484854204445,0.7653410463410024,0.1945104318741996,23.03
0.5837263178943268,0.08660390462506201,0.7827352904161206,0.1977089139073298,23.04
0.560357983240444,0.08280856864591962,0.7992827060606155,0.20072076965260952,23.05
0.5367529103421872,0.0790077881815405,0.8149803365713589,0.20362007181976766,23.06
0.5129425375237093,0.07510622844225107,0.8298688197254318,0.20631710955574425,23.07
0.48904203741506663,0.07120612078517943,0.8438725381816631,0.2089179583149436,23.08
0.4651430579600823,0.06730623048960124,0.856979329963437,0.21141957095842057,23.09
0.44115181632391953,0.06340744764211403,0.8693021055287936,0.21372510348769352,23.1
0.41724209767895937,0.05950600386360998,0.8807888672719547,0.2158217753574291,23.11
0.3934288590652575,0.055704086044572554,0.8914653913847751,0.21771597005212648,23.12
0.3697529912496386,0.05190743912863469,0.9013291742336336,0.21953146221069972,23.13
0.34624439483997616,0.04810616808724105,0.9104167320127968,0.22122836550722913,23.14
0.32301528867542806,0.044402101601204357,0.9187434851582531,0.22271054113937408,23.15
0.299929366022191,0.040703985318783505,0.9263907027220925,0.22402193394121636,23.16
0.2771104264759479,0.03710139596628534,0.9333351173944504,0.2252084736282334,23.17
0.2547227948892466,0.03350299814994017,0.9395840824438445,0.22622024422437215,23.18
0.2326075831308171,0.0300009780478268,0.945230815026863,0.22700740056188942,23.19
0.21080874031156374,0.02660110290459011,0.9502393977421625,0.22780944517539953,23.2
0.18951173019157155,0.023201436097332242,0.954659090453162,0.22841413813063294,23.21
0.1686086287673714,0.02000102357857312,0.9585490550031168,0.22881170973887652,23.22
0.14821520024821816,0.016901733361638912,0.9618986477647518,0.22912349781961389,23.23
0.12840926313630655,0.013800995570724537,0.9647695961650696,0.22921653513116405,23.24
0.1090100915312812,0.01090100915312812,0.9671895368798353,0.22922121999054726,23.25
0.09030626205332369,0.008100561712424384,0.9691672043840087,0.2291158874464724,23.26
0.07210593095674182,0.00540044420480452,0.9707798499266198,0.2288188211220878,23.27
0.054501928857394,0.002900102636448488,0.9720344009061829,0.2284080835051154,23.28
0.03740239700942098,0.0005000320455804944,0.972962354290526,0.22791460637558936,23.29
0.021102424913460028,-0.0017001953721745046,0.9736118793011059,0.2272261109164985,23.3
0.005300461186689195,-0.0038003306621545167,0.9739847452295484,0.22651970920473632,23.31
-0.009700514625951723,-0.005800307714486597,0.9741516801174818,0.22561196903244418,23.32
-0.024200491637981488,-0.00760015439870493,0.9741197894445358,0.22460456288804306,23.33
-0.038100541793556486,-0.009300132248820875,0.9739138491534032,0.22350317823779198,23.34
-0.05130333379894891,-0.010900708351043726,0.9735632641964281,0.22231444646211193,23.35
-0.06390624714100197,-0.012301202501319629,0.9730951246978861,0.22102160591801934,23.36
-0.0758032694655196,-0.013700590919229795,0.9725419466387574,0.21960947196079292,23.37
-0.08710162576701756,-0.014800276249734326,0.9719181410214048,0.2181040709504768,23.38
-0.09780409954475042,-0.01580066229864066,0.9712407104075829,0.2165090751680825,23.39
-0.10780490415663767,-0.0167007597348409,0.9705441510576702,0.21480977191879191,23.4
-0.11720450484171706,-0.017500672651280278,0.9698372764120922,0.2130081871270114,23.41
-0.1260020481799399,-0.01820029584821354,0.9691157531046012,0.21120343313970877,23.42
-0.134204946885515,-0.018800693006316555,0.9684356971977102,0.2092077115383736,23.43
-0.1418105645715263,-0.019201430463845592,0.9677720968678843,0.20721543708900036,23.44
-0.1489043994454734,-0.01950057615303379,0.967128574235845,0.20520606290269403,23.45
-0.1554067556785072,-0.0198008607621264,0.9665420164947054,0.2031088293327208,23.46
-0.16141827519746121,-0.020002264584567685,0.9660093681116964,0.2009227477519824,23.47
-0.1669060462810418,-0.020000724539369897,0.9655349771380818,0.19870719829863992,23.48
-0.17190510737661138,-0.020000594226481837,0.965128674398881,0.19640583530405162,23.49
-0.17651119557763054,-0.02000126862069468,0.9647611919192078,0.19411231196384185,23.5
-0.180518728887093,-0.01990206484683186,0.9645000672504846,0.1917198910119431,23.51
-0.18411868623310665,-0.019701999558893,0.9642978667352604,0.18931921403545404,23.52
-0.18721491975145615,-0.019401546170823982,0.9641768383139898,0.18691489584159807,23.53
-0.1899073286652225,-0.019200740970891375,0.9641372067727279,0.18440711640793592,23.54
-0.192212426935115,-0.018801215537878054,0.9641623351100124,0.18191176097553288,23.55
-0.1941113500224634,-0.018501081789879307,0.9642563817190068,0.17941049043807283,23.56
-0.195605091666805,-0.018100471161396577,0.9644251043122022,0.1769046048867986,23.57
-0.19681208660136867,-0.017701087057135294,0.9646592415430906,0.17431070474907806,23.58
-0.19761437696890574,-0.01720125143656467,0.9649702041361192,0.17171249253826476,23.59
-0.19810410277845325,-0.016800347938808757,0.965319991984053,0.16920350424085961,23.6
-0.19821477349762368,-0.01640122242866311,0.9657719816682905,0.1665124106324639,23.61
-0.19801361786476693,-0.01590109355580704,0.9662664524289789,0.16391127256583485,23.62
-0.1975224121643984,-0.015501758929357849,0.966809700452273,0.16131830421325297,23.63
-0.19672253880881194,-0.015001718770372032,0.9674108377720578,0.1587181845905361,23.64
-0.1957095058415537,-0.014600709173667266,0.9680470191856105,0.1561075823294151,23.65
-0.19440930756840508,-0.014200679873823828,0.968746379843179,0.15340734455243488,23.66
-0.1929117824469304,-0.013800842912222082,0.9694592115295715,0.15080921095384708,23.67
-0.19121658015240434,-0.013501170669756583,0.9701841234615453,0.14831286002406677,23.68
-0.18931097751530604,-0.013200765468579186,0.9709563025336009,0.145708449149393,23.69
-0.18730423031381302,-0.012900291356370464,0.9717219465879984,0.1432032342815698,23.7
-0.18500847635752093,-0.0126005773086744,0.9725445581496709,0.1406064420317159,23.71
-0.18270500801290537,-0.012400339897974968,0.9733266792499223,0.13820378821775328,23.72
-0.18030498730492422,-0.012300340232116295,0.9741269447239417,0.13570375361773832,23.73
-0.1778184691853642,-0.01220126728943444,0.9749012585033353,0.13341385708283232,23.74
-0.17531443861516272,-0.012201004855133972,0.9756803554646477,0.13101078983791395,23.75
-0.1730145840139557,-0.012301036898102052,0.9763823027330922,0.128810857924841,23.76
-0.17071269296059996,-0.012500929478661391,0.9770726480521744,0.12660941375988258,23.77
-0.16861776819040067,-0.012701338410546196,0.9777030259960598,0.124513120638819,23.78
-0.16661615838547714,-0.013001260858410581,0.9782948747459408,0.12251188116579201,23.79
-0.16490263351608603,-0.013500215600164716,0.9788156318104609,0.12060192602813813,23.8
-0.16351027449090658,-0.014000879772921665,0.9792615338317782,0.11880746550164956,23.81
-0.16240876381334943,-0.014600787879771562,0.9796528634948097,0.11700631383104608,23.82
-0.16180529921032513,-0.015300501099616653,0.979932093301592,0.1154037795356707,23.83
-0.16160460660496787,-0.016100458950123655,0.9801279389451052,0.11390324685832821,23.84
-0.16170936486048645,-0.01700098455552424,0.9802567683132271,0.11250651544096923,23.85
-0.1622029083242196,-0.018000322748680353,0.9803175772517416,0.11110199207657706,23.86
-0.16321099344670786,-0.019001279874310353,0.980266028042053,0.1099074030624583,23.87
-0.16460571027113569,-0.020100697305284493,0.9801340014382751,0.10880377446840561,23.88
-0.16651804570583734,-0.021302308549755768,0.9799061932887654,0.10771167280792002,23.89
-0.168814291578806,-0.022601913445977583,0.9795829301033205,0.10680904230223034,23.9
-0.17161120743586436,-0.023901560942407682,0.9791639463895967,0.10590691647702818,23.91
-0.1748069810561855,-0.02530101041602685,0.978639082732169,0.10520420141367687,23.92
-0.1785192989793859,-0.026702886738093016,0.9780057281341259,0.10451129828204944,23.93
-0.18261341801385095,-0.028202072223387716,0.9772718076842013,0.10390763489397105,23.94
-0.18700938717178955,-0.02970149090375481,0.9764490140884241,0.10340519055381305,23.95
-0.19220567399524574,-0.03140092696904639,0.9754287950830526,0.10300304069464263,23.96
-0.19772038305633519,-0.03310341264119725,0.974300440938198,0.10271058846679629,23.97
-0.20361025712506053,-0.03480175318247596,0.9730490185789975,0.102505163827695,23.98
-0.21001007022430668,-0.036501750300891395,0.9716465915711255,0.10230490563784082,23.99
-0.21660852371311548,-0.038301507193962706,0.9701381756883348,0.10220402180738875,24.0
-0.22362152125269646,-0.040103859580649055,0.9684932074289412,0.10200981738718712,24.01
-0.23090192688461983,-0.04190034965987687,0.9667080672124815,0.10200085120065493,24.02
-0.2385212722756346,-0.04370389768740139,0.9647860434562042,0.10190908865780783,24.03
-0.24642776288352958,-0.04560513793623761,0.9627084600311914,0.10191148148470643,24.04
-0.25462174817230676,-0.04750405749483335,0.9604820382744831,0.10190870439417933,24.05
-0.2632154512004915,-0.04940290003535061,0.9580562395519411,0.10200598792724215,24.06
-0.27221120308259905,-0.05130211138184178,0.9554393219144568,0.10200419806915909,24.07
-0.28150793019009174,-0.053201498707328175,0.9526268358759552,0.10210287627853772,24.08
-0.2912263367885075,-0.055204992413206096,0.949585874933681,0.10210923415558591,24.09
-0.3012117761045847,-0.057202236365146895,0.9463369977681557,0.10220399574332191,24.1
-0.31161495008585416,-0.05910283552655321,0.942845234085184,0.10220490339786359,24.11
-0.32242236721544754,-0.06110423894808884,0.939065145208763,0.10230709728951701,24.12
-0.3335176518888517,-0.06310333983264331,0.9350494888038271,0.1023054146573599,24.13
-0.3450440545868532,-0.06510831290899752,0.9307188324594945,0.1023130631427104,24.14
-0.3569318915045834,-0.0671059958530612,0.9260827445593842,0.10230914121860152,24.15
-0.369115881552463,-0.06920297752216321,0.9211396328853256,0.10230440174157943,24.16
-0.38183971148580137,-0.07120740559923797,0.9157952430789636,0.1022106299472208,24.17
-0.3947290629971842,-0.0732053899452594,0.9101670135133958,0.102107517942773,24.18
-0.40813352954673493,-0.07530618665736129,0.9040742727523852,0.10200838033268063,24.19
-0.42185062089318365,-0.07730927689673565,0.8976077104116461,0.10181221718095329,24.2
-0.43602370289275144,-0.07940431653597353,0.890648416963955,0.10160552342638428,24.21
-0.4504436185674811,-0.081507892791407,0.8832855326793946,0.1013098103039206,24.22
-0.46522576026353846,-0.08350462377903152,0.875448474924122,0.10090558729705724,24.23
-0.48034690816598546,-0.08560836006456038,0.8670846749529656,0.100509815262714,24.24
-0.4957205678730504,-0.08770363889946847,0.8582356089341373,0.10000414925823087,24.25
-0.5113471534951359,-0.089708272381212,0.8488782786752814,0.09940916694194507,24.26
-0.5273528275787404,-0.09180919698791648,0.8388840352229232,0.09870988826478602,24.27
-0.5435340371671444,-0.09390588057036774,0.8283518730184835,0.09790613107389778,24.28
-0.5600397026218281,-0.09590679907398807,0.8171579303790997,0.09700687706128094,24.29
-0.5767722308254409,-0.09791226183077972,0.8053008501138287,0.09611203638343137,24.3
-0.5937362249521602,-0.10000610155838979,0.7927483670533559,0.0950057964804703,24.31
-0.6109410535634376,-0.10200685458089807,0.7794523770622741,0.09380630352635529,24.32
-0.6282611422082258,-0.10391011250467154,0.7654744957755111,0.09240899321878393,24.33
-0.6457566159643912,-0.10590928547410411,0.7506658137569645,0.09100797901929626,24.34
-0.663420645971759,-0.1078033548926072,0.7350228742677763,0.08940278225787647,24.35
-0.681153503303208,-0.10960860954636852,0.718556441232352,0.08770688920817991,24.36
-0.6990223341203684,-0.1115035625957383,0.701122401218584,0.08580274144138428,24.37
-0.7169496218005467,-0.11320783538543992,0.6827472545727901,0.08380580040017549,24.38
-0.7347879777575208,-0.114913758873471,0.6634794398316854,0.08170978328949156,24.39
-0.7526523186810705,-0.11650809875942693,0.6431447065423817,0.079405519669515,24.4
-0.7703576518721476,-0.11800883152137272,0.6218465376270301,0.0770057629419127,24.41
-0.7879404736019165,-0.1195061385904671,0.5994307905533555,0.07450382698736234,24.42
-0.8051704152318526,-0.12081056534592945,0.5761503865545526,0.07180627973375608,24.43
-0.8220771802286899,-0.12201145497311457,0.5518518102800378,0.06900647863233529,24.44
-0.838575244539626,-0.12311104663426113,0.5265472465713931,0.06620594059454173,24.45
-0.8545575179294315,-0.12410835339384722,0.5003336760913921,0.06320425410548867,24.46
-0.8699984589469754,-0.12491413670821613,0.4731535474512174,0.060206813689628595,24.47
-0.8847579535439979,-0.12570823415901497,0.4451291569146982,0.057103740417500035,24.48
-0.8988307540203823,-0.12630432157629537,0.41621424101388865,0.054001847704829374,24.49
-0.9121454168509857,-0.12680631384355331,0.38641924029297325,0.050902534500290725,24.5
-0.9246423033530897,-0.1271058152240728,0.3558162789671526,0.04770218242477004,24.51
-0.9362508678915163,-0.1273069167726875,0.3244176260884511,0.044502417882047084,24.52
-0.9468641758943555,-0.12740863541290756,0.292419819424915,0.04130279939209641,24.53
-0.9564825384395167,-0.12741099476912843,0.2597224124139926,0.03810328807459806,24.54
-0.9650300515037131,-0.1274039674213192,0.22640705042532708,0.035001089950911876,24.55
-0.9724710075630205,-0.1272092885253149,0.19261406422936833,0.0319023294336285,24.56
-0.9787600487710447,-0.1269077860315169,0.15840971873437568,0.028801767042613762,24.57
-0.9838701868832612,-0.12660903197745565,0.12370882508381725,0.025801840639955418,24.58
-0.9877767532357055,-0.1261097991121013,0.08870689279336547,0.02290177953740777,24.59
-0.9904347797279459,-0.1256044106763227,0.05350187875145911,0.02000070233699406,24.6
-0.991831198541033,-0.12510393520617386,0.018000566216715662,0.0172005410515283,24.61
-0.9919597822577209,-0.12450750367081989,-0.01750105473284617,0.014400867894456278,24.62
-0.9908130681306747,-0.12381412923647676,-0.053106060278327274,0.011801346728517171,24.63
-0.9883567283624332,-0.12320707167282381,-0.08880509711482755,0.009200528079464115,24.64
-0.9846180679073206,-0.12260224977192516,-0.12430228096778383,0.006700122948384165,24.65
-0.9795967693485504,-0.12191204306645054,-0.15971577750379123,0.004300424816946163,24.66
-0.9732866555685895,-0.12131080078141175,-0.19491735426460965,0.0020001780837825517,24.67
-0.9657343324657897,-0.12060428755863543,-0.22980816982565855,-0.00010000355518958162,24.68
-0.9569395272035235,-0.12000495690711968,-0.26431091758793107,-0.0023000950073864606,24.69
-0.9468799058324228,-0.119510085284088,-0.29852519211129935,-0.004300362901435803,24.7
-0.9356867094265797,-0.11891101940019273,-0.33213077832467625,-0.006300583870657815,24.71
-0.9233130758433256,-0.1184145019279135,-0.3652447306087332,-0.00820100435649401,24.72
-0.9097805509870303,-0.11801044851760972,-0.3978352239008911,-0.010000885467594044,24.73
-0.8951838155085241,-0.11761101184650032,-0.4297402363132754,-0.011701095566361001,24.74
-0.8795190637823135,-0.11720254039259481,-0.46100999249988234,-0.013400290454443435,24.75
-0.8628387897897122,-0.11700526008970366,-0.49152209687255854,-0.015000674370474828,24.76
-0.8451582376348654,-0.11680804893592744,-0.521335923889546,-0.016501137050023998,24.77
-0.8266067011466203,-0.1166150530595232,-0.5502710308177501,-0.018002323799926393,24.78
-0.8071032472157239,-0.11651490495741243,-0.5784740002349129,-0.01940248202724293,24.79
-0.786741139769826,-0.1165060922628508,-0.6058316797668242,-0.020801087717315852,24.8
-0.7655451914665178,-0.11660688350750617,-0.632337327974238,-0.02220131058204663,24.81
-0.7435672401079175,-0.11681056307277037,-0.6579594986778735,-0.023502125275771436,24.82
-0.7207750293779152,-0.11701218043182471,-0.6827710733402285,-0.02480258183512182,24.83
-0.6972655809119722,-0.11731103362159256,-0.7066664651067119,-0.026102455051351798,24.84
-0.673050746574129,-0.117708874995208,-0.7296550144137958,-0.027402066056658448,24.85
-0.6481460848250048,-0.11810839780563659,-0.7517534515706776,-0.028702040787652584,24.86
-0.6225477450174183,-0.118609096480427,-0.7729592805204218,-0.030002300964694858,24.87
-0.5963668266470985,-0.11921335860528952,-0.7931888817940865,-0.03140351896146049,24.88
-0.5695706624718213,-0.11981486455509077,-0.8125008010396974,-0.03280406976132702,24.89
-0.5422272828521223,-0.12050606341512494,-0.8308418048571435,-0.034201720902881934,24.9
-0.5142429256485807,-0.12131012617886587,-0.8482708081196539,-0.03570298025214766,24.91
-0.4858402049405071,-0.12211010502930407,-0.8646715545318289,-0.03730308695817397,24.92
-0.45703048037913857,-0.1229081970209981,-0.8800586930714266,-0.038902594500543744,24.93
-0.42773837199181647,-0.12371109800184171,-0.894480242949452,-0.04050363354142756,24.94
-0.3980376481812317,-0.12461178634015445,-0.9078858719068396,-0.042203991842331604,24.95
-0.3680223966844461,-0.12550763799972278,-0.9202560038832264,-0.044002677864444645,24.96
-0.3378209979167085,-0.12640785712454694,-0.9315579027809768,-0.045802846964432355,24.97
-0.3074254036106939,-0.12751053663098072,-0.94177782231682,-0.047803950203614734,24.98
-0.27691351093980615,-0.12860627485322887,-0.950946397806651,-0.04980242991983513,24.99
-0.2463203887824042,-0.12961072832399345,-0.9590793862863404,-0.05190429629641404,25.0
-0.21571356988893423,-0.13070822245935884,-0.9661607782554444,-0.054003397190553776,25.01
-0.18510572170628828,-0.13170407103575454,-0.9722300520953726,-0.05620173722254674,25.02
-0.15461230376362747,-0.13271056086308775,-0.9772777699729415,-0.0584046477347726,25.03
-0.12430321763043309,-0.13370346095888097,-0.981325401936798,-0.06060156869190865,25.04
-0.09420844946370222,-0.13471208219491176,-0.9843882888229522,-0.06290564194550817,25.05
-0.06440144969294906,-0.13560305245906668,-0.9865222068648176,-0.06510146545048112,25.06
-0.03490097183109114,-0.13650380100125906,-0.9877275036552643,-0.06740187683139091,25.07
-0.005800368074034577,-0.13730871320085303,-0.9880626995079591,-0.06960441688841493,25.08
0.022801106564553017,-0.13810670248091103,-0.9875479268638643,-0.07180348470767135,25.09
0.05100062578151753,-0.13890170433436835,-0.9862121008967175,-0.0741009092237343,25.1
0.07890824397489458,-0.13961458629778561,-0.9841028145918412,-0.07630797231032264,25.11
0.1062049763507531,-0.14040657890438546,-0.9812459773574289,-0.07850367837602748,25.12
0.13301542270221398,-0.14101635038355015,-0.977713362659281,-0.080609346389462,25.13
0.15921696308279118,-0.14171509842230848,-0.9735037177436491,-0.08280882250788386,25.14
0.18491560106280328,-0.14231200665893404,-0.968681726281402,-0.08490716349503515,25.15
0.2099208188799637,-0.14291417350141405,-0.9632955347555074,-0.08700862907363907,25.16
0.23432292493317416,-0.14341403088099522,-0.9573936664043007,-0.089008708147898,25.17
0.2580329232308996,-0.14391836299583896,-0.9510213437994669,-0.09091159969646812,25.18
0.28112738032892026,-0.14441406517074382,-0.9441919593330973,-0.09280903911250019,25.19
0.3035215568664802,-0.1449102918944085,-0.9369665457272003,-0.09470672631056234,25.2
0.3252361243563389,-0.14531614043350566,-0.9294032299026621,-0.0965107195583847,25.21
0.3462193161144841,-0.1457081292833054,-0.9215514147876865,-0.09820547903651744,25.22
0.3665431886628823,-0.14611721654473972,-0.9134076240267678,-0.09991177229855919,25.23
0.3861265065638459,-0.1465100575281104,-0.9050621301224566,-0.1015069681850048,25.24
0.4050209624023778,-0.1468075982238742,-0.8965464019598313,-0.10300533117887632,25.25
0.42311739259789144,-0.14710604691834042,-0.8879364993799759,-0.10440429162661277,25.26
0.4404408351628296,-0.14731365808239058,-0.8792815219690278,-0.1057098008099707,25.27
0.4570382511319228,-0.14761235419490548,-0.8705728612917698,-0.10690894758425065,25.28
0.47293724763971456,-0.14781164136424152,-0.8618678790778304,-0.1080085065449126,25.29
0.4880241455919195,-0.148007322843451,-0.8532422152029215,-0.10910539812311151,25.3
0.5024456844385381,-0.14821347618190955,-0.8446768015063482,-0.11001000256417037,25.31
0.5160629712653928,-0.14831809813693364,-0.8363020476203904,-0.11081352173683241,25.32
0.5290239388748634,-0.14850672008112895,-0.8280374695432644,-0.11150504571748066,25.33
0.5413297550077485,-0.1486081684724763,-0.8199450695194032,-0.11210616208455311,25.34
0.5529524362010121,-0.1487141024834337,-0.81207700885372,-0.11251066933010283,25.35
0.5639196191048289,-0.14880517702216448,-0.8044279865364858,-0.11290392799598366,25.36
0.5742286863105548,-0.1489074388569168,-0.797039817118621,-0.11320565532977152,25.37
0.5839697476721954,-0.14901779825853248,-0.7898943427153622,-0.11331353384356867,25.38
0.593168894636367,-0.149117319491287,-0.7829909418492863,-0.11331316095481433,25.39
0.6017655629208232,-0.14921625725076754,-0.7763845878268822,-0.1133123454860051,25.4
0.6099121648194421,-0.14930297787759095,-0.7700153581094777,-0.11310225584698952,25.41
0.6175328350937861,-0.1494079442315978,-0.763940619802661,-0.11280599805437906,25.42
0.6246477030433338,-0.14951141787540573,-0.7581578989387631,-0.11250859204670999,25.43
0.6314485065801211,-0.14961149284825168,-0.7525578099485921,-0.11200860427141837,25.44
0.6377601212916338,-0.14971411346614016,-0.7472704447688707,-0.11151051203389867,25.45
0.6437640738080773,-0.14981491107107345,-0.7421738685303312,-0.11091103897050765,25.46
0.6493597990505201,-0.14991380544844135,-0.7373679036500054,-0.11021014916890085,25.47
0.6545568343645727,-0.14991301676279517,-0.7328636336476071,-0.10950950857589106,25.48
0.6594440820130425,-0.1501100344406395,-0.7285487014657287,-0.10870726678013,25.49
0.6639616483812487,-0.15011393797563705,-0.7245672755719457,-0.10781001008510109,25.5
0.6682447705581556,-0.15021006366033368,-0.720748288149151,-0.10680715578511077,25.51
0.6721410085739378,-0.15030917064225985,-0.7172437603767716,-0.1058064554487764,25.52
0.675822985130593,-0.1503051119637883,-0.713924280977701,-0.10480356442984042,25.53
0.679226106557118,-0.1504057809572888,-0.7108273211731441,-0.10370398593930084,25.54
0.682364076995386,-0.1505141339407967,-0.70796648117402,-0.10250962610585823,25.55
0.6853496656630986,-0.1505109071680962,-0.7052511078733651,-0.1013073415025126,25.56
0.6880682769623404,-0.150514935585512,-0.7027697357869719,-0.10010993390106146,25.57
0.6905649230602688,-0.15061415990278998,-0.7004658538905318,-0.09890929890030498,25.58
0.6929693801026574,-0.15061507958357656,-0.6982699107918536,-0.09760977269161403,25.59
0.695154700399736,-0.15071185922923352,-0.6962547869634531,-0.0963075782599548,25.6
0.6970436572114196,-0.15070943922777752,-0.6945435006217086,-0.09500595040901702,25.61
0.6988756713656299,-0.15071631893932516,-0.6928750216401094,-0.09371014654687969,25.62
0.7005610495499026,-0.1507131337147328,-0.6913602477570987,-0.09230804407345611,25.63
0.7021422281034354,-0.15070906391566402,-0.6899414943292409,-0.09090546721920278,25.64
0.7036135200636833,-0.150702895783964,-0.6886132318303757,-0.08960172171362425,25.65
0.704996979004652,-0.15062071930500864,-0.6873945576250493,-0.08821213441369032,25.66
0.706269401441246,-0.15061480013742798,-0.6862674359515477,-0.08680853022529049,25.67
0.707532239441002,-0.15060686255804226,-0.6851312187152374,-0.08550389607378893,25.68
0.7087478917131192,-0.1506101770735089,-0.6840462225649409,-0.08410568321302854,25.69
0.7099651387398677,-0.1505138095229611,-0.6829626612839211,-0.0828075975315693,25.7
0.7111201534307264,-0.15050426535132094,-0.6819193258675466,-0.08150230980819041,25.71
0.712314862604664,-0.1505031402807833,-0.6808142053365931,-0.08030167551193952,25.72
0.7135607765596196,-0.15051281972280695,-0.679657888927705,-0.07900672928971261,25.73
0.7147980269751195,-0.15052064231111723,-0.678493048131973,-0.07781067090900279,25.74
0.7161727811762226,-0.15051529614163037,-0.6771688173920127,-0.07670779544227939,25.75
0.7175816439082053,-0.1506171366865167,-0.6757768875104869,-0.07560860248008408,25.76
0.7191858975014142,-0.15061798938077176,-0.6741805221884346,-0.0746089110744062,25.77
0.720871423874656,-0.15071493282174064,-0.6724666279319071,-0.07360729300384944,25.78
0.7227501172307534,-0.15071045062498206,-0.6705464973062407,-0.07270504154237688,25.79
0.7247563411241011,-0.1508117238050427,-0.6684519641332264,-0.07180558202388639,25.8
0.7269257954195338,-0.15100535852022232,-0.6661236378166894,-0.07110252311780005,25.81
0.7292419435566102,-0.15110869126632448,-0.6636381702470743,-0.07040404940535568,25.82
0.7317763611885703,-0.15131578986993396,-0.6608689619699429,-0.06970727398502576,25.83
0.7344677945062937,-0.1516139946175846,-0.6578607233472767,-0.06920638804443835,25.84
0.7373459454573368,-0.1518094595421453,-0.6546407919386582,-0.0687042810971369,25.85
0.7403834459167972,-0.15211714456834372,-0.6511733913770453,-0.06830769871149163,25.86
0.743542877636344,-0.15240878890622572,-0.6475373413174617,-0.06790391579220949,25.87
0.7468514112864048,-0.15281051907413318,-0.6436443067808384,-0.06770466061072523,25.88
0.7501568377860538,-0.15311160093993448,-0.6397484723793343,-0.06740510714142119,25.89
0.7535649224147196,-0.15351322573412005,-0.6356547640169817,-0.06720579002822714,25.9
0.7569941797195064,-0.153919149503015,-0.6314785639779316,-0.06710834913354324,25.91
0.7605334071636306,-0.15430677807409363,-0.6271275471825283,-0.06700294316891946,25.92
0.7641379556749109,-0.15470768452154002,-0.6226309268462237,-0.06700332813796497,25.93
0.7677576070144626,-0.15521164596671172,-0.6180463737592,-0.06690502007199108,25.94
0.77144042067979,-0.15560815330279404,-0.6133321363792004,-0.06700351074092031,25.95
0.7750483761541436,-0.15610974389375717,-0.6086379893256927,-0.06700418219655177,25.96
0.7786829107835017,-0.15651666521656565,-0.6038642968547114,-0.06710714527815691,25.97
0.7822771832745407,-0.15701549191268588,-0.5990591060872538,-0.06720663093332796,25.98
0.7858429003349258,-0.15750859862910513,-0.5942324400343764,-0.06730367420786525,25.99
0.7893544594428002,-0.15791089464844565,-0.5894406669144641,-0.06740465040725292,26.0
0.7927882977498545,-0.15841764395556573,-0.5846651177804528,-0.06750751873106495,26.01
0.7961484909005524,-0.1589096786887298,-0.5799353220364657,-0.06760411755417328,26.02
0.7994633000127669,-0.1593126140755989,-0.5752455468693314,-0.06760535286572811,26.03
0.8027387973036332,-0.1598077236939337,-0.5705275742640123,-0.06760326734486807,26.04
0.8059597318891775,-0.16021187374196083,-0.5658419360998841,-0.06770501780481117,26.05
0.8091600135779431,-0.16061191222422155,-0.5611416186115238,-0.06770502152913947,26.06
0.8122470873285182,-0.16110933977914835,-0.5565322631104659,-0.06760391911278975,26.07
0.8153669321418001,-0.16151325835999106,-0.551845300080762,-0.06750554141981051,26.08
0.818324983843141,-0.1620049460865072,-0.5473167098342308,-0.06740205781623818,26.09
0.8212448083391478,-0.1624088612692129,-0.5428296175919258,-0.06720366673208808,26.1
0.8240645267787691,-0.16281274873735874,-0.538442161671953,-0.06700524671623487,26.11
0.8268672394434743,-0.16321327222686866,-0.5340434275070335,-0.0667054243721332,26.12
0.8295281173320636,-0.16360554550394887,-0.5298179584840594,-0.06640225074243401,26.13
0.8321425360528734,-0.1640083835027896,-0.5256268681040622,-0.06600337384868361,26.14
0.8346817402118113,-0.16431609144117015,-0.5215510753899588,-0.06550641502980308,26.15
0.8371444744815917,-0.16470875038480245,-0.5175274943784777,-0.06500345340019527,26.16
0.8395346021317049,-0.16500680089545125,-0.51362116933275,-0.0644026544101034,26.17
0.8418775152314053,-0.1653152212731662,-0.5097469345609971,-0.06380587487736239,26.18
0.8440854722019508,-0.16571678050220764,-0.5060512428130179,-0.06300638003403188,26.19
0.8461917702428058,-0.1659179939525842,-0.5025545024784421,-0.06220674637643603,26.2
0.8481988972749861,-0.1662193806474504,-0.4991582002475481,-0.06140715987817963,26.21
0.8500904459340703,-0.16651771676237967,-0.4959527672220065,-0.06040642698166806,26.22
0.8518770855857917,-0.166715085897102,-0.49294460611086727,-0.05930536648889111,26.23
0.8535831857348722,-0.16691626678283558,-0.49004775748106316,-0.05820567241917934,26.24
0.8551732444491655,-0.16711431311829678,-0.4873417401708319,-0.05700488239223767,26.25
0.8566486675932483,-0.16730950512298673,-0.4848275438351702,-0.05570316458667281,26.26
0.8580664984400448,-0.16741297417116957,-0.48243738793412305,-0.05430420846770913,26.27
0.8593673813411545,-0.16751313438222204,-0.48023765450951056,-0.0529041481123555,26.28
0.8606027147606055,-0.16762000580346018,-0.4781570690610639,-0.051306123494734526,26.29
0.8617898548946511,-0.16771748713686085,-0.47614964595026504,-0.04970518253251034,26.3
0.8628812786156296,-0.16771579789504065,-0.4743446806298019,-0.048004521758866735,26.31
0.8638593016572134,-0.16771151295197345,-0.47273245183302237,-0.046303178590795295,26.32
0.8647734310296755,-0.16771424122085876,-0.47124001468854293,-0.04440377048423452,26.33
0.865641144901449,-0.16770797134932183,-0.4698223311861145,-0.04250202016902909,26.34
0.8663902565742858,-0.1676174616205129,-0.4686488216907657,-0.04050421954433635,26.35
0.8670565469366229,-0.16751092458118147,-0.46763049751737584,-0.03840250450099922,26.36
0.8676555968136058,-0.16741072718602767,-0.4667299066769362,-0.0362023197379582,26.37
0.8681872919387178,-0.1673168228791009,-0.4659468486513635,-0.033903408820092774,26.38
0.8686877549260696,-0.16711688216457085,-0.46524699929957125,-0.03160319255775248,26.39
0.8690398507360542,-0.16690765372594643,-0.46482131487010125,-0.02920133905810447,26.4
0.8693766606669805,-0.16661469189821573,-0.46444095388674306,-0.02680236340259413,26.41
0.8695928383391999,-0.16641776687710508,-0.46424956360788566,-0.02420258388477129,26.42
0.8697367471538672,-0.16610701816977963,-0.4642196136930265,-0.021600912657840095,26.43
0.8697596066683375,-0.16571135658841385,-0.46443182860385873,-0.019001302203861575,26.44
0.8697144706547201,-0.16532175942873187,-0.46476117124338595,-0.016202132502997315,26.45
0.8695409085143343,-0.16490775826798587,-0.46532189158334647,-0.013400630447489454,26.46
0.8692445194981283,-0.16440842039288114,-0.46612387314551035,-0.010600542920708882,26.47
0.8688497083137596,-0.16380937180224886,-0.467126725084435,-0.007700440554806571,26.48
0.8683161624230908,-0.16322183564552917,-0.4683626570637335,-0.004700628845183744,26.49
0.8676648126438611,-0.1625121392976342,-0.4698350956432526,-0.0016001195253920906,26.5
0.866871220730829,-0.1618132943173144,-0.47153874085669806,0.0014001150311757735,26.51
0.8659064913990724,-0.16101980262791712,-0.4735582394057066,0.004600565789369061,26.52
0.864793151887355,-0.16011724715758704,-0.47585125669943734,0.007800840273761268,26.53
0.8634613813340158,-0.1591113108295598,-0.47853401779977595,0.011100789127643706,26.54
0.8619773486979037,-0.1581141882226924,-0.4814432018368382,0.014401292285937827,26.55
0.8602671163572261,-0.15701224978851952,-0.48473781829614915,0.017801388829526418,26.56
0.8583387849142644,-0.15570703578137127,-0.48842206984985054,0.021300962505736726,26.57
0.8561905469382612,-0.1543163198137761,-0.492452079561266,0.024802623016083263,26.58
0.8537458473830397,-0.15290821139143349,-0.49692668567955073,0.028301519832423596,26.59
0.8510794987935506,-0.1513141341568322,-0.5017468678551402,0.03190298003703204,26.6
0.8481002937899617,-0.1495176815113199,-0.5070599633862153,0.03550419861974486,26.61
0.8448421333278098,-0.1477073663500444,-0.5127255702617993,0.03920195505024875,26.62
0.8412796519217471,-0.1456137866379058,-0.5188491243663842,0.04290406213438296,26.63
0.8374240092905244,-0.14350411432193724,-0.5253150609987013,0.04660133607945837,26.64
0.8332749231166575,-0.14121269700440717,-0.5321478475640584,0.05030452308301473,26.65
0.8287622672482955,-0.1387104217054888,-0.5394405296895506,0.054004057477263126,26.66
0.8239524421220714,-0.13610866291153528,-0.5470348171389405,0.05770367266712407,26.67
0.8188465527498233,-0.13330757875128413,-0.5549315487553456,0.06140349088768826,26.68
0.813343393027558,-0.13040695739677063,-0.5632300491247026,0.06510347336295835,26.69
0.8075718286328,-0.12731132357270022,-0.5717508537825037,0.0687061109932797,26.7
0.8013718782672872,-0.1241111320266696,-0.5806520810208249,0.07240649442974116,26.71
0.7949268451328478,-0.1206040728683123,-0.589719915177809,0.07600256665001438,26.72
0.7880876165707721,-0.11711302017822006,-0.5990666019364117,0.07950883948905632,26.73
0.780974574917849,-0.11341082955011408,-0.608558110945718,0.08290791684042731,26.74
0.7735342567231053,-0.10950484952964451,-0.6182273788057191,0.08630382204939106,26.75
0.7657536007992476,-0.10560739224813967,-0.6280439614756791,0.08960627221054275,26.76
0.7576879082623115,-0.10141176596858287,-0.6379740188496944,0.09281076806592199,26.77
0.7493050224588622,-0.097213625444476,-0.6479908222785596,0.0959134432111651,26.78
0.7406572513149462,-0.09280717380775994,-0.6580508660076081,0.0989076453619338,26.79
0.731689161756871,-0.08831076132194056,-0.6681814228673668,0.10181240659766194,26.8
0.7225270627579629,-0.08380313890535265,-0.6782254034082359,0.10460391801312514,26.81
0.7130938172285942,-0.07911040805439243,-0.6882905540206431,0.10721410547953057,26.82
0.703467050640047,-0.07430708254557221,-0.6982665549571806,0.10971045700200904,26.83
0.6936404993828692,-0.06950405811290283,-0.708141346039518,0.11210654553174688,26.84
0.683620526014445,-0.064701942704995,-0.7179215559183295,0.11430343201207001,26.85
0.6734549359597807,-0.059704870324916705,-0.727559349436799,0.11640949590988785,26.86
0.6631393717532862,-0.05470324782823821,-0.7370437595870486,0.11840703003406589,26.87
0.6528436342624926,-0.04980332871671589,-0.7462498772773775,0.12010802768830478,26.88
0.6424569466953174,-0.04480397137601217,-0.7552669460527766,0.12171078831385448,26.89
0.6320372028046678,-0.039802342834850915,-0.7640449730107061,0.12320725219230234,26.9
0.6215359568951896,-0.03480201335471054,-0.7726446987887747,0.12450720295004201,26.91
0.611237445552907,-0.029801825715766735,-0.7808478362037137,0.12560769496309737,26.92
0.6008559873650556,-0.0249023203818074,-0.7888735067136416,0.12661179760388822,26.93
0.590643895332183,-0.0200014864657021,-0.7965591984965862,0.12740946878652237,26.94
0.5805359624140721,-0.015200941651496807,-0.8039498022130449,0.12810793589189085,26.95
0.5706527821168399,-0.010400962029469217,-0.8109750105477488,0.12871190511468156,26.96
0.5609161125467528,-0.005800166612178937,-0.8177234894446064,0.12910370855729325,26.97
0.551357288998645,-0.0011001143078151815,-0.82418563733681,0.1293134363640936,26.98
0.542060394312983,0.0033003677144517415,-0.8302925080417685,0.12951443000651533,26.99
0.5330494319658455,0.007700714120332103,-0.8360775330646283,0.12951201020558537,27.0
0.5242534110370127,0.012001222686845007,-0.8415857409150062,0.129413184639812,27.01
0.5157509432366195,0.016201600311097995,-0.8467836409510291,0.12921276297492967,27.02
0.5079467078472786,0.02020185764621978,-0.8514782970292832,0.12871183559744978,27.03
0.5003233656467763,0.024101125548845307,-0.8559399733301535,0.12830599202974494,27.04
0.49294729563242334,0.027902677111269245,-0.8601825298710637,0.12771225330140082,27.05
0.4858428969631429,0.03160279033354326,-0.8641763014941372,0.12711122314535914,27.06
0.47914686764729897,0.03520344341720919,-0.8678848919731289,0.12631235521572504,27.07
0.4726502217542338,0.038704112530446144,-0.8713925903818535,0.12561334712723607,27.08
0.46645210094489425,0.0421047029369212,-0.8746977004425482,0.12471393007681886,27.09
0.46054487307308173,0.045404423968551384,-0.8777855268105187,0.12381206359706302,27.1
0.4549325879884582,0.04860348159208412,-0.880663084156158,0.1229088042729864,27.11
0.44954458804347286,0.05170512836896006,-0.8833876187292538,0.1219120918409329,27.12
0.4444233550609788,0.054702874711601124,-0.885946557714944,0.12080634854042807,27.13
0.43951791731310635,0.05770235228433728,-0.8883362137638962,0.11980488394564309,27.14
0.434931648952946,0.060504402763056415,-0.8905648043058139,0.11860863087104943,27.15
0.4305262306096742,0.06330385690497649,-0.8926543866253082,0.11750715934178099,27.16
0.42642870388211995,0.06610444964026296,-0.894560214874663,0.11640783567513782,27.17
0.4224464864568466,0.06880757165774395,-0.8963986406516847,0.11521267812459454,27.18
0.4187402742826618,0.07140686788579426,-0.8980863776112499,0.1140109655319404,27.19
0.4152345281865878,0.07390614555151453,-0.8996748110709402,0.1127093721739606,27.2
0.4120414246067282,0.07630767159585768,-0.9010905911909275,0.11151121078555873,27.21
0.40892807387594043,0.07870540331141235,-0.9024619561400065,0.1102075660091187,27.22
0.40613115348498796,0.08110622149133839,-0.9036693186137285,0.10890835413571827,27.23
0.40353477408978955,0.08340718750703456,-0.9047779680769086,0.10760927309061054,27.24
0.4011442285894374,0.08560943896099686,-0.905799869941295,0.10621171048665733,27.25
0.3989121769800563,0.0878026802177211,-0.9067276782848259,0.10490320221912236,27.26
0.39683596687359046,0.0900081578090301,-0.9075822579077202,0.10350938148038462,27.27
0.39483885800411833,0.09210906489913703,-0.9083893989998497,0.1022100589868817,27.28
0.39292603221197964,0.09420624137024301,-0.909160233860806,0.10080667866369952,27.29
0.39112947271619564,0.09630725702523558,-0.9098685611792247,0.09940749063663985,27.3
0.3894137913336344,0.09840348502113412,-0.910532247070555,0.09800347085438155,27.31
0.387733691644264,0.10040872489317541,-0.9111791757985271,0.09660839466813491,27.32
0.38613100949587637,0.10250823225415004,-0.9117732228888643,0.0952076459570252,27.33
0.3846176178134852,0.10450478695140199,-0.9123417907728615,0.0937042922234102,27.34
0.38304296259283954,0.10661195773471721,-0.9129023923100363,0.09231035364835272,27.35
0.3815228138387506,0.10860649431949755,-0.9134546216522014,0.09080542987302373,27.36
0.3800341932146145,0.1106099520250957,-0.9139822346811479,0.0893080354054344,27.37
0.3785345788204757,0.1127102959922526,-0.9144835373142483,0.08790803032581192,27.38
0.3770392028039793,0.11471192721914171,-0.9149951369903465,0.08640898440918782,27.39
0.37541583161943615,0.11680492576758161,-0.9155386090772344,0.08490358045948355,27.4
0.373826441679363,0.1189084106893426,-0.9160647955545653,0.08330589243416517,27.41
0.3720238474929609,0.12100775684582869,-0.9166587597098065,0.08180524388420485,27.42
0.37022044969132367,0.12310679999190152,-0.917250665739822,0.0802044302140577,27.43
0.3684131894282765,0.12520448240070634,-0.917832859004539,0.07860281403111437,27.44
0.36642431672451353,0.1274084551056305,-0.9184609510911387,0.07700511022867779,27.45
0.36443103626862927,0.12961103814603278,-0.9190782720386121,0.07540642188434316,27.46
0.36231321380386555,0.13180480700896902,-0.919733543293997,0.0738026916332467,27.47
0.36013728694357583,0.13401387517478244,-0.920395293457853,0.07220747602700965,27.48
0.35792611166230337,0.13620993687735602,-0.921067194302826,0.07050514353783847,27.49
0.35553078496583207,0.13851199358021868,-0.921779815760921,0.06880595782179816,27.5
0.3532178291198986,0.1408071074181249,-0.9224465616653297,0.06710338712895016,27.51
0.35072976769863046,0.14301213795524423,-0.9231783534719298,0.0654055512047061,27.52
0.34823143627069225,0.14531311800727048,-0.923883402719315,0.06370575097772285,27.53
0.34572791865669283,0.14761192014384686,-0.9245746624186072,0.06200500710649394,27.54
0.34313316542323474,0.14991448993571227,-0.9252894335458373,0.0602058191736483,27.55
0.3404393536594657,0.1523176074099196,-0.9260070433410672,0.05840675162665334,27.56
0.337833595843239,0.15461537571748005,-0.9266921548500453,0.05660562914365699,27.57
0.33513385860843525,0.1569158532248985,-0.9273936946809967,0.05480553700907864,27.58
0.33242868983395246,0.15921374073876424,-0.9280800967686759,0.053004574492176534,27.59
0.32971822238110376,0.161508926037453,-0.9287513288605734,0.051202829802585725,27.6
0.32703298457507285,0.16381652254861448,-0.9293937387327682,0.049404982990851984,27.61
0.32431208733674677,0.16610619089310402,-0.9300346630378492,0.04760177415118454,27.62
0.32162163782355135,0.16831132352519806,-0.930662612433448,0.04580308150596596,27.63
0.3190103999085583,0.17060556183197506,-0.9312303586045438,0.04400143447014597,27.64
0.3164293454360866,0.1728160268374076,-0.9317864132199807,0.042203913961450235,27.65
0.3138127128104991,0.17500708968080736,-0.9323377697680953,0.040501640754701126,27.66
0.31131228773850034,0.17720699449811197,-0.9328368197959304,0.03870152757944093,27.67
0.3088062240521693,0.17940361591631857,-0.9333188112302124,0.037000745757546194,27.68
0.30632558231761364,0.1816151673159603,-0.9337779830556835,0.03520293992027424,27.69
0.30381640349044864,0.1837099187662785,-0.9342504415430452,0.03350180881148791,27.7
0.3013257795232045,0.18591590578613912,-0.9346799652916925,0.03180272083915667,27.71
0.2989265682794362,0.1880167107277819,-0.9350831092046599,0.03020268438286709,27.72
0.29661557569283015,0.19010998293731293,-0.9354491217231063,0.028501496652884893,27.73
0.2942088661177727,0.19220579220882364,-0.9358282016077896,0.026900810668144412,27.74
0.29192298254148646,0.19421529020060524,-0.936173703176038,0.025301991977730757,27.75
0.2896334183835802,0.1962226404932957,-0.9365080558507752,0.02370273486081095,27.76
0.28743200733612456,0.19822207325685418,-0.9368043189691992,0.02210246124609726,27.77
0.28522674981895585,0.2002187773974578,-0.9370878842228669,0.020601932139798353,27.78
0.2831103974202714,0.20220742620409352,-0.9373344242388568,0.019100701486143352,27.79
0.28111545755841244,0.2041112233641835,-0.9375515526894759,0.01760096781582376,27.8
0.27911723043846887,0.20601271755759437,-0.937757889581341,0.016201000118606937,27.81
0.2772139857983842,0.20781048430340635,-0.9379473206360193,0.01490075176189006,27.82
0.27542667912027197,0.2096203048061329,-0.9380908678824077,0.013601317487420836,27.83
0.2737294890976551,0.21142277674550344,-0.9382010731549517,0.012301325231644714,27.84
0.2722208393029035,0.21311631467835684,-0.9382718274576931,0.011100849802579827,27.85
0.27082831387197565,0.21482245871381228,-0.9382980948105153,0.010001045563957742,27.86
0.26962516259431474,0.21642019727525855,-0.9382875650815508,0.00900083999758469,27.87
0.26851934751600787,0.2179157013919483,-0.9382676046164566,0.00800057646230191,27.88
0.26762299783234805,0.2194188554724109,-0.9381806213248345,0.00710061018165049,27.89
0.2668242060558283,0.22082003259792687,-0.938085102250251,0.0063005715822778054,27.9
0.2662102426361319,0.22220854963842418,-0.9379360877852296,0.005600215472435533,27.91
0.26581233530763654,0.22351037223949125,-0.9377435169976328,0.004900227400328891,27.92
0.2656054369989436,0.2247045997502358,-0.9375191912142682,0.004400090070765632,27.93
0.2655158119374153,0.22591345354675,-0.9372558152457463,0.004000238221279327,27.94
0.26571062066576623,0.22700907373401932,-0.936937450138338,0.0036001439006276195,27.95
0.2661216871399636,0.2280185819914006,-0.9365763247146783,0.0034002770998717634,27.96
0.2668110275276563,0.22900946515679643,-0.9361386914116906,0.0033001363974560186,27.97
0.2677167462062292,0.22991438159436717,-0.9356585272713785,0.0032002001787819704,27.98
0.26881359827981216,0.230711670845062,-0.9351473056229627,0.003300166943167337,27.99
0.2702193889367593,0.23141660473710624,-0.9345670575921597,0.0035002511520305607,28.0
0.2719276156516253,0.23212357334587067,-0.9338948418370273,0.0038003859487906444,28.01
0.2738260379867918,0.2327221294358161,-0.9331887364699614,0.004300408923824707,28.02
0.2760067567281081,0.23320570894563333,-0.9324228259901738,0.004800117508314923,28.03
0.2785205249337514,0.23361721588698142,-0.9315686498233013,0.005400397969990153,28.04
0.2816238066666088,0.2338197656202171,-0.9305786651394868,0.006300532606532796,28.05
0.28502563635865297,0.23402104879973612,-0.9294836015148493,0.007400665645803621,28.06
0.28873205248057715,0.2341259905982096,-0.9283030520002484,0.008500943699635975,28.07
0.2928059015624196,0.23410471842815037,-0.9270186842498735,0.009800197524971695,28.08
0.2972151806530377,0.23391194735782475,-0.9256472786421659,0.011200572083829146,28.09
0.3019179042625999,0.23371385964282743,-0.9241548040048644,0.012700753176995755,28.1
0.30712839686870946,0.23342158199009047,-0.9224852923207346,0.01440133153666368,28.11
0.3126064569530533,0.233004812764112,-0.9207190176477164,0.016200334621367444,28.12
0.3185335576852947,0.23242448604729193,-0.9187967957471906,0.01810190704585191,28.13
0.3249317685073481,0.23172265547292262,-0.9166896245424293,0.02010196536472052,28.14
0.33161690957734,0.23091177449157965,-0.9144466288224359,0.022301137163976727,28.15
0.3387365076007422,0.23002479110767848,-0.9119982913525739,0.024602651570647352,28.16
0.34631475505446535,0.22900975716856067,-0.9093387432024989,0.026901146147747957,28.17
0.35432612542837727,0.22781679755174808,-0.9064668362638475,0.02950217527557756,28.18
0.362729955476636,0.22651870668722926,-0.9033746037552944,0.032102651146402025,28.19
0.37164783229586407,0.22502896196601027,-0.9000158349920562,0.03480447945074292,28.2
0.38094431592522493,0.22342599154028683,-0.8964042802934605,0.037704386217855025,28.21
0.3906219418507279,0.22161244832084306,-0.8925501359492439,0.040702286311634986,28.22
0.40082098152343115,0.21971150109954546,-0.8883465017147303,0.04370228765612261,28.23
0.41142020739974183,0.21761068821143367,-0.8838434110352256,0.046902303663218015,28.24
0.42244348434588075,0.21542217454569773,-0.8789904791467675,0.05010515758931967,28.25
0.43385321753029443,0.21302613032262036,-0.873807183393772,0.05340655098229074,28.26
0.4457191373620028,0.21040903410582318,-0.8682372785678502,0.05680243886507013,28.27
0.45785836692628523,0.20772648058232732,-0.862309925652781,0.060307687910998255,28.28
0.47043423709745247,0.2048149059471902,-0.855962294922852,0.06380464355190789,28.29
0.4832301037569995,0.20181257230579988,-0.8492529058577069,0.06730419284529401,28.3
0.49633449892831366,0.1985137981810805,-0.8421585362634151,0.07080492146710579,28.31
0.5096324009098645,0.1952124110235588,-0.8346530647554414,0.07430472407300419,28.32
0.5232503574213363,0.19171845091297815,-0.8266795593357733,0.07780748816395253,28.33
0.5369455913009763,0.18801596417318595,-0.8183694866112663,0.08130690365574478,28.34
0.5508574105967239,0.18421919940435103,-0.8095843752324764,0.08480883881372946,28.35
0.5648207490713327,0.18030662368548386,-0.8004294043142611,0.08820324020554451,28.36
0.5788599816846645,0.17621825980103295,-0.7908819514793238,0.09150948224627987,28.37
0.5930287359036142,0.17210833971165598,-0.7808378364140673,0.0948045938678965,28.38
0.6071463239960013,0.16781280376631366,-0.7704587843955187,0.0980074777657851,28.39
0.6212551077721975,0.16341449550865594,-0.7596673854857715,0.10120897763449194,28.4
0.6353586145359111,0.15891466055368533,-0.7484690494548653,0.10420961378032732,28.41
0.6494240940808439,0.15440572855879628,-0.7368273368013024,0.10720397734134042,28.42
0.6633524168621594,0.14981183785007005,-0.7248572768606861,0.11000869268029177,28.43
0.6770878409181142,0.14511882676103158,-0.7125924470519297,0.11271462285298592,28.44
0.69067092863968,0.14041441989720688,-0.6999718838038113,0.11531184198111079,28.45
0.7040613792262177,0.13561182247595896,-0.6870598970574028,0.11771026183938327,28.46
0.7171819427182008,0.13081494646149863,-0.6738769948452429,0.12011372377695707,28.47
0.7300127920398825,0.12601947088234713,-0.660502052148429,0.12221888366526049,28.48
0.742575813434888,0.1213123854136726,-0.6468660419255023,0.12421268152001762,28.49
0.7548001875040209,0.11651546554156411,-0.6330840316550223,0.12611673995528958,28.5
0.7666795663007034,0.11181160385131574,-0.6191642571050946,0.12781326450982247,28.51
0.7781877378316235,0.10711207649629466,-0.6051682305126788,0.12931457974762745,28.52
0.7893616752371235,0.1024080014497421,-0.5910461802421639,0.13071021278790326,28.53
0.8000817605322634,0.09791000544513573,-0.5769589595638285,0.13191348026775693,28.54
0.8104494510819327,0.09340569932262156,-0.5628343423851329,0.1329081096357217,28.55
0.820387285646727,0.08900947022133207,-0.548758385510617,0.1338142372540925,28.56
0.8299848661414299,0.08470866147991217,-0.5346546685615235,0.13451375406196206,28.57
0.8391648573623488,0.08050622216382919,-0.5206402392358942,0.13511044241407857,28.58
0.8479523584348572,0.07640471775495117,-0.506731289089447,0.13550836722245918,28.59
0.8563232123664065,0.07241041879856089,-0.4929709312957274,0.13581954244260455,28.6
0.8643355465302915,0.06860282134904316,-0.47931971242851873,0.13590558923228813,28.61
0.8719666643998375,0.06480495452816776,-0.4658356144941442,0.13591039074657404,28.62
0.879205449433205,0.06120734103664219,-0.4525542780895521,0.1358162894244446,28.63
0.8860632051427145,0.05780412331517935,-0.4395313528896423,0.13550966624925262,28.64
0.8925542555594365,0.05450331308458183,-0.42672593932460673,0.13520821888138465,28.65
0.8987376219442984,0.05130214755284579,-0.414117335314492,0.13470563889606876,28.66
0.9045304153465827,0.04830162416941951,-0.4019135145691449,0.1340045059772715,28.67
0.9099691329811487,0.045403449431084895,-0.3900296316767205,0.13331012795514574,28.68
0.9150570372827561,0.042802667973444765,-0.3785235941109543,0.13250825949722972,28.69
0.9198533622413604,0.0403023380064436,-0.36732130892721426,0.13160763478034684,28.7
0.9242915232564872,0.0379037532259477,-0.3566353139940092,0.13061293327991477,28.71
0.9284487494814209,0.03570187457613822,-0.3463181839136321,0.12950679993305042,28.72
0.9323570806477693,0.03370206330347509,-0.3363205901768152,0.12830785524735472,28.73
0.9359714688301078,0.03180242836713049,-0.3268249556722719,0.12700969819577274,28.74
0.9392911109601756,0.030202929675252666,-0.317830829496533,0.12571219404567086,28.75
0.9424334475565912,0.028601015068037465,-0.3091109705430203,0.12430441164185514,28.76
0.9453001598581865,0.02720288229807731,-0.3009318854224802,0.12291302332476843,28.77
0.9480055331099542,0.026002894673339813,-0.29303262074186787,0.12141351589782512,28.78
0.950523026699236,0.024800600801831725,-0.2855069164888289,0.11990290468304934,28.79
0.952862652779198,0.023901571579998775,-0.2783183000298602,0.11840778556786004,28.8
0.955017763495603,0.023000427811935988,-0.27160505190094847,0.11680217254061406,28.81
0.9570247059116788,0.022300575696792516,-0.265206846403111,0.11520297400316133,28.82
0.9588790052960036,0.021701788083983393,-0.25922135812758046,0.11350935242083479,28.83
0.9605855487554862,0.021201888218236657,-0.2536225873653215,0.11180995767919141,28.84
0.9621491718899262,0.020901068176384426,-0.24841269545521014,0.11010562709186246,28.85
0.9635946537337727,0.020702033557124126,-0.24352392131206402,0.10841064915904615,28.86
0.964928499584109,0.020600608447955897,-0.23900705917774076,0.10660314857049023,28.87
0.9661542752409102,0.020601157302518117,-0.23481319100151715,0.10480588763611158,28.88
0.9672607797407025,0.020701300807105603,-0.23101451625320746,0.10300647261506653,28.89
0.9682526501693183,0.020901136530199083,-0.2276123767594886,0.10120550319885872,28.9
0.9691775518445905,0.021201696521623483,-0.22441795752133537,0.0994079544457252,28.91
0.970004096725229,0.02160231826916687,-0.22162378372441568,0.0975104644094338,28.92
0.9707528734951716,0.022101203774846288,-0.21911193425650777,0.09560520727942558,28.93
0.9714223332561652,0.022600519591918194,-0.2169049867029671,0.09370215423728916,28.94
0.972012402957393,0.02320029603766617,-0.21500274345250978,0.09180117139042045,28.95
0.9725542749057589,0.023901333851154383,-0.21331190420298032,0.08980501170852148,28.96
0.9730390147814623,0.02460098639632474,-0.21180849263177154,0.08790352456247742,28.97
0.9734565156585725,0.02540147472542402,-0.21061222744780703,0.08590498735881588,28.98
0.9738271458100395,0.026200730355538132,-0.20960584284430506,0.08390233881029195,28.99
0.9741516801174818,0.027101437769411513,-0.2088110777215175,0.08180433983534545,29.0
0.9744423842932772,0.02800121793946199,-0.20810905190007287,0.07980347112746668,29.01
0.974715186180902,0.028900450272522898,-0.20750323292555367,0.07770121059429166,29.02
0.974957324301123,0.029801752245536432,-0.20701217163845775,0.07560444529404545,29.03
0.9751739648744051,0.030702328706434457,-0.20661567135991396,0.07350557524178933,29.04
0.9753853255634437,0.03160276457275179,-0.20621803971207023,0.07140624653463537,29.05
0.975578073759404,0.03250260112473668,-0.20591647912563946,0.06920553839482395,29.06
0.9757586350981274,0.0334020071869196,-0.20561235561768473,0.06710403240246424,29.07
0.9759636837081107,0.03420223176843671,-0.20521339061062024,0.06490423513951879,29.08
0.976169305600114,0.03500248508964654,-0.2048145413245603,0.06260444476033925,29.09
0.976402952472977,0.03580377517006307,-0.2042215332325944,0.06040636928133546,29.1
0.976664623152757,0.03650241526221138,-0.20351346591397304,0.058103844568067976,29.11
0.976934413120814,0.03720131043924074,-0.20270714048478758,0.05590196918154724,29.12
0.9772269327454048,0.037801041811068664,-0.20180556183792744,0.053601477277070916,29.13
0.9775523053354328,0.03840205475691112,-0.20071073931541827,0.05130274502681095,29.14
0.9779137330912694,0.03890452466480914,-0.19942319326897026,0.049005699449245446,29.15
0.978287149701116,0.0394035102210427,-0.19801764019711815,0.04680416950113701,29.16
0.9787280018087035,0.0398011387268687,-0.19630561638402827,0.04440127033851684,29.17
0.9791746747081485,0.04010305837585206,-0.19451483426691338,0.04210321091330104,29.18
0.9796506002602889,0.0405020919870781,-0.1925099433953712,0.03980205582927675,29.19
0.9801809711935763,0.04070336244013729,-0.19021571341803714,0.03750309807137956,29.2
0.9807597791303625,0.04090249308293242,-0.18761143526547974,0.035202145636166776,29.21
0.9813698907454929,0.041002920126938965,-0.18481316193800781,0.03280233610155117,29.22
0.9820204507888337,0.04110085593423734,-0.18170378402070375,0.030500635182341578,29.23
0.982729983549204,0.041101254018390446,-0.17820543713083156,0.028200860421377386,29.24
0.9834773387814222,0.041003224415332835,-0.17441371556180602,0.025902036886759034,29.25
0.9842415506341086,0.04090172670283991,-0.1704071938915384,0.023600996337091,29.26
0.9850372400368026,0.040701538750759256,-0.1661062797666121,0.02130080529216639,29.27
0.9858507430436503,0.04060208984334774,-0.1615083130468143,0.019100983152904972,29.28
0.9866785526064841,0.04030320866616796,-0.15671247637688632,0.016801337607732548,29.29
0.9875347272692874,0.04010141019088448,-0.15150532777852865,0.014600513436082629,29.3
0.9883941589125806,0.03970378236247036,-0.14611391947498537,0.012301171865450513,29.31
0.9892438937253685,0.03940174829435859,-0.14050623439993357,0.010100448166827964,29.32
0.99009873261793,0.03900388946676694,-0.13461342364684178,0.007900787866345097,29.33
0.9909663226405383,0.03860258356436046,-0.12830858733957118,0.005700381510799343,29.34
0.9918129085290073,0.038200497182706274,-0.12180158525794826,0.003500045553389318,29.35
0.9926595514327892,0.037702261826532496,-0.11490689347131522,0.0014000839935582358,29.36
0.9934858508217145,0.037203214868701207,-0.1077093075634172,-0.0007000604948411517,29.37
0.9942952679936584,0.03670351673241527,-0.10010959195953048,-0.0028002683065602935,29.38
0.9950731107072642,0.03610265255932888,-0.09220677468061282,-0.004900360042678989,29.39
0.995816879239156,0.035500601740299294,-0.08390142214115805,-0.007000118653016762,29.4
0.9965167914494052,0.034900588079863765,-0.07520126715202737,-0.009000151653833062,29.41
0.9971622697422117,0.03430214206414388,-0.06610412800116357,-0.011000686959346433,29.42
0.9977464910809031,0.033601565701431635,-0.0566026374613402,-0.013000605777339622,29.43
0.998255629344961,0.032901833505759585,-0.04670260257504476,-0.014900830371909356,29.44
0.9986773106030365,0.03230250063336479,-0.03630281030932328,-0.01680130063902565,29.45
0.9990000498699921,0.03160316505745495,-0.025502554081174092,-0.018701872992861,29.46
0.9992098972230482,0.030900306069047426,-0.014300141643604472,-0.0205002030555169,29.47
0.9992945877093019,0.030102849369545624,-0.00260024612494414,-0.022302110994713204,29.48
0.9992328902918849,0.02940096774878044,0.00940030941627674,-0.024100793290666958,29.49
0.999009950188656,0.02880028685228558,0.022000219123273705,-0.025800256971839165,29.5
0.9986198028270371,0.028100557239575146,0.03490069208758621,-0.027400543358162242,29.51
0.9980356055553536,0.02740097754731131,0.04830172319471301,-0.029001034630365987,29.52
0.9972493201847247,0.026701320546462244,0.06200306643747787,-0.030601513435271333,29.53
0.9962336234521968,0.026100880919596805,0.07620257188020217,-0.032101083429848944,29.54
0.9949927475967068,0.025502377187371618,0.0906084460068968,-0.033603132293948484,29.55
0.9934865215412567,0.024902168699795946,0.10550918866781013,-0.035103057082844884,29.56
0.991719775089475,0.024300484556493133,0.12070240682998853,-0.036500727831769525,29.57
0.9896685616644962,0.023801648916344998,0.13620943623555415,-0.03790262579535611,29.58
0.9873097060765018,0.023302589294552766,0.15211690264813202,-0.03920435623804586,29.59
0.9846195055056081,0.022900453662480627,0.16840333610313263,-0.04050080232884128,29.6
0.98159208256441,0.022502110909525447,0.18501735636720923,-0.04170391221898716,29.61
0.9781917440150204,0.022102072940120593,0.20201894723549138,-0.042904023942587036,29.62
0.9744199319635646,0.021800445932682377,0.2193044859191397,-0.04400090004761581,29.63
0.9702456462801692,0.02150101153888233,0.23691114574703367,-0.04510212187923689,29.64
0.9656509249443258,0.02130112334436013,0.25481343794098404,-0.046202436549738865,29.65
0.9605879410485292,0.02110193186478289,0.2731250043730904,-0.047204321517429024,29.66
0.9550627974434657,0.02100138088619139,0.29171918116676326,-0.04810316288694314,29.67
0.9490716291388787,0.02090157750158331,0.3105234360881157,-0.04900369844868815,29.68
0.9425635969113978,0.02080140351804464,0.32962224036286125,-0.04990336709377056,29.69
0.9355493094258142,0.020801096350675504,0.3489183902283982,-0.05070267235477154,29.7
0.9279900054754832,0.020902027281428603,0.36843573447264577,-0.051504995454237944,29.71
0.9198801480495004,0.020901821150505064,0.388133817632106,-0.05230455723308205,29.72
0.9112204621953728,0.021002776540558477,0.407953930994943,-0.05300700745950473,29.73
0.9019672351436548,0.02110157296987595,0.42793189923269753,-0.05370400324560846,29.74
0.8921180834168282,0.021300431764127832,0.44800908123611594,-0.054401102721528365,29.75
0.8817432726129313,0.02140105028231454,0.46802296879080396,-0.05500269932370559,29.76
0.8707066593914635,0.02160264627022239,0.4881597983562754,-0.055706823946823476,29.77
0.8591587040239972,0.021801489637670982,0.5081347194908544,-0.056303847091783314,29.78
0.8469583489705601,0.022001515736630443,0.5281363845688426,-0.05700392713581524,29.79
0.8342439449572315,0.022201169477404147,0.547928862913051,-0.0576030343197513,29.8
0.8209730452213946,0.02240199319400565,0.5675504972142056,-0.05820517874513968,29.81
0.8071211428152577,0.02260059203026245,0.5870153770692061,-0.058801540326523544,29.82
0.7927331409016977,0.022900957394536237,0.6062253437802563,-0.05950248755348935,29.83
0.7778493561075173,0.023201472180116225,0.6251396663702867,-0.0601038137079735,29.84
0.762369962089754,0.02350215677437914,0.6438590864402252,-0.06070557090233251,29.85
0.7463713079892759,0.02380227405888351,0.6622632723442294,-0.06140586668972469,29.86
0.7299481416674668,0.024201596147900666,0.6802448636281831,-0.06210409590019138,29.87
0.7128608737891303,0.024702109403186755,0.6980596098552371,-0.06270535463885868,29.88
0.6953369059857039,0.025201337596490344,0.7154379728781426,-0.06340336522291619,29.89
0.6772792158233008,0.0257030062709079,0.7324856728720991,-0.06400748643338933,29.9
0.6586741412406858,0.0264029719537718,0.7491843291882747,-0.06460727228082039,29.91
0.6395204809713598,0.02710086791919289,0.7655245163152087,-0.06520208813030909,29.92
0.6197376842956253,0.027901696614245516,0.7815475234420384,-0.06580400133395536,29.93
0.5994338180127916,0.028801624889503503,0.7971449722021959,-0.06640374627302197,29.94
0.578541312217401,0.029802128096937854,0.8123580084947188,-0.06690477750621283,29.95
0.5569292339827578,0.0309016220687147,0.8272434231469514,-0.0674035381045751,29.96
0.5347476213961224,0.03210285888688148,0.841674954492195,-0.0678060383965908,29.97
0.5119358956437787,0.03340234208732606,0.8556599967040771,-0.06820478234597716,29.98
0.4883352126800612,0.034902516736707224,0.8692626804454417,-0.06850493972677492,29.99
0.46412458997218237,0.03650193392369028,0.882346747969094,-0.06870364001527457,30.0
0.4391287814435347,0.038302510428802956,0.8949586575126831,-0.06890451614998756,30.01
0.41341989010938124,0.04010192935023268,0.9070436389192279,-0.06890331501823022,30.02
0.3869267162774699,0.04220291400079925,0.9185634244012822,-0.06890475769324807,30.03
0.3597268672044032,0.044303308916194224,0.9294694200160477,-0.06870513143436892,30.04
0.3316257401307691,0.046603617280138246,0.9397729433078521,-0.06840530948415141,30.05
0.3028182377775718,0.04910295731465909,0.9493571767577571,-0.06790408964695219,30.06
0.2732292780858044,0.051605529828797604,0.9582026769180424,-0.06730721235422633,30.07
0.24290887848176573,0.054301984773815884,0.9662353165462414,-0.06660243436346479,30.08
0.21180596242176444,0.05710160743287417,0.9734274023670704,-0.06570184953309689,30.09
0.17941967085683316,0.06020660081149028,0.9798074221763625,-0.0645070722980253,30.1
0.14650932121953342,0.0633040275303513,0.9851626780434292,-0.06310401480513692,30.11
0.11280898559356804,0.06650529735791023,0.9894788151265622,-0.061504899060323005,30.12
0.07850529575334358,0.0698047088354571,0.9926669626085203,-0.059804034217196766,30.13
0.04370354166000344,0.0732059324831179,0.9946806072091401,-0.057804684392407296,30.14
0.008300626845505251,0.07660578510430148,0.9954751761464973,-0.05560419910964964,30.15
-0.027502578487605484,0.08000750105485231,0.9949932849934071,-0.053204988201476795,30.16
-0.06370569490661293,0.08340745612576951,0.9931887851139293,-0.05060452374057479,30.17
-0.10031097562429742,0.08680949834684962,0.99000832273671,-0.04780523065644483,30.18
-0.13710385952796933,0.0902025392372198,0.9854277401813346,-0.04470125835813442,30.19
-0.17421242701564432,0.09360667720243576,0.9793698609438605,-0.04150296051176372,30.2
-0.21131384679348159,0.09690634999663211,0.9718636834543559,-0.03790248364161359,30.21
-0.24850922731891872,0.10010371692001514,0.9628357507551507,-0.03420126991672845,30.22
-0.28553464173647086,0.1032125219867033,0.9523155371680124,-0.030203664379829843,30.23
-0.32241975687592245,0.10620650800317295,0.9402576160506894,-0.02610159942450861,30.24
-0.3589118460809731,0.10900359772311526,0.9267305872478064,-0.021700716243959643,30.25
-0.39503775556253484,0.11171067669958264,0.9116871341033083,-0.0171016344813148,30.26
-0.43044362767260896,0.11411156579331944,0.8952907423153335,-0.012301246794547143,30.27
-0.4652413501625752,0.1163103375406438,0.8774779893221054,-0.007400657762689287,30.28
-0.4992300270929964,0.1183071157954757,0.8583516271112156,-0.0023001383459813536,30.29
-0.5323524392980336,0.11991181189523618,0.8379825453462753,0.0027002659893005645,30.3
-0.5644468482103315,0.12131006854697593,0.81646776555442,0.008000664042669477,30.31
-0.5955770547881893,0.1224158379615019,0.7938027008990528,0.013401733894478149,30.32
-0.6255513160792734,0.12321010733967462,0.7701631790769758,0.018801542353781515,30.33
-0.6544337238387065,0.12370637475374081,0.74553841858459,0.024201247122397154,30.34
-0.6821382758525173,0.12390695261417226,0.7200404026005167,0.02960166099579902,30.35
-0.7085884408996441,0.12381545375211848,0.6937865934397787,0.03510438147576219,30.36
-0.7337742433650487,0.12341248689007361,0.6668674737301546,0.04040408809042929,30.37
-0.7577610552679335,0.12270988713392561,0.6392515065689099,0.045803690552027654,30.38
-0.7804040347922189,0.12171622585443168,0.6111814759214724,0.05110681299228807,30.39
-0.8017704225889597,0.12051058490952932,0.5826511765003467,0.056204936696394585,30.4
-0.8218682877636512,0.11890988003784148,0.5537460098986781,0.06130509374532954,30.41
-0.8406770473786723,0.11711073310497565,0.52454807441127,0.06630607689888886,30.42
-0.8582318881982199,0.11500427306314996,0.49511839646578737,0.07120264558344588,30.43
-0.874542591261317,0.11270548889096674,0.465522671506167,0.07590369660003883,30.44
-0.8896462761546126,0.11010572729836202,0.43582266990577806,0.08040418233231886,30.45
-0.9035222449915109,0.10730264182356294,0.406109998551248,0.08490209031519565,30.46
-0.916282203363861,0.10420934904007238,0.3763337624163075,0.08910799423676055,30.47
-0.9278781120673492,0.1010085032537209,0.34662918047267,0.0932078465667999,30.48
-0.9384303024037047,0.0975031484274949,0.3169102331966475,0.09700313228171288,30.49
-0.9478834979955434,0.093908272274511,0.2873253101647179,0.10070887133166409,30.5
-0.9563343473648894,0.0900032325241452,0.2578092593858292,0.10420374254462143,30.51
-0.9637787921370176,0.08600703136223255,0.22841867398992924,0.10750878920279068,30.52
-0.9702829578878787,0.08190700293858716,0.19901701568716537,0.11060945695980146,30.53
-0.9758492816331151,0.07760391909687409,0.16980857554960335,0.11340572713383404,30.54
-0.9804825503010111,0.07310615506630345,0.1408118554491864,0.11610977569354078,30.55
-0.9842457241972011,0.06850318238925857,0.11180519403093588,0.11860550994694986,30.56
-0.9871345947380695,0.06370223248385679,0.08300290888791385,0.12090423716323838,30.57
-0.9891840495935623,0.058905005076393506,0.05420460568999199,0.12291044352952057,30.58
-0.9903843348168173,0.053904590171287944,0.02560218011845958,0.12481062807749045,30.59
-0.9907681176497131,0.04890336222173309,-0.0028001925198538375,0.12640869089625895,30.6
-0.990344536795252,0.043701965321571765,-0.031201403158650776,0.12780574755370414,30.61
-0.9891273843707097,0.03850106591676506,-0.059401644557294665,0.1289035687447017,30.62
-0.9870926035009054,0.033103105548004025,-0.08760821891254236,0.12991218763400975,30.63
-0.9842803943844511,0.02770226267470971,-0.11560944278687518,0.13061066806198873,30.64
-0.9806579487903416,0.022301317823806465,-0.14360848607617077,0.1311077473856963,30.65
-0.9762652508686355,0.016801122940578853,-0.17141145666757235,0.13130877631535734,30.66
-0.9710732265375747,0.011300852172888357,-0.19911501483381164,0.13130990179648153,30.67
-0.9650564864092728,0.005700333650293114,-0.22681327576955757,0.1311076739567416,30.68
-0.9582612683928547,0.00020001278822643598,-0.2543162602299133,0.1306083507118627,30.69
-0.9506874102189281,-0.005400496544479499,-0.2816258938750791,0.12981193545804426,30.7
-0.9422499075880681,-0.010900577364370561,-0.3089163621884464,0.12890682773095094,30.71
-0.9329841449695921,-0.016501488253830285,-0.33613031527953685,0.1276115091629542,30.72
-0.9229351414245274,-0.02200083769784332,-0.3630138220144148,0.1262048053394467,30.73
-0.9120366418081417,-0.02750110487908322,-0.38981566115878685,0.12440499807119827,30.74
-0.9002701112649785,-0.03300257017523249,-0.41643243093838817,0.1225095408019994,30.75
-0.8877048885292357,-0.0384045377642211,-0.44275231427658024,0.12031421596447392,30.76
-0.874279593665879,-0.04380398787756292,-0.46884268303656385,0.11791073449234402,30.77
-0.8600424871483237,-0.04900242077938123,-0.4946244350506522,0.11520569130172895,30.78
-0.8449384666993147,-0.05420246762350912,-0.5201236791695035,0.11230511280664343,30.79
-0.828959446813473,-0.059204245688692966,-0.5453391076696668,0.10920783157441338,30.8
-0.8122384644632485,-0.06420304040696942,-0.5700269942674855,0.10590501525074862,30.81
-0.7946681814815708,-0.06900592061694989,-0.5943509945312075,0.10240878653877782,30.82
-0.7764467396182794,-0.0736044307520677,-0.6180372038692641,0.09870594178300382,30.83
-0.7574944578732955,-0.07810974011077948,-0.6411799537134536,0.09481182282332772,30.84
-0.7378439288459946,-0.08240490612213332,-0.6637395169084936,0.09080540626079739,30.85
-0.7175466205184519,-0.08660562695038039,-0.6856445477734503,0.08670563344801363,30.86
-0.6966704334578857,-0.09050915048512582,-0.7068714647832811,0.08240833149142948,30.87
-0.6752561904055028,-0.09420783936048335,-0.7273605261876809,0.07810649951224788,30.88
-0.6533192405349548,-0.09780288033723952,-0.7471220030669903,0.07360216761575489,30.89
-0.630967255229289,-0.10111077746660503,-0.7660816571653754,0.06910736620121076,30.9
-0.6082344118353019,-0.10410588995734121,-0.7842443698803745,0.06460365505518004,30.91
-0.5852262509122401,-0.10700479980794549,-0.8015359537015729,0.06000269148109093,30.92
-0.5619636909543483,-0.10961242307990136,-0.8179927083672566,0.05540627954951218,30.93
-0.5385432709974823,-0.11200899972463885,-0.8335669756293436,0.050904090053429614,30.94
-0.5149642251935356,-0.11421424454671153,-0.8483057988136665,0.04630577515335152,30.95
-0.491418381848366,-0.11610434296417438,-0.862132248659903,0.04190156735744106,30.96
-0.4678187271584798,-0.11780471581716313,-0.8751350323565319,0.037501501215141064,30.97
-0.4443308687377141,-0.11930828863472719,-0.8872616402072923,0.03320230664436666,30.98
-0.4210150283996629,-0.12060430504750438,-0.898532073674815,0.029001035210428086,30.99
-0.39792795343091764,-0.1217085497173729,-0.9089638524085474,0.02500175631006017,31.0
-0.37501449083989447,-0.1226047375385895,-0.9186354967614054,0.02100081148703409,31.01
-0.35240983413363414,-0.12330344083052523,-0.9275258829709014,0.01730048277670792,31.02
-0.3301284748089814,-0.12381067913163253,-0.9356807059414813,0.013701181777894714,31.03
-0.30823990578017135,-0.12411606848578607,-0.9431220997751513,0.01020132069746187,31.04
-0.286722753786976,-0.12440987293721593,-0.9498753803518304,0.007000555551129514,31.05
-0.26572233888741736,-0.12441045900487285,-0.9559803678678293,0.0039003278948473003,31.06
-0.245213565589683,-0.12440688237910508,-0.961453189061669,0.0010000553245908769,31.07
-0.22521363371998834,-0.12420751912976268,-0.9663585002825255,-0.0016000968647956544,31.08
-0.20560795101320148,-0.12400479535815653,-0.9707375391464722,-0.004100158556197111,31.09
-0.1865049778842905,-0.12360329901607671,-0.9746260131154398,-0.006500173491945782,31.1
-0.16790601618034157,-0.12320441449325836,-0.9780350436234309,-0.008700311737754447,31.11
-0.15040556661303242,-0.12260453767791074,-0.9809363051244914,-0.010500388626574738,31.12
-0.1333067141617424,-0.12210615003112338,-0.9834495326831018,-0.012100609462543757,31.13
-0.11670296604357347,-0.12140308549862741,-0.9856250499789718,-0.013600345657177371,31.14
-0.10060519337412642,-0.12080623617887148,-0.9874509735349147,-0.015000774359959208,31.15
-0.0849078781184147,-0.12011114442899416,-0.9889917629128421,-0.01610149396591845,31.16
-0.06960457560717125,-0.11930784295884381,-0.9902650972158185,-0.01720113075349634,31.17
-0.0548035502889853,-0.11860768365462877,-0.9912642161759531,-0.01800116615331634,31.18
-0.040401485993982786,-0.11780433292304883,-0.9920364877730428,-0.018800691502150406,31.19
-0.026402704039388103,-0.1169119735683511,-0.9926016575413898,-0.019401987059247318,31.2
-0.012800732862935205,-0.11610664729584198,-0.9929568484069036,-0.019801133647352896,31.21
0.0004000146308026873,-0.11520421367117395,-0.9931363246253719,-0.020200738855535708,31.22
0.013400617648701471,-0.11430526845123717,-0.993145775143689,-0.02040094030100821,31.23
0.025902523805847594,-0.11341105017695433,-0.9929967523871072,-0.02060200735136913,31.24
0.03820392355340432,-0.11251155496748655,-0.9927019507620192,-0.020602115842935316,31.25
0.050203622573084854,-0.11160805336964681,-0.9922715999405337,-0.020501479337614335,31.26
0.061801273737377725,-0.11070228159753583,-0.9917204395688914,-0.020400420456998473,31.27
0.07320448976904052,-0.10970672851999654,-0.9910607836218465,-0.020101232846416867,31.28
0.08440729605996604,-0.10870939670282356,-0.9902855990352888,-0.019801711634920942,31.29
0.09530982790305874,-0.10781111697743687,-0.9894020225025815,-0.019402000643434832,31.3
0.10600349764310804,-0.10680352404041452,-0.9884326138721509,-0.01890062363636549,31.31
0.11640917049362268,-0.10580833537994226,-0.9873777837487429,-0.018401449631294305,31.32
0.1268017669949347,-0.10480146041852646,-0.9862137429842633,-0.017900249441713968,31.33
0.13700743216974254,-0.10390563651413322,-0.9849534302480251,-0.017300938514865298,31.34
0.14710186305689352,-0.10290130325325861,-0.9836124575306625,-0.01670021150951816,31.35
0.15711253572376405,-0.10190813106461843,-0.9821783662272989,-0.016001276712795828,31.36
0.16700999918798604,-0.10090604142555563,-0.980658713794845,-0.015300916093270578,31.37
0.17680774434880744,-0.10000438028778702,-0.9790428830174349,-0.014600639522016904,31.38
0.18670313757259058,-0.09900166373693876,-0.9773164239405076,-0.013900233595388372,31.39
0.19642392982078496,-0.09801194054193954,-0.9755188449449778,-0.013201608317893897,31.4
0.20622007134521306,-0.09710945163734329,-0.9735947597214593,-0.012501216740131731,31.41
0.21601699040446926,-0.09610755915680322,-0.9715764174904716,-0.011800928179503413,31.42
0.22571759875865754,-0.09510741533871658,-0.9694755881109554,-0.011100865512720864,31.43
0.23551164045050102,-0.09410465123733396,-0.9672478074043507,-0.010500519000977752,31.44
0.2453253421901499,-0.09320962858590286,-0.9648996744600759,-0.009801012447873906,31.45
0.25520940719212687,-0.09220339867991417,-0.9624354760254815,-0.009200339130750655,31.46
0.26520815792840874,-0.09120280544144373,-0.9598295248102817,-0.008600264548206317,31.47
0.27532192475783746,-0.09020718348404265,-0.9570762150136232,-0.00810064508005261,31.48
0.2855238436641393,-0.08920744957912864,-0.9541796821014197,-0.007700643069050343,31.49
0.2958116285836839,-0.08820346734645343,-0.9511373899457126,-0.007300286979921882,31.5
0.3063310375014263,-0.08720883601085333,-0.9478960409528301,-0.007000709312797859,31.51
0.3169029804865473,-0.08620081072243728,-0.9445088831478192,-0.006700063014388977,31.52
0.32752429337779315,-0.08520631998713886,-0.9409697943180628,-0.006600489576468503,31.53
0.3381390201129261,-0.08410970597899169,-0.9373081622296197,-0.006400738623847168,31.54
0.3488301820930885,-0.08300718209210535,-0.9334807682502546,-0.006400553799873183,31.55
0.35942004361761404,-0.08190456753556648,-0.9295518379036513,-0.0065003625028227366,31.56
0.3701164020717948,-0.08080358089003248,-0.9254410118271789,-0.0066002924984432465,31.57
0.38062889082926255,-0.07960604232792774,-0.9212699270412944,-0.006800516178767696,31.58
0.3911270297673704,-0.07840541839366362,-0.9169633689432419,-0.007100490696364945,31.59
0.4014446872953527,-0.07710858343415967,-0.9126015873368444,-0.007400823831553587,31.6
0.4116305647041861,-0.07570562135108573,-0.9081674339355476,-0.007800579214510815,31.61
0.42175640947455695,-0.07430993887588233,-0.9036208583359312,-0.008301110264735173,31.62
0.4317479374760352,-0.07290809507065778,-0.8989998169960807,-0.008800977182740583,31.63
0.4415262583473991,-0.07140424653681607,-0.8943531887657509,-0.009400559067872145,31.64
0.4512095612319048,-0.069901481228081,-0.8896188512231882,-0.010100214025802834,31.65
0.46064493119465294,-0.06830666261527311,-0.8848863115958076,-0.010801053532136892,31.66
0.46995260708952663,-0.06660745612292504,-0.8800985193419524,-0.011601298664053008,31.67
0.4790522650579403,-0.06490708142434305,-0.8752954955714183,-0.012401352999412233,31.68
0.4879454542361918,-0.06320588790269999,-0.8704810890903492,-0.013301239068131484,31.69
0.4967157883622536,-0.06130194851340074,-0.8656275144078251,-0.014300454547171788,31.7
0.5052085557793388,-0.05940100596455408,-0.8608145780183191,-0.015300259112082113,31.71
0.5135456382610563,-0.05750511041871613,-0.8559760696935502,-0.01640145758029469,31.72
0.5216458364252148,-0.05550487715030564,-0.8511747917590112,-0.01750153784018646,31.73
0.5296261906627083,-0.05340264082588487,-0.8463418526394451,-0.018700924783596386,31.74
0.5373398962817041,-0.05140381661805247,-0.841562484126287,-0.019901477640063114,31.75
0.545010363470593,-0.049200935564684724,-0.836715910304303,-0.021200403129498297,31.76
0.5524684412675056,-0.047005823207047,-0.8319030583749296,-0.022502787705501223,31.77
0.5597177013522123,-0.04480141686721299,-0.82712615827839,-0.023900755873356935,31.78
0.5668337786313329,-0.0425025328013967,-0.8223490052373766,-0.025201501802239925,31.79
0.5737215006161109,-0.04020150657968914,-0.8176306412824339,-0.02660099689103809,31.8
0.5804794005003765,-0.03780517115595147,-0.8129111935332634,-0.02810384416619673,31.81
0.5870353259136373,-0.03540213038729601,-0.8082486378252157,-0.029501775322746674,31.82
0.5934655162747119,-0.0329036324324874,-0.8035887130548215,-0.031003422656751045,31.83
0.599679375817027,-0.03040402439099003,-0.7990057594066426,-0.032404289153555164,31.84
0.6057389290632045,-0.027901793166358605,-0.7944510570378235,-0.033902178793532495,31.85
0.6116336958284803,-0.025301393892185338,-0.789943519187241,-0.035401950347168414,31.86
0.6174291896549278,-0.022701073218605216,-0.7854371324181734,-0.03680173984337762,31.87
0.6230121800071798,-0.020100392966523783,-0.7810152689977649,-0.03830074878695825,31.88
0.6285481360594597,-0.017501340303962682,-0.7765594712015441,-0.03970304057527534,31.89
0.6339367376984553,-0.014800857734559298,-0.772144747084678,-0.04120238774755696,31.9
0.639171687124792,-0.012201368460213524,-0.767786112041469,-0.042604778393860336,31.91
0.6442646068728436,-0.009500952755808777,-0.7634765614509916,-0.04400441276374591,31.92
0.6493224994144139,-0.006800235632247058,-0.7591263041821679,-0.04540157319176712,31.93
0.6542301836057971,-0.004100189166590902,-0.7548348251080031,-0.046802159267427854,31.94
0.6590505675947724,-0.001300099753980583,-0.7505575887403289,-0.04810369089728157,31.95
0.6637353249340145,0.0013000691915236084,-0.7463397212569761,-0.049302623955472226,31.96
0.6683319603985377,0.004100196076064648,-0.7421354897677014,-0.0505024150832353,31.97
0.6728419260866624,0.006800423747605982,-0.7379459828468314,-0.05170322172812195,31.98
0.677324021722403,0.009500336935424228,-0.7337260220548164,-0.05280187265162097,31.99
0.6817696292790169,0.012301256329957322,-0.7294745013878757,-0.05390550538086989,32.0
0.6861349080014395,0.015000763183240916,-0.7252368973657541,-0.05500279833855002,32.01
0.690525839960406,0.017700662371179125,-0.7209269775922617,-0.055902091895418816,32.02
0.6949345182548038,0.02040101334349978,-0.7165355912067448,-0.05680282146621508,32.03
0.6993105596691771,0.023100348817900747,-0.7121107529535551,-0.057700871289734765,32.04
0.7037072693336386,0.025800266518129705,-0.7076073096212628,-0.058500604314363866,32.05
0.7081242536710395,0.028500976175151287,-0.7030240789870651,-0.0592020277041739,32.06
0.7126125064592335,0.031100545819368736,-0.6983122554876267,-0.05980104951762863,32.07
0.717166520279777,0.03380313538621735,-0.6934643217989086,-0.060305593603222074,32.08
0.7218319778649448,0.036401612627159866,-0.6884304981466168,-0.06080269361899231,32.09
0.7265642529179539,0.03890344038335638,-0.6832604233909788,-0.06120541263396941,32.1
0.7314049077433965,0.041500278467802784,-0.6779045487547832,-0.06140041199814677,32.11
0.7363531887118003,0.04400317846437487,-0.6723485654908915,-0.061604449850124816,32.12
0.7414579360793417,0.046403625888968784,-0.6665520830818469,-0.061604813680182696,32.13
0.7465595852983489,0.048903903176274965,-0.6606527287985121,-0.061604916884632675,32.14
0.7521449984205861,0.05120306331489696,-0.6541391350444161,-0.06130366760162469,32.15
0.7577730869499762,0.053505160554076454,-0.6474624475272729,-0.060905874350341234,32.16
0.7635296904292798,0.05580216990956623,-0.6405249072952897,-0.060302344902273174,32.17
0.7694589851393455,0.05800444650127637,-0.6332485435277275,-0.05970457682976205,32.18
0.7754671312179465,0.06010520323213643,-0.6257541707545385,-0.05890509934064619,32.19
0.7816749505875659,0.0622059645938416,-0.617859243184491,-0.058005561839916606,32.2
0.7880333305745899,0.06420271551128004,-0.6096257846678553,-0.05690240673819056,32.21
0.7944539174447232,0.06610448633320266,-0.6011407978046615,-0.05570378046534627,32.22
0.8010934249574448,0.06800793120737358,-0.5921690598218515,-0.05440634496589887,32.23
0.8077718343044402,0.06980620779305427,-0.5829518412975836,-0.05290470476006548,32.24
0.8146449492751485,0.0716039508569858,-0.5732316289277132,-0.051302830711778935,32.25
0.8215976691202376,0.07320870283578988,-0.5631669476343345,-0.04960589700348604,32.26
0.8286766354154539,0.0748069180896403,-0.5526511087745352,-0.047704411669463126,32.27
0.8358071740672289,0.07630978506800234,-0.5417694701354767,-0.045705860781228146,32.28
0.8430475618698421,0.07760437817449554,-0.5304299250483562,-0.04350245426018758,32.29
0.8503515753871183,0.07890478572038531,-0.5186314559517341,-0.04120249900734949,32.3
0.8576787342332793,0.08000734461131337,-0.5064464913896136,-0.03870355295572284,32.31
0.8650638700233727,0.0811059882761798,-0.4937364539081377,-0.03620267294201861,32.32
0.8724865680494865,0.08200813684096504,-0.48054767990345976,-0.03340331427424673,32.33
0.8798722184761187,0.08280679664676362,-0.4669383255359171,-0.030602511804238727,32.34
0.8872507122637305,0.0835047728516924,-0.45282588200294993,-0.027601577613254016,32.35
0.8945868954454368,0.08400816010890631,-0.43824256856812793,-0.02450238003176434,32.36
0.9018367370677419,0.08440343824408673,-0.4232172401054207,-0.021300867708519522,32.37
0.9090377940319466,0.08470352162211868,-0.4076169470268663,-0.018000748396672213,32.38
0.9160866842232859,0.08480802491499415,-0.39163705845178903,-0.014601381648100408,32.39
0.9230261866243772,0.08480240587838264,-0.37511064203987415,-0.011100314920401502,32.4
0.9298106649894915,0.08460097037869539,-0.3581041074776693,-0.0075000860264800885,32.41
0.9363997412484434,0.08430898022775155,-0.3406362831028728,-0.003800404802674447,32.42
0.9427828365391875,0.08370735485131006,-0.32272835615911294,-0.00010000878715807654,32.43
0.948934034129462,0.08310298054184666,-0.3043109143066659,0.0036001291209464253,32.44
0.9547799470720927,0.08220688347054154,-0.2856239162918086,0.007500628053881528,32.45
0.960363169965075,0.08120534145700728,-0.2664175241889992,0.011400749908988707,32.46
0.9656271827877986,0.08010225491021403,-0.24680694771336856,0.015300430713186949,32.47
0.9705330278009137,0.0788026817008882,-0.2269077218011616,0.01920065340935347,32.48
0.975068847166517,0.07730545834458642,-0.2067145955993016,0.023101631148252866,32.49
0.9792142124142793,0.07570883043587064,-0.18622172030593281,0.027003149561010666,32.5
0.9829497974981439,0.07390374405851341,-0.16550838486717145,0.030901565512964337,32.51
0.9862519571216878,0.07200379325974601,-0.1446076181299899,0.03480183340887724,32.52
0.9891192781225978,0.07000136433988662,-0.12350240708537137,0.038600752335994616,32.53
0.9915378427639174,0.06780258773514232,-0.10230390450302447,0.04230161447192507,32.54
0.9934939840088363,0.06550619685180066,-0.08100766328237945,0.04600435198752413,32.55
0.9949727600434645,0.06310461469368038,-0.05980437335470819,0.04970363471118724,32.56
0.9959949377822077,0.06060577691495309,-0.03860367968510214,0.053205071483094134,32.57
0.9965511293673219,0.058002975919021246,-0.017500897906601236,0.05670290921738801,32.58
0.9966591983311796,0.05530328483615716,0.003400201960993388,0.060003564017530375,32.59
0.9963162799410225,0.05250085787102647,0.024300397071732253,0.06330103434735192,32.6
0.9955421571252342,0.04970210468018497,0.044901901411273745,0.06640281188660527,32.61
0.994348137558537,0.046802265752528945,0.0653031614025671,0.06940335989798097,32.62
0.9927419839462704,0.04390185664877735,0.08540361179511584,0.07240306199023872,32.63
0.9907587636449594,0.040902425994830766,0.10520623996714416,0.07520446050883309,32.64
0.9884137736419042,0.03800052954106876,0.12460173633729386,0.07790108555919095,32.65
0.9857420871568859,0.035001494420707116,0.14360613139467263,0.08040343289785293,32.66
0.9827278115906075,0.03210090846856467,0.16230459328498587,0.08290234616959537,32.67
0.9794615268082704,0.029101828088748893,0.18041133289382477,0.08520535234231635,32.68
0.9759160490713915,0.026200430869628505,0.19810325783486285,0.08750143897299596,32.69
0.9721446127399415,0.023401073899922468,0.21530988079714988,0.08960411202705355,32.7
0.9681694541270272,0.02060147790002764,0.2320166443109909,0.09160657163313261,32.71
0.9640183647247736,0.01790034100474424,0.24820472834511287,0.09350178122589868,32.72
0.9597347142324321,0.01520054981383033,0.2638095421637132,0.09530344718802833,32.73
0.9553233770490581,0.01260030833331742,0.2789068249335102,0.09700237367712618,32.74
0.9507966486375259,0.010101026771051867,0.29352983735680427,0.09861002372531824,32.75
0.946184072189887,0.007700684236192929,0.30762733390297986,0.1002089039566924,32.76
0.9415157900243553,0.005300651887751309,0.32123950685768315,0.10161249656519492,32.77
0.9368021216814643,0.0031003379707617586,0.33433644633085674,0.10301122935111649,32.78
0.932031144341041,0.000900030075007443,0.347011595586203,0.10440348870086338,32.79
0.9272805146261753,-0.0011000955199404582,0.35913118291874413,0.10570917859791494,32.8
0.9224803561512862,-0.003100270060785979,0.3709323114662967,0.10690931274129716,32.81
0.9177530889629409,-0.00500028925009775,0.38212210449247,0.10810625358711334,32.82
0.9129884317772972,-0.006800658709700537,0.3930380695459281,0.10921057810283803,32.83
0.9082554824807728,-0.008500519270079904,0.403524650056146,0.11030673829291923,32.84
0.9035601294095339,-0.010100672171595233,0.41362752575958295,0.11130740719787617,32.85
0.8988931975836396,-0.01160120281705632,0.4233438924534431,0.11241165488251123,32.86
0.8942664062175821,-0.013000965422532507,0.4327321337176781,0.11340842145501433,32.87
0.8896983615911114,-0.014301581127195248,0.4417488380337162,0.11441264901756198,32.88
0.8851886914982244,-0.015601563198929275,0.4504451323588298,0.1153115536433683,32.89
0.8807288399380533,-0.016700546868360953,0.45881502414395237,0.11630380843056161,32.9
0.8763002632490056,-0.01770202540459644,0.46695342719808347,0.11721341115359901,32.91
0.8718910258152079,-0.018701952492250963,0.4748495745091314,0.11821234142160769,32.92
0.8675715862849983,-0.01960161739617979,0.48243980775087403,0.11910982815739862,32.93
0.8632714645698781,-0.020401688921716305,0.48984055067924737,0.12000993483362532,32.94
0.8589840041533502,-0.021102063671714622,0.4970486087602923,0.12101183432594641,32.95
0.8547585786126574,-0.021801494107588543,0.5040345426708545,0.1219083546658277,32.96
0.8505558876107034,-0.022301465365924384,0.5108335654221603,0.12290807594045321,32.97
0.8463857008910426,-0.022802308850662614,0.5174523947075805,0.12391254678057446,32.98
0.8422377752113464,-0.023201040590006217,0.5239234984958732,0.12490560214188692,32.99
0.8380545339828471,-0.02360153580190357,0.530334509989384,0.12590819311269744,33.0
0.8339432494184014,-0.02390123955042546,0.5365278250545297,0.1269065815459829,33.01
0.8298323557943409,-0.02410093971395953,0.5426211572113876,0.12790498711267317,33.02
0.825678934550803,-0.024302323291647908,0.548652450938191,0.12901233352356298,33.03
0.8215580204761814,-0.0245017303733006,0.554539162938579,0.1301091886353636,33.04
0.8174419154088464,-0.024601261462023027,0.5603287315923374,0.13120672779745615,33.05
0.8132961291505921,-0.024702919810648826,0.5660669074019123,0.13231563930966964,33.06
0.80914476717265,-0.02470136664091516,0.5717316319275788,0.13340738096753368,33.07
0.80495171980955,-0.024801593553580373,0.5773370951000786,0.13460864888354507,33.08
0.8006842964767009,-0.024802611232353465,0.5829613744894692,0.13581429860296776,33.09
0.7963736878846149,-0.02490230419229802,0.5885544585207785,0.13701267768453126,33.1
0.7920696101361425,-0.025002197289650963,0.5940522076021069,0.13821214661719053,33.11
0.7877280042283344,-0.025000888797395406,0.5995213133615418,0.13940495593427676,33.12
0.7833433200834341,-0.0251013881451477,0.6049334537450137,0.14070778135546938,33.13
0.778880006769054,-0.025202588816872318,0.610362696624491,0.14201458777761386,33.14
0.7744147527415609,-0.025400483883827023,0.6157117294201692,0.14330272994300836,33.15
0.7698798984324048,-0.025502646674495092,0.6210644543082923,0.14461500820125453,33.16
0.765333572093476,-0.025701127404680953,0.6263274744572639,0.14600640471141707,33.17
0.7607666308594238,-0.025902268620032965,0.6315553140367111,0.14731290222899057,33.18
0.7561054765098907,-0.026203655402855998,0.6367888318701685,0.1487207465039957,33.19
0.7514053694488741,-0.026503716611733216,0.6419900261536435,0.15012105144985494,33.2
0.7466670313082359,-0.02680240616000632,0.6471580979903019,0.1515136019866029,33.21
0.7419262312656179,-0.02720096170700203,0.6522230597539237,0.1530054096018864,33.22
0.7370687680387209,-0.02760257530239986,0.657361331386501,0.15441440676414994,33.23
0.7322560416993888,-0.028002143086018696,0.6623506916382208,0.15591193239679696,33.24
0.7273690596969471,-0.028502706175392536,0.6673633624855944,0.15731493618909637,33.25
0.7224819919089267,-0.02900329148028637,0.6722762942430517,0.1588180236920509,33.26
0.7175563626780967,-0.029602325205953538,0.6771531890861872,0.1603125922471065,33.27
0.7125943751225601,-0.030204000180633423,0.6819903219594017,0.16182143143134065,33.28
0.70765748889126,-0.03080250234292087,0.6867557908728494,0.16321325916768462,33.29
0.702670600862081,-0.031503165282031814,0.6914694754284697,0.16471654990319493,33.3
0.6977486452425138,-0.03220224505777403,0.6960485267146188,0.166211587844784,33.31
0.6927880485643333,-0.033004194604623935,0.7005890400163353,0.16772131621804343,33.32
0.6878464587187857,-0.03380228308330177,0.7050476205244895,0.1692114289258775,33.33
0.6829701617137282,-0.03460355483276467,0.7093728740716758,0.17071753785991126,33.34
0.678126030367273,-0.03550136274596401,0.7136273931132371,0.17210660643888467,33.35
0.6733376742968449,-0.036402036750935916,0.7177401586853491,0.17360971373523285,33.36
0.6685662214210133,-0.03740370483342693,0.7217714913979736,0.17511734535649878,33.37
0.6639405978890749,-0.03830234206831084,0.7256443708816278,0.17651079308242462,33.38
0.6593350281038267,-0.03930208797888729,0.7294387524631143,0.17790945169068828,33.39
0.6548910460075811,-0.04040561737737672,0.7330019053435495,0.1794249444926085,33.4
0.6505527587152888,-0.04140335774144959,0.7364597256232724,0.18081466375976052,33.41
0.6463443181175597,-0.04250291431223315,0.7397507227472673,0.18221249382797364,33.42
0.6422698185241167,-0.04360474009288615,0.7428807555274274,0.18361996057463068,33.43
0.6383540613028691,-0.044703785900420255,0.7458631660969446,0.18491566024580997,33.44
0.6346328843548764,-0.04590237849336405,0.7486387917240158,0.1862096487029278,33.45
0.6310425337002055,-0.04700316812030056,0.751250635999357,0.18761264551847628,33.46
0.6276269477415144,-0.04820206960028839,0.7537323621937211,0.18880810665009226,33.47
0.6243924793748002,-0.04930730295239093,0.7560119736655639,0.19012816006591307,33.48
0.6213268698614932,-0.05050218401417256,0.7581327861612716,0.19140827762995302,33.49
0.6183605342756954,-0.05160505186580282,0.7601744171162155,0.19261885638282214,33.5
0.6155554086361092,-0.052704744167543394,0.762068596881747,0.19381744629354666,33.51
0.6129449550315635,-0.05390395346092556,0.7637560159203868,0.19511431020828526,33.52
0.6103888577218323,-0.05500800782353068,0.7654114252245096,0.19632858065016495,33.53
0.6079478139360645,-0.05620442037046689,0.7669603199663889,0.19751553422005713,33.54
0.6056567224082047,-0.05740537626524265,0.768371961403936,0.19871861086940268,33.55
0.6034730306904331,-0.05850708037021932,0.7696931462037742,0.19992419429071526,33.56
0.6012680132716893,-0.05970675381290727,0.7709872112959835,0.20122276159391864,33.57
0.5992475072292781,-0.06080482049322448,0.7721612155068852,0.2024160471682341,33.58
0.597222306669739,-0.0619023120945359,0.7733288843732571,0.20360760488606638,33.59
0.5953529798422218,-0.06290559790370528,0.7743689102836089,0.20481822656087187,33.6
0.5934294585695032,-0.06400317719657601,0.7754384937222663,0.20601022660147905,33.61
0.5916623970482946,-0.06500685565946442,0.776381877668342,0.2072218537329389,33.62
0.5899565175917837,-0.06600632337863659,0.7772744625738842,0.20841996654708886,33.63
0.5882509976895803,-0.06690580031525489,0.778167462261582,0.2096181725871065,33.64
0.5865504015087174,-0.06790583505957701,0.7790669442033945,0.21071810673126473,33.65
0.5849370013603186,-0.06880435235696687,0.7798493309296913,0.2120134113325142,33.66
0.5833368534698637,-0.0696043973967127,0.7806493190786484,0.21321347018648198,33.67
0.5818452547746036,-0.07040547599885201,0.7813607726974868,0.21441667690559474,33.68
0.5802432239276856,-0.07110529683084875,0.7821582651393362,0.21561606183869184,33.69
0.5787500611516526,-0.07180621114686134,0.7828677170719088,0.2168187545492972,33.7
0.577146424639824,-0.07240582419671332,0.78366303647161,0.21801753694590476,33.71
0.5756519578122844,-0.07300658950711737,0.7843707965812624,0.21921978657479627,33.72
0.5741590782670007,-0.0735075635823455,0.7850807811175676,0.22042268045644828,33.73
0.5727223709727238,-0.07390288670313304,0.7857306912402116,0.22170866010939913,33.74
0.5712287620922752,-0.07430374128756312,0.7864395982306814,0.22291122386268933,33.75
0.5697369002053014,-0.07460483193841581,0.7871509814842773,0.22411451524663517,33.76
0.5683145319883768,-0.07480191270936228,0.7878201448186578,0.22530576114196954,33.77
0.5668711297832608,-0.07490939947206464,0.7884989391692357,0.22652842430470813,33.78
0.5653676389767182,-0.07500897386034648,0.789194416975992,0.22782725660515904,33.79
0.5639427879625457,-0.07510569848552434,0.7898599289463,0.2290173762075243,33.8
0.5624559530890387,-0.0750074617384031,0.7905786467227688,0.23022290256240527,33.81
0.5610352313135603,-0.07490470378856624,0.7912496880842939,0.23141453213183213,33.82
0.5595349048760833,-0.07470466022206151,0.7919494033447191,0.23271451718438707,33.83
0.558049297462133,-0.07440657299495108,0.7926700235994385,0.233920664294611,33.84
0.5565653585248126,-0.07400869098083761,0.7933931696634928,0.23512761148101244,33.85
0.5550830077686916,-0.07351099292071861,0.7941187534564704,0.23633534186620145,33.86
0.5535409497064379,-0.07300540077429081,0.7948588018548813,0.23761757841056844,33.87
0.5520615638176634,-0.07230806352177004,0.7955887210452014,0.2388266330428587,33.88
0.5505794956536918,-0.07161033948919952,0.7963149762751488,0.24003465750569672,33.89
0.5490416381515036,-0.0708053697288278,0.7970604473711265,0.24131830106731847,33.9
0.5475486491209427,-0.06990621109324913,0.7977708811027873,0.24262155666984606,33.91
0.5459560425343766,-0.06890707332958151,0.7985819746541485,0.24382502870467304,33.92
0.5443071576861856,-0.0678008915875866,0.7994105123173558,0.24510322312857633,33.93
0.5426414105461185,-0.06670509045968688,0.8002610702524954,0.24631879730466083,33.94
0.5409224649764653,-0.06540271623120879,0.8011332717556783,0.2476102834686131,33.95
0.5392166944072923,-0.06400198153202281,0.8020248310731609,0.2488077032057387,33.96
0.537425950238526,-0.06250301803109021,0.8029387708345972,0.2501120769532106,33.97
0.5356475944032381,-0.060905411686253165,0.8038714271495944,0.2513223309812056,33.98
0.5338115091002057,-0.05920127639327871,0.8048173520491674,0.25260544623213177,33.99
0.5319451986440358,-0.05740487761264834,0.80576846502632,0.25392157536326504,34.0
0.530047401608428,-0.05550496375333539,0.8067721488255073,0.2551228153779434,34.01
0.5282485456307536,-0.053504917060290265,0.8076742246334658,0.2564235651263257,34.02
0.5264608281658762,-0.05140593952835494,0.8085934262388126,0.2576297669747905,34.03
0.524614358891507,-0.04920134665928735,0.8095221569246567,0.2589070863839328,34.04
0.522821012598753,-0.04690188502463947,0.8104325719396125,0.26011045404922656,34.05
0.5211394543558946,-0.04450336925510902,0.8112614188706615,0.26131978396314576,34.06
0.5193391726344496,-0.04200316820844769,0.8121612595733421,0.26251980130279806,34.07
0.517723362793881,-0.03940177804535235,0.8129366845956073,0.26371190026800545,34.08
0.5161593359261931,-0.036704219392542696,0.8136935394488485,0.2648304440094089,34.09
0.5146507316230473,-0.03390334201714206,0.814380277420613,0.2660262234973389,34.1
0.5132249818340009,-0.031001509035179325,0.8150396730216499,0.26711300204181926,34.11
0.5119382048141046,-0.0280020897339225,0.8155608635004927,0.2683200241289788,34.12
0.5107477597022608,-0.02490232860110886,0.8160763107833264,0.26932518442886005,34.13
0.5097280103237721,-0.021701192513293808,0.8164448648780215,0.2704148597048224,34.14
0.5089480240565717,-0.01840173637775775,0.8166770611998357,0.2714256115719268,34.15
0.5082372932796417,-0.014901093407844672,0.8168599392971495,0.27241998955012675,34.16
0.5078391228938063,-0.011400878300491121,0.8168629294597498,0.27332105609861607,34.17
0.5077406767349851,-0.0077006169211333185,0.8166654256879828,0.27422196880191635,34.18
0.5081448432203722,-0.0037003265497252066,0.8161720262785787,0.27502427058768425,34.19
0.5088322584435684,0.00040002536041161037,0.8155517035391707,0.27561747332359954,34.2
0.509930673252522,0.0047002827305096155,0.8146490026113049,0.276216614929097,34.21
0.5113510583955154,0.009100908725599826,0.8135812360742262,0.27662762126383644,34.22
0.5132513045983548,0.0138013795858482,0.812181185628067,0.277027691686953,34.23
0.5154126870394391,0.018600457855905254,0.8106199536557419,0.2773068259915337,34.24
0.518044706597017,0.0236020368256556,0.808769795801173,0.2774239413320705,34.25
0.5211344611556535,0.028701897975757548,0.8066533417158898,0.27731833828144836,34.26
0.5246582901507963,0.03400377785956362,0.8041893463786797,0.2772308006667952,34.27
0.5286406223061869,0.039603043214765425,0.801461586674571,0.2768212717638149,34.28
0.5331340470273995,0.045302893135136364,0.7983509843218403,0.2763176462083483,34.29
0.5381163293877766,0.051201553734722474,0.7949241223384941,0.2755083604280477,34.3
0.543653267038385,0.05720560499373734,0.7910775096161929,0.2745268980905752,34.31
0.5496290733987765,0.06350335909902166,0.7868416210883503,0.27341446264051217,34.32
0.5561675144916185,0.07000849849741647,0.7821949524975631,0.27193301059210767,34.33
0.5632566552037139,0.07660770559056194,0.777078162452567,0.2702271808168386,34.34
0.5707577807348637,0.0834084438641802,0.7715781108059355,0.2682271540092701,34.35
0.5787596066275408,0.09030930098231715,0.765578847197827,0.2660273982424846,34.36
0.5872187355126396,0.09730310450507464,0.7591242202446264,0.2635084073698578,34.37
0.5960499033869547,0.10440874146576859,0.7522629820934016,0.26062182017221547,34.38
0.6053375502528995,0.11160692319217509,0.7448462042431183,0.2575159742113359,34.39
0.6148611048585938,0.11891181744906767,0.7370732502940528,0.2540252450131471,34.4
0.6246543785305797,0.12611097843853042,0.7288634503251464,0.25032179146046124,34.41
0.6347640826688814,0.13341346876954274,0.7201727051045558,0.24622485765413363,34.42
0.6449873662308795,0.14071906098415995,0.7110963209647315,0.24193277080361258,34.43
0.6553503492246932,0.14791136372704428,0.7016539066321451,0.23731823267361465,34.44
0.6658754845940767,0.1550175730130398,0.6917784209878686,0.23242634818213193,34.45
0.6763485297480767,0.16211163192690112,0.6816489100640086,0.22721630335466955,34.46
0.6869126873945053,0.16900312151648186,0.67111239556042,0.22180409675950105,34.47
0.6974385903448352,0.17570972228790874,0.6603365374314522,0.21601195227198797,34.48
0.7078648504695634,0.18231670279825007,0.6492594813857594,0.21011924990626626,34.49
0.7181690516831207,0.18871814517839422,0.637961339741906,0.20401961640907482,34.5
0.7283620518064027,0.1949166056529835,0.6264533698359613,0.19761683569537986,34.51
0.7383347837710146,0.20080946035652136,0.6148289652748472,0.19110900335722725,34.52
0.7481057447394703,0.20642917876233513,0.60308524609345,0.18442606862293895,34.53
0.7576468997946909,0.21181311163742808,0.5912365986782223,0.17761099446084622,34.54
0.7668626667433239,0.21691772615626886,0.5794473514750677,0.17061394228796437,34.55
0.7757962939331532,0.2216275090055263,0.5676704607921332,0.16362030899505461,34.56
0.7843799833829664,0.22612305781319483,0.5559566910143963,0.1566159701616378,34.57
0.7925544226179578,0.23011580144402788,0.5445373919438208,0.14961027334214066,34.58
0.8003455489613239,0.23381330669393668,0.5333303526940822,0.14260811605883392,34.59
0.8076394379966596,0.23721158332442752,0.5225255155439013,0.1357066267163778,34.6
0.8145964905960815,0.24022845554472533,0.5119606427699621,0.1289152702735849,34.61
0.8211751738162743,0.2429222381195628,0.5017459319250088,0.12211117856895273,34.62
0.8273603209031233,0.2452178782611457,0.4919358658917519,0.11550842144845974,34.63
0.8332024027020567,0.24723038524540683,0.4824592954789007,0.10901339802487599,34.64
0.8386206680610496,0.24890613436727313,0.4735116698389065,0.10270253113507011,34.65
0.8436558476473137,0.2503165702538201,0.4650307837316274,0.09660639507198969,34.66
0.8483213652426289,0.2513063292296035,0.45711151249841525,0.09080228688439314,34.67
0.8526199216972083,0.2521058905229489,0.44971050760876685,0.08510198843118981,34.68
0.856597473489347,0.2525287356171163,0.44285039259904596,0.07970907021261057,34.69
0.8601646610079433,0.25281900511894906,0.43663282292299505,0.07450560079652573,34.7
0.8634022026506831,0.2527299161471419,0.4310510243744288,0.06970825150556309,34.71
0.8663234127065969,0.2525068240891328,0.4260115131167151,0.06510175939882196,34.72
0.868933776112329,0.2520097958111485,0.42161638854754047,0.06070235954657426,34.73
0.8712138620240741,0.25133284757966917,0.4178546108984711,0.056707411292348756,34.74
0.8732111537562591,0.2505318909814946,0.4146527824388329,0.05290673466235953,34.75
0.8749547957599304,0.24951562640542077,0.41202580392398136,0.04930308770255408,34.76
0.876459662639923,0.24831690350695215,0.40992790474224605,0.0460031315397495,34.77
0.8776923951532197,0.24712601508928966,0.40834298648707795,0.04290451658166947,34.78
0.8787430462824591,0.2457120364989191,0.40721994815775275,0.04010196444284353,34.79
0.8795687189906116,0.24431908817442458,0.4065317615346033,0.03740292221745182,34.8
0.8802125423682726,0.24283104793434448,0.40625194263151043,0.03490446282087571,34.81
0.8806801499442345,0.2413219625045921,0.40633698037967575,0.03250295806630436,34.82
0.8810264003516358,0.23970718293335652,0.406712187313292,0.03030090798031165,34.83
0.8811861533758831,0.23812328126069432,0.4074398353028428,0.02830276715530302,34.84
0.8812502679489667,0.23641348540982263,0.40842329712932135,0.026401505984853288,34.85
0.881170205627035,0.2348187087518191,0.40963263673230454,0.024501952148294582,34.86
0.8809689517333668,0.2331182457135291,0.411132178519227,0.02280178465151636,34.87
0.880663586206469,0.2314167088895945,0.412829807388179,0.021201530805788262,34.88
0.8802535606573969,0.22971397737219276,0.4147252347246336,0.019701198755908565,34.89
0.879738172667486,0.22800989356392726,0.4168180861291442,0.018300794088683636,34.9
0.87915490054195,0.22631413262728162,0.41902616690601413,0.01690105541935952,34.91
0.8784645519470028,0.22461650542725048,0.42143096788532214,0.015601146414359338,34.92
0.877683677962348,0.22302126274567413,0.4239404182865079,0.014401373020348463,34.93
0.8768184133800235,0.22140464954646125,0.4266089588822058,0.013200277208732106,34.94
0.8759144763640042,0.21972871712396863,0.42935611407064056,0.012101581598543562,34.95
0.874866956130327,0.21811669310930992,0.43233308771735296,0.011000841926650202,34.96
0.8737631972086898,0.21661566729472612,0.43533148648843156,0.010100730561757773,34.97
0.8725670549918602,0.2150165235796561,0.43853370041711254,0.009100699370115676,34.98
0.8713142280697272,0.213527993219567,0.441757913841137,0.008201075149416625,34.99
0.8699701311190182,0.2120170913866328,0.445135883849954,0.007400596586137182,35.0
0.8685486313993461,0.21051178688493077,0.44862511922365766,0.006600369565038209,35.01
0.8670302208650316,0.20910728856156643,0.45221576225509486,0.005800202169569992,35.02
0.8654709282489742,0.2077170231075941,0.4558373574022214,0.005100417996382908,35.03
0.8638384373464236,0.2064091843809931,0.4595204468171818,0.004400195791067682,35.04
0.8621242475854497,0.20510576868086736,0.46331303086224207,0.003800106879509,35.05
0.8603499232527372,0.20391183232736618,0.4671271058367471,0.0032001856961626864,35.06
0.858558766065934,0.20271387522605103,0.4709322340599281,0.0026001779752724847,35.07
0.856750879661778,0.2015119671435138,0.47472819257084864,0.0020001187805807823,35.08
0.854824273079856,0.200505693439999,0.47861359042585294,0.0014000397546932598,35.09
0.8528702538163295,0.19941642660761738,0.4825397484361855,0.0009000741421607605,35.1
0.8509060550308697,0.1985247436808035,0.486360618901636,0.0004000498613215184,35.11
0.8489002865146189,0.19752333480989306,0.4902579175889093,-0.00010001181509361675,35.12
0.8468857557590189,0.19671991988403287,0.4940500275684404,-0.000600060762228875,35.13
0.8448549596027414,0.19591274453856183,0.4978323850500055,-0.0011000715619827362,35.14
0.8427790479540352,0.19511830100371697,0.5016470516835696,-0.0016001500851150546,35.15
0.8407417102308925,0.1944096449017313,0.5053250697985845,-0.0022001091501224735,35.16
0.8386860116609699,0.1938198772476699,0.5089521957241445,-0.002700276927599116,35.17
0.8366876685434481,0.19322024571192228,0.5124536951490113,-0.003300345811849604,35.18
0.8346590667388606,0.19271363786314213,0.5159365115391543,-0.0039002760127984136,35.19
0.8326438023793665,0.19231011673979365,0.5193273199322664,-0.0045002367411808184,35.2
0.8306586714940245,0.19191355533313667,0.5226369151490214,-0.005100360251167259,35.21
0.8287469457003964,0.19171085976923616,0.5257297808069246,-0.005800328568917943,35.22
0.8268239038245943,0.1915055365050917,0.528815288270979,-0.006500187923149326,35.23
0.8249340911057369,0.19130790596257422,0.5318219779973705,-0.00710029342568885,35.24
0.8230611680636414,0.19121421061211208,0.5347397406605456,-0.007800579721623819,35.25
0.8211621396902545,0.1912144697464093,0.5376406848099876,-0.008500643268015057,35.26
0.8193292587702554,0.1912068281177503,0.540419298717742,-0.009300332120790155,35.27
0.8174833630290088,0.1913195098451791,0.5431553883790735,-0.010001019855994725,35.28
0.815583393587584,0.19141957269486645,0.5459558241072497,-0.010701094189315941,35.29
0.8137365497979697,0.19160860629383186,0.5486246420292076,-0.01140051206549939,35.3
0.8118916149593526,0.1918216454166098,0.5512622051805803,-0.012101365534624497,35.31
0.8100553853801123,0.19211313522409826,0.5538378671895139,-0.01290088206346105,35.32
0.8081770673988179,0.19241834892653453,0.5564530631118701,-0.013601297013518034,35.33
0.8062754225307003,0.19281803704281694,0.559052296197794,-0.014201328454398343,35.34
0.8043638288023237,0.19321533224494458,0.5616445682648079,-0.014901182455743657,35.35
0.8024279049155986,0.19370673626888266,0.5642196210784904,-0.015600542518299274,35.36
0.8004330865854652,0.1943080318885006,0.5668234301307367,-0.01620066966852141,35.37
0.7984446343026211,0.19481089023315457,0.5694318321291489,-0.01680093919875255,35.38
0.7964145506267611,0.19550357188288775,0.572010450726403,-0.01750031973376233,35.39
0.7943568541546506,0.19611403638389396,0.5746411285374068,-0.01800128839831765,35.4
0.7922725437953169,0.19681802148310826,0.5772528556913115,-0.018601703249927916,35.41
0.7901645511788864,0.19761614392222243,0.5798473696665211,-0.01910156047021482,35.42
0.7879789161002771,0.1983198617371303,0.58255834322682,-0.01960196313690244,35.43
0.7858134324978611,0.19912874431758196,0.5851844716233913,-0.020102901862297323,35.44
0.7835762260850189,0.20001945783918798,0.5878571865893735,-0.020602004157436363,35.45
0.7813289253322336,0.20090743773101977,0.590521861523978,-0.021100781165378384,35.46
0.7790339938900013,0.20180880611938673,0.5932258859763142,-0.02150093821390889,35.47
0.7767285064592903,0.20270743949954695,0.5959218707339913,-0.021900803774248044,35.48
0.7744589153306191,0.20361548961946543,0.5985455330906192,-0.022301696554587816,35.49
0.7720922782625922,0.2045244441770727,0.6012718622946508,-0.022702713363420782,35.5
0.7697553974405869,0.20541478320682935,0.6039434643554248,-0.02310166257097253,35.51
0.767397945413324,0.20642634684388125,0.6065774193837886,-0.023502999761779116,35.52
0.7650404946651023,0.20731097326022965,0.6092322475163141,-0.023901265127445677,35.53
0.7626620145697094,0.20831693893898567,0.611849751526027,-0.02430197607401513,35.54
0.760361911187316,0.20931704328752496,0.6143500224153206,-0.024702011319645802,35.55
0.7579788073635243,0.21022185685158046,0.6169641460120836,-0.02510260992851888,35.56
0.7556731942720185,0.21112044906143873,0.619460000704193,-0.025602479848284374,35.57
0.753360082862508,0.21201690902276873,0.6219496024587731,-0.02600207374807541,35.58
0.7510376542167149,0.2129106745442591,0.6244313066483579,-0.026401323663543638,35.59
0.7486620479384408,0.21381772087795706,0.6269519607969658,-0.02680222132614242,35.6
0.7463658472997012,0.21471894334080913,0.6293555241936245,-0.02730240872475123,35.61
0.7439870552986558,0.2155252190037106,0.6318739367357047,-0.027703241607437513,35.62
0.7416436284697049,0.21631272497033058,0.6343373159902019,-0.028101653128369344,35.63
0.739169607183495,0.21702043669167692,0.6369599821609633,-0.02850268408162577,35.64
0.7366853462576922,0.21772522383966822,0.6395740957531825,-0.028903348502372122,35.65
0.7341459406196463,0.21841366766289436,0.6422401894373203,-0.029201827361522506,35.66
0.7314251541435839,0.21900753179853005,0.6451221861334783,-0.02950101455733624,35.67
0.7285538749082437,0.21961624012333605,0.6481479290707381,-0.02970219641012332,35.68
0.7255908097444338,0.2201275495861473,0.651281509725121,-0.02990374253805454,35.69
0.7224422026939415,0.22051288163623217,0.6546382418098756,-0.030001752603569,35.7
0.7190413280880319,0.2209126973221784,0.6582378333067352,-0.030001724398666146,35.71
0.7155446120195479,0.2212137920038071,0.6619412700150087,-0.029901864289845537,35.72
0.7118516538300709,0.22141606653270257,0.6658483157067452,-0.02980216252337189,35.73
0.7079456144054515,0.22161427906801534,0.6699431658288063,-0.02960190731233418,35.74
0.7037586325741214,0.22161846380336123,0.6743561829540003,-0.02920243295603857,35.75
0.6994449162974964,0.22161423141482015,0.6788435933410646,-0.02890185599227573,35.76
0.6948261224791211,0.22150832776212628,0.6836257013913748,-0.028401067758213935,35.77
0.690057094235635,0.22121830325351083,0.6885569701177315,-0.02780230031847921,35.78
0.6850539124390426,0.22091738577778758,0.6936545892959415,-0.02720214075670359,35.79
0.6798775172548652,0.22052514350499822,0.6988796838153867,-0.02650302178177983,35.8
0.6745440019404167,0.21991434548064884,0.7042459394609955,-0.025801683098684584,35.81
0.6690158625541539,0.21930519978793117,0.7097168275854754,-0.025000592771081985,35.82
0.6633644091773824,0.21852121725502494,0.7152694488823517,-0.02420234992023617,35.83
0.6576369207731274,0.217612217092811,0.7208404691199365,-0.023401313786635007,35.84
0.6518713023232506,0.2166236945124518,0.7263794520978474,-0.02260247228061593,35.85
0.6460752398427746,0.21552509935931569,0.731885232998363,-0.021902550700552265,35.86
0.6402521730740711,0.2143174643701553,0.7373600862347901,-0.02110171954367838,35.87
0.6344470110929948,0.2130157839892937,0.7427550364734667,-0.02040151170601686,35.88
0.6286601782325285,0.2116202572605839,0.7480716088417616,-0.019801895528164276,35.89
0.6229205754064141,0.21000693664367792,0.7533248827318217,-0.01920063420742198,35.9
0.617234982784002,0.20841181207418344,0.7584429859743798,-0.018701059912606673,35.91
0.6116324479620694,0.20671096630765165,0.7634405015929427,-0.018300970892259436,35.92
0.606162780499462,0.20492122376561586,0.7682795709943685,-0.01790185410153501,35.93
0.6007335669258542,0.2030113435757423,0.7730431949953143,-0.01760098348242889,35.94
0.5953168625889527,0.2011056963995269,0.7777220292884738,-0.017400492875941163,35.95
0.5899259720626426,0.1991087659563861,0.7823344430320484,-0.017200757280009246,35.96
0.5846264841796136,0.19700892470643838,0.7868356444620596,-0.017000770152332246,35.97
0.5793515732757949,0.19481734243763998,0.7912704380732072,-0.01700151345708357,35.98
0.5740471512992376,0.19261582115023196,0.7956653546579675,-0.016901388252538525,35.99
0.5687566339176992,0.19041896095996116,0.7999796579405092,-0.017001692942853676,36.0
0.5634485121880751,0.1881161965611944,0.8042692465417999,-0.017001463804042025,36.01
0.5582236468545317,0.18580787098812612,0.8084342460000062,-0.017200728638298007,36.02
0.5529470937446935,0.18351562977419295,0.8125692054034428,-0.01740148206033219,36.03
0.5477225063801903,0.18110744185768204,0.8166335561622482,-0.017600723228576497,36.04
0.5424444225927236,0.17871463554078118,0.8206672071895078,-0.017901466011079926,36.05
0.53713907828947,0.1763128272247879,0.8246599961971645,-0.018201324194504476,36.06
0.5317447907501668,0.17381464102384614,0.8286698017972319,-0.018501558451905372,36.07
0.5263142501512369,0.17140464084347712,0.8326225435605545,-0.018800509030673103,36.08
0.5208362670919604,0.1689117617354687,0.8365582515791568,-0.01920133703564831,36.09
0.5153225046251763,0.16650727153132514,0.840436702672226,-0.019600855988071906,36.1
0.509717182855856,0.16400552871956128,0.8443284627922292,-0.02000067423409284,36.11
0.5040452829420811,0.16161451929254025,0.8481761993317042,-0.020401832880988995,36.12
0.49835433604364227,0.159117348714717,0.8519928935893615,-0.020802268090924662,36.13
0.49243447654459654,0.15671097171920853,0.8558599208506615,-0.021301491369618005,36.14
0.4865307034888461,0.15430973802328665,0.8596542501932417,-0.02170136950813558,36.15
0.48052252261846506,0.1519071200535793,0.863440470403294,-0.022201040587159052,36.16
0.47433276092348886,0.14951032628728986,0.8672598993734968,-0.02270156793793632,36.17
0.4680370583011946,0.14711164802586693,0.871068969616112,-0.023201837078178876,36.18
0.4615504756122918,0.14481583720186317,0.8748956794488253,-0.023602581201408637,36.19
0.4549548185339155,0.142517172216054,0.8787058772563161,-0.02410290421338176,36.2
0.4481259472435398,0.14030812407558277,0.882551101188181,-0.024501418673212958,36.21
0.4411455484235919,0.13811426034300167,0.8863915202172511,-0.02500258152480117,36.22
0.4339348854277157,0.1359109263185678,0.8902715718086023,-0.02540204215225623,36.23
0.4264426783866662,0.13381339204534695,0.8941894904913655,-0.025802582322645377,36.24
0.4186277873416078,0.13180874909609153,0.8981596173232155,-0.026201739198160833,36.25
0.4107287396954099,0.12990909005705806,0.9020631195647911,-0.02660186139736524,36.26
0.4025152415281862,0.1279048432085839,0.9060343076386005,-0.0269010186263558,36.27
0.39403930541087506,0.12611257972667853,0.9099907715567391,-0.02730272344598195,36.28
0.38532282141991786,0.12430736232155669,0.913954130536369,-0.027601634755229,36.29
0.37630916888460114,0.12260298725817725,0.9179223654509047,-0.027900679808345395,36.3
0.3670347488245847,0.12091144722858935,0.9218872792002784,-0.02810266060482515,36.31
0.35742255764944236,0.11930752973580994,0.9258584327695963,-0.028301786182090706,36.32
0.34741768401018563,0.11780599647783498,0.9298473304337093,-0.028401445670377872,36.33
0.33713876644417673,0.1163133744807409,0.9338073753453807,-0.028503277495280442,36.34
0.3264235849560504,0.11500830965056921,0.9377677561681631,-0.028502059348184543,36.35
0.3154307670403681,0.11361108159729175,0.9416918523944534,-0.02850278015425013,36.36
0.3040254996880331,0.11240942817412802,0.9455793090626161,-0.028502390595753102,36.37
0.292212682305624,0.11120482639420053,0.9494412066425718,-0.02840123264024546,36.38
0.2800121611922466,0.11010478195452268,0.9532414001730337,-0.028301229149073494,36.39
0.267423351089395,0.10900951858169057,0.9569835626680707,-0.02800244514025079,36.4
0.2544088828412193,0.10810377450918163,0.9606335411056418,-0.027800970687837646,36.41
0.2410226077757942,0.1072100562388595,0.9641904404839967,-0.027402570344633864,36.42
0.22711670959100952,0.10630782135413612,0.967671194188731,-0.02700198660923495,36.43
0.21280453916923123,0.1055022503870014,0.9710207120926858,-0.026500565263085658,36.44
0.1980075749246709,0.10480400935406824,0.9742372701596687,-0.025900990861358466,36.45
0.18281522822867938,0.10420868042356889,0.9772814060452161,-0.025302107626835824,36.46
0.1671119873727968,0.10360743202765858,0.9801703101381097,-0.02460176474788032,36.47
0.15100808745469127,0.10310552196409714,0.9828526380825866,-0.023801274711401667,36.48
0.1345028575435631,0.10260217980646522,0.9853209333655963,-0.02290048652600442,36.49
0.11750638429529286,0.10220555297854408,0.987553655247674,-0.022001195357416535,36.5
0.10020227812469004,0.1018023145019306,0.9895224970497085,-0.02100047745128234,36.51
0.0825014169740049,0.10140174158986784,0.9912170242985898,-0.020000343508849674,36.52
0.06450596223910267,0.10120935470693317,0.9925917445319286,-0.018901747074713805,36.53
0.046103221114068636,0.10090705011734327,0.9936694251396658,-0.017701236740108782,36.54
0.02740275000395127,0.10071010676634645,0.9943997930265966,-0.016601666060787997,36.55
0.0084007015298731,0.10050839330383889,0.9947830728291397,-0.015301277786554577,36.56
-0.01070107727816904,0.10031009822433222,0.9948001465976397,-0.014001409522837996,36.57
-0.0302011370942178,0.10010376897785436,0.9944374412745093,-0.012700478182005499,36.58
-0.049803711510877834,0.10000745283308803,0.9936740513495625,-0.011400849622972034,36.59
-0.069707115368417,0.09991019835444562,0.9925013097792976,-0.010001020856300863,36.6
-0.08960246544575558,0.09980274611033936,0.9909272657388304,-0.008600236638766719,36.61
-0.10970286328209797,0.09970260227187938,0.9889258113005167,-0.0071001853172552015,36.62
-0.13001055663573646,0.09960808800707194,0.9864801005037727,-0.0057004628678745985,36.63
-0.1502039887198814,0.099502642327751,0.983626120538451,-0.0042001115354427555,36.64
-0.1704075066160033,0.09940437885933524,0.9803431850684743,-0.002700118942859207,36.65
-0.19060781508063074,0.0992040674501499,0.9766400430626652,-0.0012000492030260067,36.66
-0.2107234864414188,0.09911104654173993,0.9725083921007862,0.00020002229372702307,36.67
-0.23071655912169356,0.09900710599500503,0.9679694736622766,0.0016001148443637178,36.68
-0.2505137410555557,0.0988054196259038,0.9630528248962081,0.0031001700489909087,36.69
-0.2701154632022992,0.09860564484171307,0.9577548282445091,0.004500257624621793,36.7
-0.2896161668256609,0.09840549314794556,0.9520531450898797,0.0058003237831106115,36.71
-0.3087174214156496,0.09810553625162044,0.9460533872990105,0.00720040633039416,36.72
-0.3276284098911859,0.09790849001326954,0.9396814833142805,0.008500737130876313,36.73
-0.34611833437377054,0.09760517028280845,0.9330494249370931,0.009700513849828299,36.74
-0.3644274314851907,0.09730732459799411,0.9260697078904682,0.01090082053564374,36.75
-0.3822370214483778,0.09690938612859185,0.9188889987094964,0.01210117205527308,36.76
-0.39963278721885037,0.09660792603939175,0.9114747804586092,0.013201083061283345,36.77
-0.416710540826447,0.09620243347133238,0.9038228624884637,0.014200359202629104,36.78
-0.43334521109759466,0.09580999589926048,0.8959934793961113,0.015101575554058801,36.79
-0.4495558472962422,0.09531184037226224,0.8880103154935116,0.01590197546609622,36.8
-0.46533791960538157,0.09490773387180466,0.8798716992667412,0.016701360965849715,36.81
-0.4807483512931566,0.0944094952404285,0.8715876599791678,0.017401750182028136,36.82
-0.49563102499504474,0.09390587822242676,0.8632540370777292,0.018001126815800655,36.83
-0.5100433096162074,0.09330792311214146,0.8548725903135962,0.018501571035097718,36.84
-0.5240606006310791,0.09281073232550408,0.846397874645195,0.01890218578612098,36.85
-0.5376509367743573,0.09230874528324623,0.837879380263312,0.01920181917051276,36.86
-0.550756667515006,0.09170943601076093,0.8293853357003712,0.019401996277085738,36.87
-0.5635172748868466,0.0912027958645615,0.8208251627810534,0.01940059473434751,36.88
-0.5758578190276913,0.09060909761012302,0.8122815571627143,0.01940194805338175,36.89
-0.5878238396792371,0.0900036501720506,0.8037325960364119,0.019400786814864242,36.9
-0.599446980500865,0.089507014939652,0.7951623193130426,0.019201504880908587,36.91
-0.6106511930353582,0.08890745342424393,0.7866659489708692,0.01890158458625658,36.92
-0.6216536603516398,0.08840763123404917,0.7780671617657269,0.018501597034274994,36.93
-0.6323537333796849,0.08790746981507877,0.7694653842516679,0.018001529654964935,36.94
-0.6427562629181476,0.08740765112656931,0.7608666015685805,0.017501531976143743,36.95
-0.6528685874478564,0.08690913028372965,0.752279031063538,0.016901775624798977,36.96
-0.6627484785105058,0.08650632773677192,0.7436543965903306,0.016101177763722867,36.97
-0.672352990227322,0.08600677846132633,0.7350579321985449,0.015301205935561545,36.98
-0.6817803900563638,0.08561009445331487,0.726385649549563,0.01450170992491899,36.99
-0.6910383191372237,0.08530473027844454,0.7176397942299156,0.01350074863726848,37.0
-0.7000337879461825,0.08490409799518699,0.708934217535784,0.01250060335618183,37.01
-0.7088621805733731,0.08460742166550136,0.7001614173524527,0.01140100008258529,37.02
-0.7175802766079653,0.08430943180216234,0.6912773340647047,0.010301152402873928,37.03
-0.726085352719473,0.08410988727783428,0.6823802150971026,0.009101069848136646,37.04
-0.734482156424051,0.08390938578973023,0.673375321242257,0.007800872576399234,37.05
-0.7426753148091411,0.08370848888974564,0.6643673735897015,0.006500659232775945,37.06
-0.7508045680800176,0.08361164498666507,0.6551912515641661,0.005100710399904209,37.07
-0.7587701325706541,0.08360772780137958,0.6459597055850607,0.003700342019917517,37.08
-0.766627246416515,0.08360297130240107,0.6366226259701976,0.0022000781921684494,37.09
-0.7743835024032126,0.08360901562819137,0.6271676279956795,0.0007000754897097363,37.1
-0.7820639050526295,0.08370683996535176,0.6175504621099727,-0.0008000653760129201,37.11
-0.7895884151650462,0.0839093958611113,0.6078680667983725,-0.0024002687731426355,37.12
-0.7970026525823648,0.08411083333188214,0.5980770313016115,-0.004000515259542551,37.13
-0.8043338028383613,0.084403547133604,0.5881247164605748,-0.005700239557601218,37.14
-0.8115628579776198,0.08470656077720815,0.5780447713013731,-0.007400573196591974,37.15
-0.818663592164378,0.08520661868116908,0.5678441090043169,-0.00910070692486665,37.16
-0.8256554817842103,0.0856057524718125,0.5575374649887321,-0.010800725779153914,37.17
-0.8325605918019328,0.08620627388988181,0.5470398122710598,-0.012600917065110335,37.18
-0.839346929198754,0.08680485339503377,0.5364299926393561,-0.014300799580057406,37.19
-0.845974973624391,0.08750775528092472,0.5257465937277956,-0.016101426971690147,37.2
-0.8525548338275132,0.08820567313030693,0.5148331125564853,-0.017801144917454232,37.21
-0.8589752065716472,0.08900779297342716,0.5038441134832877,-0.019501707449234042,37.22
-0.8652605573792364,0.08990629231205889,0.4927344852297154,-0.021301490837006165,37.23
-0.8713960418504503,0.09081000872262238,0.48155307488923654,-0.023002535249122408,37.24
-0.877396229321494,0.09181006936249075,0.4702515753185529,-0.024702709294700673,37.25
-0.8831985174572623,0.09291036379999962,0.45895119427147285,-0.026302933992895478,37.26
-0.8888620002868555,0.09410656416178341,0.4475312163910529,-0.028001953204356382,37.27
-0.8942794468436474,0.09530846710377945,0.43623875499127596,-0.02960262986644147,37.28
-0.8995628411572303,0.09660674870015391,0.4248296775137203,-0.031202179704397537,37.29
-0.9046658530242497,0.09790712691916212,0.41343009467192665,-0.03270238049291727,37.3
-0.9095126332182137,0.09920137791670895,0.4022055866743986,-0.03430047643692659,37.31
-0.9141989125313096,0.10061088568061453,0.39094229833550914,-0.035803873830675945,37.32
-0.9186634634641598,0.10200704689020716,0.37982623930294784,-0.03720257004231085,37.33
-0.9229244116735374,0.10340273503851313,0.3688097551470372,-0.03870102365561372,37.34
-0.9269801548045276,0.10480906270742743,0.35793094983767443,-0.04010346769625802,37.35
-0.9308059922590566,0.10631210591719964,0.34723954068157775,-0.04150472620473928,37.36
-0.934446078672237,0.10770531107983725,0.33671660390511793,-0.04280211062411359,37.37
-0.9378278820374055,0.10920324666078554,0.3265097072778982,-0.04410131115147108,37.38
-0.9410548274514176,0.11060644411915706,0.3164184350750569,-0.04540264523516935,37.39
-0.9440244552702748,0.11210290406334512,0.3067079453722386,-0.046701209810510416,37.4
-0.9467923925097116,0.11351107695135974,0.2973290147809626,-0.04790467476625667,37.41
-0.9493700755915145,0.11490848170806386,0.2882212743974239,-0.04920363185410567,37.42
-0.9517699433842789,0.11630854724765329,0.27942053397243616,-0.05030369670298332,37.43
-0.9539465394171659,0.11760573753586194,0.271113226581396,-0.05150251261136811,37.44
-0.9559619531218732,0.11890770606359527,0.2631170518530859,-0.05260340907439118,37.45
-0.9577900269156435,0.1202112991910414,0.255524017831207,-0.05380505737502519,37.46
-0.9594704181180733,0.12140891052692734,0.2483182247432954,-0.05490402955459894,37.47
-0.9609929180923957,0.12261185530037227,0.24152335281435486,-0.05590540547545522,37.48
-0.9623178896558546,0.1238023015061777,0.2353043743489791,-0.0570010596595487,37.49
-0.9635382435918473,0.12490495757615125,0.22940910542809526,-0.05800230215705983,37.5
-0.9646118725261615,0.12591460316334238,0.22402598179975136,-0.059006843420470224,37.51
-0.965548920775388,0.12690642987715872,0.2191111015451968,-0.06000304013104431,37.52
-0.9663552674381625,0.12780730950905222,0.2147122797464281,-0.06100348888929723,37.53
-0.9670322365569174,0.12870429042903336,0.210807027369388,-0.06200206687334941,37.54
-0.9676179598193911,0.1295157889370658,0.20732527449153468,-0.0629076689122891,37.55
-0.9680781222162355,0.13021050776090273,0.20441649605475054,-0.06390515703472877,37.56
-0.9684440700501342,0.13090595701111377,0.20190918808666056,-0.06490295347609842,37.57
-0.9687379655848214,0.1315051537879674,0.19980783062232613,-0.0658025788535989,37.58
-0.9689053402704124,0.13201435272057643,0.19832156170068413,-0.06680726334647352,37.59
-0.9689929599536864,0.13251271255430225,0.19721892011855396,-0.0678065049900505,37.6
-0.9690093588770722,0.13281498901731364,0.19662219006629414,-0.06870775410760126,37.61
-0.9689165725208075,0.13311601548567248,0.19652364419935867,-0.06970838677198626,37.62
-0.9687403585640241,0.13330555362504842,0.19690820336663192,-0.07070294554606844,37.63
-0.9684549420073344,0.1335075740995241,0.1978112221489578,-0.07170406788716013,37.64
-0.9680909176873206,0.13351253875129884,0.19921870950755605,-0.07270682821887212,37.65
-0.9676065925753811,0.13341469710548406,0.20122216684875108,-0.07380813078249418,37.66
-0.9670386968276958,0.13320533031794113,0.20370815154477936,-0.07480299330166665,37.67
-0.9663432979814709,0.13300595946552377,0.20670926181596816,-0.07590340092806959,37.68
-0.9655678142089714,0.13250930645540002,0.21021476390132138,-0.0770054082797419,37.69
-0.9646400864517061,0.13200548560193365,0.21430890579162412,-0.07820324980356978,37.7
-0.9635944802527016,0.13141288500799686,0.21892146520738595,-0.07930777611213205,37.71
-0.9623939149805594,0.1307127555730636,0.22412187087929267,-0.08050785633995118,37.72
-0.9610444108883645,0.12990600309510775,0.22991062441543703,-0.08160377099738869,37.73
-0.9595165230167908,0.12890221971533541,0.23630406919110752,-0.08290142757487437,37.74
-0.9578322172284488,0.12780429876988492,0.2432081804447262,-0.08410282884622317,37.75
-0.9559603994861195,0.12650799302750718,0.2507158407272415,-0.08530538976479339,37.76
-0.9539154450632993,0.12511514172511926,0.25863130016079805,-0.08661048180172123,37.77
-0.9516413639908484,0.12370537697106762,0.2671116102584653,-0.08790382082260989,37.78
-0.9491798009004335,0.12211026624164253,0.2760232062464647,-0.08920749998979946,37.79
-0.9465001166122812,0.12031272615010294,0.28543019154812455,-0.09050957370394278,37.8
-0.9435921085212885,0.11851156847882638,0.29522881869155737,-0.09180896191017943,37.81
-0.9404652799607017,0.11650808710699888,0.30542120002126577,-0.09310646274387636,37.82
-0.9370718714833808,0.11450878258788377,0.31602423840848276,-0.0944072408410151,37.83
-0.9334611670470219,0.1123073591808234,0.32692142222806025,-0.09570627135890292,37.84
-0.9295657737533152,0.11000778387613197,0.33822393188098027,-0.09700686396349818,37.85
-0.925424894264488,0.10760289455679588,0.3498094099996952,-0.09820264168659253,37.86
-0.9210116195568339,0.10511273885918475,0.3616438284631894,-0.09951206009979907,37.87
-0.9162844074259641,0.1025094430922957,0.37383443734536714,-0.10080928647515519,37.88
-0.9112911701292177,0.09980998549044767,0.3862386412466021,-0.1020102056114796,37.89
-0.9060286853222731,0.09700307116585043,0.3988126266076407,-0.10320326746717283,37.9
-0.9004500258908211,0.09410522816117978,0.4116228683436939,-0.10440580042536841,37.91
-0.8945599464705867,0.09110610522467351,0.424628455306217,-0.1056070769673493,37.92
-0.8883772788587985,0.08810766437854345,0.4377380783029338,-0.10680929121031148,37.93
-0.8818707068184924,0.08500681569468345,0.4510361632741439,-0.10790865192301581,37.94
-0.8750663981820386,0.08170619969311149,0.46443524036084427,-0.1090082713163911,37.95
-0.8678740284725225,0.07840668798368952,0.47804077622708663,-0.11010939218117623,37.96
-0.8603471354090055,0.07510411469163816,0.49172693999838196,-0.11120609259267861,37.97
-0.8524718621445568,0.07160603628525372,0.5055426165111139,-0.11220945909504842,37.98
-0.8442509858566003,0.06810411293157366,0.5194313694076264,-0.1131068307277677,37.99
-0.8356325986635231,0.0645025162922418,0.5334208091516555,-0.1141044513014696,38.0
-0.8266773103436842,0.06080568650967336,0.5474511972926841,-0.11491074638094521,38.01
-0.8172994182614781,0.05700693446023526,0.5615683105161772,-0.11581408790342532,38.02
-0.8075396067512935,0.05310260448110673,0.5757282372838634,-0.11660571906774096,38.03
-0.7974071547990692,0.049206612336779386,0.5898792674030993,-0.1173157647785411,38.04
-0.7868640218613339,0.045203677920859546,0.6040491474380346,-0.11800960165180147,38.05
-0.77591127019305,0.041100596990506964,0.6182089795506425,-0.11870172415506512,38.06
-0.764609067793382,0.03700527862440174,0.6322901931445076,-0.11921700573050507,38.07
-0.7528694704712084,0.03280302687494107,0.6463596423559272,-0.11971104624787945,38.08
-0.7408316045503895,0.028601220154078216,0.660228165934351,-0.1202051280601469,38.09
-0.7283612796122891,0.024302044617024066,0.6740567107767168,-0.12061014735856387,38.1
-0.7155891608081637,0.020002492265776762,0.687685684097405,-0.12091506574662053,38.11
-0.7024647913156923,0.015601438987079727,0.7011646714001023,-0.12111117059842019,38.12
-0.6889716740065267,0.011301175665951155,0.7144743270580094,-0.12131262020175887,38.13
-0.6752295115507175,0.006900301584271254,0.7275317974720779,-0.12130530176407292,38.14
-0.6611114670778456,0.0025000433636282165,0.7404128425721326,-0.12130210400324107,38.15
-0.6466590135610467,-0.001800164281487603,0.7530687244223139,-0.12131107074691458,38.16
-0.6319510573884729,-0.006200500958709498,0.7654618441606855,-0.1211097848547936,38.17
-0.6169127486336772,-0.010700221122354263,0.7776160696021193,-0.12090249847594678,38.18
-0.6015346283375991,-0.01510086930656317,0.7895454514921605,-0.12060694293851114,38.19
-0.5859374367387881,-0.019601252364021583,0.801151187184576,-0.12020768031405073,38.2
-0.5700507937886907,-0.02400213868583961,0.8124723945156708,-0.11981067560681605,38.21
-0.5538366707399948,-0.028501887172426597,0.8235545293506422,-0.11920789301590352,38.22
-0.5373727383230312,-0.03290445391927736,0.834312931898516,-0.1186160557697962,38.23
-0.5206412312117141,-0.037402962057852686,0.8447668997397905,-0.11790933761018267,38.24
-0.5036125778812008,-0.04180104399411079,0.8549213519273999,-0.11720292717965992,38.25
-0.48633327606116106,-0.04630316817115311,0.8647591688465679,-0.11630795806274528,38.26
-0.4687485226710025,-0.05070524877196464,0.8742905024941121,-0.11541194690896882,38.27
-0.45093590269114603,-0.05520439527290145,0.8834703402913249,-0.11440910904383922,38.28
-0.43273687940836175,-0.05970508828444464,0.8923760515278049,-0.11330965666042844,38.29
-0.41422682205512024,-0.06420415735378734,0.9009583389412309,-0.11210725918005547,38.3
-0.39552218348375845,-0.068603847754705,0.9091509911632991,-0.11090622034980736,38.31
-0.3765392148358559,-0.073107613823376,0.9169955008844521,-0.10951140511162342,38.32
-0.3574142307309005,-0.07750308584679572,0.9244368071842317,-0.10800430027682499,38.33
-0.33812241318701175,-0.08190542928132583,0.9314617439881182,-0.10650706005447132,38.34
-0.318637690695215,-0.08621019754528417,0.9381109663280341,-0.10481239794368655,38.35
-0.2990114598338014,-0.09050346861190309,0.9443361923781225,-0.1031039515346653,38.36
-0.27931019780148597,-0.0948034613375613,0.9501346900508122,-0.10120369501435869,38.37
-0.25962297505363874,-0.09890875282282308,0.9554845545695163,-0.09930878822352206,38.38
-0.23982673857450806,-0.10311149602598742,0.9604070769520437,-0.09731084930483584,38.39
-0.22002503037107576,-0.10711218523973734,0.9649097695546086,-0.09521083132421097,38.4
-0.2003120681640808,-0.11110669382441025,0.9689583766559055,-0.09300560329136053,38.41
-0.18051749840922232,-0.11501114857097268,0.9725942781327906,-0.09080880252386364,38.42
-0.16091741622985822,-0.11871284839331367,0.9758056122776424,-0.08840956864337766,38.43
-0.14141173978288735,-0.1224101623014527,0.9785812402938845,-0.08600714017912525,38.44
-0.12200526037020373,-0.12600543284135796,0.9809422942387938,-0.08360360464712321,38.45
-0.10271075489266604,-0.12951356142746107,0.9829029202386775,-0.08110849290939841,38.46
-0.08370528573715708,-0.13290839276545013,0.9844621658262537,-0.07850495735205294,38.47
-0.06480404227820959,-0.13610849003185685,0.9856614825525211,-0.07580472846741183,38.48
-0.04610326722380182,-0.13930987254393912,0.9864699086672043,-0.07310518078221069,38.49
-0.027700770784670772,-0.14230395966276718,0.9869274616386854,-0.07040195896176255,38.5
-0.009400422276453201,-0.14520652282351115,0.9870443390275861,-0.0676030367966209,38.51
0.00850021450561961,-0.14800373492137672,0.9868249028406388,-0.06480163528990007,38.52
0.026202604144206207,-0.15061496885944484,0.9862980231685557,-0.06200616247865591,38.53
0.04370249329836604,-0.15320874080800176,0.9854562218812333,-0.05910337194355682,38.54
0.061002255295068156,-0.15560575285102632,0.984336391589108,-0.0561020741320217,38.55
0.07790298101460388,-0.15790604239032033,0.9829376128273961,-0.05320203581485143,38.56
0.09460640033948178,-0.16011083186417582,0.9812663849164854,-0.050303403140337564,38.57
0.11090701897280057,-0.16221026580151715,0.9793619808842525,-0.0473029936646841,38.58
0.1268049321737572,-0.16420638693163198,0.9772380104116368,-0.044301723149033474,38.59
0.14241664663054412,-0.16601940548223543,0.9749139546029101,-0.04120481630041024,38.6
0.15761409684715547,-0.1678150092065526,0.9723869693178253,-0.0382034168753892,38.61
0.1724027395012962,-0.16940269183015993,0.9697154089002722,-0.035100557752294065,38.62
0.1868155343575496,-0.1709142121076297,0.9668803994479602,-0.03210266944795151,38.63
0.2008048053164875,-0.17230412328700598,0.9639230669549916,-0.029000693994911043,38.64
0.21440945888192248,-0.17360765887081037,0.9608423884969735,-0.025901142654112835,38.65
0.22751894629151936,-0.17481455741431906,0.9576797493132262,-0.02290190712121228,38.66
0.24030947679107956,-0.17580693308311188,0.954437638990455,-0.019800780859190074,38.67
0.25260777412387486,-0.17680544127118397,0.9511292714537505,-0.01680051704386816,38.68
0.2645231481109075,-0.17761554292815565,0.9477829393750739,-0.013701198975876872,38.69
0.2759064535274229,-0.17840417292240757,0.9444220902910408,-0.010700250281781171,38.7
0.2869153647291829,-0.17900958622002,0.9410503945979822,-0.007700412368123765,38.71
0.2974269525645153,-0.1796162766663986,0.9376849721738048,-0.004700425948396846,38.72
0.30751906984880034,-0.18001116283832214,0.9343579413324687,-0.0018001116283832214,38.73
0.3171281130676796,-0.18031598481899283,0.9310825394702291,0.0011000975224675102,38.74
0.3264029115269563,-0.18060161097355484,0.9278082760867342,0.004000035680477405,38.75
0.3352403335146312,-0.18072174303727284,0.9246112420473643,0.006900830254328625,38.76
0.34363064462916315,-0.18081612499695196,0.9214821768373427,0.009700865113221428,38.77
0.3517325051027642,-0.18081671004429845,0.9183848718676951,0.012601164527423454,38.78
0.3593430824280601,-0.18072166711592114,0.9154097504770483,0.015401846561069096,38.79
0.36664084973272987,-0.18052011286622405,0.9125016674744755,0.01810201685805349,38.8
0.37354126177898056,-0.1802199072893502,0.9097004865171638,0.020802297844719667,38.81
0.3801266326048531,-0.17991260511868737,0.9069635440919266,0.023501646583041432,38.82
0.38632069382221174,-0.17950961569010357,0.9043484427217864,0.02620140351576999,38.83
0.3922482161529148,-0.17902200584235528,0.901810852894144,0.028803540604803533,38.84
0.39783311302805335,-0.17851485841002393,0.8993748580847872,0.03140261374831794,38.85
0.403148537974406,-0.17802143329060846,0.8970079972940826,0.0340040939993297,38.86
0.40821666782682803,-0.17740724368564256,0.894736532838469,0.03650149038627933,38.87
0.41294407380829135,-0.17671886132701642,0.8925952673138775,0.03900416294144675,38.88
0.4174185212706923,-0.17600780963977442,0.8905395141148813,0.04150184147756045,38.89
0.42163269888374677,-0.17531359609658637,0.8885689111911979,0.04400341259697547,38.9
0.42551590182638244,-0.17460652516777056,0.886733137836553,0.046401734065203634,38.91
0.4291509217779827,-0.17382062504081425,0.8850050120748937,0.04880579115070043,38.92
0.4325452054989245,-0.17291807174743132,0.8833923237391907,0.05120535149490158,38.93
0.4356413944337317,-0.17211635441240866,0.8818837961700289,0.05360509352995412,38.94
0.4384585447011546,-0.17122286234680126,0.8805175701525924,0.05590746498356419,38.95
0.4410302182206375,-0.1703116693037972,0.8792602445795566,0.05820398798285965,38.96
0.4433152702574806,-0.1694058352844963,0.878130247717333,0.06050208403017725,38.97
0.4453225116219581,-0.16840851326552378,0.877144340767167,0.06280317478072978,38.98
0.44703806691216535,-0.16751426444695233,0.8762746179607143,0.06510554397311401,38.99
0.4485215205788485,-0.16650798924499058,0.875542009513449,0.06730322928641361,39.0
0.44984148179564276,-0.1655152628661158,0.8748806764669371,0.06950640948154108,39.01
0.4508294108159532,-0.1646107387318232,0.8743570405421204,0.07180468433137853,39.02
0.45162603021639885,-0.16360942990124636,0.873950371581291,0.07400426535875447,39.03
0.45222102876676784,-0.16260756142741364,0.8736406252336321,0.07620354354716433,39.04
0.45252777248162196,-0.16170992444260393,0.8734536054927041,0.07840481185095947,39.05
0.4527237867326488,-0.16070844384346514,0.8733458867983702,0.08050422980335373,39.06
0.4526282946790782,-0.15980999003472535,0.8733545951021631,0.08270517006177588,39.07
0.45233883495604305,-0.15881363473583823,0.8734749910471103,0.08490728960373216,39.08
0.4518448229704321,-0.157915665221406,0.8736866696480068,0.0870086312492864,39.09
0.451236310190608,-0.1569126264825053,0.8739703268518891,0.08910717029694852,39.1
0.4504193481786605,-0.15600670141179182,0.8743375579764717,0.09120391774843213,39.11
0.4495522994611714,-0.15521805756701626,0.8747017599749511,0.09331085548326429,39.12
0.4485266881319394,-0.15430918166947213,0.8751520730975701,0.09550568275719112,39.13
0.4474548120971063,-0.1535188056703304,0.8756072597027639,0.09761195722100487,39.14
0.44634082643086964,-0.15271396862198922,0.8760801343343979,0.09970912031180305,39.15
0.4450246083160941,-0.15190840000722403,0.876648475617726,0.10180562949792894,39.16
0.44374426126003724,-0.1511150729691044,0.8771874950443512,0.10391036453666412,39.17
0.44233478215143457,-0.1504118273469947,0.8777690216918701,0.10600833576317446,39.18
0.4409221789434153,-0.14970753047817933,0.8783441818235466,0.10810543784028849,39.19
0.43934509230085306,-0.14901529422450968,0.8789902153954468,0.11021131156738904,39.2
0.43771941328647845,-0.14840658197786932,0.8796390128553495,0.1123049808363526,39.21
0.43596691515759983,-0.14782268882838553,0.8803351198020632,0.11441756158299936,39.22
0.43412749199392336,-0.14730932865861532,0.881055794624848,0.1165073780633312,39.23
0.4321550535782234,-0.14681870369193056,0.8818123368199945,0.11871512348931988,39.24
0.4301443695293607,-0.14641510276470218,0.8825910395481535,0.12071245152800242,39.25
0.4279235770989883,-0.14600804453482658,0.8834486749456562,0.12280676622518291,39.26
0.4256114469738016,-0.14560391606998474,0.8843237842080187,0.1250033620106325,39.27
0.4232118966536248,-0.1453040845552261,0.8852248840212398,0.1271035729316534,39.28
0.42064307395294903,-0.14501484955581934,0.8861907461476656,0.12921323146628866,39.29
0.41794314440798724,-0.14481494929475125,0.8871915850785486,0.13131355554144225,39.3
0.4150299558681362,-0.14461043763501805,0.8882641127760929,0.13350963640577393,39.31
0.4119385963352207,-0.14461354947820568,0.8893833302279965,0.13561270614968665,39.32
0.40863814815177807,-0.14451349096410163,0.890583139816834,0.13781286543151008,39.33
0.40533055496889375,-0.14451089364175956,0.8917672239471073,0.13991054685454782,39.34
0.40184864672320697,-0.14451749490170088,0.8930081051745931,0.14201719222174064,39.35
0.39822794065250866,-0.14461014620379897,0.8942627436752216,0.14421011813684517,39.36
0.3945212494867615,-0.1447077941716968,0.8955482355269833,0.14630788035465958,39.37
0.3907164065263723,-0.1448060805349852,0.8968376590039691,0.1485062359077714,39.38
0.3868187205449821,-0.1450070177844426,0.8981434667048822,0.15060728881611765,39.39
0.38282161471856774,-0.1452081986863533,0.8994507844249735,0.15280862781869683,39.4
0.3788217639355251,-0.14540835394990853,0.900751749674571,0.1549088997719452,39.41
0.37472218795764295,-0.1457086276632735,0.9020534121638482,0.15700929679570308,39.42
0.3705332086743088,-0.14591307731600986,0.9033809646302378,0.15911426045906216,39.43
0.3663299065626832,-0.146211936498674,0.9046738560649829,0.16121316117364054,39.44
0.3621180411702279,-0.14650729917547192,0.9059451353109899,0.16330813621402435,39.45
0.35793038600025606,-0.14681246343905446,0.907177013525656,0.16541404259413903,39.46
0.3536203885712716,-0.14710848178403294,0.9084523783318527,0.1674096522817615,39.47
0.34941580618149704,-0.1474066680914501,0.9096411485480529,0.1695076678527869,39.48
0.34521420758307564,-0.14760607485301844,0.9108374862881382,0.17150705851824297,39.49
0.3410248991368622,-0.1479107993617065,0.9119665851111572,0.17361267592422075,39.5
0.3368333751042899,-0.1482146858386454,0.9130904734863916,0.1756174010341844,39.51
0.33263893933019834,-0.1484173740126321,0.9142070187664892,0.17762079261889124,39.52
0.3285260515061722,-0.1486117846387129,0.9152725794168913,0.17961424307612947,39.53
0.32443604684731836,-0.1488165344355147,0.9163018067864152,0.18162017912291312,39.54
0.3203387809585855,-0.1490180404708999,0.9173110518114724,0.18362222973461223,39.55
0.31633039764843524,-0.14921433869474088,0.9182882425570447,0.18551782726457394,39.56
0.31232509164414635,-0.1492119874265342,0.9192738528315699,0.18741505659338142,39.57
0.3084278291563851,-0.1493134724158505,0.9201830272593707,0.189317081904357,39.58
0.3045290565034876,-0.14931424675195631,0.9210878851878886,0.19121824500317514,39.59
0.3008165619117366,-0.1492082148844119,0.9219507593963764,0.1930106264925704,39.6
0.29712651229589215,-0.14911330522826496,0.9227823389277001,0.19481738335657958,39.61
0.2934354227279453,-0.1489179769740663,0.9236114958734065,0.19662373588382429,39.62
0.28992221614100033,-0.14871139544728096,0.9243708326289293,0.198415204147549,39.63
0.28632286808907637,-0.14841185338602492,0.9251738919636904,0.2001159829012371,39.64
0.2829290158584407,-0.14811518999164042,0.9258949553967636,0.2018206977738895,39.65
0.27951316258474646,-0.14760695097498597,0.9266436366763009,0.20350958349193526,39.66
0.2761206615015242,-0.14721101547636495,0.9273693930110951,0.2051153483301797,39.67
0.2728245157483434,-0.14661317451872116,0.9280833966805815,0.2067185755321942,39.68
0.2695244159751317,-0.14601322720730697,0.9287841377220959,0.20831887141974004,39.69
0.2663228807815741,-0.14531248433181645,0.9294798550446676,0.20981802624098478,39.7
0.2631178307839751,-0.14460979981513797,0.9301630346338854,0.211314320200129,39.71
0.2600305852960402,-0.1438169160214253,0.9308094835962484,0.21282503288845134,39.72
0.25691579309921764,-0.14300879102058436,0.9314572584375684,0.21431317423574286,39.73
0.2538307991594064,-0.14211724413140917,0.932113100144077,0.21572617564493285,39.74
0.25071694527738925,-0.14110953721036945,0.9327630429207058,0.21721468095033483,39.75
0.24772252519470153,-0.14011274033014812,0.9333848718781387,0.21861987891627677,39.76
0.2448277576964243,-0.13901576111030628,0.9340058942511872,0.21992493430328308,39.77
0.24183052214719294,-0.13791740696483834,0.9346179609038536,0.22132793445481305,39.78
0.23902414146231205,-0.13681381820939031,0.9351944547339246,0.22262248489335004,39.79
0.23612405400195377,-0.13561381500493405,0.9357953296468791,0.22392281105903197,39.8
0.23331888676171433,-0.13431087223359725,0.9363757980068287,0.22521823102759567,39.81
0.23062746360043967,-0.13301583980424317,0.9369115693880828,0.2265269753057224,39.82
0.2279171685073511,-0.13170992142351093,0.9374706176340102,0.22771715344064872,39.83
0.22531852307056482,-0.13031071263246605,0.9379771095778195,0.229018827266575,39.84
0.2227045632632524,-0.12880263919311588,0.9385192304560501,0.23020471694297573,39.85
0.22010921616582535,-0.1273053303857772,0.9390393183994094,0.2314096893265424,39.86
0.2176144990490148,-0.12570837559954579,0.9395626004437014,0.23251549186073506,39.87
0.21520779711973703,-0.12410449638735764,0.9400340580508959,0.23370846741116422,39.88
0.21292221213914939,-0.1224127701542127,0.9404981131782812,0.23482449699517272,39.89
0.21071005110916255,-0.120705757801974,0.9409448841414858,0.23591125323517537,39.9
0.20861399220970198,-0.11890797542537664,0.9413631393432046,0.2370158971893546,39.91
0.20671480337712372,-0.11700837927007003,0.9417674423814099,0.2380170450109117,39.92
0.20481388070705922,-0.11510780112003183,0.9421638526080103,0.2390161986766951,39.93
0.20300945437044018,-0.11310526743495952,0.9425438952913294,0.24001117758081597,39.94
0.2014165369765565,-0.11100911422243184,0.9428774134135923,0.24101978853699166,39.95
0.199821895684731,-0.10891193413447049,0.9432033524538028,0.24202652029882332,39.96
0.19841984198419843,-0.10671067106710672,0.9434943494349435,0.24302430243024303,39.97
0.19711719331143362,-0.1045091156826221,0.9437823202841193,0.24392127574154573,39.98
0.195906498326326,-0.10220339014267749,0.9440313140380385,0.24490812373719878,39.99
0.19481574564487025,-0.09980806681395303,0.9442763194963373,0.24581986796462582,40.0
0.19401212516665528,-0.09740608758367127,0.9444590258112848,0.2467154189619271,40.01
0.19331002241792514,-0.09490492047315621,0.9446489765958204,0.2475128326354706,40.02
0.19271621775211448,-0.0924077764415951,0.9447795065408539,0.2484209054988336,40.03
0.19241160950469977,-0.08980541857339937,0.9448570096675692,0.24931504287693165,40.04
0.19220666007615947,-0.0872030216370505,0.9449327424868007,0.25010866641543955,40.05
0.19221269510668632,-0.08450558135543701,0.9449624121035791,0.2509165723322976,40.06
0.19231351723060452,-0.08180574991920671,0.9449664192990027,0.2517176925998084,40.07
0.19260693204822885,-0.0790028433634999,0.9449340087869753,0.2525090879656168,40.08
0.19310946452679037,-0.07620373483656875,0.9448463080523644,0.2533124151457069,40.09
0.19380916545215646,-0.07330346660290542,0.9447446780322611,0.25401201251211425,40.1
0.19471289626219332,-0.07040466305525635,0.9445625604501366,0.25481687708067213,40.11
0.19581207904065492,-0.06750416412279983,0.9443582545357019,0.25551576197593123,40.12
0.19712137897288728,-0.0645069961631214,0.9441023934571567,0.2562277894107241,40.13
0.19871676842840982,-0.06150519002691094,0.9437796394861114,0.2569216799660719,40.14
0.20052570503241218,-0.05850749997205044,0.9434209354467552,0.25753301269748696,40.15
0.20261584821837686,-0.055404333619437696,0.9429737575770362,0.25822019748265007,40.16
0.20492007802826542,-0.05220511504673233,0.9424923452115047,0.25882535965697945,40.17
0.2075071560076645,-0.04910169330109074,0.9419324831017793,0.25940894587175023,40.18
0.21041763268432714,-0.04590384667400483,0.9412788777684824,0.2600217894388073,40.19
0.21352161909079267,-0.04260431369212069,0.940595235385904,0.2605263783285784,40.2
0.21701705929644535,-0.039303089540784805,0.9397738738288927,0.26112052618572296,40.21
0.2207088340478777,-0.036001440986513804,0.9389375817288281,0.2615104671659267,40.22
0.2247157542501969,-0.03270229267459474,0.9379657583945692,0.26201836944170714,40.23
0.22900745889440627,-0.02930095434762491,0.9369305163238831,0.2624085467855555,40.24
0.2335298902358752,-0.026003328248962548,0.935819778559779,0.2627336281154793,40.25
0.23832270012666185,-0.022602152844576406,0.9345890191706483,0.2631250625401793,40.26
0.2434241817421997,-0.019201907516229393,0.9332927132367328,0.26332615880329163,40.27
0.2488144154807534,-0.015700909658552364,0.9318539885247831,0.2636152729932741,40.28
0.2543167460374824,-0.012300809973499936,0.9303612616542268,0.263817371626771,40.29
0.26021192058112896,-0.008800403155703055,0.9287425466706167,0.26391209008977684,40.3
0.2663287037911947,-0.005400582052093321,0.9269999081639443,0.2640284558801179,40.31
0.2726172858470311,-0.001900120480958764,0.9251586615447119,0.2641167468532682,40.32
0.2793177553974507,0.0014000889994859685,0.9231586824467839,0.26411678911731734,40.33
0.2862185361126174,0.004800310878199034,0.9210596497544397,0.2640170983009469,40.34
0.2932190407966413,0.00820053251886923,0.9188596680898841,0.26391713801580363,40.35
0.3004094014593303,0.01160036303904205,0.9165286832139689,0.2638082560085597,40.36
0.30782358018939837,0.015001149132036958,0.9140700204454519,0.26362019408032944,40.37
0.3152238412807082,0.018401391749889057,0.911568944566515,0.2633199156383581,40.38
0.32272026908301965,0.021701362996905876,0.9089570888427535,0.2630165192712556,40.39
0.33043012668803784,0.025002279561746204,0.9061826204359295,0.2627239536348291,40.4
0.338114006662845,0.028301172400350533,0.9033374215277963,0.2624108705954763,40.41
0.34601753488288156,0.031601601451731375,0.9003456261706886,0.2620132778592918,40.42
0.3539237809377887,0.03490234516736034,0.8972602889442893,0.2616175786756867,40.43
0.36193032560279914,0.03810319260974481,0.8940749132050357,0.2611218790132381,40.44
0.36993874386378295,0.041304325822044435,0.8907932932129534,0.260627295622876,40.45
0.378010771570406,0.04450126808170123,0.8874252875438579,0.2600074090166814,40.46
0.38611804371778424,0.04760222450392782,0.8839413075424748,0.2594121226117411,40.47
0.39422569252560014,0.050703304442029244,0.8803573747597306,0.25881686764491457,40.48
0.4024274927732853,0.05380367572366488,0.8766598910662572,0.2581176339085113,40.49
0.4107132806286472,0.05680183671708585,0.8728282233569108,0.2574083234327095,40.5
0.4189607013289761,0.059808665408146985,0.8689258947591656,0.256637183005527,40.51
0.4272411175275131,0.06280604443054266,0.8648832360435237,0.2559246300919724,40.52
0.43562323240649287,0.06570350406130987,0.8607459048031872,0.25501360023796066,40.53
0.44394317557333884,0.0687066820497598,0.8564832970511542,0.25422472455675316,40.54
0.4523559983533488,0.0715088522712015,0.852105484406485,0.2533313605635712,40.55
0.4607320450281363,0.07440517505989439,0.8476589567307322,0.25231754929585154,40.56
0.46913152435195377,0.07720518797691502,0.8430566510950693,0.2514168945258605,40.57
0.4774578212560095,0.08000968936003511,0.8384015323814679,0.25043032769690987,40.58
0.4858129227956218,0.08280220256788284,0.8336221746447723,0.24940663430470994,40.59
0.49413912748523275,0.08550677069416597,0.8287656242602963,0.2483196627293732,40.6
0.5023449166670886,0.08810787807758412,0.823873665837841,0.2472221051166719,40.61
0.5104555073975594,0.09070986387335157,0.8188890467420096,0.24622677492413622,40.62
0.5185329434443788,0.09320592156030107,0.8138517056413413,0.24511557268701495,40.63
0.5265411665976698,0.09570748270350808,0.8087632315812642,0.24391907033840773,40.64
0.5344559364131911,0.09821027873460961,0.8035841034955072,0.24282541422365797,40.65
0.5423240173509244,0.10060445536696107,0.7983353550640658,0.2417107043955715,40.66
0.5500554896464183,0.10301039169742016,0.7930800059811086,0.24052426410902472,40.67
0.5576528205884715,0.10540998437952816,0.7877746176067774,0.23942267799297004,40.68
0.5652171461221954,0.10770326722816781,0.7824237351840158,0.23820722612580847,40.69
0.5726375777108146,0.11000721891056514,0.7770509917591738,0.23701555347094488,40.7
0.5799843387548609,0.11231633254383665,0.7716122044307211,0.23583429397895533,40.71
0.5872342455635742,0.11460668348362671,0.7661446790297244,0.23461368189580126,40.72
0.5943457604417124,0.11690900117051352,0.7606585653575071,0.2334179715414701,40.73
0.6014503916248038,0.11920998783118827,0.7550632618502277,0.2322194561610899,40.74
0.608445671646235,0.12140911331008042,0.7494562562979759,0.2310173408124265,40.75
0.6153776778730612,0.12371561637070969,0.7437938875901114,0.22972899822434933,40.76
0.6222561922713578,0.12601137934135498,0.7380666504279364,0.22842062731401175,40.77
0.6290650675650814,0.1283132721281398,0.7322757431973809,0.2271234925978219,40.78
0.635856765467293,0.130711669151581,0.7263648454842637,0.22582015986554696,40.79
0.6425556573687489,0.13301152129189667,0.7204624055540026,0.22441943893159105,40.8
0.6492820452165625,0.13541711171029355,0.7143902724864304,0.22302818250661344,40.81
0.6559555257055595,0.13791167402774301,0.7082599532012155,0.2215187512483327,40.82
0.6626707571343105,0.14031498223052183,0.7019749538674502,0.2200234931626144,40.83
0.6693613062627297,0.14281308013494368,0.6955637061194211,0.21852001407202515,40.84
0.6761005402453035,0.14542162507643067,0.689002458838742,0.21683224426802042,40.85
0.6828588239927572,0.14801275036749864,0.6822587723020782,0.2152185397235521,40.86
0.6896696015199333,0.15061520009991583,0.6753681582169533,0.21342153852139467,40.87
0.6964441211326549,0.15330971247793795,0.6683423408284798,0.21161340613393134,40.88
0.7033485397576508,0.15601076667452513,0.661045620332443,0.20971447289517897,40.89
0.7102847100544475,0.1588189410822955,0.6535779470861468,0.20762476176753492,40.9
0.7172679213153563,0.16171531354809415,0.6458611594889252,0.2055194615592662,40.91
0.7243639714070971,0.16461453775177162,0.6378563315800725,0.20331795580155024,40.92
0.731488083783572,0.16752017231849645,0.6296758238311962,0.2009241947390205,40.93
0.7386399245669135,0.17050921627221602,0.6212335785824081,0.19851072979492598,40.94
0.7459005317894604,0.17352338732297048,0.612482549836237,0.1959264067813828,40.95
0.7531885161497687,0.1766207568079261,0.6034709210526761,0.19322270790085685,40.96
0.7605679826045635,0.17971606373969765,0.5941531077782659,0.19031701129473824,40.97
0.7678878782778138,0.18282092230943522,0.5846669101865198,0.18732143735534582,40.98
0.7753548078917123,0.18591314173490173,0.5747406269771276,0.18421302155765948,40.99
0.7827933380143689,0.1890225385009783,0.5645673173746151,0.18102158449035488,41.0
0.7902446421807908,0.19211085264860783,0.5541313037615492,0.17761003347419443,41.01
0.7976979234305206,0.1952239652126851,0.5433667023568227,0.17412137471069913,41.02
0.8051586659976848,0.19831444971722878,0.5323387876171503,0.17031240941424136,41.03
0.8126408321644438,0.20131011508085472,0.5209261745932301,0.16650836642306166,41.04
0.8200532026773415,0.20441326174054708,0.5092330375650028,0.16251054321349756,41.05
0.8273842195891545,0.20732110325254652,0.4973506254099922,0.1584161252059979,41.06
0.8346617380387655,0.21031555656548334,0.4851358844028339,0.15411139927123624,41.07
0.8418663711516577,0.21321680960980452,0.47263726182736215,0.14971180299525205,41.08
0.8490030497541025,0.21602622069370495,0.4598558160878034,0.1451176139937805,41.09
0.8559930771876991,0.21862377225520624,0.4469485993634569,0.1404152681822093,41.1
0.86285152240265,0.22131321500661386,0.4337258985466264,0.13560809740125096,41.11
0.8695475699010027,0.2237122385127709,0.42042299986932896,0.13070715053025997,41.12
0.8760590001801176,0.22611522824283628,0.406927405448961,0.12570846612173606,41.13
0.8824435717270577,0.22831127314742436,0.39321941568798624,0.12060595506605071,41.14
0.8885986710317111,0.23042558672561197,0.37944213369660235,0.1154128155735053,41.15
0.8945660795640407,0.23241716812820912,0.3655270006491413,0.11010813343767566,41.16
0.9003748332622178,0.23421946678886083,0.3514292084953275,0.10470870270193736,41.17
0.9059113297545557,0.23592899391598554,0.33734145675227606,0.09931220473021349,41.18
0.9112196418811894,0.23743117438546193,0.32324244128635765,0.09391233055937184,41.19
0.9162892280080774,0.2388232565469645,0.3091301030094922,0.08840860920750278,41.2
0.9211704445974505,0.24001835490542625,0.2949225535900425,0.08280633244237205,41.21
0.9257584958986534,0.24111523534748336,0.2808177440297525,0.07730488466346107,41.22
0.9301238170224744,0.24203221905316,0.26673550752676767,0.07170954589302302,41.23
0.9342429855086676,0.24281117199904143,0.25271162752948007,0.06610304147090872,41.24
0.9381006823681375,0.24342612589382162,0.23882563214233607,0.060606504639135535,41.25
0.9417530551528351,0.24381373563370629,0.22501267644620146,0.055003098686849244,41.26
0.9451487898398299,0.24411260141773616,0.21131090815062537,0.04950255538786539,41.27
0.9483342259998355,0.24420881365513006,0.19770713537927606,0.04400158804596938,41.28
0.9512786359422047,0.24422018807515392,0.1842152278601284,0.038603191071666425,41.29
0.9540095933768483,0.24402803311033755,0.17091963466621593,0.03320381434124265,41.3
0.9565363155905953,0.24370925259741563,0.15770598742147085,0.027801055487107734,41.31
0.9588536877210053,0.24321361791171098,0.14470810243348922,0.022501259880812075,41.32
0.9609590911913319,0.24261491885005423,0.1319081112791515,0.01720105772556032,41.33
0.9628933425904653,0.24182344229162286,0.11921155633234676,0.012101173084072112,41.34
0.9645981576798063,0.24102452669863483,0.10681086909300498,0.0070007123937362815,41.35
0.9661520480127775,0.23991292445737017,0.09480510728869818,0.0020001077487067126,41.36
0.9675257171753484,0.23870634489897227,0.08310220888606869,-0.0027000717688614373,41.37
0.9687618574194573,0.23731515305629938,0.07160457209789733,-0.007400472535257546,41.38
0.9698286394625912,0.2359069664355798,0.060301780737878174,-0.01200035437569715,41.39
0.970746310557394,0.2344111828522233,0.04930235202480635,-0.01650078718882971,41.4
0.9715316433009419,0.2328075826664532,0.03860125726342394,-0.02090068074625804,41.41
0.972214407200839,0.2310271865686594,0.02820331887981037,-0.025102954038412777,41.42
0.9727689814943034,0.22921625430090914,0.018101283607532527,-0.02920207079226242,41.43
0.973194647781969,0.22742211787649752,0.00830080729276574,-0.03320322917106296,41.44
0.9735559664733953,0.225412958236367,-0.001100063238952989,-0.03710213287741444,41.45
0.9738161654825217,0.22340370853234273,-0.010400172644298857,-0.04080067729686474,41.46
0.973998013481658,0.22132227167418722,-0.019301942355679228,-0.04440446842446413,41.47
0.9740959288201184,0.21922158890900406,-0.028002757707354532,-0.04790471764936722,41.48
0.9741245385061914,0.21710546895564536,-0.03640091695064713,-0.05120128977673442,41.49
0.9741195074413128,0.21482635543982956,-0.04450546004223657,-0.05440667474826223,41.5
0.9740356649688211,0.21260778477656198,-0.05240191873138216,-0.057502105478138825,41.51
0.9739106522751646,0.21032389625535747,-0.06000681776187089,-0.06050687457655315,41.52
0.9737130916605266,0.20810279796092798,-0.06750090755580317,-0.06340085243019142,41.53
0.9734858019523992,0.2058181405812654,-0.07470658455500742,-0.0662058353084537,41.54
0.9732230705263335,0.203504824139035,-0.08170193676736688,-0.06890163333257746,41.55
0.9729388599541153,0.20110803241522518,-0.08850353490177737,-0.07150285588109698,41.56
0.9726055772026272,0.1988215822600332,-0.09511032431050884,-0.0739080227817729,41.57
0.9722343496463701,0.19650694271293123,-0.10160358971823823,-0.07630269582186591,41.58
0.9718532492983335,0.19411063561309583,-0.10790591232690902,-0.07860430684796152,41.59
0.9714229987117451,0.19180454102626385,-0.11410270141343433,-0.08080191300793597,41.6
0.9709711359512251,0.18951388429576388,-0.12010879949298808,-0.08290607392147138,41.61
0.9704927932521563,0.1871178911969069,-0.12611205815034718,-0.08500812801569795,41.62
0.9699727264315985,0.1848138569384054,-0.1320098978131467,-0.08700652355866488,41.63
0.9694316718500874,0.18250596256719717,-0.1378045021466289,-0.08890290450533606,41.64
0.9688430757207411,0.18020801222633934,-0.14360638488181093,-0.09080403723724535,41.65
0.9681984078462764,0.17801809378849004,-0.14941518658427197,-0.0926094128360347,41.66
0.9675603582977846,0.17571096119164936,-0.1551096760433968,-0.09430588298447659,41.67
0.9668438473627393,0.17350786876027646,-0.16090729731140335,-0.09600435389617602,41.68
0.9660963535942555,0.17131708630506828,-0.1666166175039368,-0.0977097450788393,41.69
0.9653022791950081,0.16911791899282622,-0.17241826868340177,-0.099310522507319,41.7
0.9644346913397824,0.16700600731412657,-0.1783064137970585,-0.10090362956883456,41.71
0.9635627010650037,0.16481072458278426,-0.18411198055637487,-0.10240666381842904,41.72
0.9626010832341463,0.16271708700487855,-0.19011996459512853,-0.1038109012360565,41.73
0.9615875517244017,0.16061462382416944,-0.1961178563631359,-0.10530958834797659,41.74
0.9604805396700185,0.15861330028286644,-0.20231696498880128,-0.10670894792044042,41.75
0.9593168231227606,0.15651906048656383,-0.20862540586260203,-0.10811316574183738,41.76
0.9580514918611823,0.15450830427197565,-0.2151115614815661,-0.10950588555198273,41.77
0.9566860960558504,0.15261373432795605,-0.22171995347646042,-0.11090998123833766,41.78
0.95524253789734,0.1506067066659751,-0.2285101757846966,-0.11230500105304783,41.79
0.9537177723422423,0.14861835252732508,-0.23542907257693355,-0.11361402992667652,41.8
0.9520684847492505,0.14671055326965868,-0.24251744490724084,-0.11500827284260905,41.81
0.9503079563643031,0.1448164513592413,-0.24982838086697842,-0.11631321334999836,41.82
0.9484286666896825,0.14290431934832942,-0.2573077772451026,-0.11770355764379548,41.83
0.9464534903305518,0.14100796929058307,-0.2649149720927337,-0.11900672585517293,41.84
0.9442914685016731,0.13921348487124857,-0.2728264272476768,-0.12041166363863741,41.85
0.9420589653160165,0.13730859441389498,-0.2808175769222266,-0.12170761791821572,41.86
0.9396393623173486,0.13550567645168235,-0.28911211116001007,-0.12300515279377806,41.87
0.9370535025971397,0.13370763425532292,-0.2976169929273306,-0.12440710322634385,41.88
0.9343307026113401,0.1319043344476461,-0.3063100655141319,-0.1257041307056036,41.89
0.9314291448739218,0.13010407102007432,-0.3152098630709257,-0.12710397714566832,41.9
0.9283655309938394,0.12830905701444534,-0.3243228931393969,-0.12840906407369276,41.91
0.9250781816608378,0.12651069187037403,-0.3337282045624017,-0.1298109707887316,41.92
0.9216598637522893,0.12470810005415632,-0.3432222930119202,-0.13110851577465832,41.93
0.9180677099905097,0.12290906487781443,-0.3528260218787057,-0.13250977295614655,41.94
0.9142545917715607,0.12110723152869832,-0.3627216587568859,-0.13380798991362375,41.95
0.9102772858224887,0.11941013835113728,-0.3726316377691269,-0.13521147994199129,41.96
0.9060752753303769,0.11760977083758535,-0.38283180507336456,-0.1365113411507687,41.97
0.9016988406271786,0.11591270588807677,-0.3930430838137547,-0.13791511770462284,41.98
0.8971059275506681,0.11411347417339045,-0.40344763787507193,-0.139316450064446,41.99
0.8923481211699361,0.11230605626738073,-0.4139223213630355,-0.1406075824683324,42.0
0.8873453001338873,0.1106056465623892,-0.424521672384577,-0.14200724965514708,42.01
0.882143909805943,0.1088054159243698,-0.4352216636974792,-0.14340713826796536,42.02
0.8767180799591633,0.10701441313669915,-0.44606007718661517,-0.14471949141009688,42.03
0.8710732124248367,0.10530885105434593,-0.45693840500219046,-0.14611228052269648,42.04
0.8651878556355184,0.10351051099095614,-0.4679475178035592,-0.14751497943155584,42.05
0.8591115585834567,0.10171320780900762,-0.4789621948843043,-0.14891933768693447,42.06
0.8527991905783758,0.09991162089689193,-0.4900569993941646,-0.15031748369172027,42.07
0.8462796471255628,0.0982092429067954,-0.5011471651791769,-0.15171427850265645,42.08
0.8395363107306756,0.09640416957050284,-0.5123221584125374,-0.15300661767932505,42.09
0.8325864561034872,0.09460982432118906,-0.5234543557051835,-0.1544160346214756,42.1
0.8254702752759286,0.09280790107294182,-0.5345455077962005,-0.15571325643380432,42.11
0.8181739376287117,0.09100822432980414,-0.5455493007901995,-0.15711419826606846,42.12
0.8106762841741079,0.08920839445883348,-0.5565523712594264,-0.15841490675200925,42.13
0.8030423174299048,0.08740460590706561,-0.5674299015065106,-0.15970841605673203,42.14
0.7952499233809596,0.0856053740460389,-0.5782362999231273,-0.16091010144868761,42.15
0.7873559003165349,0.08380595001463943,-0.5888418063081109,-0.16221151661544767,42.16
0.7792558902367436,0.08200588167275792,-0.5994429935933061,-0.1634117203088859,42.17
0.7710812261191552,0.08020844920201847,-0.6098642434338013,-0.16451733034578603,42.18
0.7627616527022202,0.07840633744834674,-0.6201501256596915,-0.16571339432641652,42.19
0.7543715442180047,0.07660726539453687,-0.630259773520067,-0.16681582072857376,42.2
0.7458650571875556,0.07480652490966634,-0.6402558455503795,-0.16781463743104294,42.21
0.7372787898214453,0.07300780203060976,-0.6500694701355664,-0.1688180408598209,42.22
0.7285611762075982,0.071305987458616,-0.6597553986879239,-0.1698142590529172,42.23
0.7198807787549246,0.06950779956024904,-0.6691750890037789,-0.17071915661776274,42.24
0.7110791439577352,0.06770753592959027,-0.6784755151349192,-0.17161910141089645,42.25
0.7022561300643828,0.06590526768903848,-0.6875549550260085,-0.17251378871561668,42.26
0.6933884473375467,0.0641081775195972,-0.6964888428182137,-0.17322209588758558,42.27
0.6844452809753939,0.06230412186552753,-0.7052466571359552,-0.17401151211238827,42.28
0.6755471582153763,0.06060423062598343,-0.7137498250456167,-0.1747121962105496,42.29
0.6664502089178045,0.05880443019862981,-0.722254413085892,-0.17531320771802392,42.3
0.6573929422103248,0.05700805979916099,-0.7305032785492489,-0.17592487225741085,42.31
0.6482348468008099,0.055202967515280324,-0.7386397066446748,-0.17650948852259016,42.32
0.6390720594372814,0.05350603314537489,-0.7465841821125674,-0.17701996012581972,42.33
0.6298643533791624,0.051705282740080495,-0.7543770748712324,-0.1775181370670075,42.34
0.6207283958699684,0.05000228740695734,-0.761934855507216,-0.1779081385939542,42.35
0.6115509993643441,0.04820401990083628,-0.7693641599525591,-0.17821486195703373,42.36
0.6022671866522156,0.046505187943088715,-0.7766866442280149,-0.17851991500734055,42.37
0.5931208248377464,0.0448015730108431,-0.7837275171561995,-0.17880627799863272,42.38
0.5839819208899678,0.04300603287937766,-0.7906109067708847,-0.17902511361415352,42.39
0.5748388517967424,0.041302791543502894,-0.7973538909838949,-0.17911210570075953,42.4
0.5655695127649407,0.03950485544511965,-0.8039988175273843,-0.17932204003316335,42.41
0.5563118857304094,0.03780080762288239,-0.810517316887465,-0.17930383086727017,42.42
0.5470405919179363,0.036002671497341335,-0.8168606133063444,-0.17941331296175098,42.43
0.5376354259653637,0.034302260250394304,-0.8231542394198119,-0.17941182183442383,42.44
0.5283226813795779,0.032501395314851945,-0.8292355998484686,-0.17940770213798274,42.45
0.5189131675886934,0.030800781579749005,-0.8352211940067003,-0.1794045524482783,42.46
0.5095354801907716,0.029002019480927132,-0.8410585649468868,-0.17931248596311156,42.47
0.5000603059086536,0.027303292702612482,-0.8468021220257139,-0.17922161363766143,42.48
0.4906415321103026,0.02550215872159135,-0.8523721520946003,-0.17911516184458867,42.49
0.481245679601622,0.02380225929866709,-0.8577814201876791,-0.17901699220426087,42.5
0.4717642256358513,0.022103009087454554,-0.8631175041843113,-0.1788243450152432,42.51
0.46233643817059494,0.020401607914082062,-0.8682684309316688,-0.17871408501208158,42.52
0.45294419592139923,0.018601815067648544,-0.8732852105951994,-0.1785174187943691,42.53
0.4435380660703153,0.016901450544731293,-0.8781753682442929,-0.1783153036760704,42.54
0.4341204323589848,0.015200715438508568,-0.8829415566223168,-0.1781083828683142,42.55
0.4248204577217243,0.013400645323613713,-0.8875427406497889,-0.17780856257750136,42.56
0.41542081102680567,0.011700586155545561,-0.8920446880980035,-0.17760889754058903,42.57
0.4061393588416953,0.01000096919088144,-0.8963868685787034,-0.17731718375432792,42.58
0.3969345149566785,0.008200713083005198,-0.9005783086885587,-0.17701539215755124,42.59
0.3876387541834804,0.006500649902457747,-0.9046904464251196,-0.17671766734835137,42.6
0.37842946188045573,0.004700365937732933,-0.9086707427710943,-0.1763137265579396,42.61
0.3691228752533911,0.003000185927283049,-0.9125565528819274,-0.17601090773393888,42.62
0.35993829047233183,0.0012001276703717649,-0.9162974763288426,-0.17561868243106826,42.63
0.3506295295092938,-0.0004000336902558971,-0.9199774791659994,-0.17521475633208294,42.64
0.34143732113891223,-0.0022002404994306,-0.9235009441700982,-0.1748191087729404,42.65
0.3321224871142609,-0.0039002640763192336,-0.9269627621385379,-0.17441180895130112,42.66
0.3229250373487561,-0.005700441972399844,-0.9302721267940939,-0.17401349178904787,42.67
0.31361164932107505,-0.00750027860302316,-0.9335346767896159,-0.17350644501660242,42.68
0.3043200629614979,-0.009300613163134835,-0.9366617514615146,-0.17311141274609032,42.69
0.2949127021636292,-0.011000473800610108,-0.9397404754939381,-0.17260743436230044,42.7
0.28541651325007494,-0.012800740608272456,-0.942754544642066,-0.17200995192366114,42.71
0.2759130261614549,-0.014600689314814213,-0.9456446449375562,-0.17150809708839984,42.72
0.26631943936534486,-0.016401197167073434,-0.9484692312958807,-0.1709124753568811,42.73
0.25662975794575077,-0.018202110657103133,-0.9512102992291642,-0.17031974972003644,42.74
0.24691331639423938,-0.020001078687261187,-0.953851442595486,-0.16970915266141118,42.75
0.23710549972584996,-0.021800505668593543,-0.9564221844698562,-0.16900392009139031,42.76
0.2271285075523728,-0.02350294992285672,-0.9589203568525542,-0.1683211264687994,42.77
0.21722051418793173,-0.025302389543990205,-0.961290783781952,-0.16761582954833038,42.78
0.2072156764589086,-0.027002042781807588,-0.9635728970470967,-0.16691262741791432,42.79
0.1971121444533412,-0.028801774531995058,-0.9657595022759593,-0.16621024052838815,42.8
0.18691290023898036,-0.03060211207765007,-0.9678667996323445,-0.16541141626285366,42.81
0.1766144785653449,-0.032302648118123674,-0.9698795091317751,-0.16461349474437018,42.82
0.1663152118849503,-0.034103119213931485,-0.9717888838761648,-0.1637149740563221,42.83
0.1558185926046311,-0.03580427224162897,-0.9736161739448548,-0.16281942795913956,42.84
0.14530435628990332,-0.037501124300560046,-0.9753292408089657,-0.16190485398028456,42.85
0.13480201260907249,-0.03930058676214057,-0.9769145854436418,-0.16100240378383288,42.86
0.12410320376555835,-0.04100105845598624,-0.9784252583740716,-0.1600041305599463,42.87
0.11340159387060286,-0.04270060016115293,-0.9798137713793358,-0.15900223479211512,42.88
0.1025105724605349,-0.044304569365870204,-0.9811011861832657,-0.1580162970611172,42.89
0.09160728261040818,-0.046003657206100175,-0.9822780893006868,-0.15691247425298083,42.9
0.08070279317200836,-0.04760164752153157,-0.9833340337798738,-0.15580539251795417,42.91
0.069605341370813,-0.049203775796609193,-0.9842755312809506,-0.15471187227104558,42.92
0.05860490660818045,-0.05080425351016326,-0.9850824745572994,-0.1536128610071078,42.93
0.04750350873873795,-0.052303863306020944,-0.9857728118689263,-0.15251126489805342,42.94
0.03640184234386271,-0.05380272302472017,-0.9863499204327416,-0.15130765787435244,42.95
0.025302086116488355,-0.0553045597724034,-0.9867813585430458,-0.15021238477061466,42.96
0.01420151587970045,-0.05670605284359264,-0.9871053643143903,-0.14901590606164555,42.97
0.003100301472471226,-0.05820565990252431,-0.9872960043947079,-0.1478143734294346,42.98
-0.007800523237644836,-0.05960399807226054,-0.9873662298111214,-0.14660983418445295,42.99
-0.018701939585222243,-0.060906316617114147,-0.9873023935043529,-0.14551509142512495,43.0
-0.029501062204867375,-0.06220223963195765,-0.9871355424550706,-0.14430519580211396,43.01
-0.04030185009889416,-0.06350291516823273,-0.9868453021734183,-0.1431065694578599,43.02
-0.05100130054974624,-0.06480165246320699,-0.9864251541621508,-0.14200362113850915,43.03
-0.061606874478602885,-0.06600736551278881,-0.9859100139773819,-0.14081571309394947,43.04
-0.07210494548728519,-0.06730461624541322,-0.9852675768942214,-0.1397095823103154,43.05
-0.08250211579388965,-0.06850175675007808,-0.9845252484737499,-0.13860355453373463,43.06
-0.0928091087329185,-0.06960683154968889,-0.9836965447165803,-0.13741348642136858,43.07
-0.10310416394574312,-0.07080285943121836,-0.982739688743761,-0.1363055048089698,43.08
-0.11321042489590873,-0.07200663067584301,-0.981690398213993,-0.13521245093574963,43.09
-0.1232087419703752,-0.07310518699703268,-0.9805695738794876,-0.13400950831193406,43.1
-0.1331048584159999,-0.0743027120984883,-0.9793357464071277,-0.13290485111560021,43.11
-0.1429167779854094,-0.07540885276486961,-0.9780148158987532,-0.13181547472692062,43.12
-0.15250468577845694,-0.07650235057083249,-0.976630007417974,-0.1307040159425857,43.13
-0.16210568433548359,-0.07770272469381291,-0.9751341936800125,-0.1296045446630393,43.14
-0.17151404843347898,-0.07880645490704458,-0.973579744314821,-0.12851052608572625,43.15
-0.18090495867287676,-0.08000219289016108,-0.9719266408743445,-0.12740349217758154,43.16
-0.19031791451684554,-0.08110763461542918,-0.970191323556447,-0.12621188025236946,43.17
-0.19961313996742178,-0.08230541793245898,-0.9683637446415556,-0.12510823552066364,43.18
-0.20881483055591782,-0.08340592369905914,-0.9664686410404166,-0.12400880741826538,43.19
-0.21802055485675936,-0.0845079673642026,-0.9644909316690767,-0.12281157860738555,43.2
-0.2273226765680379,-0.08560853987780045,-0.9623960037898058,-0.12161213141519317,43.21
-0.23650550709484977,-0.0867020188800147,-0.9602223590379483,-0.12050280594050486,43.22
-0.2458105909774733,-0.08770377879871606,-0.9579412737889409,-0.11930514037271181,43.23
-0.25511713169060884,-0.08880596352068235,-0.9555641682884233,-0.11800792449820402,43.24
-0.2645195513625885,-0.08980663785391474,-0.9530704440398746,-0.11670862625336136,43.25
-0.2740114909128122,-0.09090381213129427,-0.9504398575311559,-0.11540483960342528,43.26
-0.28353084558089603,-0.09190999897313702,-0.9477031014901485,-0.11411241439428656,43.27
-0.2931166568272998,-0.09290527949251501,-0.9448536928366866,-0.1127064047234278,43.28
-0.30272733297119164,-0.09390847890979484,-0.9418850419301893,-0.1113100500815779,43.29
-0.31252234302098236,-0.09480677797884522,-0.9387671148601477,-0.10980785044385237,43.3
-0.3223120998233453,-0.09570359278031072,-0.935535120647656,-0.10830406581094724,43.31
-0.33233571305292225,-0.09661038182639871,-0.9321001642050062,-0.10681147804409298,43.32
-0.34241313179541133,-0.0975037393401069,-0.9285356100234796,-0.10520403465209484,43.33
-0.35272430530566445,-0.09840678095287038,-0.9247637230398297,-0.10350713240469597,43.34
-0.3632351247186591,-0.0992095935354928,-0.9207890400012925,-0.10180984497896338,43.35
-0.3738220561519886,-0.10000590052220135,-0.9166540841864975,-0.10000590052220135,43.36
-0.38463271825058076,-0.10080857514211788,-0.9122776016333327,-0.0982083539578966,43.37
-0.3955486040431516,-0.10161248589325969,-0.9077115373693159,-0.09631183456221366,43.38
-0.40661035039820576,-0.10240260669153042,-0.9029229841970978,-0.0944024030437546,43.39
-0.41781459242946534,-0.10310360095614618,-0.8979313608004235,-0.092303223746385,43.4
-0.4292266278998183,-0.1038064398322487,-0.892655377594077,-0.09030560228181173,43.41
-0.4408147873800682,-0.10450350562889547,-0.8871297592669203,-0.08810295546321235,43.42
-0.4524497111184181,-0.10511154871473417,-0.8813968399837795,-0.08590943895904535,43.43
-0.46424412618005884,-0.1057100476889966,-0.8753832047509813,-0.08370795640084215,43.44
-0.47612132595179474,-0.10620475701760261,-0.8691389296045049,-0.08140364615096847,43.45
-0.4880317230930351,-0.10680694267691834,-0.8626560744673198,-0.07900513550071675,43.46
-0.5001367488977375,-0.10720787738819727,-0.8558628868360002,-0.0766056288053723,43.47
-0.5122255145883382,-0.10770536493784465,-0.8488422818871174,-0.07410369119679006,43.48
-0.5243459058718323,-0.10810946485741955,-0.8415736787929561,-0.07160626904524736,43.49
-0.5366428445918152,-0.1084086551504897,-0.8339665823800125,-0.0690055092747582,43.5
-0.548911782517869,-0.10870233332062736,-0.8261177328074542,-0.06640142532189197,43.51
-0.561243627162775,-0.10900847355798729,-0.8179635827805304,-0.0637049519783834,43.52
-0.5735464189901094,-0.10920883862897984,-0.8095655207890036,-0.06100493732937519,43.53
-0.5858557966338152,-0.10941042019757491,-0.8008762750842595,-0.05830555299377164,43.54
-0.598136538286446,-0.10940668331138136,-0.7919483776442677,-0.055503390528168786,43.55
-0.6103448864134811,-0.10950805351839452,-0.7827575661081952,-0.05270387598556521,43.56
-0.6224519706846393,-0.10940913495003139,-0.7733645709036497,-0.049904166672820535,43.57
-0.634550731186138,-0.10930873903647736,-0.7636610533234595,-0.04710376586109866,43.58
-0.6465380207862513,-0.10910641619146176,-0.7537443252383568,-0.04420259941028973,43.59
-0.658454584855311,-0.10880902009759698,-0.7435616400970896,-0.041403432279784144,43.6
-0.6701479943672364,-0.1084077639000275,-0.7332525137592266,-0.03860276463598765,43.61
-0.6817643309085575,-0.10801019178249113,-0.7226681905743342,-0.0358033783871591,43.62
-0.6932586764312247,-0.10750909941771013,-0.7118602508421029,-0.03300279330962264,43.63
-0.7046297994243398,-0.10690452108779723,-0.700829638712145,-0.030101273009753942,43.64
-0.7157721606289528,-0.10621070764118316,-0.689669529090018,-0.0273027525292307,43.65
-0.7267786635118582,-0.10551142011903267,-0.6782734135045304,-0.024602662890314726,43.66
-0.7375617844506701,-0.104708771297607,-0.6667558531434058,-0.021801826306474047,43.67
-0.7481759025545973,-0.10371052144754944,-0.6550664565877038,-0.01910193789438953,43.68
-0.7584598258782423,-0.10280810930944528,-0.6433507462914996,-0.016401293703063258,43.69
-0.7685811703007107,-0.10171074173010056,-0.6314666895613127,-0.013701447017722496,43.7
-0.7784753250242854,-0.10060973496588271,-0.6194599387462003,-0.011101074136394613,43.71
-0.7880664486240417,-0.09940838197110374,-0.6074512194089378,-0.008500716768152734,43.72
-0.7974444747185672,-0.09810547149472214,-0.5953332026585942,-0.006000334647995238,43.73
-0.8065210948351067,-0.09680253190333332,-0.5832152541944627,-0.0036000941616942143,43.74
-0.8153580188640718,-0.0954067889116061,-0.571040633842003,-0.001200085395114542,43.75
-0.8238683550737357,-0.09390779138313156,-0.5589463749098214,0.001100091272858836,43.76
-0.8321746410909893,-0.09240828847110613,-0.5467490401207112,0.0034003049870320436,43.77
-0.840204011091418,-0.09091125414618485,-0.5345661753700308,0.00560069332473746,43.78
-0.8479544828258386,-0.08930573807801319,-0.5224335674350962,0.0078005011983035034,43.79
-0.8554919831656209,-0.08760941983318728,-0.5102548630010519,0.009901064570188974,43.8
-0.8627527546300722,-0.08590525283728201,-0.49813045911816267,0.012000733807303657,43.81
-0.8697610028272249,-0.084205905988332,-0.4860340891963106,0.014000981993309358,43.82
-0.8764896124965346,-0.08240842545608677,-0.4740484668226351,0.01590162578582257,43.83
-0.8829609175751277,-0.08060556116950424,-0.46213188357851004,0.01780122814909647,43.84
-0.8892081787553187,-0.07870957560234347,-0.45025477682560394,0.019602384775170675,43.85
-0.8951724268551605,-0.076806214258157,-0.4385354811484615,0.02130172348566073,43.86
-0.9008796142494223,-0.07490661979049926,-0.4269377301543943,0.02300203277945905,43.87
-0.9062652715753728,-0.07300525802803158,-0.4156299347458894,0.02460177188341886,43.88
-0.9114426929756319,-0.0710033258736777,-0.40441894342697554,0.026001217925572116,43.89
-0.9162999096260167,-0.0690075243005841,-0.3935429103228963,0.027502998815450187,43.9
-0.9209409413395911,-0.06700297868362755,-0.38281701850884514,0.028801280389380197,43.91
-0.9252632439041552,-0.064904436369844,-0.37252546298562234,0.03000205071025146,43.92
-0.9293728192131897,-0.06280492095834318,-0.36242839737744537,0.0311024369714088,43.93
-0.9332119311908108,-0.060700776064383004,-0.35270450935597836,0.032100410406370586,43.94
-0.9368130733176578,-0.05860081778011822,-0.3433047908517847,0.03300046052463995,43.95
-0.9401935304036368,-0.056405611227279134,-0.33423324950632427,0.03380336275677367,43.96
-0.9433003489122073,-0.05430577708432237,-0.3256346412275389,0.034603681162385894,43.97
-0.9462344530236633,-0.05210189706460881,-0.31731155352399953,0.03520128170200058,43.98
-0.9489161506903283,-0.049900849319683194,-0.30950526782448795,0.035700607629512826,43.99
-0.9513927320119085,-0.04760464001236923,-0.30212944848186435,0.0361035190009775,44.0
-0.9536562101535885,-0.04540267611259744,-0.2952174006264045,0.036402145605694866,44.01
-0.9557401514871637,-0.04320181494636965,-0.28871212905131755,0.036601537662896505,44.02
-0.9576302855366777,-0.04090129352386186,-0.282708940811632,0.036701160692560644,44.03
-0.9593318599401117,-0.03870128529102713,-0.2772092062706129,0.03660121554655279,44.04
-0.9608805924350731,-0.03640305325211975,-0.2721228238984007,0.03650306164017503,44.05
-0.9622389233516904,-0.034101379428697405,-0.267610825076816,0.03630146842409723,44.06
-0.9634586619665051,-0.03190194240889715,-0.2635160446628338,0.0359021859711413,44.07
-0.9644946360340495,-0.02960290463148887,-0.2600255136549698,0.0355034835951978,44.08
-0.9654390238340309,-0.027401107575152732,-0.256810380485373,0.035001414785779034,44.09
-0.9662340555194407,-0.025100884696271954,-0.2541089562279962,0.03450121601678814,44.1
-0.9669187922493429,-0.022800443130918415,-0.2518048938756692,0.033800656922150986,44.11
-0.9674829023243806,-0.02050175676829626,-0.2499214154340115,0.033102836538078356,44.12
-0.9679398702644011,-0.018300753823575308,-0.24841023222820255,0.032401334638461204,44.13
-0.9682616996013105,-0.01600101961745607,-0.2474157658349145,0.03160201374447574,44.14
-0.9684988984720423,-0.013701399121300062,-0.24672519439596532,0.030803145469784077,44.15
-0.9686362373594721,-0.01150043023914302,-0.24640921834129045,0.029901118621771854,44.16
-0.9687088453973305,-0.009201033840238943,-0.24632767770117953,0.029003258844231453,44.17
-0.9686820895985563,-0.0070005932554097604,-0.24662089954057811,0.028002373021639042,44.18
-0.9685933962781207,-0.0047004532395530894,-0.24712382882841882,0.027102613359976324,44.19
-0.9684050696138091,-0.0024000125640986597,-0.24800129829019482,0.02610013663457292,44.2
-0.9681732644429856,-0.00020001513571800135,-0.2490188439689117,0.02510189953260917,44.21
-0.9678886239397977,0.0020001831451535394,-0.2502229114587078,0.024002197741842472,44.22
-0.9675213921344727,0.004200092865079882,-0.2517055652715729,0.02300050854686602,44.23
-0.9671153482423659,0.00640010157041789,-0.25330401996669555,0.022000349148311497,44.24
-0.9666698347513848,0.008600621331328273,-0.2550184231963616,0.02100151720440625,44.25
-0.9661659624019566,0.010800737391513437,-0.2569175403592409,0.020001365539839697,44.26
-0.9657662055426627,0.032102200681287635,-0.2568176054503011,0.01760120660407048,44.27
-0.9640389768837689,0.048401956930678856,-0.2613105649997187,0.0017000687351684722,44.28
-0.9616061238997776,0.04180461360271524,-0.27122993323101374,0.0006000662239624198,44.29
-0.963369760130088,0.0323023390970641,-0.2662192776358657,-0.0016001158685852183,44.3
-0.9652334652243689,0.01880065182989861,-0.2607090389390727,-0.0013000450733440527,44.31
-0.966803811298628,0.006400687278691651,-0.25542742671528873,0.0025002684682389263,44.32
-0.9683911395789204,-0.008000752986296978,-0.24922345552315087,0.006500611801366294,44.33
-0.9708884665331258,-0.027202478666770728,-0.23752164277051646,0.014801348686331131,44.34
-0.9731682458161907,-0.04820338038057794,-0.22371568861276525,0.023901676163813543,44.35
-0.9749798638716085,-0.069005652484502,-0.20811704756557772,0.03660299827438801,44.36
-0.9760009969287562,-0.08900921070464116,-0.19181984958595702,0.05200538153529596,44.37
-0.9758932803378151,-0.1076102858827105,-0.17601682449216588,0.07120680627183074,44.38
-0.974602850392718,-0.12471316105076648,-0.1610169922147025,0.09310982593284971,44.39
-0.9721263109546638,-0.1413038244397634,-0.14710398142313655,0.1156031288410237,44.4
-0.9686486855064311,-0.15720790146769664,-0.13380672529502424,0.1382069464556977,44.41
-0.9641784198199557,-0.17241402300275943,-0.1214098746666763,0.16091308759364265,44.42
-0.958701517485053,-0.18651975068950802,-0.1121118715940689,0.18311939062331858,44.43
-0.9523458470326408,-0.2003096431383366,-0.10530506950807211,0.20450984534093777,44.44
-0.9452388832012072,-0.2138087952056899,-0.10200419602890726,0.2245092353773498,44.45
-0.9374479938786013,-0.227511647756968,-0.10280526325018159,0.2426124208608371,44.46
-0.9290118272390335,-0.2415290733967344,-0.10701288138074774,0.2591311922032873,44.47
-0.9199316737928024,-0.2562088214215849,-0.11450394243860841,0.27380942742088193,44.48
-0.9103845649979122,-0.2713252032120549,-0.12581168656128458,0.2859265595220291,44.49
-0.9000838422144064,-0.2871267456663957,-0.1387129210168202,0.2969276586149525,44.5
-0.889108802455826,-0.3035371445954367,-0.15211861513333086,0.3069375607128155,44.51
-0.8776754789483577,-0.32002752195017603,-0.16551423400860665,0.3160271779257988,44.52
-0.8655696119073969,-0.3369270967667268,-0.17911440495969358,0.324326083352477,44.53
-0.8529609590332338,-0.3540253013222708,-0.19291378707645773,0.33152369318738073,44.54
-0.8397636816945659,-0.3715281740496978,-0.20681568342793408,0.33762560312026374,44.55
-0.8259735686122286,-0.3893346776374145,-0.2204196325488984,0.34293054446922533,44.56
-0.8116868023695651,-0.40724355091780057,-0.2338250054140024,0.3473371444836742,44.57
-0.7969711288624847,-0.4251379431289274,-0.2467220196892646,0.35103132918902263,44.58
-0.7817550570386562,-0.4432312156575827,-0.25911824904530617,0.3539249260406555,44.59
-0.7660485958340639,-0.46132926535020063,-0.27101719252092865,0.3562225976972501,44.6
-0.7499686440216099,-0.4794438831096944,-0.282325841055208,0.3577327429877715,44.61
-0.7334857568330401,-0.4975581729266941,-0.29293424894518333,0.3586419312794221,44.62
-0.7167524431110704,-0.5154377133799996,-0.30292216411098544,0.3589262618007021,44.63
-0.6998034525931086,-0.53317882031926,-0.3121461448539506,0.3585530052231377,44.64
-0.6825647136154068,-0.5507522165392008,-0.32063039880600647,0.35773391657176706,44.65
-0.6653648529459926,-0.5679553584669009,-0.32813198294240215,0.3564347416052183,44.66
-0.6482532724015794,-0.5846480454272807,-0.33452749092614675,0.35502917572132164,44.67
-0.6316293461811513,-0.6004278965281241,-0.3394157696229936,0.3540164479862691,44.68
-0.6158478593968029,-0.6150477972215553,-0.34252661877785806,0.3537274892313238,44.69
-0.6007441953724086,-0.6285462407051088,-0.3443253312247716,0.35422605959864684,44.7
-0.5863345859656098,-0.6411378186296307,-0.34482033982763477,0.35532095922493806,44.71
-0.5761246183309231,-0.6509278147397984,-0.3444147171553028,0.35461515302924035,44.72
-0.5874461692087284,-0.6466508222852635,-0.33952668445073764,0.34852739184412984,44.73
-0.5935673084133679,-0.6446731036280656,-0.3345379354073657,0.3466393076597697,44.74
-0.5944924477913128,-0.6467005665239954,-0.3372524451467542,0.33855264733741486,44.75
-0.5924646947522229,-0.6519711926214957,-0.34333749106758626,0.32563555808798744,44.76
-0.5890463244245007,-0.6574517040350879,-0.34862741713816797,0.31502477452244093,44.77
-0.5905931527454572,-0.6555033908710799,-0.3496551502113664,0.31504969198106525,44.78
-0.5910398433388044,-0.6549441512734061,-0.34642335318538386,0.31892149922291835,44.79
-0.5891476904900382,-0.6575532278003736,-0.34292775941102377,0.3208259703092926,44.8
-0.5878628870567226,-0.6591705152417249,-0.34003637563675687,0.3229345461562023,44.81
-0.5872469023468587,-0.6601527252029317,-0.33612684584260766,0.32612604709691867,44.82
-0.5877420426920245,-0.6609472792498876,-0.3320237505083412,0.32782345005010316,44.83
-0.5890776867971746,-0.6613872228845019,-0.329143407003311,0.32744318277995754,44.84
-0.5901572067107042,-0.662164186685574,-0.32843183644093416,0.32463146805337156,44.85
-0.5905336170830059,-0.6637377843488417,-0.3286187071523721,0.32051824602049683,44.86
-0.5910612696315202,-0.66506894129435,-0.32903410779825737,0.316332791175042,44.87
-0.5918580108466039,-0.6659652744554808,-0.32923226963619806,0.31273065223341173,44.88
-0.5931600426984367,-0.666367453127581,-0.3285332558193162,0.310131393088493,44.89
-0.5949708414458249,-0.6661793200320457,-0.32713895148248334,0.3085367365709144,44.9
-0.5971785012877417,-0.6655874938988313,-0.3254427806381363,0.30734040101444154,44.91
-0.5995841365513445,-0.6648933010497645,-0.3238454435618438,0.30584291736013536,44.92
-0.6019959055872486,-0.6642058164155039,-0.32275141839675214,0.3037483909733301,44.93
-0.6042688875584796,-0.6636756600195417,-0.3221367240691597,0.3010343183632942,44.94
-0.6065474611629708,-0.6631518903498201,-0.32182518219661,0.29792331192159766,44.95
-0.6089569340452703,-0.6624619364617951,-0.3217300799513277,0.2946275460169759,44.96
-0.6117314866299461,-0.661434044886458,-0.32141654373527,0.291515004663445,44.97
-0.614764338454705,-0.6601690903106406,-0.3208335769908401,0.2886302067317844,44.98
-0.6180347221660643,-0.6586370032662944,-0.32021799035206117,0.28581605759718637,44.99
-0.621469742140391,-0.6569737264435515,-0.3196358699518329,0.2828317397446131,45.0
-0.624967290725979,-0.6551705427341796,-0.3193343829873661,0.2796301079964534,45.01
-0.628562123864704,-0.6532645653276447,-0.31923155121338664,0.2761272910088222,45.02
-0.6323612598024994,-0.6511630812231651,-0.31903090602087186,0.27262641059965415,45.03
-0.6363593209990392,-0.648860486349484,-0.31882972109774277,0.2690250783415709,45.04
-0.6405605678651729,-0.6462611068766194,-0.3186301279029572,0.26552510658579764,45.05
-0.6448586267627596,-0.6435585085636412,-0.3183289405995447,0.26202382166849103,45.06
-0.6493398284798573,-0.6406392948162584,-0.3182195185927777,0.2582158381541647,45.07
-0.6538634082091902,-0.6375618273682452,-0.31843087973968515,0.25412464366160176,45.08
-0.6584415818988868,-0.6344400661553065,-0.318720127811627,0.24971577004883358,45.09
-0.663055135326849,-0.6311524825109719,-0.3193265531068822,0.2450203742912187,45.1
-0.6679618761745179,-0.6275581334024704,-0.3198296271906136,0.24022225281796553,45.11
-0.674045482753475,-0.6229420344319578,-0.319221540200162,0.23601592571189925,45.12
-0.6812600284657787,-0.6172543886803855,-0.31692792574986095,0.2333205587801911,45.13
-0.6890754785709782,-0.610966922872294,-0.31373436520713477,0.23122532749725713,45.14
-0.6969842948931126,-0.6044731063759468,-0.3104375450349005,0.2290276991397945,45.15
-0.704864223105184,-0.5977544638904206,-0.3076280292666779,0.2263206210112133,45.16
-0.7124416576816225,-0.591134564648522,-0.30551786415179066,0.22281302825865454,45.17
-0.719576934082754,-0.5846625096105323,-0.3046325700091826,0.21812332081090846,45.18
-0.7268406060847201,-0.5779322870891026,-0.303916978796294,0.21291189465525168,45.19
-0.7343683765509463,-0.5708531517571567,-0.30292820544366283,0.20751932198600212,45.2
-0.741852116941887,-0.5636395970725904,-0.3021212247615854,0.201714170918278,45.21
-0.7503722830916709,-0.5554535066361642,-0.29912881497097,0.19731900766891466,45.22
-0.7642962538882598,-0.5448686196261764,-0.2665335666857122,0.21892757128518725,45.23
-0.7745625445778448,-0.534443155354939,-0.23331884009039536,0.24491977684585436,45.24
-0.7831521831685048,-0.5282351974838516,-0.2242149399391888,0.23951595948008797,45.25
-0.8010385428967595,-0.5116246174107143,-0.21051012893853666,0.2286109998828954,45.26
-0.815880000956333,-0.4925482967283574,-0.20762035817422742,0.2205216232052849,45.27
-0.8198539440649331,-0.4870320453276682,-0.20561352878720449,0.21991446974857132,45.28
-0.8201665099990532,-0.4876395442940353,-0.20181636595269958,0.22091791496011565,45.29
-0.8204797668179853,-0.4886475061765817,-0.19761921248565809,0.22132151681718693,45.3
-0.8202010303832517,-0.4896603151757591,-0.19432393635345177,0.22302747198569092,45.31
-0.8197816625188078,-0.4908488958939013,-0.19181910805307714,0.22412232593688525,45.32
-0.8195991856990553,-0.4916594993162362,-0.18992298397101964,0.22462718378036342,45.33
-0.8197987056073501,-0.49185922095607515,-0.18782261426504862,0.22522711785137886,45.34
-0.820291459393496,-0.4919548511041949,-0.1849206179491068,0.22562515635110056,45.35
-0.8208757703305636,-0.49184539942564715,-0.18161676400101165,0.22642089961359602,45.36
-0.8217249191860172,-0.49141490238287555,-0.17830540719346097,0.2269068810555036,45.37
-0.8227909439951554,-0.4906542325562456,-0.17491933402789922,0.22732512649823608,45.38
-0.8240005754082175,-0.4896597666219969,-0.17132091099335797,0.227827808081068,45.39
-0.8254251387054047,-0.48841487490152613,-0.1676051044911871,0.22810694710286264,45.4
-0.826953315398921,-0.4870313999265625,-0.16391056765495604,0.22821471347688208,45.41
-0.8285842132931129,-0.4854493387235691,-0.1603162937729463,0.22822319550209821,45.42
-0.8303864892570187,-0.4836503748099413,-0.15681633327170966,0.2279237394937668,45.43
-0.8320937905770018,-0.4819543241334822,-0.15441740536669363,0.2269255782234636,45.44
-0.8297880327331765,-0.4857515336850715,-0.16851787816745842,0.21702302410883367,45.45
-0.8304726113947601,-0.4851424178559708,-0.16611452402778137,0.21761902726336682,45.46
-0.8311590351670336,-0.48433440107254766,-0.1592113083847813,0.22191576212677747,45.47
-0.831511055717732,-0.4838646244361784,-0.15652090476283984,0.22352985440571696,45.48
-0.8319820291520804,-0.48324764573420514,-0.1536151456638533,0.22512219589149335,45.49
-0.8323898863131481,-0.48255210879021265,-0.15151636162013932,0.22652446143208946,45.5
-0.8325072754741125,-0.4823621563685301,-0.15131949877370643,0.22662920305434153,45.51
-0.8321294828698764,-0.4829171100563193,-0.15460547776911776,0.22460795800093047,45.52
-0.8314259450514292,-0.48391510080633465,-0.159104964947898,0.2219069247136302,45.53
-0.8311044265206342,-0.4842608463553443,-0.1612202569857115,0.22082774654122267,45.54
-0.830958954474362,-0.4845343765108056,-0.16171147302744535,0.2204156379421704,45.55
-0.830936998293542,-0.4846215782561685,-0.16170720017338516,0.2203098095126577,45.56
-0.8308839899987781,-0.4846489907961096,-0.16201637744318975,0.22022226119129867,45.57
-0.8309723891578668,-0.48454221031049033,-0.16161407881563516,0.22041920155300737,45.58
-0.8310959181594723,-0.48435590031845055,-0.16111859496448974,0.22072547429337608,45.59
-0.8311705278115542,-0.48424108959975276,-0.16081364561677045,0.22091874575089918,45.6
-0.8311705278115542,-0.48424108959975276,-0.16081364561677045,0.22091874575089918,45.61
-0.8310825222806593,-0.48434809330989564,-0.16121600793218083,0.22072191656719795,45.62
-0.8310606280843088,-0.4843353335514209,-0.1615117827143392,0.22061609453116549,45.63
-0.8310606280843088,-0.4843353335514209,-0.1615117827143392,0.22061609453116549,45.64
-0.8311093728790392,-0.4842637284573174,-0.16132122965750786,0.2207290476466955,45.65
-0.8311706358820834,-0.484141144062708,-0.16111369202334694,0.22091877447521624,45.66
-0.8311840244841372,-0.48414894266967967,-0.16101627715310562,0.22092233306286355,45.67
-0.8311706358820834,-0.484141144062708,-0.16111369202334694,0.22091877447521624,45.68
-0.8311706358820834,-0.484141144062708,-0.16111369202334694,0.22091877447521624,45.69
-0.8311706358820834,-0.484141144062708,-0.16111369202334694,0.22091877447521624,45.7
-0.8311522686539232,-0.48413044550037804,-0.1611101317292107,0.22101389889606188,45.71
-0.8312058982212855,-0.4840616709651091,-0.16102051451525323,0.2210281596762172,45.72
-0.8311875203417678,-0.48405096840983713,-0.16101695436773508,0.22112328329631195,45.73
-0.8312184324731123,-0.4840107330570096,-0.1610035702937573,0.22110490305558847,45.74
-0.8312586639939501,-0.4839341524382489,-0.16101136297284163,0.22111560467885272,45.75
-0.8312720453138459,-0.48394194264601786,-0.1609139462114988,0.22111916412282404,45.76
-0.8312536591556037,-0.48393123876972644,-0.16091038710074185,0.22121427984266065,45.77
-0.8313072621828966,-0.4838624319587168,-0.16082075043191746,0.22122854474838397,45.78
-0.8312888653731499,-0.4838517240947184,-0.16081719147257278,0.22132365965721618,45.79
-0.8312938874770727,-0.4838546472105483,-0.16091817432033326,0.22122498545467814,45.8
-0.8312855021110642,-0.4838497665078596,-0.16111657169164154,0.22112274364383577,45.81
-0.8312855021110642,-0.4838497665078596,-0.16111657169164154,0.22112274364383577,45.82
-0.8312805051023598,-0.48384685799870275,-0.1610155935051491,0.22122142412011792,45.83
-0.8313466065971854,-0.4837271185024162,-0.16090902081256722,0.22131240712132458,45.84
-0.8313466065971854,-0.4837271185024162,-0.16090902081256722,0.22131240712132458,45.85
-0.8313516202246993,-0.4837300357304067,-0.16100999742111943,0.22121373558727714,45.86
-0.8313073370198714,-0.48376246260408057,-0.1611208036500256,0.22122856466409474,45.87
-0.8313123261971014,-0.48376536595468955,-0.16122178414698357,0.22112987887653887,45.88
-0.8313382299675278,-0.48372224447888035,-0.16110740869453716,0.22121017258368478,45.89
-0.8313734384593718,-0.48364272204854114,-0.16101422301450605,0.22131955001931794,45.9
-0.8313198355279164,-0.4837115414950718,-0.16110384398357672,0.22130528040698652,45.91
-0.8313784442569981,-0.4836456341184702,-0.1611152019364879,0.22122087317412245,45.92
-0.8313600471479362,-0.48363493179446887,-0.16111163670820705,0.22131598512430928,45.93
-0.8313550333679609,-0.4836320150808925,-0.16101065845331614,0.22141465702834903,45.94
-0.8313952417802314,-0.48355539444333195,-0.16101844571949628,0.2214253657285495,45.95
-0.8313600471479362,-0.48363493179446887,-0.16111163670820705,0.22131598512430928,45.96
-0.8313818494151969,-0.48354760518735435,-0.16111586183181548,0.2214217989420481,45.97
-0.8314612892705315,-0.48343563535407136,-0.16091186125045528,0.22151632857039058,45.98
-0.8314562416023373,-0.4834327004938295,-0.16081087761565532,0.22161499054495784,45.99
-0.8314562416023373,-0.4834327004938295,-0.16081087761565532,0.22161499054495784,46.0
-0.8314428661419744,-0.48342492361442196,-0.16090829584104363,0.22161142547156787,46.01
-0.8314428661419744,-0.48342492361442196,-0.16090829584104363,0.22161142547156787,46.02
-0.8314964383919881,-0.48335606047010804,-0.1608186520248156,0.22162570453171104,46.03
-0.8314780046105905,-0.4833453447537868,-0.16081508677096817,0.2217208006040028,46.04
-0.8314780046105905,-0.4833453447537868,-0.16081508677096817,0.2217208006040028,46.05
-0.8315490545256323,-0.48322850649042154,-0.16080948643141513,0.22171307924032793,46.06
-0.831543981524305,-0.48322555847569953,-0.16070850009736118,0.2218117319327611,46.07
-0.831543981524305,-0.48322555847569953,-0.16070850009736118,0.2218117319327611,46.08
-0.8315841647345535,-0.483148899558945,-0.16071626611285958,0.2218224506772387,46.09
-0.8315790744558706,-0.483145942116213,-0.16061527282935997,0.22192110237132615,46.1
-0.8315924283190105,-0.4831537006866073,-0.16051784094431892,0.22192466607815806,46.11
-0.8316141468755257,-0.48306630540093676,-0.16052203316118083,0.2220304757743436,46.12
-0.8316532025571058,-0.4830309004750867,-0.16031025537506502,0.22211420910044877,46.13
-0.8316697384314737,-0.48294049625848806,-0.1602134344597428,0.22231864219975542,46.14
-0.8317488708406515,-0.48282836941429186,-0.16000940162859714,0.22241306826375,46.15
-0.8317786151120469,-0.4827456264453349,-0.15981510483937128,0.22262104090891144,46.16
-0.8317733822848205,-0.4827425894299421,-0.15971409059863634,0.22271964919421608,46.17
-0.8318135378193428,-0.4826658811489898,-0.15972180111788992,0.2227304014336511,46.18
-0.83181252719099,-0.4826072681201873,-0.1598024066423662,0.22280335544379967,46.19
-0.831865961267207,-0.4825382619757483,-0.15971266411922694,0.22281766791336108,46.2
-0.8318526704192942,-0.4825305523891674,-0.15981011869800818,0.22281410792187875,46.21
-0.8318579034846283,-0.4825335879193714,-0.15991113100167356,0.22271550265211196,46.22
-0.8318631200089368,-0.482536613854667,-0.16001214138185849,0.22261689169751062,46.23
-0.8318445963842502,-0.4825258689052666,-0.16000857828982934,0.2227119399071562,46.24
-0.8318579034846283,-0.4825335879193714,-0.15991113100167356,0.22271550265211196,46.25
-0.8318928111393049,-0.48245382555133526,-0.15981783027177318,0.22282485972810429,46.26
-0.8318795106840321,-0.48244611199083565,-0.15991528463377824,0.22282129716326324,46.27
-0.8318714192271426,-0.4824414193738562,-0.16011374635521222,0.22271912125737517,46.28
-0.8318714192271426,-0.4824414193738562,-0.16011374635521222,0.22271912125737517,46.29
-0.8318795106840321,-0.48244611199083565,-0.15991528463377824,0.22282129716326324,46.3
-0.8319451966504955,-0.48232620308274304,-0.15980868184246805,0.22291211002932496,46.31
-0.8319318968804014,-0.48231849244550734,-0.15990613091859138,0.22290854647751107,46.32
-0.8319063369046116,-0.48236165699578526,-0.16002045432163725,0.22282848264287985,46.33
-0.831893019158999,-0.48235393500887863,-0.16011790378378907,0.22282491544677205,46.34
-0.8318796937325745,-0.48234620856843075,-0.1602153485645088,0.22282134619333685,46.35
-0.8318982280230165,-0.4823569552482578,-0.1602189181645675,0.22272629884674894,46.36
-0.8318848940257373,-0.482349223838198,-0.16031636031777555,0.22272272890061517,46.37
-0.8318848940257373,-0.482349223838198,-0.16031636031777555,0.22272272890061517,46.38
-0.8318715523494586,-0.48234148797564785,-0.16041379778414663,0.22271915689856267,46.39
-0.8318900777750207,-0.48235222951537926,-0.16041737013117732,0.22262410593017504,46.4
-0.8318715523494586,-0.48234148797564785,-0.16041379778414663,0.22271915689856267,46.41
-0.8318715523494586,-0.48234148797564785,-0.16041379778414663,0.22271915689856267,46.42
-0.8319064866860814,-0.48226173104114983,-0.16032052153856557,0.22282852276227327,46.43
-0.8319372799447902,-0.48222160883444865,-0.16030718352584428,0.22280998433910235,46.44
-0.8319372799447902,-0.48222160883444865,-0.16030718352584428,0.22280998433910235,46.45
-0.8319372799447902,-0.48222160883444865,-0.16030718352584428,0.22280998433910235,46.46
-0.8319372799447902,-0.48222160883444865,-0.16030718352584428,0.22280998433910235,46.47
-0.8319588548511619,-0.4821341073731761,-0.16031134082538917,0.22291576961933404,46.48
-0.8319588548511619,-0.4821341073731761,-0.16031134082538917,0.22291576961933404,46.49
-0.8319721891988797,-0.4821418348512801,-0.16021390156227974,0.2229193424359061,46.5
-0.8320070778812222,-0.4820620405562557,-0.16012060724700525,0.22302870341088177,46.51
-0.8320018349367482,-0.4820590028122522,-0.16001958599576838,0.22312731022284954,46.52
-0.8320674584433949,-0.48193907238446154,-0.15991296466958996,0.22321809702471843,46.53
-0.8320568896743871,-0.48193295088231625,-0.15971091980889376,0.22341527542458903,46.54
-0.8321102785616568,-0.48186386083053634,-0.15962115439716396,0.22342961085417562,46.55
-0.8320969907174591,-0.4818561660188363,-0.15971861708843535,0.22342604294024082,46.56
-0.8321224426449213,-0.4818129946717018,-0.15960430458614283,0.2235060280388654,46.57
-0.8320889800322067,-0.4818515271388427,-0.1599171008499397,0.2233238812995093,46.58
-0.8319804147933225,-0.482046592054792,-0.16031549524145883,0.22302155607514235,46.59
-0.8319774565468937,-0.4820448780569813,-0.16061495314512697,0.2228207444628536,46.6
-0.8319239805543641,-0.48211389713338015,-0.1607046323777934,0.22280642248769364,46.61
-0.8319537209862021,-0.48203112575471746,-0.16051036448886338,0.22301440050477592,46.62
-0.8320071777477931,-0.4819620855351142,-0.1604206651168963,0.22302873018122113,46.63
-0.8319990179352946,-0.4819573587486699,-0.1606191156153484,0.22292653095056758,46.64
-0.8319455461056664,-0.48202638925703956,-0.1607087982439964,0.22291220366264342,46.65
-0.8319507131013728,-0.48202938299658815,-0.16080980246027257,0.2228135820158503,46.66
-0.8319856490112907,-0.4819496144470982,-0.16071654501275925,0.22292294886959574,46.67
-0.8319856490112907,-0.4819496144470982,-0.16071654501275925,0.22292294886959574,46.68
-0.8319856490112907,-0.4819496144470982,-0.16071654501275925,0.22292294886959574,46.69
-0.8320565235195292,-0.4818327320092658,-0.1607109174634475,0.22291514314002772,46.7
-0.8320431467160885,-0.4818249856824657,-0.16080833893262864,0.22291155937862514,46.71
-0.8320565235195292,-0.4818327320092658,-0.1607109174634475,0.22291514314002772,46.72
-0.832078060904512,-0.48174519463666277,-0.16071507738864793,0.22302092257416609,46.73
-0.832078060904512,-0.48174519463666277,-0.16071507738864793,0.22302092257416609,46.74
-0.832078060904512,-0.48174519463666277,-0.16071507738864793,0.22302092257416609,46.75
-0.832078060904512,-0.48174519463666277,-0.16071507738864793,0.22302092257416609,46.76
-0.8320594985417409,-0.4817344476533132,-0.16071149208612712,0.2231159544767577,46.77
-0.8320995833160597,-0.4816576434194884,-0.16071923442174374,0.22312670317044822,46.78
-0.8320995833160597,-0.4816576434194884,-0.16071923442174374,0.22312670317044822,46.79
-0.8320995833160597,-0.4816576434194884,-0.16071923442174374,0.22312670317044822,46.8
-0.8321117744649136,-0.4816068147846441,-0.16070227395326475,0.22320315834703605,46.81
-0.832151848836213,-0.48153000266150287,-0.1607100133493323,0.22321390777579944,46.82
-0.832151848836213,-0.48153000266150287,-0.1607100133493323,0.22321390777579944,46.83
-0.832151848836213,-0.48153000266150287,-0.1607100133493323,0.22321390777579944,46.84
-0.832151848836213,-0.48153000266150287,-0.1607100133493323,0.22321390777579944,46.85
-0.8321652193439601,-0.4815377395915356,-0.16061258770176662,0.2232174942405623,46.86
-0.8321867100507157,-0.48145016490615855,-0.16061673552955766,0.22332326926370005,46.87
-0.8321867100507157,-0.48145016490615855,-0.16061673552955766,0.22332326926370005,46.88
-0.8321867100507157,-0.48145016490615855,-0.16061673552955766,0.22332326926370005,46.89
-0.8322575193048074,-0.48133326609156907,-0.1606111002167172,0.22331543386296981,46.9
-0.8322575193048074,-0.48133326609156907,-0.1606111002167172,0.22331543386296981,46.91
-0.8322441475617423,-0.4813255325900823,-0.16070852500981972,0.22331184589105627,46.92
-0.8322441475617423,-0.4813255325900823,-0.16070852500981972,0.22331184589105627,46.93
-0.8322789870239807,-0.48124567238156635,-0.160615243109891,0.22342120367839136,46.94
-0.8322789870239807,-0.48124567238156635,-0.160615243109891,0.22342120367839136,46.95
-0.8322656142461506,-0.48123793988854563,-0.1607126702828123,0.22341761382190586,46.96
-0.8322789870239807,-0.48124567238156635,-0.160615243109891,0.22342120367839136,46.97
-0.8322789870239807,-0.48124567238156635,-0.160615243109891,0.22342120367839136,46.98
-0.8323004397544633,-0.48115806484723905,-0.16061938311051047,0.22352697462764065,46.99
-0.8323004397544633,-0.48115806484723905,-0.16061938311051047,0.22352697462764065,47.0
-0.8323004397544633,-0.48115806484723905,-0.16061938311051047,0.22352697462764065,47.01
-0.8323004397544633,-0.48115806484723905,-0.16061938311051047,0.22352697462764065,47.02
-0.8323311672240961,-0.48111801580140884,-0.16060601400479374,0.22350836942759275,47.03
-0.8323526021848451,-0.48103039967669164,-0.1606101500791615,0.2236141317415972,47.04
-0.8323526021848451,-0.48103039967669164,-0.1606101500791615,0.2236141317415972,47.05
-0.8323526021848451,-0.48103039967669164,-0.1606101500791615,0.2236141317415972,47.06
-0.8323526021848451,-0.48103039967669164,-0.1606101500791615,0.2236141317415972,47.07
-0.8323526021848451,-0.48103039967669164,-0.1606101500791615,0.2236141317415972,47.08
-0.832374022151276,-0.4809427697375329,-0.1606142832602366,0.22371989517630717,47.09
-0.832374022151276,-0.4809427697375329,-0.1606142832602366,0.22371989517630717,47.1
-0.832374022151276,-0.4809427697375329,-0.1606142832602366,0.22371989517630717,47.11
-0.832374022151276,-0.4809427697375329,-0.1606142832602366,0.22371989517630717,47.12
-0.8324087946150169,-0.4808628480726903,-0.16052097985787603,0.2238292541569636,47.13
-0.8324087946150169,-0.4808628480726903,-0.16052097985787603,0.2238292541569636,47.14
-0.832439504354041,-0.4808228179882543,-0.16050761706970637,0.2238106211850485,47.15
-0.832439504354041,-0.4808228179882543,-0.16050761706970637,0.2238106211850485,47.16
-0.8324795305685142,-0.4807459278523364,-0.16051533476242977,0.22382138267807963,47.17
-0.832460892579063,-0.48073516465972554,-0.16051174106071553,0.22391637896258074,47.18
-0.832460892579063,-0.48073516465972554,-0.16051174106071553,0.22391637896258074,47.19
-0.832460892579063,-0.48073516465972554,-0.16051174106071553,0.22391637896258074,47.2
-0.832460892579063,-0.48073516465972554,-0.16051174106071553,0.22391637896258074,47.21
-0.8325009135519682,-0.4806582641195049,-0.16051945774278098,0.22392714385425957,47.22
-0.8325009135519682,-0.4806582641195049,-0.16051945774278098,0.22392714385425957,47.23
-0.8324822657998434,-0.4806474975293185,-0.16051586215866753,0.22402213784138025,47.24
-0.8324822657998434,-0.4806474975293185,-0.16051586215866753,0.22402213784138025,47.25
-0.8325222815278914,-0.48057058658595847,-0.16052357782944088,0.22403290612956234,47.26
-0.8325529728681518,-0.4805305747305068,-0.16051021278719324,0.22401425336031952,47.27
-0.8325529728681518,-0.4805305747305068,-0.16051021278719324,0.22401425336031952,47.28
-0.8325343177718825,-0.48051980743470213,-0.16050661621908363,0.22410923797318782,47.29
-0.8325343177718825,-0.48051980743470213,-0.16050661621908363,0.22410923797318782,47.3
-0.8325343177718825,-0.48051980743470213,-0.16050661621908363,0.22410923797318782,47.31
-0.8325876844263135,-0.4804505989169982,-0.1604168943927696,0.22412360369962386,47.32
-0.8325876844263135,-0.4804505989169982,-0.1604168943927696,0.22412360369962386,47.33
-0.8325690186695724,-0.48043982771034544,-0.16041329801153084,0.224218587370232,47.34
-0.8325690186695724,-0.48043982771034544,-0.16041329801153084,0.224218587370232,47.35
-0.8326090206365753,-0.48036289803212867,-0.16042100529742542,0.22422936027233656,47.36
-0.8326090206365753,-0.48036289803212867,-0.16042100529742542,0.22422936027233656,47.37
-0.8326090206365753,-0.48036289803212867,-0.16042100529742542,0.22422936027233656,47.38
-0.8326090206365753,-0.48036289803212867,-0.16042100529742542,0.22422936027233656,47.39
-0.8326210239462852,-0.4803121280343512,-0.16040405025340398,0.2243056637895169,47.4
-0.8326610154714449,-0.48023519052292557,-0.16041175460199347,0.2243164373891966,47.41
-0.8326610154714449,-0.48023519052292557,-0.16041175460199347,0.2243164373891966,47.42
-0.8326610154714449,-0.48023519052292557,-0.16041175460199347,0.2243164373891966,47.43
-0.8327010044306126,-0.4801582419254589,-0.1604194584562458,0.22432721029760558,47.44
-0.8326823188796505,-0.4801474673241895,-0.1604158586936055,0.22442218635190195,47.45
-0.8326823188796505,-0.4801474673241895,-0.1604158586936055,0.22442218635190195,47.46
-0.8326823188796505,-0.4801474673241895,-0.1604158586936055,0.22442218635190195,47.47
-0.8326823188796505,-0.4801474673241895,-0.1604158586936055,0.22442218635190195,47.48
-0.8326823188796505,-0.4801474673241895,-0.1604158586936055,0.22442218635190195,47.49
-0.8327036072648478,-0.4800597303472579,-0.16041995989104202,0.22452793638116542,47.5
-0.8327036072648478,-0.4800597303472579,-0.16041995989104202,0.22452793638116542,47.51
-0.8327036072648478,-0.4800597303472579,-0.16041995989104202,0.22452793638116542,47.52
-0.8327342677201895,-0.4800197532192758,-0.16040660086744135,0.22450923874526546,47.53
-0.8327342677201895,-0.4800197532192758,-0.16040660086744135,0.22450923874526546,47.54
-0.8327742409689644,-0.4799427864068764,-0.16041430077029167,0.22452001572899302,47.55
-0.8327555383188374,-0.4799320077329291,-0.16041069814620093,0.2246149800725482,47.56
-0.8327555383188374,-0.4799320077329291,-0.16041069814620093,0.2246149800725482,47.57
-0.8327555383188374,-0.4799320077329291,-0.16041069814620093,0.2246149800725482,47.58
-0.8327688936564595,-0.4799397046544192,-0.16031326246322858,0.224618582340868,47.59
-0.8328088635617993,-0.47986272695682874,-0.16032095692200843,0.2246293632232258,47.6
-0.8327901502492346,-0.4798519443852321,-0.1603173544913562,0.22472432660142072,47.61
-0.8327901502492346,-0.4798519443852321,-0.1603173544913562,0.22472432660142072,47.62
-0.8327901502492346,-0.4798519443852321,-0.1603173544913562,0.22472432660142072,47.63
-0.8327901502492346,-0.4798519443852321,-0.1603173544913562,0.22472432660142072,47.64
-0.8328301148846149,-0.4797749562989669,-0.1603250479356356,0.22473511086174247,47.65
-0.832842034598256,-0.47972421229200696,-0.1603080909535308,0.22481134651499513,47.66
-0.832842034598256,-0.47972421229200696,-0.1603080909535308,0.22481134651499513,47.67
-0.832842034598256,-0.47972421229200696,-0.1603080909535308,0.22481134651499513,47.68
-0.832842034598256,-0.47972421229200696,-0.1603080909535308,0.22481134651499513,47.69
-0.8328819887740461,-0.47964721639773356,-0.16031578146071035,0.2248221314558184,47.7
-0.8328632583668006,-0.47963642977031407,-0.16031217617218796,0.22491708310121694,47.71
-0.8328632583668006,-0.47963642977031407,-0.16031217617218796,0.22491708310121694,47.72
-0.8328632583668006,-0.47963642977031407,-0.16031217617218796,0.22491708310121694,47.73
-0.8328632583668006,-0.47963642977031407,-0.16031217617218796,0.22491708310121694,47.74
-0.8329032072662407,-0.47955942349202973,-0.16031986566375886,0.22492787141471846,47.75
-0.8328844670969296,-0.4795486334930088,-0.16031625849620296,0.2250228207214327,47.76
-0.8328844670969296,-0.4795486334930088,-0.16031625849620296,0.2250228207214327,47.77
-0.8329150967229433,-0.47950869117379197,-0.16030290551649395,0.22500407823587734,47.78
-0.8329550351573193,-0.47943167709739326,-0.16031059207073872,0.2250148672234324,47.79
-0.8329550351573193,-0.47943167709739326,-0.16031059207073872,0.2250148672234324,47.8
-0.8329496369478426,-0.47942856999975475,-0.1602095471713824,0.22511341490810347,47.81
-0.8329496369478426,-0.47942856999975475,-0.1602095471713824,0.22511341490810347,47.82
-0.8329496369478426,-0.47942856999975475,-0.1602095471713824,0.22511341490810347,47.83
-0.832989572019606,-0.47935154504622063,-0.16021722828375662,0.2251242077819826,47.84
-0.832989572019606,-0.47935154504622063,-0.16021722828375662,0.2251242077819826,47.85
-0.8329708138589572,-0.4793407504893723,-0.1602136203388221,0.22521914669352522,47.86
-0.8329708138589572,-0.4793407504893723,-0.1602136203388221,0.22521914669352522,47.87
-0.8329708138589572,-0.4793407504893723,-0.1602136203388221,0.22521914669352522,47.88
-0.833010743644549,-0.4792637151572432,-0.160221300434454,0.22522994293282797,47.89
-0.833010743644549,-0.4792637151572432,-0.160221300434454,0.22522994293282797,47.9
-0.833022587713703,-0.47921299403650236,-0.16020434399968214,0.22530610925797992,47.91
-0.833022587713703,-0.47921299403650236,-0.16020434399968214,0.22530610925797992,47.92
-0.8330625070249411,-0.47913595091914685,-0.16021202115893826,0.22531690616172778,47.93
-0.8330625070249411,-0.47913595091914685,-0.16021202115893826,0.22531690616172778,47.94
-0.8330625070249411,-0.47913595091914685,-0.16021202115893826,0.22531690616172778,47.95
-0.8330625070249411,-0.47913595091914685,-0.16021202115893826,0.22531690616172778,47.96
-0.8330836457972679,-0.4790480988438071,-0.16021608650266786,0.2254226335686725,47.97
-0.8330836457972679,-0.4790480988438071,-0.16021608650266786,0.2254226335686725,47.98
-0.8330836457972679,-0.4790480988438071,-0.16021608650266786,0.2254226335686725,47.99
-0.8330836457972679,-0.4790480988438071,-0.16021608650266786,0.2254226335686725,48.0
-0.8330648607897034,-0.4790372969006818,-0.1602124738277437,0.22551755835303497,48.01
-0.8331047695125635,-0.47896023303669466,-0.1602201489506755,0.22552836197488965,48.02
-0.8331047695125635,-0.47896023303669466,-0.1602201489506755,0.22552836197488965,48.03
-0.8331353631810012,-0.47892032820475516,-0.16020680012194982,0.2255095719569269,48.04
-0.8331487072971845,-0.47892799894925175,-0.16010936026680977,0.22551318388610622,48.05
-0.8331487072971845,-0.47892799894925175,-0.16010936026680977,0.22551318388610622,48.06
-0.8331698142237232,-0.478840123695017,-0.16011341646527197,0.2256189054001584,48.07
-0.8331698142237232,-0.478840123695017,-0.16011341646527197,0.2256189054001584,48.08
-0.8331698142237232,-0.478840123695017,-0.16011341646527197,0.2256189054001584,48.09
-0.8331698142237232,-0.478840123695017,-0.16011341646527197,0.2256189054001584,48.1
-0.8332097117797778,-0.4787630404861117,-0.1601210837305755,0.22562970949167913,48.11
-0.8332097117797778,-0.4787630404861117,-0.1601210837305755,0.22562970949167913,48.12
-0.8332214848929856,-0.4787123437569277,-0.1601041283381745,0.22570581989960015,48.13
-0.8332613719601505,-0.4786352527845992,-0.16011179266781098,0.22571662464162984,48.14
-0.8332613719601505,-0.4786352527845992,-0.16011179266781098,0.22571662464162984,48.15
-0.8332613719601505,-0.4786352527845992,-0.16011179266781098,0.22571662464162984,48.16
-0.8332613719601505,-0.4786352527845992,-0.16011179266781098,0.22571662464162984,48.17
-0.8332425589505754,-0.47862444636791335,-0.160108177734022,0.2258115336186269,48.18
-0.8332425589505754,-0.47862444636791335,-0.160108177734022,0.2258115336186269,48.19
-0.8332824407099908,-0.4785473450308817,-0.16011584104377044,0.22582234170945265,48.2
-0.8332824407099908,-0.4785473450308817,-0.16011584104377044,0.22582234170945265,48.21
-0.8332824407099908,-0.4785473450308817,-0.16011584104377044,0.22582234170945265,48.22
-0.83326361793946,-0.4785365352664806,-0.16011222423440657,0.22591724831075854,48.23
-0.8333034943878511,-0.4784594235659481,-0.16011988652363773,0.2259280597482184,48.24
-0.833334054891994,-0.4784195510144365,-0.1601065428875654,0.22590923196940052,48.25
-0.8333473938139676,-0.47842720892907964,-0.16000909997628082,0.2259128480290115,48.26
-0.8333473938139676,-0.47842720892907964,-0.16000909997628082,0.2259128480290115,48.27
-0.8333285628259947,-0.4784163980030671,-0.16000548428196223,0.22600774654827166,48.28
-0.8333684306913814,-0.47833927805074733,-0.16001313921831398,0.2260185591458685,48.29
-0.8333684306913814,-0.47833927805074733,-0.16001313921831398,0.2260185591458685,48.3
-0.8333684306913814,-0.47833927805074733,-0.16001313921831398,0.2260185591458685,48.31
-0.8333684306913814,-0.47833927805074733,-0.16001313921831398,0.2260185591458685,48.32
-0.8333894524906614,-0.47825133347057996,-0.1600171755652296,0.22612427122061507,48.33
-0.8333894524906614,-0.47825133347057996,-0.1600171755652296,0.22612427122061507,48.34
-0.8333894524906614,-0.47825133347057996,-0.1600171755652296,0.22612427122061507,48.35
-0.8333894524906614,-0.47825133347057996,-0.1600171755652296,0.22612427122061507,48.36
-0.8333894524906614,-0.47825133347057996,-0.1600171755652296,0.22612427122061507,48.37
-0.8334410021386752,-0.4781235218652515,-0.16000787178088316,0.22621112873022356,48.38
-0.8334410021386752,-0.4781235218652515,-0.16000787178088316,0.22621112873022356,48.39
-0.8334410021386752,-0.4781235218652515,-0.16000787178088316,0.22621112873022356,48.4
-0.8334410021386752,-0.4781235218652515,-0.16000787178088316,0.22621112873022356,48.41
-0.8334808515640928,-0.47804637274734385,-0.16001552225852514,0.22622194459298992,48.42
-0.8334619910409612,-0.478035555216678,-0.16001190132775833,0.2263168329404482,48.43
-0.8334619910409612,-0.478035555216678,-0.16001190132775833,0.2263168329404482,48.44
-0.8334619910409612,-0.478035555216678,-0.16001190132775833,0.2263168329404482,48.45
-0.8335018351401786,-0.47795839574453003,-0.16001955078285166,0.22632765213849582,48.46
-0.8335018351401786,-0.47795839574453003,-0.16001955078285166,0.22632765213849582,48.47
-0.8335018351401786,-0.47795839574453003,-0.16001955078285166,0.22632765213849582,48.48
-0.8335134946927194,-0.47790773738890296,-0.16000259046290954,0.226403665505017,48.49
-0.8335666629916658,-0.4778382142500515,-0.15991278873709341,0.22641810738009976,48.5
-0.8335666629916658,-0.4778382142500515,-0.15991278873709341,0.22641810738009976,48.51
-0.8335666629916658,-0.4778382142500515,-0.15991278873709341,0.22641810738009976,48.52
-0.8335666629916658,-0.4778382142500515,-0.15991278873709341,0.22641810738009976,48.53
-0.8335477844964087,-0.47782739224041276,-0.15990916705575975,0.22651298522907806,48.54
-0.8335876146626936,-0.4777502141864052,-0.15991680813984968,0.2265238089035394,48.55
-0.8335876146626936,-0.4777502141864052,-0.15991680813984968,0.2265238089035394,48.56
-0.8335876146626936,-0.4777502141864052,-0.15991680813984968,0.2265238089035394,48.57
-0.8335876146626936,-0.4777502141864052,-0.15991680813984968,0.2265238089035394,48.58
-0.8335687264068397,-0.47773938884768724,-0.15991318458602718,0.22661868434767832,48.59
-0.8335687264068397,-0.47773938884768724,-0.15991318458602718,0.22661868434767832,48.6
-0.8336085512371451,-0.4776622004449436,-0.1599208246464541,0.22662951135013445,48.61
-0.8336085512371451,-0.4776622004449436,-0.1599208246464541,0.22662951135013445,48.62
-0.8336085512371451,-0.4776622004449436,-0.1599208246464541,0.22662951135013445,48.63
-0.8336201655157086,-0.4776115535632227,-0.15990386812135535,0.22670548407199034,48.64
-0.8336201655157086,-0.4776115535632227,-0.15990386812135535,0.22670548407199034,48.65
-0.8336599798249503,-0.4775343574453141,-0.15991150524713238,0.22671631169183812,48.66
-0.8336599798249503,-0.4775343574453141,-0.15991150524713238,0.22671631169183812,48.67
-0.8336599798249503,-0.4775343574453141,-0.15991150524713238,0.22671631169183812,48.68
-0.8336733081171158,-0.47754199211363096,-0.1598140530675565,0.2267199363605448,48.69
-0.8336808834745557,-0.47744632170195883,-0.15991551495631173,0.22682200620444964,48.7
-0.8336942127693652,-0.4774539553456033,-0.15981806046130584,0.22682563274483208,48.71
-0.8336942127693652,-0.4774539553456033,-0.15981806046130584,0.22682563274483208,48.72
-0.8336942127693652,-0.4774539553456033,-0.15981806046130584,0.22682563274483208,48.73
-0.8336942127693652,-0.4774539553456033,-0.15981806046130584,0.22682563274483208,48.74
-0.8337645108559039,-0.4773369329873131,-0.15981236516105726,0.2268175495527396,48.75
-0.8337455946245471,-0.4773261032917072,-0.159808739379876,0.22691240904439214,48.76
-0.8337455946245471,-0.4773261032917072,-0.159808739379876,0.22691240904439214,48.77
-0.8337455946245471,-0.4773261032917072,-0.159808739379876,0.22691240904439214,48.78
-0.8337455946245471,-0.4773261032917072,-0.159808739379876,0.22691240904439214,48.79
-0.8337853923347675,-0.47724887756045464,-0.15981636763235677,0.22692324039913486,48.8
-0.8337664663431523,-0.477238044547142,-0.15981273998037154,0.22701809746898835,48.81
-0.8337664663431523,-0.477238044547142,-0.15981273998037154,0.22701809746898835,48.82
-0.8337664663431523,-0.477238044547142,-0.15981273998037154,0.22701809746898835,48.83
-0.8337664663431523,-0.477238044547142,-0.15981273998037154,0.22701809746898835,48.84
-0.8337475333018489,-0.47722720749867137,-0.1598091109771326,0.22711294807826543,48.85
-0.8337873229500834,-0.47714997214763677,-0.1598167376843269,0.2271237867841717,48.86
-0.8337873229500834,-0.47714997214763677,-0.1598167376843269,0.2271237867841717,48.87
-0.8337873229500834,-0.47714997214763677,-0.1598167376843269,0.2271237867841717,48.88
-0.8337873229500834,-0.47714997214763677,-0.1598167376843269,0.2271237867841717,48.89
-0.8337683801488991,-0.47713913178486234,-0.15981310681035632,0.2272186349644115,48.9
-0.833781702103067,-0.477146755515621,-0.15971565050480965,0.22722226546457577,48.91
-0.833821488303091,-0.4770695093205882,-0.15972327177882167,0.22723310800343322,48.92
-0.833821488303091,-0.4770695093205882,-0.15972327177882167,0.22723310800343322,48.93
-0.8338519631041716,-0.477029727033689,-0.1597099526358074,0.22721415929151811,48.94
-0.8338330121024365,-0.47701888555152583,-0.1597063228984878,0.2273089993414294,48.95
-0.8338330121024365,-0.47701888555152583,-0.1597063228984878,0.2273089993414294,48.96
-0.8338727877630585,-0.4769416316673094,-0.15971394123981822,0.22731984247846387,48.97
-0.8338727877630585,-0.4769416316673094,-0.15971394123981822,0.22731984247846387,48.98
-0.8338727877630585,-0.4769416316673094,-0.15971394123981822,0.22731984247846387,48.99
-0.8339125607750044,-0.47686436672765903,-0.15972155907384047,0.22733068489344985,49.0
-0.8338935973006343,-0.476853522658842,-0.1597179269476029,0.22742552653653664,49.01
-0.8338935973006343,-0.476853522658842,-0.1597179269476029,0.22742552653653664,49.02
-0.8338935973006343,-0.476853522658842,-0.1597179269476029,0.22742552653653664,49.03
-0.8338935973006343,-0.476853522658842,-0.1597179269476029,0.22742552653653664,49.04
-0.8339240590561606,-0.47681375627530564,-0.15970460754439242,0.22740656077391885,49.05
-0.8339448507601432,-0.4767256389943162,-0.15970858935890977,0.22751223593708186,49.06
-0.8339448507601432,-0.4767256389943162,-0.15970858935890977,0.22751223593708186,49.07
-0.8339448507601432,-0.4767256389943162,-0.15970858935890977,0.22751223593708186,49.08
-0.8339846078602843,-0.47664835604534295,-0.15971620323214702,0.22752308224992765,49.09
-0.8339846078602843,-0.47664835604534295,-0.15971620323214702,0.22752308224992765,49.1
-0.8339846078602843,-0.47664835604534295,-0.15971620323214702,0.22752308224992765,49.11
-0.8339789440133453,-0.47664511897920653,-0.15961510908325927,0.2276215465372795,49.12
-0.8339789440133453,-0.47664511897920653,-0.15961510908325927,0.2276215465372795,49.13
-0.8339789440133453,-0.47664511897920653,-0.15961510908325927,0.2276215465372795,49.14
-0.8340186976473943,-0.4765678251936484,-0.1596227175255116,0.22763239667171956,49.15
-0.8340186976473943,-0.4765678251936484,-0.1596227175255116,0.22763239667171956,49.16
-0.8340301507349335,-0.4765172264091077,-0.15960576985287217,0.22770823180137212,49.17
-0.8340301507349335,-0.4765172264091077,-0.15960576985287217,0.22770823180137212,49.18
-0.8340301507349335,-0.4765172264091077,-0.15960576985287217,0.22770823180137212,49.19
-0.8340698938152511,-0.4764399249563377,-0.15961337536320633,0.22771908252006318,49.2
-0.8340698938152511,-0.4764399249563377,-0.15961337536320633,0.22771908252006318,49.21
-0.8340698938152511,-0.4764399249563377,-0.15961337536320633,0.22771908252006318,49.22
-0.8341096342343146,-0.4763626124530025,-0.15962098036426453,0.2277299325121744,49.23
-0.8340906330418673,-0.47635176081275943,-0.15961734416484655,0.22782475564380977,49.24
-0.8340906330418673,-0.47635176081275943,-0.15961734416484655,0.22782475564380977,49.25
-0.8340906330418673,-0.47635176081275943,-0.15961734416484655,0.22782475564380977,49.26
-0.8341607916828715,-0.47623470686894065,-0.15961163212155172,0.22781660273990903,49.27
-0.8341607916828715,-0.47623470686894065,-0.15961163212155172,0.22781660273990903,49.28
-0.8341607916828715,-0.47623470686894065,-0.15961163212155172,0.22781660273990903,49.29
-0.8341417832084076,-0.4762238546503341,-0.15960799496470668,0.22791141636877604,49.3
-0.8341417832084076,-0.4762238546503341,-0.15960799496470668,0.22791141636877604,49.31
-0.8341815076862572,-0.47614652416907693,-0.15961559600374853,0.22792227023342287,49.32
-0.8341815076862572,-0.47614652416907693,-0.15961559600374853,0.22792227023342287,49.33
-0.8341948199721634,-0.47615412275356306,-0.1595181318613596,0.22792590753105865,49.34
-0.8341758008281198,-0.4761432667237356,-0.15951449494315445,0.22802072004413299,49.35
-0.8341758008281198,-0.4761432667237356,-0.15951449494315445,0.22802072004413299,49.36
-0.8341758008281198,-0.4761432667237356,-0.15951449494315445,0.22802072004413299,49.37
-0.8342155218220138,-0.476065925413354,-0.15952209055342428,0.22803157771900148,49.38
-0.8342155218220138,-0.476065925413354,-0.15952209055342428,0.22803157771900148,49.39
-0.8342269042515001,-0.47601535174264453,-0.15950514412384834,0.2281073565808765,49.4
-0.8342269042515001,-0.47601535174264453,-0.15950514412384834,0.2281073565808765,49.41
-0.8342666146773796,-0.4759380027870594,-0.15951273680297537,0.22811821482607322,49.42
-0.8342666146773796,-0.4759380027870594,-0.15951273680297537,0.22811821482607322,49.43
-0.8342666146773796,-0.4759380027870594,-0.15951273680297537,0.22811821482607322,49.44
-0.8343063224294325,-0.4758606427858115,-0.15952032897086368,0.2281290723401505,49.45
-0.8342872835299885,-0.47584978362930774,-0.15951668871137997,0.22822387688988657,49.46
-0.8342872835299885,-0.47584978362930774,-0.15951668871137997,0.22822387688988657,49.47
-0.8342872835299885,-0.47584978362930774,-0.15951668871137997,0.22822387688988657,49.48
-0.8342872835299885,-0.47584978362930774,-0.15951668871137997,0.22822387688988657,49.49
-0.8343573765578163,-0.4757327148849973,-0.15951096914895327,0.22821569379179393,49.5
-0.834338330383367,-0.4757218551640509,-0.15950732793497188,0.22831048882479046,49.51
-0.834338330383367,-0.4757218551640509,-0.15950732793497188,0.22831048882479046,49.52
-0.834338330383367,-0.4757218551640509,-0.15950732793497188,0.22831048882479046,49.53
-0.8343780221648642,-0.4756444772163604,-0.15951491613963306,0.2283213501860704,49.54
-0.8343780221648642,-0.4756444772163604,-0.15951491613963306,0.2283213501860704,49.55
-0.8343780221648642,-0.4756444772163604,-0.15951491613963306,0.2283213501860704,49.56
-0.8343589662317891,-0.4756336142153169,-0.1595112730600148,0.22841614273923125,49.57
-0.8343986526126524,-0.4755562259586674,-0.15951886023219233,0.22842700737951555,49.58
-0.8343986526126524,-0.4755562259586674,-0.15951886023219233,0.22842700737951555,49.59
-0.8343986526126524,-0.4755562259586674,-0.15951886023219233,0.22842700737951555,49.6
-0.8344290302909545,-0.475516543508328,-0.15950554929459163,0.22840794645068793,49.61
-0.8344496428859268,-0.475428284069954,-0.15950948950180407,0.22851359467813312,49.62
-0.8344496428859268,-0.475428284069954,-0.15950948950180407,0.22851359467813312,49.63
-0.8344629500870493,-0.47543586585736247,-0.1594120256997551,0.2285172388481433,49.64
-0.8344629500870493,-0.47543586585736247,-0.1594120256997551,0.2285172388481433,49.65
-0.8344629500870493,-0.47543586585736247,-0.1594120256997551,0.2285172388481433,49.66
-0.8345026250981005,-0.4753584584241696,-0.15941960503432073,0.22852810382899802,49.67
-0.834483548502897,-0.47534759180659986,-0.15941596072790243,0.22862288972646483,49.68
-0.834483548502897,-0.47534759180659986,-0.15941596072790243,0.22862288972646483,49.69
-0.8345535758865112,-0.47523050840176173,-0.15941023366843607,0.22861467639024144,49.7
-0.8345535758865112,-0.47523050840176173,-0.15941023366843607,0.22861467639024144,49.71
-0.8345535758865112,-0.47523050840176173,-0.15941023366843607,0.22861467639024144,49.72
-0.8345535758865112,-0.47523050840176173,-0.15941023366843607,0.22861467639024144,49.73
-0.8345741510345693,-0.47514221588558886,-0.15941416378059958,0.22872032155974356,49.74
-0.8345741510345693,-0.47514221588558886,-0.15941416378059958,0.22872032155974356,49.75
-0.8345741510345693,-0.47514221588558886,-0.15941416378059958,0.22872032155974356,49.76
-0.8345741510345693,-0.47514221588558886,-0.15941416378059958,0.22872032155974356,49.77
-0.8346138073519778,-0.47506477949932824,-0.15942173863619563,0.22873118962420289,49.78
-0.8346138073519778,-0.47506477949932824,-0.15942173863619563,0.22873118962420289,49.79
-0.8346250558202691,-0.4750142601421374,-0.1594047854034878,0.22880686888530744,49.8
-0.8346250558202691,-0.4750142601421374,-0.1594047854034878,0.22880686888530744,49.81
-0.8346647015421071,-0.4749368161542616,-0.15941235732783596,0.22881773749440945,49.82
-0.8346647015421071,-0.4749368161542616,-0.15941235732783596,0.22881773749440945,49.83
-0.8346647015421071,-0.4749368161542616,-0.15941235732783596,0.22881773749440945,49.84
-0.8346455979345568,-0.47492594591315723,-0.15940870873564383,0.22891250583179973,49.85
-0.8346852382353758,-0.47484849162971055,-0.15941627962463326,0.22892337770438237,49.86
-0.8346852382353758,-0.47484849162971055,-0.15941627962463326,0.22892337770438237,49.87
-0.8346852382353758,-0.47484849162971055,-0.15941627962463326,0.22892337770438237,49.88
-0.8346852382353758,-0.47484849162971055,-0.15941627962463326,0.22892337770438237,49.89
-0.8346852382353758,-0.47484849162971055,-0.15941627962463326,0.22892337770438237,49.9
-0.8347360864210409,-0.47472052261179837,-0.15940689130887015,0.22900990031199037,49.91
-0.8347360864210409,-0.47472052261179837,-0.15940689130887015,0.22900990031199037,49.92
-0.8347360864210409,-0.47472052261179837,-0.15940689130887015,0.22900990031199037,49.93
-0.8347757134168983,-0.4746430497036778,-0.15941445875003424,0.22902077198091494,49.94
-0.8347757134168983,-0.4746430497036778,-0.15941445875003424,0.22902077198091494,49.95
-0.8347757134168983,-0.4746430497036778,-0.15941445875003424,0.22902077198091494,49.96
-0.8347698940354398,-0.47463974087602695,-0.15931333906774356,0.22911918380677998,49.97
-0.8347698940354398,-0.47463974087602695,-0.15931333906774356,0.22911918380677998,49.98
-0.8348095174962289,-0.47456225716060935,-0.15932090108679678,0.2291300592528885,49.99
-0.8348095174962289,-0.47456225716060935,-0.15932090108679678,0.2291300592528885,50.0
-0.8348095174962289,-0.47456225716060935,-0.15932090108679678,0.2291300592528885,50.01
-0.834839826983942,-0.47452263764240593,-0.15930759995033775,0.2291109299976295,50.02
-0.834860308312635,-0.47443427199750127,-0.15931150828246618,0.22921655805612837,50.03
-0.834860308312635,-0.47443427199750127,-0.15931150828246618,0.22921655805612837,50.04
-0.834860308312635,-0.47443427199750127,-0.15931150828246618,0.22921655805612837,50.05
-0.834860308312635,-0.47443427199750127,-0.15931150828246618,0.22921655805612837,50.06
-0.834860308312635,-0.47443427199750127,-0.15931150828246618,0.22921655805612837,50.07
-0.8348807744479749,-0.47434589281345774,-0.1593154137153359,0.22932218684825187,50.08
-0.8348807744479749,-0.47434589281345774,-0.1593154137153359,0.22932218684825187,50.09
-0.8348807744479749,-0.47434589281345774,-0.1593154137153359,0.22932218684825187,50.1
-0.8348807744479749,-0.47434589281345774,-0.1593154137153359,0.22932218684825187,50.11
-0.8348807744479749,-0.47434589281345774,-0.1593154137153359,0.22932218684825187,50.12
-0.8349012253864616,-0.4742575000937471,-0.15931931624827902,0.2294278163675782,50.13
-0.8349012253864616,-0.4742575000937471,-0.15931931624827902,0.2294278163675782,50.14
-0.8349315192597894,-0.4742179020637108,-0.1593060139155401,0.22940866034039487,50.15
-0.8349315192597894,-0.4742179020637108,-0.1593060139155401,0.22940866034039487,50.16
-0.8349315192597894,-0.4742179020637108,-0.1593060139155401,0.22940866034039487,50.17
-0.8349652509091481,-0.4741370528878035,-0.15921244214245583,0.22951793637998502,50.18
-0.8349652509091481,-0.4741370528878035,-0.15921244214245583,0.22951793637998502,50.19
-0.8349652509091481,-0.4741370528878035,-0.15921244214245583,0.22951793637998502,50.2
-0.8349652509091481,-0.4741370528878035,-0.15921244214245583,0.22951793637998502,50.21
-0.8349652509091481,-0.4741370528878035,-0.15921244214245583,0.22951793637998502,50.22
-0.8349856697496575,-0.4740486375150768,-0.15921633563797516,0.22962355943768278,50.23
-0.8349856697496575,-0.4740486375150768,-0.15921633563797516,0.22962355943768278,50.24
-0.8349856697496575,-0.4740486375150768,-0.15921633563797516,0.22962355943768278,50.25
-0.8349856697496575,-0.4740486375150768,-0.15921633563797516,0.22962355943768278,50.26
-0.8349856697496575,-0.4740486375150768,-0.15921633563797516,0.22962355943768278,50.27
-0.8350060733838853,-0.4739602086197428,-0.15922022623393764,0.2297291832031123,50.28
-0.8350363499234854,-0.4739206302140596,-0.1592069304285256,0.22970999949392168,50.29
-0.8350363499234854,-0.4739206302140596,-0.1592069304285256,0.22970999949392168,50.3
-0.8350363499234854,-0.4739206302140596,-0.1592069304285256,0.22970999949392168,50.31
-0.8350759243791543,-0.47384308140220754,-0.15921447564210942,0.22972088602382246,50.32
-0.8350759243791543,-0.47384308140220754,-0.15921447564210942,0.22972088602382246,50.33
-0.8350567356819989,-0.4738321932528516,-0.1592108171503883,0.2298156142032615,50.34
-0.8350567356819989,-0.4738321932528516,-0.1592108171503883,0.2298156142032615,50.35
-0.8350567356819989,-0.4738321932528516,-0.1592108171503883,0.2298156142032615,50.36
-0.8350963046833821,-0.4737546341658899,-0.1592183613240652,0.22982650397154636,50.37
-0.8350963046833821,-0.4737546341658899,-0.1592183613240652,0.22982650397154636,50.38
-0.8350771062289916,-0.47374374277924947,-0.15921470097204246,0.2299212296072397,50.39
-0.8350903992531655,-0.4737512839835024,-0.15911722457626185,0.22992488956682966,50.4
-0.8351602213989743,-0.4736341526219066,-0.15911147314642174,0.22991657873263582,50.41
-0.8351602213989743,-0.4736341526219066,-0.15911147314642174,0.22991657873263582,50.42
-0.8351602213989743,-0.4736341526219066,-0.15911147314642174,0.22991657873263582,50.43
-0.8351602213989743,-0.4736341526219066,-0.15911147314642174,0.22991657873263582,50.44
-0.8351410147823787,-0.47362326020947737,-0.1591078139766213,0.2300112961321364,50.45
-0.8351805695799043,-0.47354568278779147,-0.15911534980261377,0.23002219016091244,50.46
-0.8351805695799043,-0.47354568278779147,-0.15911534980261377,0.23002219016091244,50.47
-0.8351805695799043,-0.47354568278779147,-0.15911534980261377,0.23002219016091244,50.48
-0.8351805695799043,-0.47354568278779147,-0.15911534980261377,0.23002219016091244,50.49
-0.8351805695799043,-0.47354568278779147,-0.15911534980261377,0.23002219016091244,50.5
-0.8352009025401652,-0.4734571994521784,-0.15911922355902322,0.230127802268581,50.51
-0.8352009025401652,-0.4734571994521784,-0.15911922355902322,0.230127802268581,50.52
-0.8352009025401652,-0.4734571994521784,-0.15911922355902322,0.230127802268581,50.53
-0.8352311463501819,-0.47341765407348674,-0.159105933170874,0.23010858090897612,50.54
-0.8352311463501819,-0.47341765407348674,-0.159105933170874,0.23010858090897612,50.55
-0.8352706877730557,-0.47334005809744645,-0.15911346554680694,0.23011947468460264,50.56
-0.8352514614278567,-0.4733291627080993,-0.15910980305695882,0.23021418393282161,50.57
-0.8352514614278567,-0.4733291627080993,-0.15910980305695882,0.23021418393282161,50.58
-0.8352514614278567,-0.4733291627080993,-0.15910980305695882,0.23021418393282161,50.59
-0.8352647480565156,-0.4733366921158391,-0.15901232631823034,0.23021784602802908,50.6
-0.8352647480565156,-0.4733366921158391,-0.15901232631823034,0.23021784602802908,50.61
-0.8352850488770975,-0.47324818621724446,-0.15901619105778078,0.23032345157614412,50.62
-0.8352850488770975,-0.47324818621724446,-0.15901619105778078,0.23032345157614412,50.63
-0.8352850488770975,-0.47324818621724446,-0.15901619105778078,0.23032345157614412,50.64
-0.8352850488770975,-0.47324818621724446,-0.15901619105778078,0.23032345157614412,50.65
-0.8353245812448944,-0.47317056918936723,-0.15902371697550072,0.23033435232363406,50.66
-0.8353053344676433,-0.47315966683027066,-0.15902005289793497,0.23042905778417747,50.67
-0.8353355609917632,-0.47312014115312245,-0.15900676906224154,0.23040980875434244,50.68
-0.8353355609917632,-0.47312014115312245,-0.15900676906224154,0.23040980875434244,50.69
-0.8353750827097394,-0.47304251660685587,-0.15901429205177608,0.23042070999200762,50.7
-0.8353750827097394,-0.47304251660685587,-0.15901429205177608,0.23042070999200762,50.71
-0.8353750827097394,-0.47304251660685587,-0.15901429205177608,0.23042070999200762,50.72
-0.8353558286956099,-0.47303161375915653,-0.159010627035319,0.23051540585937755,50.73
-0.8353558286956099,-0.47303161375915653,-0.159010627035319,0.23051540585937755,50.74
-0.8353558286956099,-0.47303161375915653,-0.159010627035319,0.23051540585937755,50.75
-0.8353953449346715,-0.47295397895319785,-0.15901814898193795,0.230526310316583,50.76
-0.8353953449346715,-0.47295397895319785,-0.15901814898193795,0.230526310316583,50.77
-0.8353760811642252,-0.4729430728870611,-0.15901448210835845,0.23062100361124188,50.78
-0.8353760811642252,-0.4729430728870611,-0.15901448210835845,0.23062100361124188,50.79
-0.8354458003942008,-0.47282592102750554,-0.1590087170968134,0.23061264253160488,50.8
-0.8354458003942008,-0.47282592102750554,-0.1590087170968134,0.23061264253160488,50.81
-0.8354458003942008,-0.47282592102750554,-0.1590087170968134,0.23061264253160488,50.82
-0.8354398096554178,-0.4728225305303825,-0.15890757212622203,0.2307109936407767,50.83
-0.8354793116381646,-0.47274487743758725,-0.15891508573055343,0.23072190231616538,50.84
-0.8354793116381646,-0.47274487743758725,-0.15891508573055343,0.23072190231616538,50.85
-0.8354793116381646,-0.47274487743758725,-0.15891508573055343,0.23072190231616538,50.86
-0.8354793116381646,-0.47274487743758725,-0.15891508573055343,0.23072190231616538,50.87
-0.8354600299598064,-0.47273396715585403,-0.15891141819561078,0.2308165847674447,50.88
-0.8354995264539935,-0.4726563038091421,-0.15891893075597266,0.23082749665499364,50.89
-0.8354995264539935,-0.4726563038091421,-0.15891893075597266,0.23082749665499364,50.9
-0.8354995264539935,-0.4726563038091421,-0.15891893075597266,0.23082749665499364,50.91
-0.8354995264539935,-0.4726563038091421,-0.15891893075597266,0.23082749665499364,50.92
-0.8355499172431287,-0.4725282296796868,-0.1589094935367243,0.23091379520220037,50.93
-0.8355499172431287,-0.4725282296796868,-0.1589094935367243,0.23091379520220037,50.94
-0.8355499172431287,-0.4725282296796868,-0.1589094935367243,0.23091379520220037,50.95
-0.8355499172431287,-0.4725282296796868,-0.1589094935367243,0.23091379520220037,50.96
-0.8355499172431287,-0.4725282296796868,-0.1589094935367243,0.23091379520220037,50.97
-0.8355700989160205,-0.47243963462349264,-0.15891333179863035,0.2310193810288459,50.98
-0.8355700989160205,-0.47243963462349264,-0.15891333179863035,0.2310193810288459,50.99
-0.8355700989160205,-0.47243963462349264,-0.15891333179863035,0.2310193810288459,51.0
-0.835609576490297,-0.47236194252108593,-0.15892083986152986,0.23103029583394208,51.01
-0.835609576490297,-0.47236194252108593,-0.15892083986152986,0.23103029583394208,51.02
-0.8355902653359557,-0.4723510261139101,-0.15891716715964496,0.23112496746755162,51.03
-0.8355902653359557,-0.4723510261139101,-0.15891716715964496,0.23112496746755162,51.04
-0.8356337185008259,-0.4723190584585209,-0.15880640796784484,0.2311093254494266,51.05
-0.835673187284205,-0.47224135834801534,-0.15881390873711315,0.2311202412414789,51.06
-0.835673187284205,-0.47224135834801534,-0.15881390873711315,0.2311202412414789,51.07
-0.8356538679845513,-0.4722304409553676,-0.15881023723784915,0.2312149045931406,51.08
-0.8356538679845513,-0.4722304409553676,-0.15881023723784915,0.2312149045931406,51.09
-0.8356933312644445,-0.4721527306006992,-0.158817736961218,0.23122582358585395,51.1
-0.8356933312644445,-0.4721527306006992,-0.158817736961218,0.23122582358585395,51.11
-0.8356933312644445,-0.4721527306006992,-0.158817736961218,0.23122582358585395,51.12
-0.8357327917757741,-0.47207500923667467,-0.15882523615844055,0.23123674181254064,51.13
-0.8357436185977117,-0.4720246356086154,-0.1588082884208647,0.23131207249210328,51.14
-0.8357436185977117,-0.4720246356086154,-0.1588082884208647,0.23131207249210328,51.15
-0.8357436185977117,-0.4720246356086154,-0.1588082884208647,0.23131207249210328,51.16
-0.8357830684283388,-0.4719469067743605,-0.1588157846911813,0.23132299117802413,51.17
-0.8357830684283388,-0.4719469067743605,-0.1588157846911813,0.23132299117802413,51.18
-0.8357637294141445,-0.47193598649100726,-0.15881210988508573,0.2314176462683176,51.19
-0.8357637294141445,-0.47193598649100726,-0.15881210988508573,0.2314176462683176,51.2
-0.8357637294141445,-0.47193598649100726,-0.15881210988508573,0.2314176462683176,51.21
-0.8358031737327677,-0.47185824741787696,-0.15881960510800947,0.231428568148573,51.22
-0.8358031737327677,-0.47185824741787696,-0.15881960510800947,0.231428568148573,51.23
-0.8358333169800355,-0.47181880707248236,-0.158806330146482,0.23140922415551593,51.24
-0.8358333169800355,-0.47181880707248236,-0.158806330146482,0.23140922415551593,51.25
-0.8358534043800632,-0.4717301398014786,-0.15881014670441976,0.23151479195260186,51.26
-0.8358534043800632,-0.4717301398014786,-0.15881014670441976,0.23151479195260186,51.27
-0.8358534043800632,-0.4717301398014786,-0.15881014670441976,0.23151479195260186,51.28
-0.8358534043800632,-0.4717301398014786,-0.15881014670441976,0.23151479195260186,51.29
-0.8358534043800632,-0.4717301398014786,-0.15881014670441976,0.23151479195260186,51.3
-0.8358928352340117,-0.4716523822641301,-0.15881763847231523,0.2315257135160011,51.31
-0.8358734765080196,-0.4716414591064633,-0.15881396036070053,0.23162036032454814,51.32
-0.8358734765080196,-0.4716414591064633,-0.15881396036070053,0.23162036032454814,51.33
-0.8358734765080196,-0.4716414591064633,-0.15881396036070053,0.23162036032454814,51.34
-0.8359261758603026,-0.4715711796101133,-0.1587239580151113,0.2316349633037163,51.35
-0.8359261758603026,-0.4715711796101133,-0.1587239580151113,0.2316349633037163,51.36
-0.8359369325095355,-0.4715208322505634,-0.15870701183067745,0.2317102371844232,51.37
-0.8359369325095355,-0.4715208322505634,-0.15870701183067745,0.2317102371844232,51.38
-0.8359369325095355,-0.4715208322505634,-0.15870701183067745,0.2317102371844232,51.39
-0.8359763490265214,-0.4714430565032925,-0.15871449526320008,0.2317211629015971,51.4
-0.8359763490265214,-0.4714430565032925,-0.15871449526320008,0.2317211629015971,51.41
-0.8359763490265214,-0.4714430565032925,-0.15871449526320008,0.2317211629015971,51.42
-0.8359569724090706,-0.4714321291944442,-0.15871081651073035,0.23181579878504915,51.43
-0.8359963833991605,-0.4713543432181174,-0.1587182988939428,0.23182672768504056,51.44
-0.8359963833991605,-0.4713543432181174,-0.1587182988939428,0.23182672768504056,51.45
-0.8359963833991605,-0.4713543432181174,-0.1587182988939428,0.23182672768504056,51.46
-0.8359963833991605,-0.4713543432181174,-0.1587182988939428,0.23182672768504056,51.47
-0.8360658971306258,-0.47123714201908,-0.15871250941941425,0.23181827147712808,51.48
-0.8360465105611097,-0.47122621504353457,-0.1587088292177609,0.23191290167359013,51.49
-0.8360465105611097,-0.47122621504353457,-0.1587088292177609,0.23191290167359013,51.5
-0.8360465105611097,-0.47122621504353457,-0.1587088292177609,0.23191290167359013,51.51
-0.8360859080601623,-0.4711484106305532,-0.15871630814491358,0.23192383023821966,51.52
-0.8360859080601623,-0.4711484106305532,-0.15871630814491358,0.23192383023821966,51.53
-0.8360665117366182,-0.4711374804774172,-0.15871262609162834,0.23201845780250646,51.54
-0.8360665117366182,-0.4711374804774172,-0.15871262609162834,0.23201845780250646,51.55
-0.8360665117366182,-0.4711374804774172,-0.15871262609162834,0.23201845780250646,51.56
-0.8361191721972375,-0.4710671412738025,-0.15862260850536108,0.23203307171023818,51.57
-0.8361191721972375,-0.4710671412738025,-0.15862260850536108,0.23203307171023818,51.58
-0.8361492631850536,-0.47102775141748626,-0.15860934474482657,0.2320136694880187,51.59
-0.8361298587303925,-0.47101682031098535,-0.15860566390938913,0.23210828873498873,51.6
-0.8361692418609771,-0.47093899771837594,-0.15861313450442646,0.23211922142797844,51.61
-0.8361692418609771,-0.47093899771837594,-0.15861313450442646,0.23211922142797844,51.62
-0.8361692418609771,-0.47093899771837594,-0.15861313450442646,0.23211922142797844,51.63
-0.8361692418609771,-0.47093899771837594,-0.15861313450442646,0.23211922142797844,51.64
-0.8362086221928631,-0.4708611641291711,-0.15862060456857802,0.23213015334405399,51.65
-0.8361892052417076,-0.4708502306276713,-0.15861692136267772,0.23222477389920404,51.66
-0.8361892052417076,-0.4708502306276713,-0.15861692136267772,0.23222477389920404,51.67
-0.8361892052417076,-0.4708502306276713,-0.15861692136267772,0.23222477389920404,51.68
-0.8362586530575203,-0.47073301601790823,-0.15861112458134743,0.2322162870604595,51.69
-0.8362586530575203,-0.47073301601790823,-0.15861112458134743,0.2322162870604595,51.7
-0.8362586530575203,-0.47073301601790823,-0.15861112458134743,0.2322162870604595,51.71
-0.8362392289023632,-0.47072208209081845,-0.15860744044955133,0.23231089795984095,51.72
-0.8362785929738356,-0.4706442308699917,-0.15861490653629554,0.23232183347024876,51.73
-0.8362785929738356,-0.4706442308699917,-0.15861490653629554,0.23232183347024876,51.74
-0.8362785929738356,-0.4706442308699917,-0.15861490653629554,0.23232183347024876,51.75
-0.8362785929738356,-0.4706442308699917,-0.15861490653629554,0.23232183347024876,51.76
-0.8362985175866604,-0.4705554323421714,-0.1586186855886682,0.2324273803960056,51.77
-0.8362985175866604,-0.4705554323421714,-0.1586186855886682,0.2324273803960056,51.78
-0.8362985175866604,-0.4705554323421714,-0.1586186855886682,0.2324273803960056,51.79
-0.8362985175866604,-0.4705554323421714,-0.1586186855886682,0.2324273803960056,51.8
-0.8362985175866604,-0.4705554323421714,-0.1586186855886682,0.2324273803960056,51.81
-0.8363091367272284,-0.47050514029673673,-0.15860173273339523,0.23250254010412602,51.82
-0.8363484845270128,-0.47042727145941265,-0.15860919484154518,0.23251347919709492,51.83
-0.8363484845270128,-0.47042727145941265,-0.15860919484154518,0.23251347919709492,51.84
-0.8363484845270128,-0.47042727145941265,-0.15860919484154518,0.23251347919709492,51.85
-0.8363484845270128,-0.47042727145941265,-0.15860919484154518,0.23251347919709492,51.86
-0.8363878295155496,-0.47034939163118855,-0.15861665641655645,0.23252441750850805,51.87
-0.8363816390142584,-0.47034591035322937,-0.15851547265785002,0.232622706247419,51.88
-0.8363816390142584,-0.47034591035322937,-0.15851547265785002,0.232622706247419,51.89
-0.8363816390142584,-0.47034591035322937,-0.15851547265785002,0.232622706247419,51.9
-0.8364209803157073,-0.47026801978290755,-0.15852292882941482,0.23263364823799298,51.91
-0.8364209803157073,-0.47026801978290755,-0.15852292882941482,0.23263364823799298,51.92
-0.8364015160306134,-0.47025707621379226,-0.15851923985513838,0.23272824677785933,51.93
-0.8364315591581017,-0.470217741650095,-0.15850598054347098,0.23270878026792238,51.94
-0.8364315591581017,-0.470217741650095,-0.15850598054347098,0.23270878026792238,51.95
-0.8364315591581017,-0.470217741650095,-0.15850598054347098,0.23270878026792238,51.96
-0.8364708897294524,-0.4701398436894017,-0.15851343379019395,0.23271972266863172,51.97
-0.8364514182490683,-0.4701288997117253,-0.1585097438934449,0.2328143115356087,51.98
-0.8364514182490683,-0.4701288997117253,-0.1585097438934449,0.2328143115356087,51.99
-0.8364514182490683,-0.4701288997117253,-0.1585097438934449,0.2328143115356087,52.0
-0.8364514182490683,-0.4701288997117253,-0.1585097438934449,0.2328143115356087,52.01
-0.8364514182490683,-0.4701288997117253,-0.1585097438934449,0.2328143115356087,52.02
-0.8364451943548096,-0.47012540156168814,-0.1584085590456741,0.23291258460692868,52.03
-0.8364845184832032,-0.4700474936479023,-0.15841600636984624,0.23292353461829032,52.04
-0.8364845184832032,-0.4700474936479023,-0.15841600636984624,0.23292353461829032,52.05
-0.8364845184832032,-0.4700474936479023,-0.15841600636984624,0.23292353461829032,52.06
-0.8364845184832032,-0.4700474936479023,-0.15841600636984624,0.23292353461829032,52.07
-0.8365238397906849,-0.46996957474610573,-0.15842345315978537,0.23293448384415413,52.08
-0.8365043478781548,-0.4699586239454148,-0.15841976172154437,0.23302906869393838,52.09
-0.83653437390365,-0.46991930938114185,-0.15840650905718848,0.23300957456013205,52.1
-0.8365736844722829,-0.4698413831023054,-0.15841395292338267,0.23302052418654143,52.11
-0.8365736844722829,-0.4698413831023054,-0.15841395292338267,0.23302052418654143,52.12
-0.8365736844722829,-0.4698413831023054,-0.15841395292338267,0.23302052418654143,52.13
-0.8365736844722829,-0.4698413831023054,-0.15841395292338267,0.23302052418654143,52.14
-0.8365541853694365,-0.46983043190264345,-0.15841026056487595,0.23311509935399358,52.15
-0.8365934903634128,-0.46975249542581593,-0.1584177033754508,0.2331260521263736,52.16
-0.8365934903634128,-0.46975249542581593,-0.1584177033754508,0.2331260521263736,52.17
-0.8365934903634128,-0.46975249542581593,-0.1584177033754508,0.2331260521263736,52.18
-0.8365934903634128,-0.46975249542581593,-0.1584177033754508,0.2331260521263736,52.19
-0.8366235010842228,-0.4697131944289499,-0.1584044496434866,0.23310654805490358,52.2
-0.8366627980830537,-0.46963524979655985,-0.15841189005062836,0.23311749729041334,52.21
-0.8366432890436917,-0.46962429898986086,-0.1584081962521166,0.23321206670450503,52.22
-0.8366432890436917,-0.46962429898986086,-0.1584081962521166,0.23321206670450503,52.23
-0.8366432890436917,-0.46962429898986086,-0.1584081962521166,0.23321206670450503,52.24
-0.8366825804626192,-0.46954634416351865,-0.1584156356027718,0.23322301908185847,52.25
-0.8366958322618177,-0.469553781074496,-0.158318133214255,0.2332267129852449,52.26
-0.8366958322618177,-0.469553781074496,-0.158318133214255,0.2332267129852449,52.27
-0.836676312543287,-0.46954282660659,-0.15831443972699297,0.23332128103794986,52.28
-0.836676312543287,-0.46954282660659,-0.15831443972699297,0.23332128103794986,52.29
-0.8367156002458126,-0.4694648610511408,-0.15832187367787728,0.2333322370754818,52.3
-0.8367156002458126,-0.4694648610511408,-0.15832187367787728,0.2333322370754818,52.31
-0.8367455913255989,-0.46942557734939183,-0.1583086256804617,0.23331271238946125,52.32
-0.8367455913255989,-0.46942557734939183,-0.1583086256804617,0.23331271238946125,52.33
-0.8367653413728713,-0.46933664958322996,-0.15831236230348456,0.2334182271739311,52.34
-0.8367653413728713,-0.46933664958322996,-0.15831236230348456,0.2334182271739311,52.35
-0.8367653413728713,-0.46933664958322996,-0.15831236230348456,0.2334182271739311,52.36
-0.8367653413728713,-0.46933664958322996,-0.15831236230348456,0.2334182271739311,52.37
-0.8367850760796093,-0.46924770849354924,-0.15831609602414504,0.23352374239821772,52.38
-0.8367850760796093,-0.46924770849354924,-0.15831609602414504,0.23352374239821772,52.39
-0.8367850760796093,-0.46924770849354924,-0.15831609602414504,0.23352374239821772,52.4
-0.8367850760796093,-0.46924770849354924,-0.15831609602414504,0.23352374239821772,52.41
-0.8367850760796093,-0.46924770849354924,-0.15831609602414504,0.23352374239821772,52.42
-0.8367850760796093,-0.46924770849354924,-0.15831609602414504,0.23352374239821772,52.43
-0.8368180415102197,-0.4691661805574806,-0.15822231883221793,0.23363295625288313,52.44
-0.8368480155323762,-0.46912691692906033,-0.15820907750624033,0.23361340395358876,52.45
-0.8368480155323762,-0.46912691692906033,-0.15820907750624033,0.23361340395358876,52.46
-0.8368480155323762,-0.46912691692906033,-0.15820907750624033,0.23361340395358876,52.47
-0.8368480155323762,-0.46912691692906033,-0.15820907750624033,0.23361340395358876,52.48
-0.8368677178912005,-0.46903795374160256,-0.15821280230686893,0.23371891213094356,52.49
-0.8368677178912005,-0.46903795374160256,-0.15821280230686893,0.23371891213094356,52.5
-0.8368677178912005,-0.46903795374160256,-0.15821280230686893,0.23371891213094356,52.51
-0.8368677178912005,-0.46903795374160256,-0.15821280230686893,0.23371891213094356,52.52
-0.8368677178912005,-0.46903795374160256,-0.15821280230686893,0.23371891213094356,52.53
-0.8369069719165579,-0.46895994160094884,-0.1582202234192154,0.23372987492459318,52.54
-0.8368874049004345,-0.4689489772440412,-0.15821652420560317,0.23382442072863477,52.55
-0.8368874049004345,-0.4689489772440412,-0.15821652420560317,0.23382442072863477,52.56
-0.8368874049004345,-0.4689489772440412,-0.15821652420560317,0.23382442072863477,52.57
-0.8368874049004345,-0.4689489772440412,-0.15821652420560317,0.23382442072863477,52.58
-0.8369566094747375,-0.46883171050514627,-0.15821070094264963,0.23381581466745563,52.59
-0.8369566094747375,-0.46883171050514627,-0.15821070094264963,0.23381581466745563,52.6
-0.836937035283235,-0.4688207457770111,-0.1582070008146825,0.2339103507620369,52.61
-0.836937035283235,-0.4688207457770111,-0.1582070008146825,0.2339103507620369,52.62
-0.836937035283235,-0.4688207457770111,-0.1582070008146825,0.2339103507620369,52.63
-0.8369762729382156,-0.4687427161263492,-0.1582144179457829,0.23392131705131872,52.64
-0.8369895124449472,-0.46875013081962813,-0.15811690992656968,0.23392501727909326,52.65
-0.8369895124449472,-0.46875013081962813,-0.15811690992656968,0.23392501727909326,52.66
-0.8369699275737708,-0.4687391624493086,-0.15811321011998225,0.23401955198023938,52.67
-0.8369699275737708,-0.4687391624493086,-0.15811321011998225,0.23401955198023938,52.68
-0.8370091614830877,-0.4686611220826561,-0.15812062185503187,0.23403052191067333,52.69
-0.8370091614830877,-0.4686611220826561,-0.15812062185503187,0.23403052191067333,52.7
-0.8370091614830877,-0.4686611220826561,-0.15812062185503187,0.23403052191067333,52.71
-0.8370091614830877,-0.4686611220826561,-0.15812062185503187,0.23403052191067333,52.72
-0.8370195111522101,-0.46861092344793986,-0.15810368543986192,0.2341054570618069,52.73
-0.8370587342867091,-0.46853287576263225,-0.15811109425415618,0.23411642735545832,52.74
-0.8370587342867091,-0.46853287576263225,-0.15811109425415618,0.23411642735545832,52.75
-0.8370587342867091,-0.46853287576263225,-0.15811109425415618,0.23411642735545832,52.76
-0.8370587342867091,-0.46853287576263225,-0.15811109425415618,0.23411642735545832,52.77
-0.8370391324941875,-0.4685219039110237,-0.15810739169334653,0.23421094961784794,52.78
-0.837078350014926,-0.4684438460537531,-0.1581147994472638,0.23422192302687656,52.79
-0.837078350014926,-0.4684438460537531,-0.1581147994472638,0.23422192302687656,52.8
-0.8370915828290164,-0.4684512513705033,-0.15801728803701862,0.23422562568525165,52.81
-0.8370915828290164,-0.4684512513705033,-0.15801728803701862,0.23422562568525165,52.82
-0.8370719703566101,-0.4684402758841531,-0.1580135858020841,0.23432014654068548,52.83
-0.8371111841200348,-0.4683622073159048,-0.1580209881612491,0.23433112358342195,52.84
-0.8371111841200348,-0.4683622073159048,-0.1580209881612491,0.23433112358342195,52.85
-0.8371411088234979,-0.46832299756545703,-0.15800775916152512,0.2343115061490211,52.86
-0.8371411088234979,-0.46832299756545703,-0.15800775916152512,0.2343115061490211,52.87
-0.8371803145600484,-0.4682449208899948,-0.15801515912135664,0.2343224796337586,52.88
-0.8371606921643975,-0.4682339458504013,-0.15801145545570996,0.23441699467606592,52.89
-0.8371606921643975,-0.4682339458504013,-0.15801145545570996,0.23441699467606592,52.9
-0.8371606921643975,-0.4682339458504013,-0.15801145545570996,0.23441699467606592,52.91
-0.8371998922785772,-0.46815585900800616,-0.15801885435433663,0.23442797126997786,52.92
-0.8371998922785772,-0.46815585900800616,-0.15801885435433663,0.23442797126997786,52.93
-0.8371998922785772,-0.46815585900800616,-0.15801885435433663,0.23442797126997786,52.94
-0.8371802601328908,-0.4681448808603586,-0.15801514884840132,0.2345224835756336,52.95
-0.8372493614912029,-0.4680275933801755,-0.15800931571381993,0.23451382617019478,52.96
-0.8372493614912029,-0.4680275933801755,-0.15800931571381993,0.23451382617019478,52.97
-0.8372493614912029,-0.4680275933801755,-0.15800931571381993,0.23451382617019478,52.98
-0.8372493614912029,-0.4680275933801755,-0.15800931571381993,0.23451382617019478,52.99
-0.8372885479461656,-0.46794948827521604,-0.15801671115085303,0.23452480230933567,53.0
-0.8372689058800308,-0.46793851058440805,-0.15801300421529488,0.2346193087905581,53.01
-0.8372689058800308,-0.46793851058440805,-0.15801300421529488,0.2346193087905581,53.02
-0.8372689058800308,-0.46793851058440805,-0.15801300421529488,0.2346193087905581,53.03
-0.8372689058800308,-0.46793851058440805,-0.15801300421529488,0.2346193087905581,53.04
-0.8373080867041979,-0.46786039531799306,-0.1580203985896599,0.23463028803249503,53.05
-0.8373080867041979,-0.46786039531799306,-0.1580203985896599,0.23463028803249503,53.06
-0.8373016629667259,-0.46785680594342377,-0.15791917413096754,0.23472850011740393,53.07
-0.8373315554342611,-0.4678176300395883,-0.15790595079788586,0.23470884516949847,53.08
-0.8373315554342611,-0.4678176300395883,-0.15790595079788586,0.23470884516949847,53.09
-0.8373707273185702,-0.4677395069472056,-0.15791333792380538,0.2347198252736993,53.1
-0.8373707273185702,-0.4677395069472056,-0.15791333792380538,0.2347198252736993,53.11
-0.8373510674120667,-0.4677285252939491,-0.157909630412475,0.2348143205880249,53.12
-0.8373510674120667,-0.4677285252939491,-0.157909630412475,0.2348143205880249,53.13
-0.8373902336592771,-0.4676503920447605,-0.1579170164753372,0.23482530378979846,53.14
-0.8373902336592771,-0.4676503920447605,-0.1579170164753372,0.23482530378979846,53.15
-0.8373902336592771,-0.4676503920447605,-0.1579170164753372,0.23482530378979846,53.16
-0.8373705640037389,-0.4676394072950535,-0.15791330712551102,0.23491979635074436,53.17
-0.8373705640037389,-0.4676394072950535,-0.15791330712551102,0.23491979635074436,53.18
-0.8374097246106488,-0.4675612638904554,-0.1579206921247121,0.23493078264784592,53.19
-0.8374097246106488,-0.4675612638904554,-0.1579206921247121,0.23493078264784592,53.2
-0.8374395992676993,-0.4675221073055283,-0.15790746683110785,0.23491110803437135,53.21
-0.8374395992676993,-0.4675221073055283,-0.15790746683110785,0.23491110803437135,53.22
-0.8374199224569356,-0.46751112222189806,-0.1579037565750539,0.23500559084951025,53.23
-0.8374590722590661,-0.4674329715475131,-0.15791113865501138,0.23501657747895932,53.24
-0.8374590722590661,-0.4674329715475131,-0.15791113865501138,0.23501657747895932,53.25
-0.8374590722590661,-0.4674329715475131,-0.15791113865501138,0.23501657747895932,53.26
-0.8374590722590661,-0.4674329715475131,-0.15791113865501138,0.23501657747895932,53.27
-0.8374785298562005,-0.4673438225481282,-0.15791480757618112,0.2351220472524394,53.28
-0.8374917522474634,-0.46735120112877915,-0.15781728983120338,0.23512575943799693,53.29
-0.8374917522474634,-0.46735120112877915,-0.15781728983120338,0.23512575943799693,53.3
-0.8374917522474634,-0.46735120112877915,-0.15781728983120338,0.23512575943799693,53.31
-0.8374917522474634,-0.46735120112877915,-0.15781728983120338,0.23512575943799693,53.32
-0.8374917522474634,-0.46735120112877915,-0.15781728983120338,0.23512575943799693,53.33
-0.8375111953679356,-0.4672620378264862,-0.1578209537008123,0.23523123137155297,53.34
-0.8375410530808498,-0.4672229014917887,-0.15780773513571117,0.23521152917566074,53.35
-0.8375410530808498,-0.4672229014917887,-0.15780773513571117,0.23521152917566074,53.36
-0.8375410530808498,-0.4672229014917887,-0.15780773513571117,0.23521152917566074,53.37
-0.8375410530808498,-0.4672229014917887,-0.15780773513571117,0.23521152917566074,53.38
-0.8375801853894047,-0.4671447219049444,-0.15781510836352006,0.2352225189296573,53.39
-0.8375604782378256,-0.4671337306088219,-0.15781139518319867,0.2353169916768482,53.4
-0.8375604782378256,-0.4671337306088219,-0.15781139518319867,0.2353169916768482,53.41
-0.8375604782378256,-0.4671337306088219,-0.15781139518319867,0.2353169916768482,53.42
-0.8375996048913785,-0.4670555408767448,-0.15781876734550393,0.23532798451455686,53.43
-0.8375996048913785,-0.4670555408767448,-0.15781876734550393,0.23532798451455686,53.44
-0.8375931036479933,-0.46705191570580645,-0.15771753127795649,0.23542616907311956,53.45
-0.8375931036479933,-0.46705191570580645,-0.15771753127795649,0.23542616907311956,53.46
-0.8375931036479933,-0.46705191570580645,-0.15771753127795649,0.23542616907311956,53.47
-0.8376620646816436,-0.4669345964659257,-0.15771168529166094,0.23541744272452114,53.48
-0.8376620646816436,-0.4669345964659257,-0.15771168529166094,0.23541744272452114,53.49
-0.8376423397021173,-0.46692360124990284,-0.15770797155088814,0.23551190425005808,53.5
-0.8376423397021173,-0.46692360124990284,-0.15770797155088814,0.23551190425005808,53.51
-0.8376814517275196,-0.4668453935845346,-0.15771533540762875,0.2355229010050512,53.52
-0.8376814517275196,-0.4668453935845346,-0.15771533540762875,0.2355229010050512,53.53
-0.8376814517275196,-0.4668453935845346,-0.15771533540762875,0.2355229010050512,53.54
-0.8376814517275196,-0.4668453935845346,-0.15771533540762875,0.2355229010050512,53.55
-0.8376814517275196,-0.4668453935845346,-0.15771533540762875,0.2355229010050512,53.56
-0.8377008233615024,-0.4667561774866442,-0.15771898262190656,0.2356283595797158,53.57
-0.8377008233615024,-0.4667561774866442,-0.15771898262190656,0.2356283595797158,53.58
-0.8377008233615024,-0.4667561774866442,-0.15771898262190656,0.2356283595797158,53.59
-0.8377008233615024,-0.4667561774866442,-0.15771898262190656,0.2356283595797158,53.6
-0.8377306489364472,-0.4667170751565476,-0.15770576977113254,0.23560861989904136,53.61
-0.8377109070670155,-0.4667060765526753,-0.15770205329410092,0.23570306887393522,53.62
-0.8377500026011524,-0.46662785151450126,-0.1577094131672457,0.23571406901407618,53.63
-0.837763211619065,-0.4666352089548236,-0.15761189226592412,0.2357177855779081,53.64
-0.837763211619065,-0.4666352089548236,-0.15761189226592412,0.2357177855779081,53.65
-0.837763211619065,-0.4666352089548236,-0.15761189226592412,0.2357177855779081,53.66
-0.8378023060970105,-0.466556972417638,-0.15761924727335422,0.23572878542087305,53.67
-0.8377825507817932,-0.4665459710394014,-0.15761553062338618,0.2358232368083405,53.68
-0.8377825507817932,-0.4665459710394014,-0.15761553062338618,0.2358232368083405,53.69
-0.8377825507817932,-0.4665459710394014,-0.15761553062338618,0.2358232368083405,53.7
-0.8378216395866814,-0.46646772436818457,-0.15762288456352033,0.23583423972130774,53.71
-0.8378216395866814,-0.46646772436818457,-0.15762288456352033,0.23583423972130774,53.72
-0.8378018745237615,-0.46645671992107246,-0.15761916607967627,0.2359286883134241,53.73
-0.8378316832041619,-0.46641763791647306,-0.15760595998206722,0.2359089210645283,53.74
-0.8378316832041619,-0.46641763791647306,-0.15760595998206722,0.2359089210645283,53.75
-0.8378707611737979,-0.4663393840240415,-0.15761331100619547,0.2359199242789436,53.76
-0.8378707611737979,-0.4663393840240415,-0.15761331100619547,0.2359199242789436,53.77
-0.8378509889734482,-0.46632837927705767,-0.15760959162355626,0.23601436309111218,53.78
-0.8378509889734482,-0.46632837927705767,-0.15760959162355626,0.23601436309111218,53.79
-0.8378509889734482,-0.46632837927705767,-0.15760959162355626,0.23601436309111218,53.8
-0.8378900612639372,-0.4662501152557263,-0.15761694157937037,0.23602536937012314,53.81
-0.8378900612639372,-0.4662501152557263,-0.15761694157937037,0.23602536937012314,53.82
-0.8378900612639372,-0.4662501152557263,-0.15761694157937037,0.23602536937012314,53.83
-0.8378702793171402,-0.4662391074452742,-0.1576132203633102,0.2361198053792991,53.84
-0.8379093459252902,-0.4661608332964643,-0.15762056925020976,0.23613081472065056,53.85
-0.837939136861352,-0.4661217707257145,-0.15760736122371294,0.23611102782308774,53.86
-0.8379523401377985,-0.46612911533384405,-0.15750983837176666,0.2361147481877721,53.87
-0.8379523401377985,-0.46612911533384405,-0.15750983837176666,0.2361147481877721,53.88
-0.837971607733452,-0.4660398248046171,-0.15751346010027295,0.2362201858773617,53.89
-0.837971607733452,-0.4660398248046171,-0.15751346010027295,0.2362201858773617,53.9
-0.837971607733452,-0.4660398248046171,-0.15751346010027295,0.2362201858773617,53.91
-0.837971607733452,-0.4660398248046171,-0.15751346010027295,0.2362201858773617,53.92
-0.837971607733452,-0.4660398248046171,-0.15751346010027295,0.2362201858773617,53.93
-0.8379518079720912,-0.46602881312208444,-0.15750973834061865,0.2363146106024647,53.94
-0.8379908598948117,-0.46595052109439405,-0.15751707892759617,0.23632562381327604,53.95
-0.8379908598948117,-0.46595052109439405,-0.15751707892759617,0.23632562381327604,53.96
-0.8379908598948117,-0.46595052109439405,-0.15751707892759617,0.23632562381327604,53.97
-0.8379908598948117,-0.46595052109439405,-0.15751707892759617,0.23632562381327604,53.98
-0.8379710503876383,-0.46593950635589054,-0.15751335533602223,0.236420045723401,53.99
-0.8380100966185642,-0.46586120420685906,-0.15752069485311357,0.23643106198905428,54.0
-0.8380398706952952,-0.46582216201654947,-0.1575074935972661,0.23641124753265844,54.01
-0.8380398706952952,-0.46582216201654947,-0.1575074935972661,0.23641124753265844,54.02
-0.8380789088440763,-0.46574385184807443,-0.15751483071950123,0.2364222602037466,54.03
-0.8380789088440763,-0.46574385184807443,-0.15751483071950123,0.2364222602037466,54.04
-0.8380590894392248,-0.4657328376513687,-0.15751110571202614,0.23651667619615352,54.05
-0.8380590894392248,-0.4657328376513687,-0.15751110571202614,0.23651667619615352,54.06
-0.8380590894392248,-0.4657328376513687,-0.15751110571202614,0.23651667619615352,54.07
-0.838098121891031,-0.46565451736570884,-0.15751844176352908,0.23652769191793416,54.08
-0.838098121891031,-0.46565451736570884,-0.15751844176352908,0.23652769191793416,54.09
-0.8380782927407453,-0.4656435001194404,-0.1575147149244241,0.2366221050864682,54.1
-0.8381470758525601,-0.4655261470103409,-0.15750884673282212,0.23661328975863943,54.11
-0.8381470758525601,-0.4655261470103409,-0.15750884673282212,0.23661328975863943,54.12
-0.8381602742725623,-0.46553347771611714,-0.1574113198550308,0.23661701574142496,54.13
-0.8381602742725623,-0.46553347771611714,-0.1574113198550308,0.23661701574142496,54.14
-0.8381602742725623,-0.46553347771611714,-0.1574113198550308,0.23661701574142496,54.15
-0.8381992947787928,-0.46545513875438516,-0.15741864813051187,0.23662803143379357,54.16
-0.8381794547964587,-0.46544412153952025,-0.15741492206772772,0.2367224399836795,54.17
-0.8381794547964587,-0.46544412153952025,-0.15741492206772772,0.2367224399836795,54.18
-0.8381794547964587,-0.46544412153952025,-0.15741492206772772,0.2367224399836795,54.19
-0.8382184695971654,-0.46536577246576905,-0.15742224927167858,0.23673345872049759,54.2
-0.8382184695971654,-0.46536577246576905,-0.15742224927167858,0.23673345872049759,54.21
-0.8382283619364473,-0.4653157442245633,-0.15740532589930423,0.23680801253465847,54.22
-0.838267365872391,-0.4652373879788073,-0.15741265018887418,0.2368190315420928,54.23
-0.838267365872391,-0.4652373879788073,-0.15741265018887418,0.2368190315420928,54.24
-0.838267365872391,-0.4652373879788073,-0.15741265018887418,0.2368190315420928,54.25
-0.838267365872391,-0.4652373879788073,-0.15741265018887418,0.2368190315420928,54.26
-0.8383063668683728,-0.4651590207951326,-0.15741997392636825,0.23683004971895807,54.27
-0.8382865072482547,-0.46514800109897786,-0.15741624462046683,0.23692444949548025,54.28
-0.8382865072482547,-0.46514800109897786,-0.15741624462046683,0.23692444949548025,54.29
-0.8382865072482547,-0.46514800109897786,-0.15741624462046683,0.23692444949548025,54.3
-0.8383552242774946,-0.465030632576685,-0.1574103689625166,0.23691560614498208,54.31
-0.8383552242774946,-0.465030632576685,-0.1574103689625166,0.23691560614498208,54.32
-0.8383552242774946,-0.465030632576685,-0.1574103689625166,0.23691560614498208,54.33
-0.8383353575393221,-0.4650196126157518,-0.1574066387649878,0.2370099961073832,54.34
-0.8383743419489971,-0.46494122816663336,-0.15741395851457968,0.23702101758548527,54.35
-0.8383743419489971,-0.46494122816663336,-0.15741395851457968,0.23702101758548527,54.36
-0.8383743419489971,-0.46494122816663336,-0.15741395851457968,0.23702101758548527,54.37
-0.8383743419489971,-0.46494122816663336,-0.15741395851457968,0.23702101758548527,54.38
-0.8383743419489971,-0.46494122816663336,-0.15741395851457968,0.23702101758548527,54.39
-0.8383743419489971,-0.46494122816663336,-0.15741395851457968,0.23702101758548527,54.4
-0.8383934441568172,-0.46485181062160164,-0.15741754516316717,0.23712642921338584,54.41
-0.8383934441568172,-0.46485181062160164,-0.15741754516316717,0.23712642921338584,54.42
-0.8384066395303542,-0.4648591268683152,-0.15732001001804213,0.23713016131772277,54.43
-0.8384066395303542,-0.4648591268683152,-0.15732001001804213,0.23713016131772277,54.44
-0.838436347003481,-0.4648201503902886,-0.15730681939843458,0.2371102789533938,54.45
-0.8384554321209868,-0.46473072436381513,-0.1573104001343407,0.23721568284720668,54.46
-0.8384554321209868,-0.46473072436381513,-0.1573104001343407,0.23721568284720668,54.47
-0.8384554321209868,-0.46473072436381513,-0.1573104001343407,0.23721568284720668,54.48
-0.8384554321209868,-0.46473072436381513,-0.1573104001343407,0.23721568284720668,54.49
-0.83849439882072,-0.46465231117856215,-0.15731771103828632,0.23722670729994608,54.5
-0.8384745017693703,-0.46464128521236814,-0.15731397796794125,0.23732108691540027,54.51
-0.8384745017693703,-0.46464128521236814,-0.15731397796794125,0.23732108691540027,54.52
-0.8384745017693703,-0.46464128521236814,-0.15731397796794125,0.23732108691540027,54.53
-0.8384745017693703,-0.46464128521236814,-0.15731397796794125,0.23732108691540027,54.54
-0.8385134627406334,-0.4645628619310881,-0.15732128779711552,0.23733211439450422,54.55
-0.8384935559453464,-0.4645518329396629,-0.15731755289861996,0.2374264911515091,54.56
-0.8385232483793463,-0.46451287879809944,-0.15730436132387737,0.23740658218873803,54.57
-0.8385232483793463,-0.46451287879809944,-0.15730436132387737,0.23740658218873803,54.58
-0.8385621984649757,-0.46443444838060194,-0.15731166823916598,0.23741760991721556,54.59
-0.8385621984649757,-0.46443444838060194,-0.15731166823916598,0.23741760991721556,54.6
-0.8385621984649757,-0.46443444838060194,-0.15731166823916598,0.23741760991721556,54.61
-0.8385422845608254,-0.4644234191413802,-0.1573079324524959,0.2375119768434061,54.62
-0.8385812289119391,-0.4643449786330511,-0.15731523829200716,0.2375230075928271,54.63
-0.8385812289119391,-0.4643449786330511,-0.15731523829200716,0.2375230075928271,54.64
-0.8385812289119391,-0.4643449786330511,-0.15731523829200716,0.2375230075928271,54.65
-0.838594418467954,-0.4643522820449267,-0.15721770135141605,0.2375267434539524,54.66
-0.8385744938810842,-0.46434124926533976,-0.1572139659369188,0.23762110882068646,54.67
-0.8386134343318598,-0.4642627981119252,-0.15722126640067782,0.23763214310942143,54.68
-0.8386134343318598,-0.4642627981119252,-0.15722126640067782,0.23763214310942143,54.69
-0.8386134343318598,-0.4642627981119252,-0.15722126640067782,0.23763214310942143,54.7
-0.8386431073636061,-0.4642238617197543,-0.15720808070302753,0.23761221358167522,54.71
-0.8386820396962656,-0.4641454026031921,-0.15721537877444902,0.23762324425451073,54.72
-0.8386621052284233,-0.4641343704227418,-0.1572116419531459,0.23771760364034847,54.73
-0.8386621052284233,-0.4641343704227418,-0.1572116419531459,0.23771760364034847,54.74
-0.8386621052284233,-0.4641343704227418,-0.1572116419531459,0.23771760364034847,54.75
-0.838701031818048,-0.4640559012205751,-0.15721893894800518,0.2377286373278679,54.76
-0.838701031818048,-0.4640559012205751,-0.15721893894800518,0.2377286373278679,54.77
-0.838701031818048,-0.4640559012205751,-0.15721893894800518,0.2377286373278679,54.78
-0.8387496638379374,-0.4639274699587685,-0.15720930863875493,0.2378140813886509,54.79
-0.8387496638379374,-0.4639274699587685,-0.15720930863875493,0.2378140813886509,54.8
-0.8387496638379374,-0.4639274699587685,-0.15720930863875493,0.2378140813886509,54.81
-0.8387496638379374,-0.4639274699587685,-0.15720930863875493,0.2378140813886509,54.82
-0.8387885765566091,-0.46384898271963193,-0.1572166021637045,0.23782511446901353,54.83
-0.8387885765566091,-0.46384898271963193,-0.1572166021637045,0.23782511446901353,54.84
-0.838768622468121,-0.4638379481348689,-0.1572128621103954,0.23791946498767855,54.85
-0.838768622468121,-0.4638379481348689,-0.1572128621103954,0.23791946498767855,54.86
-0.838768622468121,-0.4638379481348689,-0.1572128621103954,0.23791946498767855,54.87
-0.8388075294354327,-0.46375945081579845,-0.1572201545573507,0.23793050107629599,54.88
-0.8388075294354327,-0.46375945081579845,-0.1572201545573507,0.23793050107629599,54.89
-0.8388371696985022,-0.4637205479127271,-0.15720696599499828,0.2379105420496825,54.9
-0.8388172085115507,-0.46370951309824276,-0.1572032250572434,0.238004882720254,54.91
-0.8388561045724734,-0.46363100867882534,-0.15721051459083552,0.23801591903701558,54.92
-0.8388561045724734,-0.46363100867882534,-0.15721051459083552,0.23801591903701558,54.93
-0.8388561045724734,-0.46363100867882534,-0.15721051459083552,0.23801591903701558,54.94
-0.8388561045724734,-0.46363100867882534,-0.15721051459083552,0.23801591903701558,54.95
-0.8388750239482375,-0.46354145636624716,-0.15721406028214466,0.23812129613981325,54.96
-0.8388750239482375,-0.46354145636624716,-0.15721406028214466,0.23812129613981325,54.97
-0.8388882095384318,-0.46354874239516347,-0.15711652088517838,0.23812503897365356,54.98
-0.8388882095384318,-0.46354874239516347,-0.15711652088517838,0.23812503897365356,54.99
-0.8389270986940011,-0.46347021642203157,-0.1571238044883495,0.23813607796738395,55.0
-0.8389567195863562,-0.46343133133426806,-0.1571106218226446,0.23811609838301515,55.01
-0.8389567195863562,-0.46343133133426806,-0.1571106218226446,0.23811609838301515,55.02
-0.8389367378441428,-0.46342029361899606,-0.15710687986090696,0.23821043146319565,55.03
-0.838975616085003,-0.46334176055809023,-0.15711416055185837,0.23822147067761085,55.04
-0.838975616085003,-0.46334176055809023,-0.15711416055185837,0.23822147067761085,55.05
-0.838975616085003,-0.46334176055809023,-0.15711416055185837,0.23822147067761085,55.06
-0.838975616085003,-0.46334176055809023,-0.15711416055185837,0.23822147067761085,55.07
-0.8389556246019279,-0.4633307198451224,-0.15711041676595883,0.23831580086141305,55.08
-0.8389944970768995,-0.4632521767147692,-0.15711769637713782,0.23832684307238666,55.09
-0.8389944970768995,-0.4632521767147692,-0.15711769637713782,0.23832684307238666,55.1
-0.8389944970768995,-0.4632521767147692,-0.15711769637713782,0.23832684307238666,55.11
-0.8389944970768995,-0.4632521767147692,-0.15711769637713782,0.23832684307238666,55.12
-0.8390429684906529,-0.4631237171728502,-0.15710804570903641,0.23841220940187322,55.13
-0.8390429684906529,-0.4631237171728502,-0.15710804570903641,0.23841220940187322,55.14
-0.8390429684906529,-0.4631237171728502,-0.15710804570903641,0.23841220940187322,55.15
-0.8390429684906529,-0.4631237171728502,-0.15710804570903641,0.23841220940187322,55.16
-0.8390818270542424,-0.4630451560501957,-0.1571153218477014,0.23842325097703382,55.17
-0.8390818270542424,-0.4630451560501957,-0.1571153218477014,0.23842325097703382,55.18
-0.8390618159610567,-0.46303411297970115,-0.15711157483609298,0.2385175722368439,55.19
-0.8390618159610567,-0.46303411297970115,-0.15711157483609298,0.2385175722368439,55.2
-0.8391006687504522,-0.46295554179330667,-0.15711884989355904,0.23852861680212495,55.21
-0.8391006687504522,-0.46295554179330667,-0.15711884989355904,0.23852861680212495,55.22
-0.8391006687504522,-0.46295554179330667,-0.15711884989355904,0.23852861680212495,55.23
-0.8391302595827507,-0.46291669307693395,-0.15710566533243966,0.2385086007752187,55.24
-0.8391490832653623,-0.46282707154714536,-0.15710918958525613,0.23861395693852397,55.25
-0.8391490832653623,-0.46282707154714536,-0.15710918958525613,0.23861395693852397,55.26
-0.8391490832653623,-0.46282707154714536,-0.15710918958525613,0.23861395693852397,55.27
-0.8391490832653623,-0.46282707154714536,-0.15710918958525613,0.23861395693852397,55.28
-0.839187922128484,-0.4627484823845186,-0.15711646116837663,0.23862500085789093,55.29
-0.839187922128484,-0.4627484823845186,-0.15711646116837663,0.23862500085789093,55.3
-0.8391810730037754,-0.4627447056117827,-0.1570151691831638,0.23872306295554904,55.31
-0.8391810730037754,-0.4627447056117827,-0.1570151691831638,0.23872306295554904,55.32
-0.8391810730037754,-0.4627447056117827,-0.1570151691831638,0.23872306295554904,55.33
-0.8392199079144775,-0.4626661058291471,-0.1570224353981325,0.2387341103791989,55.34
-0.839249479411631,-0.46262727499501966,-0.15700925675360589,0.2387140738030938,55.35
-0.8392294406851779,-0.46261622886196774,-0.15700550784982475,0.238808377544829,55.36
-0.8392294406851779,-0.46261622886196774,-0.15700550784982475,0.238808377544829,55.37
-0.8392682646605721,-0.4625376220275436,-0.15701277115313372,0.23881942516795118,55.38
-0.8392682646605721,-0.4625376220275436,-0.15701277115313372,0.23881942516795118,55.39
-0.8392682646605721,-0.4625376220275436,-0.15701277115313372,0.23881942516795118,55.4
-0.8392682646605721,-0.4625376220275436,-0.15701277115313372,0.23881942516795118,55.41
-0.8393070856294127,-0.46245900428389,-0.15702003389396782,0.23883047193553833,55.42
-0.8392870343817793,-0.4624479560273293,-0.1570162826476875,0.23892477658937927,55.43
-0.8392870343817793,-0.4624479560273293,-0.1570162826476875,0.23892477658937927,55.44
-0.8392870343817793,-0.4624479560273293,-0.1570162826476875,0.23892477658937927,55.45
-0.8392870343817793,-0.4624479560273293,-0.1570162826476875,0.23892477658937927,55.46
-0.8393554034819205,-0.46233051713295825,-0.1570103638111063,0.2389157701558809,55.47
-0.8393554034819205,-0.46233051713295825,-0.1570103638111063,0.2389157701558809,55.48
-0.8393353451555925,-0.462319468682748,-0.1570066116876302,0.2390100649257555,55.49
-0.8393353451555925,-0.462319468682748,-0.1570066116876302,0.2390100649257555,55.5
-0.8393741493906243,-0.4622408338476665,-0.15701387043289408,0.23902111486281327,55.51
-0.8393741493906243,-0.4622408338476665,-0.15701387043289408,0.23902111486281327,55.52
-0.839387326006023,-0.4622480901703608,-0.15691632485445609,0.23902486705044618,55.53
-0.839387326006023,-0.4622480901703608,-0.15691632485445609,0.23902486705044618,55.54
-0.8393672569960581,-0.4622370382265913,-0.15691257312365248,0.23911916019034613,55.55
-0.8393672569960581,-0.4622370382265913,-0.15691257312365248,0.23911916019034613,55.56
-0.8394060572613349,-0.46215839278024884,-0.15691982650339978,0.2391302136199037,55.57
-0.8394060572613349,-0.46215839278024884,-0.15691982650339978,0.2391302136199037,55.58
-0.8394060572613349,-0.46215839278024884,-0.15691982650339978,0.2391302136199037,55.59
-0.8394060572613349,-0.46215839278024884,-0.15691982650339978,0.2391302136199037,55.6
-0.8393859785122492,-0.4621473378654955,-0.15691607295195031,0.23922450382477065,55.61
-0.8394543102534595,-0.4620298919908248,-0.15691015163065022,0.2392154765458989,55.62
-0.8394543102534595,-0.4620298919908248,-0.15691015163065022,0.2392154765458989,55.63
-0.8394543102534595,-0.4620298919908248,-0.15691015163065022,0.2392154765458989,55.64
-0.8394543102534595,-0.4620298919908248,-0.15691015163065022,0.2392154765458989,55.65
-0.8394930965515011,-0.4619512286122687,-0.1569174015355379,0.23922652930083282,55.66
-0.8394730079448419,-0.46194017437422263,-0.1569136465886892,0.23932081343960052,55.67
-0.8394730079448419,-0.46194017437422263,-0.1569136465886892,0.23932081343960052,55.68
-0.8395117884374412,-0.4618615009535506,-0.15692089540842807,0.2393318691602093,55.69
-0.8395117884374412,-0.4618615009535506,-0.15692089540842807,0.2393318691602093,55.7
-0.8395413106465606,-0.46182272454625567,-0.15690772083436016,0.2393117756256366,55.71
-0.8395413106465606,-0.46182272454625567,-0.15690772083436016,0.2393117756256366,55.72
-0.8395599845059661,-0.4617329896919649,-0.15691121092196078,0.23941710576620404,55.73
-0.8395599845059661,-0.4617329896919649,-0.15691121092196078,0.23941710576620404,55.74
-0.8395599845059661,-0.4617329896919649,-0.15691121092196078,0.23941710576620404,55.75
-0.8395599845059661,-0.4617329896919649,-0.15691121092196078,0.23941710576620404,55.76
-0.8395599845059661,-0.4617329896919649,-0.15691121092196078,0.23941710576620404,55.77
-0.839598751016502,-0.4616542983552321,-0.15691845626502582,0.2394281608020853,55.78
-0.8395786428167916,-0.46164324183946515,-0.15691469810357903,0.23952243591973982,55.79
-0.8395786428167916,-0.46164324183946515,-0.15691469810357903,0.23952243591973982,55.8
-0.8395918143851291,-0.46165048424082855,-0.15681714889289844,0.23952619362148708,55.81
-0.8395918143851291,-0.46165048424082855,-0.15681714889289844,0.23952619362148708,55.82
-0.8395918143851291,-0.46165048424082855,-0.15681714889289844,0.23952619362148708,55.83
-0.8396305769063324,-0.4615717823016943,-0.15682438887303504,0.23953725213706561,55.84
-0.839639963615125,-0.4615219666607673,-0.15680746342883708,0.2396114045762077,55.85
-0.839639963615125,-0.4615219666607673,-0.15680746342883708,0.2396114045762077,55.86
-0.839639963615125,-0.4615219666607673,-0.15680746342883708,0.2396114045762077,55.87
-0.839639963615125,-0.4615219666607673,-0.15680746342883708,0.2396114045762077,55.88
-0.8396787151723133,-0.4614432577185628,-0.15681470049906945,0.2396224632626087,55.89
-0.8396585892221657,-0.46143219755491577,-0.15681094186521627,0.23971672681819095,55.9
-0.8396585892221657,-0.46143219755491577,-0.15681094186521627,0.23971672681819095,55.91
-0.8396585892221657,-0.46143219755491577,-0.15681094186521627,0.23971672681819095,55.92
-0.8396973349594697,-0.4613534785812332,-0.1568181778485527,0.2397277884585337,55.93
-0.8396973349594697,-0.4613534785812332,-0.1568181778485527,0.2397277884585337,55.94
-0.8396973349594697,-0.4613534785812332,-0.1568181778485527,0.2397277884585337,55.95
-0.8396771992721357,-0.4613424154647882,-0.15681441739622545,0.2398220490536662,55.96
-0.8397159391863988,-0.4612636864611328,-0.15682165229207637,0.2398331136456627,55.97
-0.8397454272576145,-0.46122495063857544,-0.15680848278432052,0.23981297303367388,55.98
-0.8397454272576145,-0.46122495063857544,-0.15680848278432052,0.23981297303367388,55.99
-0.8397585920010171,-0.46123218129197224,-0.15671093410332188,0.2398167325971703,56.0
-0.8397384483050536,-0.46122111749230765,-0.15670717500226497,0.23991098457589896,56.01
-0.8397384483050536,-0.46122111749230765,-0.15670717500226497,0.23991098457589896,56.02
-0.8397771790692977,-0.46114238093230103,-0.15671440271544473,0.23992204984961835,56.03
-0.8397771790692977,-0.46114238093230103,-0.15671440271544473,0.23992204984961835,56.04
-0.8397771790692977,-0.46114238093230103,-0.15671440271544473,0.23992204984961835,56.05
-0.8397771790692977,-0.46114238093230103,-0.15671440271544473,0.23992204984961835,56.06
-0.8397957505720952,-0.46105256760001895,-0.1567178684228264,0.24002736708027017,56.07
-0.8397957505720952,-0.46105256760001895,-0.1567178684228264,0.24002736708027017,56.08
-0.8397957505720952,-0.46105256760001895,-0.1567178684228264,0.24002736708027017,56.09
-0.8397957505720952,-0.46105256760001895,-0.1567178684228264,0.24002736708027017,56.1
-0.8398344724639326,-0.46097381012102717,-0.15672509448028848,0.24003843443056308,56.11
-0.839843777997922,-0.46092402629107193,-0.15670816862619,0.2401125161911182,56.12
-0.839843777997922,-0.46092402629107193,-0.15670816862619,0.2401125161911182,56.13
-0.839843777997922,-0.46092402629107193,-0.15670816862619,0.2401125161911182,56.14
-0.839843777997922,-0.46092402629107193,-0.15670816862619,0.2401125161911182,56.15
-0.8398824889100528,-0.4608452618358565,-0.15671539177447638,0.24012358369528897,56.16
-0.8398623158963776,-0.46083419286145605,-0.1567116276505863,0.24021782362266003,56.17
-0.8398623158963776,-0.46083419286145605,-0.1567116276505863,0.24021782362266003,56.18
-0.8398623158963776,-0.46083419286145605,-0.1567116276505863,0.24021782362266003,56.19
-0.8399010209710537,-0.46075541838695455,-0.15671884970965005,0.2402288940667386,56.2
-0.8399141814954199,-0.46076263802683964,-0.15662129176254197,0.24023265824624893,56.21
-0.8398939977972346,-0.4607515655932198,-0.15661752804840073,0.2403268964880632,56.22
-0.8398939977972346,-0.4607515655932198,-0.15661752804840073,0.2403268964880632,56.23
-0.8398939977972346,-0.4607515655932198,-0.15661752804840073,0.2403268964880632,56.24
-0.8399621510989248,-0.46063408357681246,-0.15661158812012338,0.24031778177053417,56.25
-0.8399621510989248,-0.46063408357681246,-0.15661158812012338,0.24031778177053417,56.26
-0.8399419603487199,-0.4606230109972859,-0.15660782353924224,0.24041201008195295,56.27
-0.8399419603487199,-0.4606230109972859,-0.15660782353924224,0.24041201008195295,56.28
-0.8399806504140553,-0.4605442189732974,-0.15661503733163598,0.240423084128514,56.29
-0.8399806504140553,-0.4605442189732974,-0.15661503733163598,0.240423084128514,56.3
-0.8399806504140553,-0.4605442189732974,-0.15661503733163598,0.240423084128514,56.31
-0.8399806504140553,-0.4605442189732974,-0.15661503733163598,0.240423084128514,56.32
-0.8399991341475764,-0.46045434142343633,-0.15661848363794553,0.24052838642992275,56.33
-0.8399991341475764,-0.46045434142343633,-0.15661848363794553,0.24052838642992275,56.34
-0.8400285740579281,-0.46041566130508343,-0.15660532702079946,0.2405081810249187,56.35
-0.8400672500751606,-0.46033685143999575,-0.15661253733544064,0.2405192543369954,56.36
-0.8400672500751606,-0.46033685143999575,-0.15661253733544064,0.2405192543369954,56.37
-0.8400470397510231,-0.4603257766635666,-0.1566087695535836,0.24061347352868592,56.38
-0.8400470397510231,-0.4603257766635666,-0.1566087695535836,0.24061347352868592,56.39
-0.8400470397510231,-0.4603257766635666,-0.1566087695535836,0.24061347352868592,56.4
-0.8400857099164115,-0.4602469567899197,-0.15661597877727387,0.240624549768915,56.41
-0.8400857099164115,-0.4602469567899197,-0.15661597877727387,0.240624549768915,56.42
-0.8400654898579923,-0.46023587908648583,-0.15661220918066857,0.24071876596287947,56.43
-0.8400654898579923,-0.46023587908648583,-0.15661220918066857,0.24071876596287947,56.44
-0.8401041541683886,-0.46015704920580425,-0.156619417312821,0.2407298451289656,56.45
-0.8401041541683886,-0.46015704920580425,-0.156619417312821,0.2407298451289656,56.46
-0.8401335766093472,-0.46011838899888186,-0.15660625889420757,0.2407096201522079,56.47
-0.8401335766093472,-0.46011838899888186,-0.15660625889420757,0.2407096201522079,56.48
-0.8401651573345248,-0.4600356771501981,-0.15651213798696959,0.2408186762125385,56.49
-0.8401651573345248,-0.4600356771501981,-0.15651213798696959,0.2408186762125385,56.5
-0.8401651573345248,-0.4600356771501981,-0.15651213798696959,0.2408186762125385,56.51
-0.8401651573345248,-0.4600356771501981,-0.15651213798696959,0.2408186762125385,56.52
-0.8402038093925933,-0.4599568288771023,-0.15651933837631335,0.2408297551502636,56.53
-0.840183568813838,-0.4599457484793288,-0.15651556781260048,0.24092396348917222,56.54
-0.840183568813838,-0.4599457484793288,-0.15651556781260048,0.24092396348917222,56.55
-0.840183568813838,-0.4599457484793288,-0.15651556781260048,0.24092396348917222,56.56
-0.840183568813838,-0.4599457484793288,-0.15651556781260048,0.24092396348917222,56.57
-0.8402222150084894,-0.45986689020462257,-0.15652276710966384,0.240935045346441,56.58
-0.8402019646954992,-0.4598558068884544,-0.15651899473258615,0.24102925067446174,56.59
-0.8402313706238442,-0.45981716759443414,-0.1565058432547389,0.241008998238927,56.6
-0.8402313706238442,-0.45981716759443414,-0.1565058432547389,0.241008998238927,56.61
-0.8402700058103976,-0.4597383023935251,-0.15651303964452182,0.24102008021935944,56.62
-0.8402700058103976,-0.4597383023935251,-0.15651303964452182,0.24102008021935944,56.63
-0.8402700058103976,-0.4597383023935251,-0.15651303964452182,0.24102008021935944,56.64
-0.8402497484590798,-0.45972721895577123,-0.15650926640543442,0.24111427559329224,56.65
-0.8402883777762805,-0.4596483437586033,-0.15651646170196132,0.24112536048781388,56.66
-0.8402883777762805,-0.4596483437586033,-0.15651646170196132,0.24112536048781388,56.67
-0.8402883777762805,-0.4596483437586033,-0.15651646170196132,0.24112536048781388,56.68
-0.8402883777762805,-0.4596483437586033,-0.15651646170196132,0.24112536048781388,56.69
-0.8403067341368846,-0.4595583722160182,-0.15651988085268084,0.24123064064962696,56.7
-0.8403361226246132,-0.4595197528811255,-0.15650672758628104,0.24121036865054946,56.71
-0.8403361226246132,-0.4595197528811255,-0.15650672758628104,0.24121036865054946,56.72
-0.8403747378488031,-0.4594408598925862,-0.15651391940180615,0.2412214527777357,56.73
-0.8403747378488031,-0.4594408598925862,-0.15651391940180615,0.2412214527777357,56.74
-0.8403878881590967,-0.4594480492922635,-0.1564163580960166,0.24122522744730945,56.75
-0.8403676102939817,-0.45943696319059285,-0.1564125838985823,0.24131941492792786,56.76
-0.8404062214531218,-0.45935805963753285,-0.15641977036209478,0.24133050248320634,56.77
-0.8404062214531218,-0.45935805963753285,-0.15641977036209478,0.24133050248320634,56.78
-0.8404062214531218,-0.45935805963753285,-0.15641977036209478,0.24133050248320634,56.79
-0.840435593201074,-0.45931945259073453,-0.15640662396079005,0.24131021970421127,56.8
-0.8404741961346403,-0.45924054124824704,-0.15641380803838378,0.2413213035784016,56.81
-0.8404539084425867,-0.45922945592198455,-0.15641003246123342,0.2414154848858168,56.82
-0.8404539084425867,-0.45922945592198455,-0.15641003246123342,0.2414154848858168,56.83
-0.8404539084425867,-0.45922945592198455,-0.15641003246123342,0.2414154848858168,56.84
-0.8404925054933182,-0.45915053459302996,-0.15641721544402065,0.2414265716635971,56.85
-0.8404925054933182,-0.45915053459302996,-0.15641721544402065,0.2414265716635971,56.86
-0.8404925054933182,-0.45915053459302996,-0.15641721544402065,0.2414265716635971,56.87
-0.8404722080692261,-0.4591394463643285,-0.15641343805571983,0.24152074993897915,56.88
-0.8404722080692261,-0.4591394463643285,-0.15641343805571983,0.24152074993897915,56.89
-0.8405107992339829,-0.4590605150504499,-0.15642061994311626,0.2415318396180472,56.9